Active,Appropriations,Biennium,BillId,BillNumber,Companions,Companions.Companion.Biennium,Companions.Companion.BillId,Companions.Companion.Status,CurrentStatus.ActionDate,CurrentStatus.AmendedByOppositeBody,CurrentStatus.AmendmentsExist,CurrentStatus.BillId,CurrentStatus.HistoryLine,CurrentStatus.PartialVeto,CurrentStatus.Status,CurrentStatus.Veto,EngrossedVersion,IntroducedDate,LegalTitle,LocalFiscalNote,LongDescription,OriginalAgency,PrimeSponsorID,Request,RequestedByBudgetCommittee,RequestedByDepartment,RequestedByGovernor,RequestedByOther,ShortDescription,ShortLegislationType.LongLegislationType,ShortLegislationType.ShortLegislationType,Sponsor,StateFiscalNote,SubstituteVersion
1,0,2009-10,SHB 1072,1072,,,,,2010-03-15,0,0,SHB 1072,"By resolution, reintroduced and retained in present status.",0,H Gen Gov Apps,0,0,2010-01-27,AN ACT Relating to prohibiting certain sex offenders on community custody from accessing the internet;,0,Prohibiting certain sex offenders on community custody from accessing the internet.,House,5157,H-4806.1,0,0,0,0,Sex offender internet use,Bill,B,(Simpson),0,1
1,0,2009-10,E2SHB 1096,1096,,,,,2010-04-01,1,1,E2SHB 1096,Governor vetoed.,0,Gov vetoed,1,1,2010-02-05,AN ACT Relating to enhancing small business participation in state purchasing;,0,Enhancing small business participation in state purchasing.,House,10030,H-4573.2,0,0,0,0,Small business/st purchasing,Bill,B,(Hasegawa),1,2
1,0,2009-10,E2SHB 1149,1149,,,,,2010-03-22,1,1,E2SHB 1149,Effective date 7/1/2010.,0,C 151 L 10,0,1,2010-01-19,AN ACT Relating to protecting consumers from breaches of security;,0,Protecting consumers from breaches of security.,House,1611,H-4176.2,0,0,0,0,Security breach protection,Bill,B,(Williams),0,2
1,0,2009-10,2SHB 1162,1162,,,,,2010-03-15,0,0,2SHB 1162,"By resolution, reintroduced and retained in present status.",0,H Rules 3C,0,0,2010-02-04,AN ACT Relating to social emotional learning in public schools;,0,Providing for social emotional learning in public schools.,House,1570,H-4540.1,0,0,0,0,Social emotional learning,Bill,B,(Dickerson),0,2
1,0,2009-10,SHB 1189,1189,,,,,2010-03-15,0,0,SHB 1189,"By resolution, reintroduced and retained in present status.",0,H Rules R,0,0,2010-02-02,AN ACT Relating to retail store carryout bags;,0,Regarding retail store carryout bags.,House,1407,H-5014.1,0,0,0,0,Retail store carryout bags,Bill,B,(Chase),0,1
1,0,2009-10,SHB 1203,1203,,,,,2010-03-15,0,0,SHB 1203,"By resolution, reintroduced and retained in present status.",0,H Rules 3C,0,0,2010-01-25,AN ACT Relating to the definition of relative for purposes of the crime of rendering criminal assistance;,0,Modifying the definition of relative for purposes of the crime of rendering criminal assistance.,House,2149,H-4665.1,0,0,0,0,Criminal assistance/relative,Bill,B,(O'Brien),0,1
0,0,2009-10,SHB 1317,1317,,,,,2010-02-13,0,0,SHB 1317,2nd substitute bill substituted.,0,H subst for,0,0,2010-01-29,AN ACT Relating to disclosure of public records containing information used to locate or identify employees of criminal justice agencies;,0,Regarding the disclosure of public records containing information used to locate or identify employees of criminal justice agencies.,House,643,H-4897.2,0,0,0,0,Criminal justice employees,Bill,B,(Kessler),0,1
1,0,2009-10,E2SHB 1317,1317,,,,,2010-03-31,1,1,E2SHB 1317,Effective date 6/10/2010.,0,C 257 L 10,0,1,2010-02-08,AN ACT Relating to disclosure of public records containing information used to locate or identify employees of criminal justice agencies;,0,Regarding the disclosure of public records containing information used to locate or identify employees of criminal justice agencies.,House,643,H-5080.1,0,0,0,0,Criminal justice employees,Bill,B,(Kessler),1,2
1,0,2009-10,2SHB 1357,1357,,,,,2010-03-15,0,1,2SHB 1357,"By resolution, reintroduced and retained in present status.",0,H Rules 3C,0,0,2010-01-22,AN ACT Relating to protecting consumers by assuring persons using the title of social worker have graduated with a degree in social work from an educational program accredited by the council on social work education;,0,Protecting consumers by assuring persons using the title of social worker have graduated with a degree in social work from an educational program accredited by the council on social work education.,House,8286,H-4395.1,0,0,0,0,Social worker/title,Bill,B,(Pettigrew),1,2
1,0,2009-10,E2SHB 1418,1418,,,,,2010-03-12,0,0,E2SHB 1418,Effective date 6/10/2010.,0,C 20 L 10,0,1,2010-01-26,AN ACT Relating to establishing a statewide dropout reengagement program;,0,Establishing a statewide dropout reengagement system.,House,3487,H-3998.2,0,0,0,0,Dropout reengagement system,Bill,B,(Kagi),1,2
1,0,2009-10,2SHB 1436,1436,,,,,2010-03-15,0,0,2SHB 1436,"By resolution, reintroduced and retained in present status.",0,H Rules C,0,0,2010-02-05,"AN ACT Relating to electronic filing of lobbying reports required by chapter 42.17 RCW by lobbyists, lobbyists' employers, and agencies;",0,Regarding electronic filing of lobbying reports.,House,8212,H-4578.1,0,0,0,0,Lobbying report filing,Bill,B,(Moeller),1,2
1,0,2009-10,SHB 1534,1534,,,,,2010-03-15,0,0,SHB 1534,"By resolution, reintroduced and retained in present status.",0,H Rules R,0,0,2010-01-22,AN ACT Relating to local utility district response to well notification;,0,Concerning water well construction requirements.,House,1712,H-4377.3,0,0,0,0,Water well construction,Bill,B,(Upthegrove),0,1
1,0,2009-10,SHB 1545,1545,,,,,2010-03-12,0,0,SHB 1545,Effective date 6/10/2010.,0,C 21 L 10,0,0,2010-02-03,AN ACT Relating to higher education employees' annuities and retirement income plans;,0,Authorizing the higher education coordinating board to offer higher education annuities and retirement income plans.,House,972,H-5024.1,0,0,0,1,Higher education annuities,Bill,B,(Conway),1,1
1,0,2009-10,2SHB 1572,1572,,,,,2010-03-15,0,1,2SHB 1572,"By resolution, reintroduced and retained in present status.",0,H Rules 3C,0,0,2010-02-02,AN ACT Relating to all mail elections;,0,Adopting all mail voting.,House,5155,H-4927.1,0,0,0,0,All mail elections,Bill,B,(Hunt),0,2
1,0,2009-10,2SHB 1591,1591,,,,,2010-03-18,0,0,2SHB 1591,Effective date 6/10/2010.,0,C 105 L 10,0,0,2010-01-19,AN ACT Relating to the use of certain transportation benefit district funds;,0,Concerning the use of certain transportation benefit district funds.,House,1712,H-4097.2,0,0,0,0,Trans benefit district funds,Bill,B,(Upthegrove),0,2
1,0,2009-10,E2SHB 1597,1597,,,,,2010-03-18,0,1,E2SHB 1597,Effective date 7/1/2010*.,0,C 106 L 10,0,1,2010-01-29,"AN ACT Relating to improving the administration of state and local tax programs without impacting tax collections by providing greater consistency in numerous tax incentive programs, revising provisions relating to the confidentiality and disclosure of tax information, and amending statutes to improve clarity and consistency, eliminate obsolete provisions, and simplify administration;",1,"Improving the administration of state and local tax programs without impacting tax collections by providing greater consistency in numerous tax incentive programs, revising provisions relating to the confidentiality and disclosure of tax information, and amending statutes to improve clarity and consistency, eliminate obsolete provisions, and simplify administration.",House,10039,H-4767.2,0,1,0,0,Tax programs administration,Bill,B,(Springer),1,2
1,0,2009-10,3SHB 1618,1618,,,,,2010-03-15,0,1,3SHB 1618,"By resolution, reintroduced and retained in present status.",0,H Rules R,0,0,2010-01-21,AN ACT Relating to community and surplus schools;,0,Concerning community and surplus schools.,House,14206,H-4667.1,0,0,0,0,Community & surplus schools,Bill,B,(White),1,3
1,0,2009-10,2SHB 1634,1634,,,,,2010-03-15,0,0,2SHB 1634,"By resolution, reintroduced and retained in present status.",0,H Gen Gov Apps,0,0,2010-02-02,AN ACT Relating to architects;,0,Regarding architects.,House,14206,H-4705.2,0,0,0,0,Architects,Bill,B,(White),1,2
1,0,2009-10,2SHB 1666,1666,,,,,2010-03-15,0,0,2SHB 1666,"By resolution, reintroduced and retained in present status.",0,H Finance,0,0,2010-02-01,AN ACT Relating to authorizing the creation of cultural access authorities;,0,Concerning cultural access areas.,House,2314,H-3742.3,0,0,0,0,Cultural access areas,Bill,B,(Kenney),0,2
1,0,2009-10,2SHB 1669,1669,,,,,2010-03-15,0,0,2SHB 1669,"By resolution, reintroduced and retained in present status.",0,H Rules C,0,0,2010-01-14,AN ACT Relating to the deposit of public funds;,0,Addressing the deposit of public funds.,House,5155,H-4297.1,0,0,0,0,Deposit of public funds,Bill,B,(Hunt),0,2
1,0,2009-10,SHB 1679,1679,,,,,2010-03-31,1,1,SHB 1679,Effective date 6/10/2010.,0,C 259 L 10,0,0,2010-01-26,AN ACT Relating to access to catastrophic disability medical insurance under plan 2 of the law enforcement officers' and firefighters' retirement system;,1,Reimbursing medical expenses for certain totally disabled public safety personnel.,House,5157,H-4691.1,0,0,0,1,Public safety personnel,Bill,B,(Simpson),1,1
1,0,2009-10,SHB 1738,1738,,,,,2010-03-15,0,0,SHB 1738,"By resolution, reintroduced and retained in present status.",0,H Ways & Means,0,0,2010-02-02,AN ACT Relating to public funding for supreme court campaigns;,1,Providing public funding for supreme court campaigns.,House,13546,H-4630.3,0,0,0,0,Supreme court campaigns,Bill,B,(Liias),1,1
1,0,2009-10,2SHB 1744,1744,,,,,2010-03-15,0,0,2SHB 1744,"By resolution, reintroduced and retained in present status.",0,H Finance,0,0,2010-02-01,AN ACT Relating to real estate excise tax expenditures for parks and capital projects;,0,Concerning real estate excise tax expenditures for parks and capital projects.,House,10032,H-4986.1,0,0,0,0,Parks and capital projects,Bill,B,(Ericks),0,2
1,0,2009-10,SHB 1755,1755,,,,,2010-03-15,0,0,SHB 1755,"By resolution, reintroduced and retained in present status.",0,H Rules R,0,0,2010-01-14,AN ACT Relating to including correctional employees who have completed government-sponsored law enforcement firearms training to the lists of law enforcement personnel that are exempt from certain firearm restrictions;,0,Including correctional employees who have completed government-sponsored law enforcement firearms training to the lists of law enforcement personnel that are exempt from certain firearm restrictions.,House,1611,H-4389.1,0,0,0,0,Correctional employees,Bill,B,(Williams),0,1
1,0,2009-10,2SHB 1761,1761,,,,,2010-03-24,1,1,2SHB 1761,Effective date 6/10/2010.,0,C 185 L 10,0,0,2010-01-21,AN ACT Relating to the ethical use of legislative web sites;,0,Addressing the ethical use of legislative web sites.,House,10030,H-4646.1,0,0,0,0,Ethical use/legisl web sites,Bill,B,(Hasegawa),0,2
1,0,2009-10,ESHB 1775,1775,,,,,2010-03-15,0,1,ESHB 1775,"By resolution, reintroduced and retained in present status.",0,H Rules 3C,0,1,2010-02-01,AN ACT Relating to the regulation of certain limousine carriers;,1,Regulating certain limousine carriers.,House,14206,H-4488.2,0,0,0,0,Limousine carrier regs,Bill,B,(White),1,1
1,0,2009-10,2SHB 1796,1796,,,,,2010-03-15,0,0,2SHB 1796,"By resolution, reintroduced and retained in present status.",0,H Rules C,0,0,2010-01-29,AN ACT Relating to drug-related overdose prevention and treatment;,0,Addressing drug-related overdose prevention and treatment.,House,11999,H-4317.1,0,0,0,0,Drug-related overdoses,Bill,B,(Goodman),0,2
1,0,2009-10,SHB 1913,1913,,,,,2010-03-18,0,0,SHB 1913,Effective date 6/10/2010.,0,C 108 L 10,0,0,2010-02-01,AN ACT Relating to process servers;,0,Changing provisions relating to process servers.,House,12084,H-4718.2,0,0,0,0,Process servers,Bill,B,(Warnick),0,1
1,0,2009-10,SHB 1949,1949,,,,,2010-03-15,0,0,SHB 1949,"By resolution, reintroduced and retained in present status.",0,H Rules 3C,0,0,2010-01-29,AN ACT Relating to appointing student members on the board of trustees for community colleges;,0,Allowing appointment of student members on the boards of trustees of community colleges.,House,13546,H-4522.1,0,0,0,0,Comm college boards/students,Bill,B,(Liias),1,1
1,0,2009-10,2SHB 1950,1950,,,,,2010-03-15,0,0,2SHB 1950,"By resolution, reintroduced and retained in present status.",0,H Rules X,0,0,2010-01-29,AN ACT Relating to requiring assessors to give notice of the true and fair value of real property regardless of whether there was a change in value;,0,Requiring assessors to give notice of the true and fair value of real property regardless of whether there was a change in value.,House,7635,H-4619.1,0,0,0,0,Property fair and true value,Bill,B,(Orcutt),0,2
1,0,2009-10,2SHB 1969,1969,,,,,2010-03-15,0,0,2SHB 1969,"By resolution, reintroduced and retained in present status.",0,H Rules R,0,0,2010-01-21,AN ACT Relating to promoting predictable funding for school districts that provide residential education;,0,Promoting predictable funding for school districts that provide residential education.,House,3475,H-4526.1,0,0,0,0,Residential education,Bill,B,(Haigh),0,2
1,0,2009-10,SHB 1992,1992,,,,,2010-03-15,0,0,SHB 1992,"By resolution, reintroduced and retained in present status.",0,H Cap Budget,0,0,2010-02-02,"AN ACT Relating to the application of chapter 39.12 RCW to construction projects that involve tax incentives, loans, or public land that is sold or leased;",1,"Concerning the application of chapter 39.12 RCW to construction projects that involve tax incentives, loans, or public land or property that is sold or leased.",House,972,H-4939.1,0,0,0,0,Construction projects,Bill,B,(Conway),1,1
1,0,2009-10,2SHB 2016,2016,,,,,2010-03-25,1,1,2SHB 2016,Effective date 3/25/2010*.,1,C 204 L 10,0,0,2010-01-29,AN ACT Relating to campaign contribution and disclosure laws;,0,Concerning campaign contribution and disclosure laws.,House,8412,H-4478.2,0,0,0,0,Campaign laws,Bill,B,(Flannigan),0,2
1,0,2009-10,SHB 2082,2082,,,,,2010-03-15,0,0,SHB 2082,"By resolution, reintroduced and retained in present status.",0,H Rules C,0,0,2010-02-01,AN ACT Relating to the state capitol campus special height district;,0,Creating the state capitol campus special height district.,House,5155,H-4981.1,0,0,0,0,State capitol campus,Bill,B,(Hunt),0,1
1,0,2009-10,2SHB 2115,2115,,,,,2010-03-15,0,0,2SHB 2115,"By resolution, reintroduced and retained in present status.",0,H Rules R,0,0,2010-01-22,AN ACT Relating to allowing booking photographs and electronic images at jails to be open to the public;,0,Allowing booking photographs and electronic images at jails to be open to the public.,House,2149,H-4538.1,0,0,0,0,Booking photos at jails,Bill,B,(O'Brien),0,2
1,0,2009-10,SHB 2138,2138,,,,,2010-03-15,0,1,SHB 2138,"By resolution, reintroduced and retained in present status.",0,H Rules 3C,0,0,2010-01-28,AN ACT Relating to the use of surplus property for the development of affordable housing;,0,Concerning the use of surplus property for the development of affordable housing.,House,5157,H-4613.1,0,0,0,0,Surplus property for housing,Bill,B,(Simpson),0,1
1,0,2009-10,SHB 2197,2197,,,,,2010-04-12,0,1,SHB 2197,Returned to Rules Committee for second reading.,0,H Rules C,0,0,2010-02-09,AN ACT Relating to the department of social and health services;,0,Restructuring the department of social and health services.,House,5161,H-5119.1,0,0,0,0,Restructuring DSHS,Bill,B,(Armstrong),1,1
1,0,2009-10,SHB 2226,2226,,,,,2010-03-31,0,0,SHB 2226,Effective date 6/10/2010.,0,C 264 L 10,0,0,2010-01-14,AN ACT Relating to issuing firearms certificates to retired law enforcement officers;,0,Issuing firearms certificates to retired law enforcement officers.,House,7635,H-4149.1,0,0,0,0,Retired law enforcement,Bill,B,(Orcutt),1,1
1,0,2009-10,HB 2388,2388,,,,,2010-03-15,0,0,HB 2388,"By resolution, reintroduced and retained in present status.",0,H HC/Wellness,0,0,2010-01-11,AN ACT Relating to public health financing;,1,Concerning public health financing.,House,8212,H-3571.2,0,0,0,0,Public health financing,Bill,B,(Moeller),1,0
1,0,2009-10,HB 2389,2389,,,,,2010-03-15,0,0,HB 2389,"By resolution, reintroduced and retained in present status.",0,H Pub Safety,0,0,2010-01-11,AN ACT Relating to forensic investigations;,0,Concerning forensic investigations.,House,8212,H-3662.1,0,0,0,0,Forensic investigations,Bill,B,(Moeller),1,0
1,0,2009-10,HB 2390,2390,,,,,2010-03-15,0,0,HB 2390,"By resolution, reintroduced and retained in present status.",0,H Finance,0,0,2010-01-11,AN ACT Relating to eliminating the business and occupation tax deduction for initiation fees and dues received by for-profit businesses;,0,Eliminating the business and occupation tax deduction for initiation fees and dues received by for-profit businesses.,House,8212,H-3573.2,0,0,0,0,B & O tax on fees and dues,Bill,B,(Moeller),1,0
1,0,2009-10,HB 2391,2391,,,,,2010-03-15,0,0,HB 2391,"By resolution, reintroduced and retained in present status.",0,H HC/Wellness,0,0,2010-01-11,AN ACT Relating to requiring certain health professionals to complete pain management education;,0,Concerning pain management training.,House,8212,H-3663.1,0,0,0,0,Pain management training,Bill,B,(Moeller),1,0
1,0,2009-10,HB 2392,2392,,,,,2010-03-15,0,0,HB 2392,"By resolution, reintroduced and retained in present status.",0,H Education,0,0,2010-01-11,AN ACT Relating to the use of public resources to support or oppose teachers' strikes;,0,Prohibiting the use of public resources by school district officers or employees to support or oppose a teachers' strike.,House,5157,H-3627.1,0,0,0,0,Teachers' strikes,Bill,B,(Simpson),0,0
1,0,2009-10,HB 2393,2393,,,,,2010-03-15,0,0,HB 2393,"By resolution, reintroduced and retained in present status.",0,H Education,0,0,2010-01-11,AN ACT Relating to creating the go global foreign study program for high school students;,0,Creating the go global foreign study program.,House,8211,H-3703.1,0,0,0,0,Go global foreign study prgm,Bill,B,(McCoy),1,0
1,0,2009-10,HB 2394,2394,,,,,2010-03-15,0,0,HB 2394,"By resolution, reintroduced and retained in present status.",0,H Rules C,0,0,2010-01-11,AN ACT Relating to establishing a government-to-government relationship between state government and Indian tribes;,0,Establishing a government-to-government relationship between state government and Indian tribes.,House,8211,H-3495.2,0,0,0,0,State govt and Indian tribes,Bill,B,(McCoy),1,0
1,0,2009-10,SHB 2394,2394,,,,,2010-03-15,0,0,SHB 2394,"By resolution, reintroduced and retained in present status.",0,H Rules C,0,0,2010-01-19,AN ACT Relating to establishing a government-to-government relationship between state government and Indian tribes;,0,Establishing a government-to-government relationship between state government and Indian tribes.,House,8211,H-4537.1,0,0,0,0,State govt and Indian tribes,Bill,B,(McCoy),1,1
1,0,2009-10,2SHB 2394,2394,,,,,2010-03-15,0,1,2SHB 2394,"By resolution, reintroduced and retained in present status.",0,H Rules C,0,0,2010-02-05,AN ACT Relating to establishing a government-to-government relationship between state government and Indian tribes;,0,Establishing a government-to-government relationship between state government and Indian tribes.,House,8211,H-5063.1,0,0,0,0,State govt and Indian tribes,Bill,B,(McCoy),0,2
1,0,2009-10,HB 2395,2395,,,,,2010-03-15,0,0,HB 2395,"By resolution, reintroduced and retained in present status.",0,H Ag & Nat Res,0,0,2010-01-11,AN ACT Relating to repealing all sections in chapter 77.110 RCW;,0,Repealing all sections in chapter 77.110 RCW.,House,8211,H-3479.3,0,0,0,0,Repealing chapter 77.110 RCW,Bill,B,(McCoy),0,0
0,0,2009-10,HB 2396,2396,,,,,2010-02-13,0,0,HB 2396,2nd substitute bill substituted.,0,H subst for,0,0,2010-01-11,AN ACT Relating to emergency cardiac and stroke care;,0,Concerning emergency cardiac and stroke care.,House,8208,H-3713.1,0,0,0,0,Emer cardiac & stroke care,Bill,B,(Morrell),1,0
0,0,2009-10,SHB 2396,2396,,,,,2010-02-13,0,0,SHB 2396,2nd substitute bill substituted.,0,H subst for,0,0,2010-01-22,AN ACT Relating to emergency cardiac and stroke care;,0,Regarding emergency cardiac and stroke care.,House,8208,H-4689.1,0,0,0,0,Emer cardiac & stroke care,Bill,B,(Morrell),1,1
1,0,2009-10,2SHB 2396,2396,,,,,2010-03-15,0,0,2SHB 2396,Effective date 6/10/2010.,0,C 52 L 10,0,0,2010-02-05,AN ACT Relating to emergency cardiac and stroke care;,0,Regarding emergency cardiac and stroke care.,House,8208,H-5057.1,0,0,0,0,Emer cardiac & stroke care,Bill,B,(Morrell),1,2
0,0,2009-10,HB 2397,2397,,,,,2010-02-13,0,0,HB 2397,1st substitute bill substituted.,0,H subst for,0,0,2010-01-11,AN ACT Relating to gathering signatures for an initiative or referendum at stand alone stores and retail stores that are located in commercial retail complexes;,0,Imposing a distance requirement for gathering signatures on an initiative measure or referendum.,House,8212,H-3501.2,0,0,0,0,Initiatives and referenda,Bill,B,(Moeller),0,0
1,0,2009-10,SHB 2397,2397,,,,,2010-03-15,0,0,SHB 2397,"By resolution, reintroduced and retained in present status.",0,H Rules 3C,0,0,2010-02-02,AN ACT Relating to gathering signatures for an initiative or referendum at stand alone stores and retail stores that are located in commercial retail complexes;,0,Addressing the distance requirements for gathering signatures for an initiative or referendum at stand alone stores and retail stores that are located in commercial retail complexes.,House,8212,H-5007.1,0,0,0,0,Initiatives and referenda,Bill,B,(Moeller),0,1
1,0,2009-10,HB 2398,2398,,2009-10,SB 6322,SRules X,2010-03-15,0,1,HB 2398,"By resolution, reintroduced and retained in present status.",0,H Rules 3C,0,0,2010-01-11,AN ACT Relating to election notices;,1,Modifying election notice provisions.,House,5155,H-3752.1,0,0,0,0,Election notices,Bill,B,(Hunt),1,0
0,0,2009-10,HB 2399,2399,,,,,2010-02-15,0,0,HB 2399,1st substitute bill substituted.,0,H subst for,0,0,2010-01-11,"AN ACT Relating to penalties for engaging in, or advertising to engage in, solid waste collection without a solid waste collection certificate;",0,"Prohibiting and prescribing penalties for engaging in, or advertising to engage in, solid waste collection without a solid waste collection certificate.",House,1712,H-3744.1,0,0,0,0,Solid waste collection,Bill,B,(Upthegrove),1,0
1,0,2009-10,ESHB 2399,2399,,,,,2010-03-12,0,1,ESHB 2399,Effective date 7/1/2010.,0,C 24 L 10,0,1,2010-01-19,"AN ACT Relating to penalties for engaging in, or advertising to engage in, solid waste collection without a solid waste collection certificate;",0,"Prohibiting and prescribing penalties for engaging in, or advertising to engage in, solid waste collection without a solid waste collection certificate.",House,1712,H-4523.1,0,0,0,0,Solid waste collection,Bill,B,(Upthegrove),1,1
1,0,2009-10,HB 2400,2400,,2009-10,SB 6811,SRules X,2010-03-15,0,0,HB 2400,"By resolution, reintroduced and retained in present status.",0,H HC/Wellness,0,0,2010-01-11,AN ACT Relating to creating the Washington state board of naturopathy;,0,Concerning naturopathy.,House,10021,H-3555.1,0,0,0,0,Board of naturopathy,Bill,B,(Green),0,0
1,0,2009-10,HB 2401,2401,,,,,2010-03-15,0,0,HB 2401,"By resolution, reintroduced and retained in present status.",0,H Pub Safety,0,0,2010-01-11,AN ACT Relating to marijuana;,1,Legalizing marijuana.,House,1570,H-3666.2,0,0,0,0,Marijuana legalization,Bill,B,(Dickerson),1,0
0,0,2009-10,HB 2402,2402,,2009-10,SB 6653,SWays & Means,2010-02-12,0,0,HB 2402,1st substitute bill substituted.,0,H subst for,0,0,2010-01-11,AN ACT Relating to a property tax exemption for property owned by a nonprofit organization and used for the purpose of a farmers market;,1,Concerning a property tax exemption for property owned by a nonprofit organization and used for the purpose of a farmers market.,House,14206,H-3743.1,0,0,0,0,Farmers market/property tax,Bill,B,(White),1,0
1,0,2009-10,SHB 2402,2402,,,,,2010-03-24,1,1,SHB 2402,Effective date 6/10/2010.,0,C 186 L 10,0,0,2010-02-09,AN ACT Relating to a property tax exemption for property owned by a nonprofit organization and used for the purpose of a farmers market;,1,Concerning a property tax exemption for property owned by a nonprofit organization and used for the purpose of a farmers market.,House,14206,H-5106.1,0,0,0,0,Farmers market/property tax,Bill,B,(White),1,1
0,0,2009-10,HB 2403,2403,,2009-10,SB 6196,SRules 3,2010-01-22,0,0,HB 2403,1st substitute bill substituted.,0,H subst for,0,0,2010-01-11,AN ACT Relating to military leave for public employees;,1,Concerning military leave for public employees.,House,8208,Z-0926.1,0,1,0,0,Military leave/pub employees,Bill,B,(Morrell),1,0
1,0,2009-10,SHB 2403,2403,,,,,2010-03-17,0,0,SHB 2403,Effective date 6/10/2010.,0,C 91 L 10,0,0,2010-01-15,AN ACT Relating to military leave for public employees;,0,Concerning military leave for public employees.,House,8208,H-4449.1,0,1,0,0,Military leave/pub employees,Bill,B,(Morrell),0,1
0,0,2009-10,HB 2404,2404,,2009-10,SB 6197,Ssubst for,2010-02-10,0,0,HB 2404,1st substitute bill substituted.,0,H subst for,0,0,2010-01-11,AN ACT Relating to group life insurance;,0,Concerning group life insurance.,House,3483,H-3700.1,0,0,0,0,Group life insurance,Bill,B,(Santos),0,0
1,0,2009-10,SHB 2404,2404,,,,,2010-03-15,0,0,SHB 2404,"By resolution, reintroduced and retained in present status.",0,H Rules 3C,0,0,2010-01-19,AN ACT Relating to group life insurance;,0,Concerning group life insurance.,House,3483,H-4452.1,0,0,0,0,Group life insurance,Bill,B,(Santos),0,1
1,0,2009-10,HB 2405,2405,,,,,2010-03-15,0,0,HB 2405,"By resolution, reintroduced and retained in present status.",0,H SGTribalAff,0,0,2010-01-11,AN ACT Relating to local measures' ballot title appeals;,0,Concerning ballot title appeals for local measures.,House,12001,H-3765.1,0,0,0,0,Local measure ballot titles,Bill,B,(Kelley),0,0
1,0,2009-10,HB 2406,2406,,2009-10,SB 6191,SRules X,2010-03-12,0,0,HB 2406,Effective date 6/10/2010.,0,C 26 L 10,0,0,2010-01-11,AN ACT Relating to updating and removing obsolete references from the statutes governing the joint legislative audit and review committee;,0,Concerning the joint legislative audit and review committee.,House,12001,H-3763.1,0,0,0,0,Joint leg audit & review com,Bill,B,(Kelley),0,0
1,0,2009-10,HB 2407,2407,,,,,2010-03-15,0,0,HB 2407,"By resolution, reintroduced and retained in present status.",0,H SGTribalAff,0,0,2010-01-11,AN ACT Relating to veterans' layoff and reemployment rights;,0,Modifying veterans' layoff and reemployment rights.,House,12001,H-3767.1,0,0,0,0,Veterans' layoff rights,Bill,B,(Kelley),0,0
0,0,2009-10,HB 2408,2408,,,,,2010-02-15,0,0,HB 2408,1st substitute bill substituted.,0,H subst for,0,0,2010-01-11,AN ACT Relating to notifying property owners of proposals to modify zoning requirements;,1,"Requiring notice to property owners when a county, city, or town modifies its zoning requirements.",House,14208,H-3654.1,0,0,0,0,Zoning modification notices,Bill,B,(Angel),1,0
1,0,2009-10,SHB 2408,2408,,,,,2010-03-15,0,0,SHB 2408,"By resolution, reintroduced and retained in present status.",0,H Rules 3C,0,0,2010-01-28,AN ACT Relating to notifying property owners of proposals to modify zoning requirements;,0,"Requiring notice to property owners when a county, city, or town modifies its zoning requirements.",House,14208,H-4852.1,0,0,0,0,Zoning modification notices,Bill,B,(Angel),0,1
0,0,2009-10,HB 2409,2409,,,,,2010-02-11,0,0,HB 2409,Committee recommendations adopted and the 1st substitute bill substituted.,0,H subst for,0,0,2010-01-11,AN ACT Relating to the sale of water-sewer district real property;,1,Concerning the sale of water-sewer district real property.,House,5157,H-3664.2,0,0,0,0,Water-sewer district proprty,Bill,B,(Simpson),0,0
1,0,2009-10,SHB 2409,2409,,,,,2010-03-15,0,0,SHB 2409,"By resolution, reintroduced and retained in present status.",0,H Rules 3C,0,0,2010-01-18,AN ACT Relating to the sale of water-sewer district real property;,0,Concerning the sale of water-sewer district real property.,House,5157,H-4525.1,0,0,0,0,Water-sewer district proprty,Bill,B,(Simpson),0,1
1,0,2009-10,HB 2410,2410,,2009-10,SB 6190,SFI/Hous/Ins,2010-03-15,0,0,HB 2410,"By resolution, reintroduced and retained in present status.",0,H Finance,0,0,2010-01-11,AN ACT Relating to requiring full payment of all moneys due under the certificate of delinquency prior to any change of ownership of real property after a certificate of delinquency is issued;,1,Requiring full payment of all moneys due under the certificate of delinquency prior to any change of ownership of real property after a certificate of delinquency is issued.,House,8238,H-3485.3,0,0,0,0,Certificates of delinquency,Bill,B,(Bailey),1,0
1,0,2009-10,HB 2411,2411,,,,,2010-03-15,0,0,HB 2411,"By resolution, reintroduced and retained in present status.",0,H Rules R,0,0,2010-01-11,AN ACT Relating to amending comprehensive land use plans for the purpose of adopting subarea plan proposals;,1,Addressing subarea plan proposals as part of comprehensive land use planning.,House,5157,H-3559.2,0,0,0,0,Land use planning/subareas,Bill,B,(Simpson),0,0
1,0,2009-10,HB 2412,2412,,,,,2010-03-15,0,0,HB 2412,"By resolution, reintroduced and retained in present status.",0,H Rules C,0,0,2010-01-11,AN ACT Relating to fully contained communities authorized under the growth management act;,0,Addressing fully contained communities authorized under the growth management act.,House,13161,H-3558.2,0,0,0,0,Fully contained communities,Bill,B,(Nelson),0,0
1,0,2009-10,SHB 2412,2412,,,,,2010-03-15,0,0,SHB 2412,"By resolution, reintroduced and retained in present status.",0,H Rules C,0,0,2010-01-27,AN ACT Relating to fully contained communities authorized under the growth management act;,0,Addressing fully contained communities authorized under the growth management act.,House,13161,H-4778.1,0,0,0,0,Fully contained communities,Bill,B,(Nelson),0,1
1,0,2009-10,HB 2413,2413,,2009-10,SB 6784,SJudiciary,2010-03-15,0,0,HB 2413,"By resolution, reintroduced and retained in present status.",0,H Judiciary,0,0,2010-01-11,AN ACT Relating to property used to facilitate a criminal street gang-related offense;,0,Concerning property used to facilitate a criminal street gang-related offense.,House,14211,H-3656.1,0,0,0,0,Criminal street gang offense,Bill,B,(Johnson),0,0
0,0,2009-10,HB 2414,2414,,2009-10,SB 6785,SJudiciary,2010-02-12,0,0,HB 2414,1st substitute bill substituted.,0,H subst for,0,0,2010-01-11,AN ACT Relating to abatement of nuisances involving criminal street gang activity;,1,Authorizing abatement of nuisances involving criminal street gang activity.,House,14211,H-3516.2,0,0,0,0,Criminal street gang activty,Bill,B,(Johnson),1,0
1,0,2009-10,ESHB 2414,2414,,,,,2010-03-15,0,1,ESHB 2414,"By resolution, reintroduced and retained in present status.",0,H Rules 3C,0,1,2010-02-01,AN ACT Relating to abatement of nuisances involving criminal street gang activity;,0,Authorizing abatement of nuisances involving criminal street gang activity.,House,14211,H-4612.2,0,0,0,0,Criminal street gang activty,Bill,B,(Johnson),0,1
1,0,2009-10,HB 2415,2415,,2009-10,SB 6783,SJudiciary,2010-03-15,0,0,HB 2415,"By resolution, reintroduced and retained in present status.",0,H Ways & Means,0,0,2010-01-11,AN ACT Relating to criminal street gangs;,1,Concerning criminal street gangs.,House,12082,H-3503.2,0,0,0,0,Criminal street gangs,Bill,B,(Ross),1,0
0,0,2009-10,SHB 2415,2415,,,,,0001-01-01,0,0,SHB 2415,,0,,0,0,2010-01-29,,0,,House,12082,,0,0,0,0,Criminal street gangs,Bill,B,(Ross),0,1
0,0,2009-10,HB 2416,2416,,,,,2010-02-15,0,0,HB 2416,1st substitute bill substituted.,0,H subst for,0,0,2010-01-11,AN ACT Relating to efficiency standards for consumer products;,0,Establishing energy efficiency standards for consumer products.,House,2144,H-3698.1,0,0,0,0,Energy efficiency standards,Bill,B,(Morris),1,0
1,0,2009-10,SHB 2416,2416,,,,,2010-04-12,0,1,SHB 2416,"By resolution, returned to House Rules Committee for third reading.",0,H Rules 3C,0,0,2010-01-28,AN ACT Relating to efficiency standards for consumer products;,0,Establishing energy efficiency standards for consumer products.,House,2144,H-4411.2,0,0,0,0,Energy efficiency standards,Bill,B,(Morris),0,1
1,0,2009-10,HB 2417,2417,,,,,2010-03-15,0,0,HB 2417,"By resolution, reintroduced and retained in present status.",0,H Tech/En/Com,0,0,2010-01-11,AN ACT Relating to creating a public utility tax for the sale of certain renewable energy credits;,1,Creating a public utility tax for the sale of certain renewable energy credits.,House,2144,H-3804.1,0,0,0,0,Renewable energy credits/tax,Bill,B,(Morris),1,0
1,0,2009-10,HB 2418,2418,,2009-10,ESB 6754,SRules 3,2010-03-15,0,0,HB 2418,"By resolution, reintroduced and retained in present status.",0,H SGTribalAff,0,0,2010-01-11,AN ACT Relating to signature petitions;,0,Making the names and addresses of persons signing initiative or referendum petitions public records.,House,14325,H-3541.3,0,0,0,0,Signature petitions,Bill,B,(Carlyle),0,0
1,0,2009-10,HB 2419,2419,,2009-10,SB 6198,SRules X,2010-03-17,0,0,HB 2419,Effective date 6/10/2010.,0,C 93 L 10,0,0,2010-01-11,AN ACT Relating to the exemption to the three-year active transacting requirement for foreign or alien insurer applicants;,0,Modifying the exemption to the three-year active transacting requirement for foreign or alien insurer applicants.,House,8238,H-3699.1,0,0,0,0,Foreign and alien insurers,Bill,B,(Bailey),0,0
0,0,2009-10,HB 2420,2420,,2009-10,SB 6235,SRules X,2010-02-13,0,0,HB 2420,1st substitute bill substituted.,0,H subst for,0,0,2010-01-11,AN ACT Relating to the promotion of the industries that rely on the state's working land base;,0,Promoting industries that rely on the state's working land base.,House,2314,H-3672.2,0,0,0,0,Industries/working land base,Bill,B,(Kenney),1,0
1,0,2009-10,SHB 2420,2420,,,,,2010-03-24,1,1,SHB 2420,Effective date 6/10/2010.,0,C 187 L 10,0,0,2010-01-20,AN ACT Relating to the promotion of the industries that rely on the state's working land base;,0,Promoting industries that rely on the state's working land base.,House,2314,H-4508.2,0,0,0,0,Industries/working land base,Bill,B,(Kenney),1,1
1,0,2009-10,HB 2421,2421,,,,,2010-03-15,0,0,HB 2421,"By resolution, reintroduced and retained in present status.",0,H Judiciary,0,0,2010-01-11,AN ACT Relating to third-party visitation;,1,Concerning third-party visitation.,House,12002,H-3730.2,0,0,0,0,Third-party visitation,Bill,B,(Pedersen),1,0
0,0,2009-10,HB 2422,2422,,2009-10,SB 6722,SHumServ/Corr,2010-02-03,0,0,HB 2422,1st substitute bill substituted.,0,H subst for,0,0,2010-01-11,AN ACT Relating to escape or disappearance notification requirements;,0,Changing escape or disappearance notification requirements.,House,14186,H-3668.4,0,0,0,0,Escape notification,Bill,B,(Parker),1,0
1,0,2009-10,SHB 2422,2422,,,,,2010-03-12,0,0,SHB 2422,Effective date 6/10/2010.,0,C 28 L 10,0,0,2010-01-22,AN ACT Relating to escape or disappearance notification requirements;,0,Changing escape or disappearance notice requirements.,House,14186,H-4668.1,0,0,0,0,Escape notice requirements,Bill,B,(Parker),0,1
1,0,2009-10,HB 2423,2423,,2009-10,SB 6199,SJudiciary,2010-03-15,0,0,HB 2423,"By resolution, reintroduced and retained in present status.",0,H LG & Housing,0,0,2010-01-11,AN ACT Relating to the community renewal law;,0,Modifying the community renewal law.,House,10039,Z-0953.1,0,1,0,0,Community renewal law,Bill,B,(Springer),0,0
0,0,2009-10,HB 2424,2424,,2009-10,SB 6201,SJudiciary,2010-02-16,0,0,HB 2424,1st substitute bill substituted.,0,H subst for,0,0,2010-01-11,AN ACT Relating to protecting children from sexual exploitation and abuse;,1,Protecting children from sexual exploitation and abuse.,House,2149,Z-0949.1,0,1,0,0,Sexual exploitation/children,Bill,B,(O'Brien),1,0
1,0,2009-10,ESHB 2424,2424,,,,,2010-03-26,1,1,ESHB 2424,Effective date 6/10/2010.,0,C 227 L 10,0,1,2010-01-22,AN ACT Relating to protecting children from sexual exploitation and abuse;,0,Protecting children from sexual exploitation and abuse.,House,2149,H-4251.6,0,1,0,0,Sexual exploitation/children,Bill,B,(O'Brien),0,1
1,0,2009-10,HB 2425,2425,,2009-10,SB 6200,SJudiciary,2010-03-15,0,0,HB 2425,"By resolution, reintroduced and retained in present status.",0,H Judiciary,0,0,2010-01-11,AN ACT Relating to prohibiting the use of eminent domain for economic development;,0,Prohibiting the use of eminent domain for economic development.,House,9710,Z-0974.1,0,1,0,0,Eminent domain,Bill,B,(Rodne),0,0
1,0,2009-10,HB 2426,2426,,2009-10,SB 6202,Ssubst for,2010-03-15,0,0,HB 2426,"By resolution, reintroduced and retained in present status.",0,H Pub Safety,0,0,2010-01-11,AN ACT Relating to vulnerable adults;,1,Expanding provisions relating to vulnerable adults.,House,8212,Z-0963.1,0,1,0,0,Vulnerable adults,Bill,B,(Moeller),1,0
0,0,2009-10,HB 2427,2427,,,,,2010-02-12,0,0,HB 2427,1st substitute bill substituted.,0,H subst for,0,0,2010-01-11,AN ACT Relating to punishment for domestic violence offenders;,1,Ensuring punishment for domestic violence offenders.,House,5163,Z-0915.1,0,1,0,0,Domestic violence offenders,Bill,B,(Pearson),1,0
1,0,2009-10,ESHB 2427,2427,,,,,2010-03-15,0,1,ESHB 2427,"By resolution, reintroduced and retained in present status.",0,H Rules 3C,0,1,2010-01-13,AN ACT Relating to punishment for domestic violence offenders;,0,Ensuring punishment for domestic violence offenders.,House,5163,H-4255.1,0,1,0,0,Domestic violence offenders,Bill,B,(Pearson),0,1
1,0,2009-10,HB 2428,2428,,,,,2010-03-12,0,0,HB 2428,Effective date 6/10/2010.,0,C 29 L 10,0,0,2010-01-11,"AN ACT Relating to fees for locating surplus funds from county governments, real estate property taxes, assessments, and other government lien foreclosures or charges;",0,"Concerning fees for locating surplus funds from county governments, real estate property taxes, assessments, and other government lien foreclosures or charges.",House,10249,Z-0841.2,0,1,0,0,Locating surplus funds/fees,Bill,B,(Takko),0,0
0,0,2009-10,HB 2429,2429,,,,,2010-02-10,0,0,HB 2429,Committee recommendations adopted and the 1st substitute bill substituted.,0,H subst for,0,0,2010-01-11,AN ACT Relating to the resale of motor vehicles previously determined as having nonconformities;,0,Addressing the resale of motor vehicles previously determined as having nonconformities.,House,2166,Z-0839.4,0,1,0,0,Resale of motor vehicles,Bill,B,(Wood),0,0
1,0,2009-10,SHB 2429,2429,,,,,2010-03-12,0,0,SHB 2429,Effective date 6/10/2010.,0,C 31 L 10,0,0,2010-02-02,AN ACT Relating to the resale of motor vehicles previously determined as having nonconformities;,0,Addressing the resale of motor vehicles previously determined as having nonconformities.,House,2166,H-4792.1,0,1,0,0,Resale of motor vehicles,Bill,B,(Wood),0,1
0,0,2009-10,HB 2430,2430,,,,,2010-01-28,0,0,HB 2430,Committee recommendations adopted and the 1st substitute bill substituted.,0,H subst for,0,0,2010-01-11,AN ACT Relating to cardiovascular invasive specialists;,0,Concerning cardiovascular invasive specialists.,House,8208,H-3719.3,0,0,0,0,Cardio invasive specialists,Bill,B,(Morrell),1,0
1,0,2009-10,SHB 2430,2430,,,,,2010-03-17,0,0,SHB 2430,Effective date 6/10/2010.,0,C 92 L 10,0,0,2010-01-22,AN ACT Relating to cardiovascular invasive specialists;,0,Concerning cardiovascular invasive specialists.,House,8208,H-4410.2,0,0,0,0,Cardio invasive specialists,Bill,B,(Morrell),1,1
1,0,2009-10,HB 2431,2431,,,,,2010-03-15,0,0,HB 2431,"By resolution, reintroduced and retained in present status.",0,H Early L&CS,0,0,2010-01-11,AN ACT Relating to a program of early learning under basic education;,0,Establishing within basic education a program of early learning for at-risk children.,House,9996,H-3623.1,0,0,0,0,At-risk children/basic educ,Bill,B,(Haler),0,0
1,0,2009-10,HB 2432,2432,,,,,2010-03-15,0,0,HB 2432,"By resolution, reintroduced and retained in present status.",0,H Tech/En/Com,0,0,2010-01-11,AN ACT Relating to recognizing hydroelectric generation as a renewable energy resource;,0,Recognizing hydroelectric generation as a renewable energy resource.,House,9996,H-3628.1,0,0,0,0,Hydroelectric generation,Bill,B,(Haler),1,0
1,0,2009-10,HB 2433,2433,,,,,2010-03-15,0,0,HB 2433,"By resolution, reintroduced and retained in present status.",0,H Rules R,0,0,2010-01-11,AN ACT Relating to compliance with federal selective service requirements before the issuance of drivers' licenses and identicards;,0,Addressing compliance with federal selective service requirements before the issuance of drivers' licenses and identicards.,House,9996,H-3791.1,0,0,0,0,Drivers' lic's & identicards,Bill,B,(Haler),1,0
1,0,2009-10,SHB 2433,2433,,,,,2010-03-15,0,0,SHB 2433,"By resolution, reintroduced and retained in present status.",0,H Rules R,0,0,2010-01-26,AN ACT Relating to compliance with federal selective service requirements before the issuance of drivers' licenses and identicards;,0,Addressing compliance with federal selective service requirements before the issuance of drivers' licenses and identicards.,House,9996,H-4740.2,0,0,0,0,Drivers' lic's & identicards,Bill,B,(Haler),0,1
1,0,2009-10,HB 2434,2434,,,,,2010-03-15,0,0,HB 2434,"By resolution, reintroduced and retained in present status.",0,H HC/Wellness,0,0,2010-01-11,AN ACT Relating to prohibiting a defendant from asserting an affirmative defense for medical marijuana if marijuana is listed as a Schedule I controlled substance or the marijuana was not produced in compliance with all applicable state and federal product safety laws;,0,Prohibiting assertion of an affirmative defense for use of medical marijuana in certain cases.,House,9996,H-3802.1,0,0,0,0,Medical marijuana,Bill,B,(Haler),0,0
1,0,2009-10,HB 2435,2435,,,,,2010-03-15,0,0,HB 2435,"By resolution, reintroduced and retained in present status.",0,H Rules 3C,0,0,2010-01-11,AN ACT Relating to providing licensed midwives online access to the University of Washington health sciences library;,0,Concerning midwives.,House,10021,H-3788.1,0,0,0,0,Licensed midwives,Bill,B,(Green),1,0
0,1,2009-10,HB 2436,2436,,2009-10,SB 6693,SRules 2,2010-02-12,0,0,HB 2436,2nd substitute bill substituted.,0,H subst for,0,0,2010-01-11,AN ACT Relating to vehicle license fraud;,0,Concerning vehicle license fraud.,House,8212,H-3729.1,0,0,0,0,Vehicle license fraud,Bill,B,(Moeller),1,0
0,1,2009-10,SHB 2436,2436,,,,,2010-02-12,0,0,SHB 2436,2nd substitute bill substituted.,0,H subst for,0,0,2010-01-14,AN ACT Relating to vehicle license fraud;,0,Concerning vehicle license fraud.,House,8212,H-4364.1,0,0,0,0,Vehicle license fraud,Bill,B,(Moeller),0,1
1,0,2009-10,2SHB 2436,2436,,,,,2010-04-01,1,1,2SHB 2436,Effective date 7/1/2010.,0,C 270 L 10,0,0,2010-02-05,AN ACT Relating to vehicle license fraud;,0,Concerning vehicle license fraud.,House,8212,H-5064.1,0,0,0,0,Vehicle license fraud,Bill,B,(Moeller),1,2
1,0,2009-10,HB 2437,2437,,2009-10,SB 6288,C 47 L 10,2010-03-15,0,0,HB 2437,"By resolution, reintroduced and retained in present status.",0,H Rules 3C,0,0,2010-01-11,"AN ACT Relating to the authority of counties, cities, and towns to request criminal background checks from the Washington state patrol;",1,"Authorizing counties, cities, and towns to request background checks for certain license applicants and licensees.",House,8212,H-3709.1,0,0,0,0,Criminal background checks,Bill,B,(Moeller),1,0
1,0,2009-10,HB 2438,2438,,,,,2010-03-15,0,0,HB 2438,"By resolution, reintroduced and retained in present status.",0,H Judiciary,0,0,2010-01-11,AN ACT Relating to the definition of service animal;,0,"Concerning the definition of ""service animal.""",House,8212,H-3808.1,0,0,0,0,"""Service animal"" definition",Bill,B,(Moeller),1,0
0,0,2009-10,HB 2439,2439,,,,,2010-02-12,0,0,HB 2439,1st substitute bill substituted.,0,H subst for,0,0,2010-01-11,AN ACT Relating to exempting church property used by a nonprofit organization conducting activities related to a farmers market from property taxation;,1,Exempting church property used by a nonprofit organization conducting activities related to a farmers market from property taxation.,House,11952,H-3566.2,0,0,0,0,Church property/farmers mrkt,Bill,B,(Short),1,0
1,0,2009-10,SHB 2439,2439,,,,,2010-03-15,0,0,SHB 2439,"By resolution, reintroduced and retained in present status.",0,H Rules 3C,0,0,2010-02-09,AN ACT Relating to exempting church property used by a nonprofit organization conducting activities related to a farmers market from property taxation;,1,Exempting church property used by a nonprofit organization conducting activities related to a farmers market from property taxation.,House,11952,H-5110.1,0,0,0,0,Church property/farmers mrkt,Bill,B,(Short),1,1
1,0,2009-10,HB 2440,2440,,,,,2010-03-15,0,0,HB 2440,"By resolution, reintroduced and retained in present status.",0,H Trans,0,0,2010-01-11,AN ACT Relating to providing limited access to motor vehicle records by homeowners' associations in connection with matters of driver and pedestrian safety;,1,Providing limited access to motor vehicle records by homeowners' associations in connection with matters of driver and pedestrian safety.,House,2584,H-3751.1,0,0,0,0,Motor vehicle records access,Bill,B,(McCune),1,0
1,0,2009-10,HB 2441,2441,,2009-10,SB 6213,Ssubst for,2010-03-15,0,0,HB 2441,"By resolution, reintroduced and retained in present status.",0,H Rules R,0,0,2010-01-11,AN ACT Relating to vehicles at railroad grade crossings;,0,Concerning vehicles at railroad grade crossings.,House,8209,Z-0972.1,0,1,0,0,Railroad grade crossings,Bill,B,(Clibborn),1,0
1,0,2009-10,SHB 2441,2441,,,,,2010-03-15,0,0,SHB 2441,"By resolution, reintroduced and retained in present status.",0,H Rules R,0,0,2010-01-19,AN ACT Relating to vehicles at railroad grade crossings;,0,Concerning vehicles at railroad grade crossings.,House,8209,H-4170.2,0,1,0,0,Railroad grade crossings,Bill,B,(Clibborn),0,1
1,0,2009-10,HB 2442,2442,,2009-10,SB 6214,Ssubst for,2010-03-15,0,0,HB 2442,"By resolution, reintroduced and retained in present status.",0,H Rules R,0,0,2010-01-11,AN ACT Relating to restructuring three growth management hearings boards into one board;,1,Restructuring three growth management hearings boards into one board.,House,5157,Z-0989.1,0,0,0,1,Growth mgmt hearings boards,Bill,B,(Simpson),1,0
1,0,2009-10,SHB 2442,2442,,,,,2010-03-15,0,0,SHB 2442,"By resolution, reintroduced and retained in present status.",0,H Rules R,0,0,2010-01-18,AN ACT Relating to restructuring three growth management hearings boards into one board;,0,Restructuring three growth management hearings boards into one board.,House,5157,H-4517.1,0,0,0,1,Growth mgmt hearings boards,Bill,B,(Simpson),0,1
0,0,2009-10,HB 2443,2443,,2009-10,SB 6224,Ssubst for,2010-01-28,0,0,HB 2443,Committee recommendations adopted and the 1st substitute bill substituted.,0,H subst for,0,0,2010-01-11,AN ACT Relating to conforming the uniform controlled substances act to existing state and federal law;,0,Conforming the uniform controlled substances act to existing state and federal law.,House,3473,Z-0817.4,0,1,0,0,Controlled substances act,Bill,B,(Ericksen),1,0
1,0,2009-10,SHB 2443,2443,,,,,2010-03-23,0,0,SHB 2443,Effective date 6/10/2010.,0,C 177 L 10,0,0,2010-01-15,AN ACT Relating to conforming the uniform controlled substances act to existing state and federal law;,0,Conforming the uniform controlled substances act to existing state and federal law.,House,3473,H-4433.1,0,1,0,0,Controlled substances act,Bill,B,(Ericksen),1,1
1,0,2009-10,EHB 2444,2444,,,,,2010-03-15,0,1,EHB 2444,"By resolution, reintroduced and retained in present status.",0,H Rules 3C,0,1,2010-01-11,AN ACT Relating to providing leave from employment for participating in a child's educational activities;,0,Providing leave from employment for participating in a child's educational activities.,House,1611,H-3707.1,0,0,0,0,Leave from employment,Bill,B,(Williams),1,0
1,0,2009-10,HB 2445,2445,,2009-10,SB 6819,SWays & Means,2010-03-15,0,0,HB 2445,"By resolution, reintroduced and retained in present status.",0,H Finance,0,0,2010-01-11,AN ACT Relating to creating an estate tax exemption for certain property held by qualified family-owned businesses;,0,Creating an estate tax exemption for certain property held by qualified family-owned businesses.,House,14208,H-3801.1,0,0,0,0,Estate tax exemp/property,Bill,B,(Angel),0,0
1,0,2009-10,HB 2446,2446,,,,,2010-03-15,0,0,HB 2446,"By resolution, reintroduced and retained in present status.",0,H Cap Budget,0,0,2010-01-11,AN ACT Relating to long-term noxious weed management on land newly acquired by the fish and wildlife commission;,1,Regarding long-term noxious weed management on land newly acquired by the fish and wildlife commission.,House,10041,H-3597.1,0,0,0,0,Weed mgmt on F & W land,Bill,B,(Kretz),1,0
1,0,2009-10,HB 2447,2447,,,,,2010-03-15,0,0,HB 2447,"By resolution, reintroduced and retained in present status.",0,H Ways & Means,0,0,2010-01-11,AN ACT Relating to prohibiting the public disclosure of public employee photographs;,0,Prohibiting the public disclosure of public employee photographs.,House,10031,H-3540.2,0,0,0,0,Public employee photographs,Bill,B,(Appleton),0,0
1,0,2009-10,SHB 2447,2447,,,,,2010-03-15,0,0,SHB 2447,"By resolution, reintroduced and retained in present status.",0,H Ways & Means,0,0,2010-01-28,AN ACT Relating to prohibiting the public disclosure of public employee photographs;,0,Prohibiting the public disclosure of public employee photographs.,House,10031,H-4833.1,0,0,0,0,Public employee photographs,Bill,B,(Appleton),1,1
1,0,2009-10,HB 2448,2448,,2009-10,SB 6282,SGovtOp & Elect,2010-03-15,0,0,HB 2448,"By resolution, reintroduced and retained in present status.",0,H Rules C,0,0,2010-01-11,AN ACT Relating to membership on the Washington citizens' commission on salaries for elected officials;,0,"Changing the definition of ""immediate family"" for purpose of membership on the Washington citizens' commission on salaries for elected officials.",House,10031,Z-0965.1,0,0,0,1,Elected officials' salaries,Bill,B,(Appleton),1,0
1,0,2009-10,SHB 2448,2448,,,,,2010-03-15,0,1,SHB 2448,"By resolution, reintroduced and retained in present status.",0,H Rules C,0,0,2010-01-26,AN ACT Relating to membership on the Washington citizens' commission on salaries for elected officials;,0,Changing membership provisions relating to the Washington citizens' commission on salaries for elected officials.,House,10031,H-4735.1,0,0,0,1,Elected officials' salaries,Bill,B,(Appleton),0,1
1,1,2009-10,HB 2449,2449,,,,,2010-03-15,0,0,HB 2449,"By resolution, reintroduced and retained in present status.",0,H Education Apps,0,0,2010-01-11,AN ACT Relating to truancy payments to school districts;,0,Concerning truancy payments to school districts.,House,10031,H-3653.1,0,0,0,0,Truancy payments/schools,Bill,B,(Appleton),1,0
1,0,2009-10,HB 2450,2450,,2009-10,2ESB 6221,C 10 L 10 E1,2010-03-15,0,0,HB 2450,"By resolution, reintroduced and retained in present status.",0,H Rules R,0,0,2010-01-11,AN ACT Relating to the clarifying and expanding participation in the Washington state local government investment pool;,0,Concerning clarification and expansion of eligibility to use the state's local government investment pool.,House,8211,Z-0908.3,0,1,0,0,Local govt investment pool,Bill,B,(McCoy),1,0
1,0,2009-10,HB 2451,2451,,2009-10,SB 6218,C 115 L 10,2010-03-15,0,0,HB 2451,"By resolution, reintroduced and retained in present status.",0,H Rules R,0,0,2010-01-11,AN ACT Relating to modifying the local option capital asset lending program to authorize state use of certain voter approved excess tax levies to pay financing contracts and to clarify program participants;,0,"Authorizing use of voter approved local excess tax levies to pay financing contracts under the local option capital asset lending program and clarifying which ""other agencies"" may participate in the program.",House,630,Z-0914.1,0,1,0,0,Financing contracts payment,Bill,B,(Dunshee),1,0
1,0,2009-10,HB 2452,2452,,2009-10,SB 6220,C 18 L 10 E1,2010-04-02,0,0,HB 2452,Returned to Rules Committee for second reading.,0,H Rules C,0,0,2010-01-11,"AN ACT Relating to determination of the terms and conditions of bonds, notes, and other evidences of indebtedness of the state of Washington;",0,"Concerning determination of the terms and conditions of bonds, notes, and other evidences of indebtedness of the state of Washington.",House,630,Z-0910.1,0,0,0,1,State indebtedness/evidences,Bill,B,(Dunshee),1,0
1,0,2009-10,HB 2453,2453,,,,,2010-03-15,0,0,HB 2453,"By resolution, reintroduced and retained in present status.",0,H HC/Wellness,0,0,2010-01-11,AN ACT Relating to requiring nursing homes to report methicillin- resistant staphylococcus aureus infections;,0,Requiring nursing homes to report methicillin-resistant staphylococcus aureus infections.,House,619,H-3543.1,0,0,0,0,Methicillin-resistant staph,Bill,B,(Campbell),0,0
1,0,2009-10,HB 2454,2454,,,,,2010-03-15,0,0,HB 2454,"By resolution, reintroduced and retained in present status.",0,H HC/Wellness,0,0,2010-01-11,"AN ACT Relating to ephedrine, pseudoephedrine, and phenylpropranolamine;",1,"Concerning ephedrine, pseudoephedrine, and phenylpropranolamine.",House,619,H-3549.1,0,0,0,0,"Ephedrine, etc.",Bill,B,(Campbell),1,0
1,0,2009-10,HB 2455,2455,,,,,2010-03-15,0,0,HB 2455,"By resolution, reintroduced and retained in present status.",0,H SGTribalAff,0,0,2010-01-11,AN ACT Relating to veterans' scoring criteria;,0,Concerning veterans' scoring criteria.,House,619,H-3648.1,0,0,0,0,Veterans' scoring criteria,Bill,B,(Campbell),0,0
1,0,2009-10,HB 2456,2456,,2009-10,SB 6225,SRules X,2010-03-15,0,0,HB 2456,"By resolution, reintroduced and retained in present status.",0,H Rules 3C,0,0,2010-01-11,AN ACT Relating to population thresholds that determine the number of local councilmembers and receipt of local funds;,1,Concerning population thresholds that determine the number of local councilmembers and receipt of local funds.,House,13209,H-3478.2,0,0,0,0,Local councilmembers & funds,Bill,B,(Schmick),0,0
0,0,2009-10,HB 2457,2457,,,,,2010-02-10,0,0,HB 2457,1st substitute bill substituted.,0,H subst for,0,0,2010-01-11,AN ACT Relating to pro se defendants in criminal cases questioning victims of sex offenses;,1,Placing restrictions on pro se defendants when questioning witnesses.,House,1611,H-3715.3,0,0,0,0,Pro se defendant & witnesses,Bill,B,(Williams),1,0
1,0,2009-10,SHB 2457,2457,,,,,2010-03-15,0,1,SHB 2457,"By resolution, reintroduced and retained in present status.",0,H Rules 3C,0,0,2010-02-01,AN ACT Relating to pro se defendants in criminal cases questioning victims of sex offenses;,0,Placing restrictions on pro se defendants when questioning witnesses.,House,1611,H-4960.1,0,0,0,0,Pro se defendant & witnesses,Bill,B,(Williams),0,1
1,0,2009-10,HB 2458,2458,,,,,2010-03-15,0,0,HB 2458,"By resolution, reintroduced and retained in present status.",0,H Finance,0,0,2010-01-11,AN ACT Relating to business and occupation tax exemptions for new businesses;,0,Providing business and occupation tax exemptions for new small businesses.,House,5164,H-3846.1,0,0,0,0,New businesses B&O tax exemp,Bill,B,(Roach),0,0
1,0,2009-10,HB 2459,2459,,2009-10,SB 6242,SRules X,2010-03-15,0,0,HB 2459,"By resolution, reintroduced and retained in present status.",0,H Env Health,0,0,2010-01-11,AN ACT Relating to updating hazardous waste fee provisions;,0,Updating hazardous waste fee provisions.,House,619,Z-0988.1,0,1,0,0,Hazardous waste fees,Bill,B,(Campbell),1,0
1,0,2009-10,HB 2460,2460,,2009-10,SB 6228,SRules X,2010-03-18,1,1,HB 2460,Effective date 6/10/2010.,0,C 109 L 10,0,0,2010-01-11,AN ACT Relating to organic products;,0,Regarding organic products.,House,13577,Z-0853.4,0,1,0,0,Organic products,Bill,B,(Smith),1,0
1,0,2009-10,HB 2461,2461,,2009-10,SB 6229,C 17 L 10,2010-03-15,0,0,HB 2461,"By resolution, reintroduced and retained in present status.",0,H Rules 3C,0,0,2010-01-11,AN ACT Relating to the dairy inspection program;,0,Extending to 2015 the assessment levied under RCW 15.36.551 to support the dairy inspection program.,House,8317,Z-0840.2,0,1,0,0,Dairy inspection program,Bill,B,(Blake),1,0
1,0,2009-10,HB 2462,2462,,2009-10,SB 6227,C 16 L 10,2010-03-15,0,0,HB 2462,"By resolution, reintroduced and retained in present status.",0,H Rules 3C,0,0,2010-01-11,AN ACT Relating to permitting regularly enrolled students in a prescribed course of opticianry to practice under supervision without registering as an apprentice with the department of health;,0,Concerning the practice of opticianry.,House,10021,H-3599.2,0,0,0,0,Opticianry students,Bill,B,(Green),1,0
1,0,2009-10,HB 2463,2463,,2009-10,SB 6219,C 139 L 10,2010-03-15,0,0,HB 2463,"By resolution, reintroduced and retained in present status.",0,H Rules R,0,0,2010-01-11,AN ACT Relating to funding sources for time certificate of deposit investments;,0,Funding sources for time certificate of deposit investments.,House,12001,Z-0909.2,0,1,0,0,Certif of deposit investment,Bill,B,(Kelley),0,0
0,0,2009-10,HB 2464,2464,,2009-10,SB 6231,Ssubst for,2010-02-05,0,0,HB 2464,1st substitute bill substituted.,0,H subst for,0,0,2010-01-11,"AN ACT Relating to approaching certain emergency, roadside assistance, or police vehicles in emergency zones;",0,"Implementing rules and penalties for drivers when approaching certain emergency, roadside assistance, or police vehicles in emergency zones.",House,13546,Z-0757.2,0,1,0,0,Vehicles in emergency zones,Bill,B,(Liias),1,0
1,0,2009-10,ESHB 2464,2464,,,,,2010-03-30,1,1,ESHB 2464,Effective date 1/1/2011.,0,C 252 L 10,0,1,2010-01-14,"AN ACT Relating to approaching certain emergency, roadside assistance, or police vehicles in emergency zones;",1,"Implementing rules and penalties for drivers when approaching certain emergency, roadside assistance, or police vehicles in emergency zones.",House,13546,H-4403.1,0,1,0,0,Vehicles in emergency zones,Bill,B,(Liias),1,1
1,0,2009-10,HB 2465,2465,,2009-10,SB 6233,SJudiciary,2010-03-15,0,0,HB 2465,Effective date 6/10/2010.,0,C 53 L 10,0,0,2010-01-11,AN ACT Relating to breath test instruments approved by the state toxicologist;,0,Concerning breath test instruments approved by the state toxicologist.,House,3486,Z-0756.3,0,1,0,0,Breath test instruments,Bill,B,(Hurst),1,0
0,0,2009-10,HB 2466,2466,,2009-10,SB 6232,SJudiciary,2010-01-28,0,0,HB 2466,Committee recommendations adopted and the 1st substitute bill substituted.,0,H subst for,0,0,2010-01-11,AN ACT Relating to the regulation of ignition interlock devices;,0,Concerning the regulation of ignition interlock devices by the Washington state patrol.,House,11999,Z-0758.2,0,1,0,0,Ignition interlock devices,Bill,B,(Goodman),1,0
1,0,2009-10,SHB 2466,2466,,,,,2010-03-31,1,1,SHB 2466,Effective date 6/10/2010.,0,C 268 L 10,0,0,2010-01-21,AN ACT Relating to the regulation of ignition interlock devices;,0,Concerning the regulation of ignition interlock devices by the Washington state patrol.,House,11999,H-4632.1,0,1,0,0,Ignition interlock devices,Bill,B,(Goodman),0,1
1,0,2009-10,HB 2467,2467,,2009-10,SB 6243,C 205 L 10,2010-03-15,0,0,HB 2467,"By resolution, reintroduced and retained in present status.",0,H Rules R,0,0,2010-01-11,AN ACT Relating to eliminating provisions for filings at locations other than the public disclosure commission;,1,Eliminating provisions for filings at locations other than the public disclosure commission.,House,5155,Z-0856.1,0,0,0,1,Pub disclosure comm filings,Bill,B,(Hunt),1,0
1,0,2009-10,HB 2468,2468,,,,,2010-03-15,0,0,HB 2468,"By resolution, reintroduced and retained in present status.",0,H Ag & Nat Res,0,0,2010-01-11,AN ACT Relating to metering permit exempt wells;,1,Concerning the metering of permit exempt wells.,House,12003,H-3847.1,0,0,0,0,Permit exempt well metering,Bill,B,(Van De Wege),1,0
1,0,2009-10,HB 2469,2469,,,,,2010-03-15,0,0,HB 2469,"By resolution, reintroduced and retained in present status.",0,H Judiciary,0,0,2010-01-11,AN ACT Relating to access to tenants by political candidates or their agents or those advocating for or against ballot measures;,0,Concerning access to tenants by political candidates or their agents or those advocating for or against ballot measures.,House,1611,H-3721.1,0,0,0,0,Tenant access by candidates,Bill,B,(Williams),0,0
1,0,2009-10,HB 2470,2470,,2009-10,SB 6745,C 123 L 10,2010-03-15,0,0,HB 2470,"By resolution, reintroduced and retained in present status.",0,H Rules 3C,0,0,2010-01-11,AN ACT Relating to veterinary technician licenses;,0,Concerning veterinary technician licenses.,House,3475,H-3733.1,0,0,0,0,Veterinary technicians,Bill,B,(Haigh),0,0
0,0,2009-10,HB 2471,2471,,,,,2010-02-15,0,0,HB 2471,1st substitute bill substituted.,0,H subst for,0,0,2010-01-11,AN ACT Relating to net metering of electricity;,0,Concerning net metering of electricity.,House,8211,H-3887.1,0,0,0,0,Net metering of electricity,Bill,B,(McCoy),0,0
1,0,2009-10,SHB 2471,2471,,,,,2010-03-15,0,0,SHB 2471,"By resolution, reintroduced and retained in present status.",0,H Rules 3C,0,0,2010-01-28,AN ACT Relating to net metering of electricity;,1,Concerning net metering of electricity.,House,8211,H-4516.2,0,0,0,0,Net metering of electricity,Bill,B,(McCoy),1,1
1,0,2009-10,HB 2472,2472,,2009-10,SB 6234,SRules X,2010-03-15,0,0,HB 2472,"By resolution, reintroduced and retained in present status.",0,H Rules C,0,0,2010-01-11,AN ACT Relating to fishery license limitation programs;,0,Regarding the sea urchin and sea cucumber license limitation programs.,House,649,Z-0948.1,0,1,0,0,Sea urchins and cucumbers,Bill,B,(Quall),1,0
1,0,2009-10,HB 2473,2473,,,,,2010-03-15,0,0,HB 2473,"By resolution, reintroduced and retained in present status.",0,H Finance,0,0,2010-01-11,"AN ACT Relating to local retail sales and use tax for parks and recreation, trails, and open space allocation;",1,"Authorizing a local sales and use tax for parks and recreation, trails, and open space allocation.",House,972,H-3593.1,0,0,0,0,Park & open space allocation,Bill,B,(Conway),1,0
1,0,2009-10,HB 2474,2474,,,,,2010-03-15,0,0,HB 2474,"By resolution, reintroduced and retained in present status.",0,H Finance,0,0,2010-01-11,AN ACT Relating to a property tax exemption for property made available by nonprofit organizations for neighborhood activities and programs;,1,Concerning a property tax exemption for property made available by nonprofit organizations for neighborhood activities and programs.,House,14206,H-3607.3,0,0,0,0,Nonprofit orgs prop tax exem,Bill,B,(White),1,0
1,0,2009-10,HB 2475,2475,,,,,2010-03-15,0,0,HB 2475,"By resolution, reintroduced and retained in present status.",0,H Commerce/Lab,0,0,2010-01-11,AN ACT Relating to exempting members of certain nonprofit conservation corps programs from the prevailing wage provisions;,0,Exempting members of certain nonprofit conservation corps programs from the prevailing wage provisions.,House,14206,H-3909.1,0,0,0,0,Nonprofit conserv corps prog,Bill,B,(White),1,0
1,0,2009-10,HB 2476,2476,,2009-10,SB 6255,SNR/Ocean/Rec,2010-03-15,0,0,HB 2476,"By resolution, reintroduced and retained in present status.",0,H Ag & Nat Res,0,0,2010-01-11,"AN ACT Relating to sexually altered, pinioned mute swans;",0,Concerning mute swans.,House,12068,H-3776.1,0,0,0,0,Mute swans,Bill,B,(Seaquist),0,0
1,0,2009-10,HB 2477,2477,,,,,2010-03-15,0,0,HB 2477,"By resolution, reintroduced and retained in present status.",0,H Judiciary,0,0,2010-01-11,AN ACT Relating to liability for the criminal use of firearms sold at gun shows or events;,0,Imposing liability for the criminal use of firearms sold at gun shows or events.,House,1611,H-3903.1,0,0,0,0,Criminal firearm use,Bill,B,(Williams),0,0
1,0,2009-10,HB 2478,2478,,,,,2010-03-15,0,0,HB 2478,"By resolution, reintroduced and retained in present status.",0,H Judiciary,0,0,2010-01-11,AN ACT Relating to immunity from liability for certain health care providers;,0,Extending immunity from liability to certain health care providers.,House,12001,H-3781.1,0,0,0,0,Health care providers,Bill,B,(Kelley),0,0
1,0,2009-10,HB 2479,2479,,,,,2010-03-15,0,0,HB 2479,"By resolution, reintroduced and retained in present status.",0,H Hi Ed,0,0,2010-01-11,AN ACT Relating to exempting payment of fees at institutions of higher learning for children of certain law enforcement officers or firefighters;,0,Exempting payment of fees at institutions of higher learning for children of certain law enforcement officers or firefighters.,House,12001,H-3855.1,0,0,0,0,Higher learning fee exemp,Bill,B,(Kelley),1,0
0,0,2009-10,HB 2480,2480,,2009-10,SB 6237,SWays & Means,2010-02-15,0,0,HB 2480,2nd substitute bill substituted.,0,H subst for,0,0,2010-01-11,AN ACT Relating to implementing certain recommendations of the sustainable recreation work group;,0,Adopting policy recommendations developed by the sustainable recreation work group.,House,8317,Z-0985.1,0,1,0,0,Sustainable rec work group,Bill,B,(Blake),1,0
0,0,2009-10,SHB 2480,2480,,,,,2010-02-15,0,0,SHB 2480,2nd substitute bill substituted.,0,H subst for,0,0,2010-01-15,AN ACT Relating to implementing certain recommendations of the sustainable recreation work group;,0,Adopting policy recommendations developed by the sustainable recreation work group.,House,8317,H-4342.1,0,1,0,0,Sustainable rec work group,Bill,B,(Blake),1,1
1,0,2009-10,E2SHB 2480,2480,,,,,2010-03-15,0,1,E2SHB 2480,"By resolution, reintroduced and retained in present status.",0,H Rules 3C,0,1,2010-02-05,AN ACT Relating to implementing certain recommendations of the sustainable recreation work group;,0,Adopting policy recommendations developed by the sustainable recreation work group.,House,8317,H-5026.2,0,1,0,0,Sustainable rec work group,Bill,B,(Blake),1,2
0,0,2009-10,HB 2481,2481,,2009-10,SB 6236,SNR/Ocean/Rec,2010-02-13,0,0,HB 2481,2nd substitute bill substituted.,0,H subst for,0,0,2010-01-11,AN ACT Relating to the department of natural resources authority to enter into forest biomass supply agreements;,0,Authorizing the department of natural resources to enter into forest biomass supply agreements.,House,12003,Z-0981.2,0,1,0,0,DNR forest biomass agreemnts,Bill,B,(Van De Wege),1,0
0,0,2009-10,SHB 2481,2481,,,,,2010-02-13,0,0,SHB 2481,2nd substitute bill substituted.,0,H subst for,0,0,2010-01-20,AN ACT Relating to the department of natural resources authority to enter into forest biomass supply agreements;,0,Authorizing the department of natural resources to enter into forest biomass supply agreements.,House,12003,H-4529.1,0,1,0,0,DNR forest biomass agreemnts,Bill,B,(Van De Wege),1,1
1,0,2009-10,2SHB 2481,2481,,,,,2010-03-19,1,1,2SHB 2481,Effective date 6/10/2010*.,0,C 126 L 10,0,0,2010-02-04,AN ACT Relating to the department of natural resources authority to enter into forest biomass supply agreements;,0,Authorizing the department of natural resources to enter into forest biomass supply agreements.,House,12003,H-4921.1,0,1,0,0,DNR forest biomass agreemnts,Bill,B,(Van De Wege),1,2
1,0,2009-10,HB 2482,2482,,,,,2010-03-15,0,0,HB 2482,"By resolution, reintroduced and retained in present status.",0,H Rules C,0,0,2010-01-11,AN ACT Relating to recognizing legal unions from other states as state registered domestic partnerships;,0,Recognizing legal unions from other states as state registered domestic partnerships.,House,12002,H-3833.1,0,0,0,0,Legal unions/other states,Bill,B,(Pedersen),1,0
1,0,2009-10,HB 2483,2483,,2009-10,SB 6238,SRules X,2010-03-15,0,1,HB 2483,"By resolution, reintroduced and retained in present status.",0,H Rules 3C,0,0,2010-01-11,AN ACT Relating to overseas and service voters;,1,Concerning overseas and service voters.,House,3486,Z-0933.2,0,1,0,0,Overseas and service voters,Bill,B,(Hurst),1,0
1,0,2009-10,HB 2484,2484,,,,,2010-03-15,0,0,HB 2484,"By resolution, reintroduced and retained in present status.",0,H Rules X,0,0,2010-01-11,AN ACT Relating to the termination of month to month or other periodic tenancies governed by the residential landlord-tenant act;,0,Addressing the termination of month to month or other periodic tenancies governed by the residential landlord-tenant act.,House,10058,H-3793.3,0,0,0,0,Periodic residential tenancy,Bill,B,(Roberts),0,0
1,0,2009-10,SHB 2484,2484,,,,,2010-03-15,0,1,SHB 2484,"By resolution, reintroduced and retained in present status.",0,H Rules X,0,0,2010-01-21,AN ACT Relating to the termination of month to month or other periodic tenancies governed by the residential landlord-tenant act;,0,Addressing the termination of month to month or other periodic tenancies governed by the residential landlord-tenant act.,House,10058,H-4455.1,0,0,0,0,Periodic residential tenancy,Bill,B,(Roberts),0,1
1,0,2009-10,HB 2485,2485,,,,,2010-03-15,0,0,HB 2485,"By resolution, reintroduced and retained in present status.",0,H Cap Budget,0,0,2010-01-11,AN ACT Relating to purchase of land by the department of fish and wildlife;,0,Regarding the purchase of land by the department of fish and wildlife.,House,10041,H-3594.3,0,0,0,0,Dept of fish & wildlife/land,Bill,B,(Kretz),0,0
1,0,2009-10,SHB 2485,2485,,,,,2010-03-15,0,0,SHB 2485,"By resolution, reintroduced and retained in present status.",0,H Cap Budget,0,0,2010-01-28,AN ACT Relating to purchase of land by the department of fish and wildlife;,0,Regarding the purchase of land by the department of fish and wildlife.,House,10041,H-4789.1,0,0,0,0,Dept of fish & wildlife/land,Bill,B,(Kretz),1,1
0,0,2009-10,HB 2486,2486,,2009-10,SB 6230,SJudiciary,2010-02-11,0,0,HB 2486,Committee recommendations adopted and the 1st substitute bill substituted.,0,H subst for,0,0,2010-01-11,AN ACT Relating to costs for the collection of DNA samples;,1,Concerning costs for the collection of DNA samples.,House,11999,H-3590.1,0,0,0,0,DNA sample collection costs,Bill,B,(Goodman),1,0
1,0,2009-10,SHB 2486,2486,,,,,2010-03-15,0,0,SHB 2486,"By resolution, reintroduced and retained in present status.",0,H Rules 3C,0,0,2010-01-13,AN ACT Relating to costs for the collection of DNA samples;,1,Concerning costs for the collection of DNA samples.,House,11999,H-4314.1,0,0,0,0,DNA sample collection costs,Bill,B,(Goodman),1,1
0,0,2009-10,HB 2487,2487,,2009-10,SB 6514,SJudiciary,2010-02-13,0,0,HB 2487,1st substitute bill substituted.,0,H subst for,0,0,2010-01-11,AN ACT Relating to increasing costs for administering a deferred prosecution;,0,Increasing costs for administering a deferred prosecution.,House,11999,H-3592.1,0,0,0,0,Deferred prosecution costs,Bill,B,(Goodman),1,0
1,0,2009-10,SHB 2487,2487,,,,,2010-03-15,0,0,SHB 2487,Effective date 6/10/2010.,0,C 54 L 10,0,0,2010-01-22,AN ACT Relating to increasing costs for administering a deferred prosecution;,0,Increasing costs for administering a deferred prosecution.,House,11999,H-4676.1,0,0,0,0,Deferred prosecution costs,Bill,B,(Goodman),0,1
0,0,2009-10,HB 2488,2488,,,,,2010-03-04,0,0,HB 2488,1st substitute bill substituted.,0,H subst for,0,0,2010-01-11,AN ACT Relating to vehicle and vessel quick title;,1,Concerning vehicle and vessel quick title.,House,8212,H-3823.2,0,0,0,0,Vehicle & vessel quick title,Bill,B,(Moeller),1,0
1,0,2009-10,SHB 2488,2488,,,,,2010-03-15,0,0,SHB 2488,"By resolution, reintroduced and retained in present status.",0,H Rules 3C,0,0,2010-01-19,AN ACT Relating to vehicle and vessel quick title;,1,Concerning vehicle and vessel quick title.,House,8212,H-4539.1,0,0,0,0,Vehicle & vessel quick title,Bill,B,(Moeller),1,1
1,0,2009-10,HB 2489,2489,,,,,2010-03-15,0,0,HB 2489,"By resolution, reintroduced and retained in present status.",0,H Judiciary,0,0,2010-01-11,AN ACT Relating to eliminating the mandatory retirement age for judges;,0,Removing the mandatory retirement age for judges.,House,8212,H-3864.1,0,0,0,0,Retirement age for judges,Bill,B,(Moeller),0,0
1,0,2009-10,HB 2490,2490,,,,,2010-03-17,0,0,HB 2490,Effective date 6/10/2010.,0,C 94 L 10,0,0,2010-01-11,AN ACT Relating to persons with intellectual disabilities;,0,Concerning persons with intellectual disabilities.,House,14208,Z-0775.2,0,0,0,1,Intellectual disabilities,Bill,B,(Angel),1,0
1,0,2009-10,HB 2491,2491,,,,,2010-03-15,0,0,HB 2491,"By resolution, reintroduced and retained in present status.",0,H Ag & Nat Res,0,0,2010-01-11,AN ACT Relating to coordinated state land management by agencies responsible for managing natural resources;,1,Requiring certain state agencies that manage natural resources to coordinate their land management with local governments.,House,15006,H-3554.1,0,0,0,0,Land mgmt by state agencies,Bill,B,(Taylor),1,0
1,0,2009-10,HB 2492,2492,,2009-10,SB 6453,C 50 L 10,2010-03-15,0,0,HB 2492,"By resolution, reintroduced and retained in present status.",0,H Rules 3C,0,0,2010-01-11,"AN ACT Relating to shared leave for members of the law enforcement officers' and firefighters' retirement system, plan 2;",0,"Addressing shared leave for members of the law enforcement officers' and firefighters' retirement system, plan 2.",House,5157,Z-1023.1,0,0,0,1,LEOFF plan 2 shared leave,Bill,B,(Simpson),1,0
0,0,2009-10,HB 2493,2493,,,,,2010-03-19,0,0,HB 2493,1st substitute bill substituted.,0,H subst for,0,0,2010-01-11,AN ACT Relating to the taxation of cigarettes and other tobacco products;,0,Concerning the taxation of cigarettes and other tobacco products.,House,1543,H-3746.2,0,0,0,0,Cigarette & tobacco taxation,Bill,B,(Cody),1,0
1,0,2009-10,ESHB 2493,2493,,,,,2010-04-23,1,1,ESHB 2493,Effective date 5/1/2010.,0,C 22 L 10 E1,0,1,2010-03-10,AN ACT Relating to the taxation of cigarettes and other tobacco products;,0,Concerning the taxation of cigarettes and other tobacco products.,House,1543,H-5668.3,0,0,0,0,Cigarette & tobacco taxation,Bill,B,(Cody),1,1
1,0,2009-10,HB 2494,2494,,,,,2010-03-15,0,0,HB 2494,"By resolution, reintroduced and retained in present status.",0,H Rules R,0,0,2010-01-11,AN ACT Relating to the purchase or construction of public facilities in one hundred year floodplains;,1,Concerning the purchase or construction of public facilities in one hundred year floodplains.,House,14206,H-3736.2,0,0,0,0,Facilities/100-yr floodplain,Bill,B,(White),1,0
1,0,2009-10,SHB 2494,2494,,,,,2010-03-15,0,0,SHB 2494,"By resolution, reintroduced and retained in present status.",0,H Rules R,0,0,2010-01-25,AN ACT Relating to the purchase or construction of public facilities in one hundred year floodplains;,0,Concerning the purchase or construction of public facilities in one hundred year floodplains.,House,14206,H-4729.1,0,0,0,0,Facilities/100-yr floodplain,Bill,B,(White),0,1
1,0,2009-10,HB 2495,2495,,,,,2010-03-15,0,0,HB 2495,"By resolution, reintroduced and retained in present status.",0,H Rules 3C,0,0,2010-01-11,AN ACT Relating to ballot tabulation;,0,Modifying provisions relating to the tabulation of ballots.,House,14206,H-3643.1,0,0,0,0,Ballot tabulation,Bill,B,(White),0,0
0,0,2009-10,HB 2496,2496,,,,,2010-02-15,0,0,HB 2496,1st substitute bill substituted.,0,H subst for,0,0,2010-01-11,AN ACT Relating to ballot design;,0,Modifying ballot design provisions.,House,14206,H-3644.2,0,0,0,0,Ballot design,Bill,B,(White),0,0
1,0,2009-10,ESHB 2496,2496,,,,,2010-03-12,0,1,ESHB 2496,Effective date 6/10/2010.,0,C 32 L 10,0,1,2010-01-15,AN ACT Relating to ballot design;,0,Modifying ballot design provisions.,House,14206,H-4448.1,0,0,0,0,Ballot design,Bill,B,(White),0,1
0,0,2009-10,HB 2497,2497,,,,,2010-02-10,0,0,HB 2497,1st substitute bill substituted.,0,H subst for,0,0,2010-01-11,AN ACT Relating to victimization of homeless persons;,1,Concerning the victimization of homeless persons.,House,14206,H-3829.1,0,0,0,0,Victimizing homeless persons,Bill,B,(White),1,0
1,0,2009-10,SHB 2497,2497,,,,,2010-03-15,0,0,SHB 2497,"By resolution, reintroduced and retained in present status.",0,H Rules 3C,0,0,2010-01-22,AN ACT Relating to victimization of homeless persons;,1,Concerning the victimization of homeless persons.,House,14206,H-4343.1,0,0,0,0,Victimizing homeless persons,Bill,B,(White),1,1
1,0,2009-10,HB 2498,2498,,,,,2010-03-15,0,0,HB 2498,"By resolution, reintroduced and retained in present status.",0,H Rules R,0,0,2010-01-11,AN ACT Relating to funding the care of residents of residential habilitation centers;,0,Funding the care of residents of residential habilitation centers.,House,14205,Z-0804.2,0,1,0,0,Residential habilitation ctr,Bill,B,(Orwall),1,0
0,0,2009-10,HB 2499,2499,,,,,2010-02-11,0,0,HB 2499,1st substitute bill substituted.,0,H subst for,0,0,2010-01-11,AN ACT Relating to the regulation of black powder;,0,Changing regulations concerning black powder.,House,8238,H-3967.1,0,0,0,0,Black powder,Bill,B,(Bailey),1,0
1,0,2009-10,ESHB 2499,2499,,,,,2010-03-15,0,1,ESHB 2499,"By resolution, reintroduced and retained in present status.",0,H Rules 3C,0,1,2010-02-02,AN ACT Relating to the regulation of black powder;,0,Changing regulations concerning black powder.,House,8238,H-4956.2,0,0,0,0,Black powder,Bill,B,(Bailey),1,1
1,0,2009-10,HB 2500,2500,,,,,2010-03-15,0,0,HB 2500,"By resolution, reintroduced and retained in present status.",0,H Ecology & Park,0,0,2010-01-11,AN ACT Relating to creating a cause of action for persons who are adversely affected by the judicial review of a decision made under the state environmental policy act;,0,Creating a cause of action for persons who are adversely affected by the judicial review of a decision made under the state environmental policy act.,House,15006,H-3759.1,0,0,0,0,Decisions under SEPA/review,Bill,B,(Taylor),0,0
1,0,2009-10,HB 2501,2501,,,,,2010-03-15,0,0,HB 2501,"By resolution, reintroduced and retained in present status.",0,H Ag & Nat Res,0,0,2010-01-11,AN ACT Relating to payments in lieu of taxes for lands managed by the department of fish and wildlife;,1,Regarding payments in lieu of taxes for lands managed by the department of fish and wildlife.,House,15006,H-3602.3,0,0,0,0,Fish & wildlife lands/taxes,Bill,B,(Taylor),1,0
1,0,2009-10,HB 2502,2502,,,,,2010-03-15,0,0,HB 2502,"By resolution, reintroduced and retained in present status.",0,H SGTribalAff,0,0,2010-01-11,AN ACT Relating to adoption of rules;,0,Making changes to rule adoption requirements.,House,15006,H-3842.1,0,0,0,0,Rule adoption requirements,Bill,B,(Taylor),0,0
0,0,2009-10,HB 2503,2503,,,,,2010-02-13,0,0,HB 2503,1st substitute bill substituted.,0,H subst for,0,0,2010-01-11,AN ACT Relating to modernizing the criteria for membership on the board of natural resources without altering the number of members;,0,Regarding membership on the board of natural resources.,House,8317,H-3660.2,0,0,0,0,Natural resources board,Bill,B,(Blake),0,0
1,0,2009-10,SHB 2503,2503,,,,,2010-03-24,1,1,SHB 2503,Effective date 6/10/2010.,0,C 189 L 10,0,0,2010-01-21,AN ACT Relating to modernizing the criteria for membership on the board of natural resources without altering the number of members;,0,Regarding membership on the board of natural resources.,House,8317,H-4622.1,0,0,0,0,Natural resources board,Bill,B,(Blake),0,1
0,0,2009-10,HB 2504,2504,,,,,2010-02-13,0,0,HB 2504,1st substitute bill substituted.,0,H subst for,0,0,2010-01-11,AN ACT Relating to minimum renewable fuel content requirements;,1,Concerning minimum renewable fuel content requirements.,House,11997,H-3789.1,0,0,0,0,Renewable fuel content,Bill,B,(Eddy),1,0
1,0,2009-10,ESHB 2504,2504,,,,,2010-03-15,0,1,ESHB 2504,"By resolution, reintroduced and retained in present status.",0,H Rules 3C,0,1,2010-01-28,AN ACT Relating to minimum renewable fuel content requirements;,1,Concerning minimum renewable fuel content requirements.,House,11997,H-4509.7,0,0,0,0,Renewable fuel content,Bill,B,(Eddy),1,1
1,0,2009-10,HB 2505,2505,,,,,2010-03-15,0,0,HB 2505,"By resolution, reintroduced and retained in present status.",0,H Ag & Nat Res,0,0,2010-01-11,AN ACT Relating to the regulation of nonindustrial forests;,0,Concerning the regulation of nonindustrial forests.,House,8317,H-3876.3,0,0,0,0,Nonindustrial forests,Bill,B,(Blake),1,0
1,0,2009-10,HB 2506,2506,,,,,2010-03-15,0,0,HB 2506,"By resolution, reintroduced and retained in present status.",0,H Rules R,0,0,2010-01-11,AN ACT Relating to technical corrections to the Revised Code of Washington;,0,Making technical corrections to the Revised Code of Washington.,House,11999,Z-0979.1,0,0,0,1,RCW technical corrections,Bill,B,(Goodman),0,0
1,0,2009-10,SHB 2506,2506,,,,,2010-03-15,0,0,SHB 2506,"By resolution, reintroduced and retained in present status.",0,H Rules R,0,0,2010-01-14,AN ACT Relating to technical corrections to the Revised Code of Washington;,0,Making technical corrections to the Revised Code of Washington.,House,11999,H-4339.1,0,0,0,1,RCW technical corrections,Bill,B,(Goodman),0,1
1,0,2009-10,HB 2507,2507,,2009-10,SB 6246,SJudiciary,2010-03-15,0,0,HB 2507,"By resolution, reintroduced and retained in present status.",0,H Rules R,0,0,2010-01-11,AN ACT Relating to limitations on asbestos-related liabilities relating to certain mergers or consolidations occurring before 1972;,0,Creating provisions relating to asbestos-related liabilities.,House,643,H-2946.1,0,0,0,0,Asbestos-related liabilities,Bill,B,(Kessler),1,0
1,0,2009-10,HB 2508,2508,,2009-10,SB 6267,Ssubst for,2010-03-15,0,0,HB 2508,"By resolution, reintroduced and retained in present status.",0,H Rules R,0,0,2010-01-11,AN ACT Relating to water right processing improvements;,1,Regarding water right processing improvements.,House,8317,Z-1049.1,0,1,0,0,Water right processing,Bill,B,(Blake),1,0
1,0,2009-10,SHB 2508,2508,,,,,2010-03-15,0,0,SHB 2508,"By resolution, reintroduced and retained in present status.",0,H Rules R,0,0,2010-02-02,AN ACT Relating to water right processing improvements;,1,Regarding water right processing improvements.,House,8317,H-4797.2,0,1,0,0,Water right processing,Bill,B,(Blake),1,1
1,0,2009-10,HB 2509,2509,,,,,2010-03-15,0,0,HB 2509,"By resolution, reintroduced and retained in present status.",0,H Gen Gov Apps,0,0,2010-01-11,AN ACT Relating to providing discretion to the department of natural resources to use firefighting funding to ensure that firefighting equipment does not serve as an agent for spreading noxious weeds;,0,Authorizing the department of natural resources to use certain funds to ensure that firefighting equipment does not spread noxious weeds.,House,11952,H-3853.2,0,0,0,0,DNR/firefighting funds use,Bill,B,(Short),1,0
1,0,2009-10,SHB 2509,2509,,,,,2010-03-15,0,0,SHB 2509,"By resolution, reintroduced and retained in present status.",0,H Gen Gov Apps,0,0,2010-01-28,AN ACT Relating to providing discretion to the department of natural resources to use firefighting funding to ensure that firefighting equipment does not serve as an agent for spreading noxious weeds;,0,Authorizing the department of natural resources to use certain funds to ensure that firefighting equipment does not spread noxious weeds.,House,11952,H-4624.2,0,0,0,0,DNR/firefighting funds use,Bill,B,(Short),1,1
1,0,2009-10,HB 2510,2510,,2009-10,SB 6300,SRules X,2010-03-17,0,0,HB 2510,Effective date 6/10/2010.,0,C 95 L 10,0,0,2010-01-11,"AN ACT Relating to authorizing public hospital districts to execute commonly accepted security instruments, as required to participate in federal programs that reduce the costs of financing the construction, rehabilitation, replacing, and equipping of hospitals or other health care facilities;",0,Authorizing public hospital districts to execute security instruments.,House,12001,H-3612.1,0,0,0,0,Public hospital districts,Bill,B,(Kelley),0,0
1,0,2009-10,HB 2511,2511,,,,,2010-03-15,0,0,HB 2511,"By resolution, reintroduced and retained in present status.",0,H Rules 3C,0,0,2010-01-11,AN ACT Relating to motorcycle profiling;,0,Addressing motorcycle profiling.,House,5154,H-3795.1,0,0,0,0,Motorcycle profiling,Bill,B,(Kirby),1,0
0,0,2009-10,HB 2512,2512,,2009-10,SB 6251,Ssubst for,2010-01-28,0,0,HB 2512,Committee recommendations adopted and the 1st substitute bill substituted.,0,H subst for,0,0,2010-01-11,AN ACT Relating to nonresident surplus line brokers and insurance producers;,0,Concerning nonresident surplus line brokers and insurance producers.,House,8238,Z-0925.3,0,0,0,1,Surplus line brokers,Bill,B,(Bailey),1,0
1,0,2009-10,SHB 2512,2512,,,,,2010-03-15,0,0,SHB 2512,"By resolution, reintroduced and retained in present status.",0,H Rules 3C,0,0,2010-01-21,AN ACT Relating to nonresident surplus line brokers and insurance producers;,0,Concerning nonresident surplus line brokers and insurance producers.,House,8238,H-4457.2,0,0,0,1,Surplus line brokers,Bill,B,(Bailey),1,1
1,0,2009-10,HB 2513,2513,,2009-10,SB 6252,SRules X,2010-03-15,0,0,HB 2513,"By resolution, reintroduced and retained in present status.",0,H Fin Inst & Ins,0,0,2010-01-11,"AN ACT Relating to using credit history, education, and income for insurance purposes;",0,"Using credit history, education, and income for insurance purposes.",House,13161,Z-0842.3,0,0,0,1,Insurance/credit history,Bill,B,(Nelson),1,0
0,0,2009-10,HB 2514,2514,,,,,2010-02-10,0,0,HB 2514,1st substitute bill substituted.,0,H subst for,0,0,2010-01-11,AN ACT Relating to crop adjusters;,0,Regulating crop adjusters.,House,8238,Z-0859.5,0,0,0,1,Crop adjusters,Bill,B,(Bailey),1,0
1,0,2009-10,SHB 2514,2514,,,,,2010-03-15,0,0,SHB 2514,"By resolution, reintroduced and retained in present status.",0,H Rules 3C,0,0,2010-01-26,AN ACT Relating to crop adjusters;,0,Regulating crop adjusters.,House,8238,H-4730.2,0,0,0,1,Crop adjusters,Bill,B,(Bailey),1,1
0,0,2009-10,HB 2515,2515,,,,,2010-02-10,0,0,HB 2515,1st substitute bill substituted.,0,H subst for,0,0,2010-01-11,AN ACT Relating to biodiesel fuel labeling requirements;,0,Regarding biodiesel fuel labeling requirements.,House,2144,H-3947.1,0,0,0,0,Biodiesel fuel labeling,Bill,B,(Morris),1,0
1,0,2009-10,SHB 2515,2515,,,,,2010-03-17,0,0,SHB 2515,Effective date 6/10/2010.,0,C 96 L 10,0,0,2010-01-21,AN ACT Relating to biodiesel fuel labeling requirements;,0,Regarding biodiesel fuel labeling requirements.,House,2144,H-4639.1,0,0,0,0,Biodiesel fuel labeling,Bill,B,(Morris),1,1
0,0,2009-10,HB 2516,2516,,,,,2010-02-10,0,0,HB 2516,1st substitute bill substituted.,0,H subst for,0,0,2010-01-11,AN ACT Relating to small facility siting;,0,Regarding the siting of small alternative energy facilities.,House,2144,H-3948.2,0,0,0,0,Alt energy facility siting,Bill,B,(Morris),1,0
1,0,2009-10,SHB 2516,2516,,,,,2010-03-15,0,0,SHB 2516,"By resolution, reintroduced and retained in present status.",0,H Rules 3C,0,0,2010-01-28,AN ACT Relating to small facility siting;,0,Regarding the siting of small alternative energy facilities.,House,2144,H-4419.2,0,0,0,0,Alt energy facility siting,Bill,B,(Morris),0,1
0,0,2009-10,HB 2517,2517,,2009-10,SB 6327,SRules X,2010-02-11,0,0,HB 2517,1st substitute bill substituted.,0,H subst for,0,0,2010-01-11,"AN ACT Relating to the exemption of housing authorities from laws governing the construction, alteration, repair, or improvement of property by other public bodies;",0,"Exempting housing authorities from laws governing the construction, alteration, repair, or improvement of property by other public bodies.",House,14209,H-3873.1,0,0,0,0,Housing authorities,Bill,B,(Dammeier),0,0
1,0,2009-10,SHB 2517,2517,,,,,2010-03-15,0,0,SHB 2517,"By resolution, reintroduced and retained in present status.",0,H Rules 3C,0,0,2010-02-01,"AN ACT Relating to the exemption of housing authorities from laws governing the construction, alteration, repair, or improvement of property by other public bodies;",0,Exempting housing authorities from certain state requirements when certain federal law requirements are applicable.,House,14209,H-4973.1,0,0,0,0,Housing authorities,Bill,B,(Dammeier),0,1
0,0,2009-10,HB 2518,2518,,,,,2010-02-10,0,1,HB 2518,1st substitute bill substituted.,0,H subst for,0,0,2010-01-11,AN ACT Relating to oath requirements for interpreters;,0,Modifying oath requirements for interpreters.,House,11999,Z-0954.2,0,0,0,1,Interpreter oath requiremnts,Bill,B,(Goodman),0,0
1,0,2009-10,ESHB 2518,2518,,,,,2010-03-24,0,1,ESHB 2518,Effective date 6/10/2010.,0,C 190 L 10,0,1,2010-01-21,AN ACT Relating to oath requirements for interpreters;,0,Modifying oath requirements for interpreters.,House,11999,H-4635.1,0,0,0,1,Interpreter oath requiremnts,Bill,B,(Goodman),1,1
1,0,2009-10,EHB 2519,2519,,2009-10,SB 6407,SWays & Means,2010-03-31,1,1,EHB 2519,Effective date 6/10/2010.,0,C 261 L 10,0,1,2010-01-11,AN ACT Relating to duty-related death benefits for public safety employees;,0,Addressing duty-related death benefits for public safety employees.,House,10021,Z-1024.2,0,0,0,1,Pub safety employee benefits,Bill,B,(Green),1,0
1,0,2009-10,HB 2520,2520,,2009-10,SB 6415,SJudiciary,2010-03-15,0,0,HB 2520,"By resolution, reintroduced and retained in present status.",0,H Judiciary,0,0,2010-01-11,AN ACT Relating to increasing the number of superior court judges in Yakima county;,0,Increasing the number of superior court judges in Yakima county.,House,12082,Z-0984.1,0,0,0,1,Yakima Co. sup. court judges,Bill,B,(Ross),0,0
1,0,2009-10,HB 2521,2521,,2009-10,SB 6269,SRules 3,2010-03-18,0,0,HB 2521,Effective date 6/10/2010.,0,C 110 L 10,0,0,2010-01-11,AN ACT Relating to conversion rights upon termination of eligibility for health plan coverage;,0,Addressing conversion rights upon termination of eligibility for health plan coverage.,House,14256,Z-0826.3,0,0,0,1,Health plan conversion right,Bill,B,(Driscoll),1,0
1,0,2009-10,HB 2522,2522,,2009-10,SB 6270,SHea/L-T Care,2010-03-15,0,0,HB 2522,"By resolution, reintroduced and retained in present status.",0,H HC/Wellness,0,0,2010-01-11,AN ACT Relating to emergency health care services;,0,Concerning emergency health care services.,House,14256,Z-0845.2,0,0,0,1,Emergency health care,Bill,B,(Driscoll),1,0
1,0,2009-10,HB 2523,2523,,2009-10,SB 6608,SJudiciary,2010-03-15,0,0,HB 2523,"By resolution, reintroduced and retained in present status.",0,H Judiciary,0,0,2010-01-11,AN ACT Relating to garnishment;,1,Concerning garnishment.,House,2149,H-3683.2,0,0,0,0,Garnishment,Bill,B,(O'Brien),1,0
0,0,2009-10,HB 2524,2524,,2009-10,SB 6245,SRules X,2010-02-10,0,0,HB 2524,1st substitute bill substituted.,0,H subst for,0,0,2010-01-11,AN ACT Relating to prohibited practices of collection agencies;,0,Concerning prohibited practices of collection agencies.,House,2149,H-3682.2,0,0,0,0,Collection agencies,Bill,B,(O'Brien),0,0
1,0,2009-10,SHB 2524,2524,,,,,2010-03-15,0,1,SHB 2524,"By resolution, reintroduced and retained in present status.",0,H Rules 3C,0,0,2010-02-02,AN ACT Relating to prohibited practices of collection agencies;,0,Concerning prohibited practices of collection agencies.,House,2149,H-4919.1,0,0,0,0,Collection agencies,Bill,B,(O'Brien),0,1
0,0,2009-10,HB 2525,2525,,2009-10,SB 6262,SGovtOp & Elect,2010-02-12,0,0,HB 2525,1st substitute bill substituted.,0,H subst for,0,0,2010-01-11,AN ACT Relating to public facilities districts created by at least two city or county legislative authorities;,1,Concerning public facilities districts created by at least two city or county legislative authorities.,House,15097,H-3769.1,0,0,0,0,Public facilities districts,Bill,B,(Nealey),0,0
1,0,2009-10,SHB 2525,2525,,,,,2010-03-24,1,1,SHB 2525,Effective date 6/10/2010.,0,C 192 L 10,0,0,2010-01-28,AN ACT Relating to public facilities districts created by at least two city or county legislative authorities;,1,Concerning public facilities districts created by at least two city or county legislative authorities. (REVISED FOR PASSED LEGISLATURE: Concerning public facilities districts. ),House,15097,H-4843.1,0,0,0,0,Public facilities districts,Bill,B,(Nealey),0,1
1,0,2009-10,HB 2526,2526,,2009-10,SB 6254,SLab/Comm/CP,2010-03-15,0,0,HB 2526,"By resolution, reintroduced and retained in present status.",0,H Finance,0,0,2010-01-11,AN ACT Relating to the tax payment and reporting requirements of small wineries;,0,Concerning the tax payment and reporting requirements of small wineries.,House,2149,H-3727.1,0,0,0,0,Small wineries/taxes,Bill,B,(O'Brien),0,0
0,0,2009-10,HB 2527,2527,,2009-10,SB 6471,SRules X,2010-02-15,0,0,HB 2527,1st substitute bill substituted.,0,H subst for,0,0,2010-01-11,AN ACT Relating to the energy facility site evaluation council;,0,Regarding the energy facility site evaluation council.,House,2144,H-3917.1,0,0,0,0,Energy facil site eval counc,Bill,B,(Morris),1,0
1,0,2009-10,SHB 2527,2527,,,,,2010-03-22,1,1,SHB 2527,Effective date 6/10/2010.,0,C 152 L 10,0,0,2010-01-28,AN ACT Relating to the energy facility site evaluation council;,0,Regarding the energy facility site evaluation council.,House,2144,H-4790.1,0,0,0,0,Energy facil site eval counc,Bill,B,(Morris),1,1
1,0,2009-10,HB 2528,2528,,2009-10,SB 6217,Ssubst for,2010-03-15,0,1,HB 2528,"By resolution, reintroduced and retained in present status.",0,H Rules 3C,0,0,2010-01-11,AN ACT Relating to retroactively applying certain intermediate license law amendments made during the 2009 legislative session;,0,Retroactively applying certain intermediate license law amendments made during the 2009 legislative session.,House,10031,H-3819.1,0,0,0,0,Intermediate license law,Bill,B,(Appleton),1,0
1,0,2009-10,HB 2529,2529,,,,,2010-03-15,0,0,HB 2529,"By resolution, reintroduced and retained in present status.",0,H Env Health,0,0,2010-01-11,AN ACT Relating to contractor notification of potential property contamination;,0,Requiring construction contractors working on a property to notify the property owner and law enforcement of evidence of potential contamination.,House,10031,H-3900.1,0,0,0,0,Contractors/contamination,Bill,B,(Appleton),0,0
1,0,2009-10,HB 2530,2530,,,,,2010-03-15,0,0,HB 2530,"By resolution, reintroduced and retained in present status.",0,H SGTribalAff,0,0,2010-01-11,AN ACT Relating to a time limit for accepting or soliciting campaign contributions;,0,Concerning a time limit for accepting or soliciting campaign contributions.,House,14206,H-3926.1,0,0,0,0,Campaign contributions,Bill,B,(White),0,0
1,0,2009-10,HB 2531,2531,,,,,2010-03-15,0,1,HB 2531,"By resolution, reintroduced and retained in present status.",0,H Rules R,0,0,2010-01-11,AN ACT Relating to filling vacancies in county offices;,0,Concerning vacancies in county offices.,House,14206,H-3905.2,0,0,0,0,Vacancies in county offices,Bill,B,(White),0,0
1,0,2009-10,SHB 2531,2531,,,,,2010-03-15,0,1,SHB 2531,"By resolution, reintroduced and retained in present status.",0,H Rules R,0,0,2010-01-18,AN ACT Relating to filling vacancies in county offices;,0,Concerning vacancies in county offices.,House,14206,H-4515.1,0,0,0,0,Vacancies in county offices,Bill,B,(White),0,1
1,0,2009-10,HB 2532,2532,,,,,2010-03-15,0,0,HB 2532,"By resolution, reintroduced and retained in present status.",0,H Ag & Nat Res,0,0,2010-01-11,AN ACT Relating to a pilot program in Clallam county for cluster developments;,1,Regarding a pilot program for the withdrawal of water in a cluster development.,House,12003,H-3962.1,0,0,0,0,Cluster development pilot,Bill,B,(Van De Wege),1,0
0,0,2009-10,HB 2533,2533,,,,,2010-02-10,0,0,HB 2533,1st substitute bill substituted.,0,H subst for,0,0,2010-01-11,AN ACT Relating to adopting the interstate compact on mental health;,1,Adopting the interstate compact on mental health.,House,5163,H-4001.1,0,0,0,0,Mental health compact,Bill,B,(Pearson),1,0
1,0,2009-10,SHB 2533,2533,,,,,2010-03-25,1,1,SHB 2533,Effective date 6/10/2010.,0,C 208 L 10,0,0,2010-01-28,AN ACT Relating to the detention and interstate transfer of persons found not guilty by reason of insanity;,0,Concerning the interstate compact on mental health. (REVISED FOR PASSED LEGISLATURE: Concerning detention and interstate transfer of persons found not guilty by reason of insanity. ),House,5163,H-4812.2,0,0,0,0,Persons not guilty/insanity,Bill,B,(Pearson),0,1
0,0,2009-10,HB 2534,2534,,,,,2010-02-11,0,0,HB 2534,Committee recommendations adopted and the 1st substitute bill substituted.,0,H subst for,0,0,2010-01-11,AN ACT Relating to establishing a program to verify the address of registered sex offenders and kidnapping offenders;,1,Establishing a program to verify the address of registered sex offenders and kidnapping offenders.,House,3486,H-3807.3,0,0,0,0,Verifying offender addresses,Bill,B,(Hurst),1,0
1,0,2009-10,SHB 2534,2534,,,,,2010-03-31,1,1,SHB 2534,Effective date 6/10/2010.,0,C 265 L 10,0,0,2010-01-13,AN ACT Relating to establishing a program to verify the address of registered sex offenders and kidnapping offenders;,0,Establishing a program to verify the address of registered sex offenders and kidnapping offenders.,House,3486,H-4310.2,0,0,0,0,Verifying offender addresses,Bill,B,(Hurst),0,1
1,0,2009-10,HB 2535,2535,,,,,2010-03-15,0,0,HB 2535,"By resolution, reintroduced and retained in present status.",0,H Human Ser,0,0,2010-01-11,AN ACT Relating to juvenile firearms and weapons crimes;,0,Concerning juvenile firearms and weapons crimes.,House,3486,H-3524.4,0,0,0,0,Juvenile firearms crimes,Bill,B,(Hurst),0,0
1,0,2009-10,HB 2536,2536,,,,,2010-03-15,0,0,HB 2536,"By resolution, reintroduced and retained in present status.",0,H Tech/En/Com,0,0,2010-01-11,AN ACT Relating to creating a standard offer contract for certain renewable energy systems;,1,Concerning a standard offer contract for certain renewable energy systems.,House,8211,H-3986.1,0,0,0,0,Renewable energy systems,Bill,B,(McCoy),1,0
1,0,2009-10,HB 2537,2537,,,,,2010-03-15,0,0,HB 2537,"By resolution, reintroduced and retained in present status.",0,H Finance,0,0,2010-01-11,AN ACT Relating to incentives for solar energy;,0,Concerning incentives for solar energy systems.,House,8211,H-3954.2,0,0,0,0,Solar energy incentives,Bill,B,(McCoy),1,0
1,0,2009-10,SHB 2537,2537,,,,,2010-03-15,0,0,SHB 2537,"By resolution, reintroduced and retained in present status.",0,H Finance,0,0,2010-01-18,AN ACT Relating to incentives for solar energy;,0,Concerning incentives for solar energy systems.,House,8211,H-4405.1,0,0,0,0,Solar energy incentives,Bill,B,(McCoy),1,1
0,0,2009-10,HB 2538,2538,,,,,2010-02-13,0,0,HB 2538,1st substitute bill substituted.,0,H subst for,0,0,2010-01-11,AN ACT Relating to high-density urban development;,1,Regarding high-density urban development.,House,1712,H-3737.2,0,0,0,0,High-density urban develpmnt,Bill,B,(Upthegrove),1,0
1,0,2009-10,ESHB 2538,2538,,,,,2010-03-22,1,1,ESHB 2538,Effective date 6/10/2010.,0,C 153 L 10,0,1,2010-01-19,AN ACT Relating to high-density urban development;,1,Regarding high-density urban development.,House,1712,H-4246.2,0,0,0,0,High-density urban develpmnt,Bill,B,(Upthegrove),1,1
0,0,2009-10,HB 2539,2539,,,,,2010-02-15,0,0,HB 2539,2nd substitute bill substituted.,0,H subst for,0,0,2010-01-11,AN ACT Relating to optimizing the collection of source separated materials within the current regulatory structure;,1,Optimizing the collection of source separated materials.,House,1712,H-3992.1,0,0,0,0,Source separated materials,Bill,B,(Upthegrove),1,0
0,0,2009-10,SHB 2539,2539,,,,,2010-02-15,0,0,SHB 2539,2nd substitute bill substituted.,0,H subst for,0,0,2010-01-29,AN ACT Relating to optimizing the collection of source separated materials within the current regulatory structure;,1,Optimizing the collection of source separated materials.,House,1712,H-4585.5,0,0,0,0,Source separated materials,Bill,B,(Upthegrove),1,1
1,0,2009-10,E2SHB 2539,2539,,,,,2010-03-22,0,1,E2SHB 2539,Effective date 6/10/2010.,0,C 154 L 10,0,1,2010-02-08,AN ACT Relating to optimizing the collection of source separated materials within the current regulatory structure;,1,Optimizing the collection of source separated materials.,House,1712,H-5078.1,0,0,0,0,Source separated materials,Bill,B,(Upthegrove),1,2
1,0,2009-10,HB 2540,2540,,,,,2010-03-23,0,0,HB 2540,Effective date 6/10/2010.,0,C 173 L 10,0,0,2010-01-11,AN ACT Relating to repealing the expiration date for provisions relating to the licensure of dentists from other states;,0,Concerning the practice of dentistry.,House,1543,H-3918.2,0,0,0,0,Licensure of dentists,Bill,B,(Cody),1,0
0,0,2009-10,HB 2541,2541,,2009-10,SB 6256,SNR/Ocean/Rec,2010-02-15,0,0,HB 2541,1st substitute bill substituted.,0,H subst for,0,0,2010-01-11,AN ACT Relating to maximizing the ecosystem services provided by forestry through the promotion of the economic success of the forest products industry;,0,Maintaining a base of forest lands that may be used for commercial forestry.,House,10249,H-3616.4,0,0,0,0,Commercial forestry land,Bill,B,(Takko),1,0
1,0,2009-10,ESHB 2541,2541,,,,,2010-03-24,1,1,ESHB 2541,Effective date 6/10/2010.,0,C 188 L 10,0,1,2010-01-29,AN ACT Relating to maximizing the ecosystem services provided by forestry through the promotion of the economic success of the forest products industry;,0,Promoting and fostering the success of the forest products industry. (REVISED FOR ENGROSSED: Promoting the economic success of the forest products industry. ),House,10249,H-4912.1,0,0,0,0,Forest products industry,Bill,B,(Takko),1,1
1,0,2009-10,HB 2542,2542,,,,,2010-03-15,0,0,HB 2542,"By resolution, reintroduced and retained in present status.",0,H Ag & Nat Res,0,0,2010-01-11,AN ACT Relating to a comparative review of water availability in local governments' land use plans;,1,Contracting for a comparative review of local governments' land use plans and the water availability found in those planning areas.,House,8240,H-3991.1,0,0,0,0,Land use plans/water,Bill,B,(Hinkle),1,0
1,0,2009-10,HB 2543,2543,,,,,2010-03-15,0,0,HB 2543,"By resolution, reintroduced and retained in present status.",0,H HC/Wellness,0,0,2010-01-11,AN ACT Relating to the disciplinary process of the medical quality assurance commission;,0,Concerning physicians' disciplinary proceedings.,House,1407,H-3677.1,0,0,0,0,Medical qual assurance comm,Bill,B,(Chase),0,0
1,0,2009-10,HB 2544,2544,,,,,2010-03-15,0,0,HB 2544,"By resolution, reintroduced and retained in present status.",0,H HC/Wellness,0,0,2010-01-11,AN ACT Relating to requiring informed consent prior to the administration of any drug when the patient has a known allergy to that drug or that family of drugs;,0,Requiring informed consent for administration of drugs to patients with known drug allergies.,House,1407,H-3676.1,0,0,0,0,Patients with drug allergies,Bill,B,(Chase),0,0
1,0,2009-10,HB 2545,2545,,2009-10,SB 6373,Ssubst for,2010-03-15,0,0,HB 2545,"By resolution, reintroduced and retained in present status.",0,H Rules R,0,0,2010-01-11,AN ACT Relating to reporting of emissions of greenhouse gases;,1,Directing the department of ecology to adopt rules requiring entities to report the emissions of greenhouse gases.,House,1712,Z-1033.1,0,1,0,0,Greenhouse gas emissions,Bill,B,(Upthegrove),1,0
1,0,2009-10,SHB 2545,2545,,,,,2010-03-15,0,1,SHB 2545,"By resolution, reintroduced and retained in present status.",0,H Rules R,0,0,2010-01-15,AN ACT Relating to reporting of emissions of greenhouse gases;,0,Directing the department of ecology to adopt rules requiring entities to report the emissions of greenhouse gases.,House,1712,H-4011.3,0,1,0,0,Greenhouse gas emissions,Bill,B,(Upthegrove),1,1
0,0,2009-10,HB 2546,2546,,2009-10,SB 6728,SLab/Comm/CP,2010-02-11,0,0,HB 2546,1st substitute bill substituted.,0,H subst for,0,0,2010-01-11,AN ACT Relating to classroom training for electrical trainees;,0,Concerning classroom training for electrical trainees.,House,12003,H-3519.3,0,0,0,0,Electrical trainee training,Bill,B,(Van De Wege),1,0
1,0,2009-10,SHB 2546,2546,,,,,2010-03-12,0,1,SHB 2546,Effective date 7/1/2011.,0,C 33 L 10,0,0,2010-01-29,AN ACT Relating to classroom training for electrical trainees;,0,Concerning classroom training for electrical trainees.,House,12003,H-4885.1,0,0,0,0,Electrical trainee training,Bill,B,(Van De Wege),0,1
0,0,2009-10,HB 2547,2547,,2009-10,SB 6391,SLab/Comm/CP,2010-02-13,0,0,HB 2547,1st substitute bill substituted.,0,H subst for,0,0,2010-01-11,AN ACT Relating to franchise agreements between new motor vehicle dealers and manufacturers;,0,Concerning franchise agreements between new motor vehicle dealers and manufacturers.,House,972,H-3657.2,0,0,0,0,Motor vehicle franchises,Bill,B,(Conway),0,0
1,0,2009-10,ESHB 2547,2547,,,,,2010-03-23,1,1,ESHB 2547,Effective date 6/10/2010.,0,C 178 L 10,0,1,2010-02-02,AN ACT Relating to franchise agreements between new motor vehicle dealers and manufacturers;,0,Concerning franchise agreements between new motor vehicle dealers and manufacturers.,House,972,H-4964.1,0,0,0,0,Motor vehicle franchises,Bill,B,(Conway),0,1
1,1,2009-10,HB 2548,2548,,,,,2010-03-15,0,0,HB 2548,"By resolution, reintroduced and retained in present status.",0,H Ag & Nat Res,0,0,2010-01-11,AN ACT Relating to withdrawing waters of the state from additional appropriations;,0,Regarding withdrawing various waters of the state from additional appropriations.,House,3469,H-3953.1,0,0,0,0,Waters of the state,Bill,B,(Chandler),1,0
1,0,2009-10,HB 2549,2549,,,,,2010-03-15,0,0,HB 2549,"By resolution, reintroduced and retained in present status.",0,H Rules R,0,0,2010-01-11,AN ACT Relating to firefighting services on areas outside a fire protection jurisdiction;,1,Concerning providing firefighting services to areas outside a fire protection jurisdiction.,House,3469,H-4043.2,0,0,0,0,Firefighting services,Bill,B,(Chandler),1,0
1,0,2009-10,SHB 2549,2549,,,,,2010-03-15,0,0,SHB 2549,"By resolution, reintroduced and retained in present status.",0,H Rules R,0,0,2010-02-01,AN ACT Relating to firefighting services on areas outside a fire protection jurisdiction;,0,Concerning providing firefighting services to areas outside a fire protection jurisdiction.,House,3469,H-4968.1,0,0,0,0,Firefighting services,Bill,B,(Chandler),0,1
1,0,2009-10,HB 2550,2550,,2009-10,SB 6782,SJudiciary,2010-03-15,0,0,HB 2550,"By resolution, reintroduced and retained in present status.",0,H Rules X,0,0,2010-01-11,AN ACT Relating to abatement of nuisances involving criminal street gang activity;,1,Concerning abatement of nuisances involving criminal street gang activity.,House,12082,H-3805.2,0,0,0,0,Criminal street gang activty,Bill,B,(Ross),1,0
1,0,2009-10,SHB 2550,2550,,,,,2010-03-15,0,1,SHB 2550,"By resolution, reintroduced and retained in present status.",0,H Rules X,0,0,2010-01-29,AN ACT Relating to abatement of nuisances involving criminal street gang activity;,0,Concerning abatement of nuisances involving criminal street gang activity.,House,12082,H-4774.3,0,0,0,0,Criminal street gang activty,Bill,B,(Ross),0,1
0,0,2009-10,HB 2551,2551,,2009-10,ESB 6263,SRules 3,2010-02-12,0,0,HB 2551,2nd substitute bill substituted.,0,H subst for,0,0,2010-01-11,AN ACT Relating to the establishment of the Washington vaccine association;,0,Establishing the Washington vaccine association.,House,1543,H-4042.1,0,0,0,0,WA vaccine association,Bill,B,(Cody),1,0
0,0,2009-10,SHB 2551,2551,,,,,2010-02-12,0,0,SHB 2551,2nd substitute bill substituted.,0,H subst for,0,0,2010-01-22,AN ACT Relating to the establishment of the Washington vaccine association;,0,Establishing the Washington vaccine association.,House,1543,H-4582.1,0,0,0,0,WA vaccine association,Bill,B,(Cody),1,1
1,0,2009-10,2SHB 2551,2551,,,,,2010-03-23,1,1,2SHB 2551,Effective date 3/23/2010.,0,C 174 L 10,0,0,2010-02-08,AN ACT Relating to the establishment of the Washington vaccine association;,0,Establishing the Washington vaccine association.,House,1543,H-5054.2,0,0,0,0,WA vaccine association,Bill,B,(Cody),1,2
1,0,2009-10,HB 2552,2552,,,,,2010-03-15,0,0,HB 2552,"By resolution, reintroduced and retained in present status.",0,H Rules R,0,0,2010-01-11,AN ACT Relating to individual health coverage;,0,Concerning individual health coverage.,House,1543,H-4067.1,0,0,0,0,Individual health coverage,Bill,B,(Cody),0,0
1,0,2009-10,SHB 2552,2552,,,,,2010-03-15,0,0,SHB 2552,"By resolution, reintroduced and retained in present status.",0,H Rules R,0,0,2010-02-02,AN ACT Relating to individual health coverage;,0,Concerning individual health plans.,House,1543,H-4947.2,0,0,0,0,Individual health plans,Bill,B,(Cody),1,1
1,0,2009-10,HB 2553,2553,,,,,2010-03-15,0,0,HB 2553,"By resolution, reintroduced and retained in present status.",0,H Rules C,0,0,2010-01-11,AN ACT Relating to improving unemployment benefits;,0,Addressing unemployment benefits for certain eligible individuals.,House,972,H-3708.2,0,0,0,0,Unemployment benefits,Bill,B,(Conway),1,0
1,0,2009-10,SHB 2553,2553,,,,,2010-03-15,0,0,SHB 2553,"By resolution, reintroduced and retained in present status.",0,H Rules C,0,0,2010-02-02,AN ACT Relating to improving unemployment benefits;,0,Addressing unemployment benefits for certain eligible individuals.,House,972,H-4978.1,0,0,0,0,Unemployment benefits,Bill,B,(Conway),1,1
1,0,2009-10,HB 2554,2554,,,,,2010-03-15,0,0,HB 2554,"By resolution, reintroduced and retained in present status.",0,H Commerce/Lab,0,0,2010-01-11,AN ACT Relating to establishing a farm worker-grower advisory committee;,0,Establishing a farm worker-grower advisory committee.,House,972,H-4066.1,0,0,0,0,Farm worker-grower committee,Bill,B,(Conway),1,0
0,0,2009-10,HB 2555,2555,,2009-10,SB 6492,SRules X,2010-02-10,0,0,HB 2555,Committee recommendations adopted and the 1st substitute bill substituted.,0,H subst for,0,0,2010-01-11,"AN ACT Relating to authorizing the department of labor and industries to issue subpoenas, but only with respect to enforcement of chapter 19.28 RCW;",0,Authorizing the department of labor and industries to issue subpoenas to enforce production of information related to electricians and electrical installations.,House,972,H-3880.1,0,0,0,0,L & I subpoenas/electricians,Bill,B,(Conway),1,0
1,0,2009-10,SHB 2555,2555,,,,,2010-03-15,0,0,SHB 2555,Effective date 6/10/2010.,0,C 55 L 10,0,0,2010-02-02,"AN ACT Relating to authorizing the department of labor and industries to issue subpoenas, but only with respect to enforcement of chapter 19.28 RCW;",0,Authorizing the department of labor and industries to issue subpoenas to enforce production of information related to electricians and electrical installations.,House,972,H-4996.1,0,0,0,0,L & I subpoenas/electricians,Bill,B,(Conway),1,1
0,0,2009-10,HB 2556,2556,,,,,2010-02-10,0,0,HB 2556,Committee recommendations adopted and the 1st substitute bill substituted.,0,H subst for,0,0,2010-01-11,AN ACT Relating to financial security requirements under chapter 22.09 RCW;,0,Regarding financial security requirements under chapter 22.09 RCW.,House,15098,H-3500.1,0,0,0,0,Financial security/RCW 22.09,Bill,B,(Fagan),0,0
1,0,2009-10,SHB 2556,2556,,,,,2010-03-15,0,0,SHB 2556,"By resolution, reintroduced and retained in present status.",0,H Rules 3C,0,0,2010-01-28,AN ACT Relating to financial security requirements under chapter 22.09 RCW;,0,Regarding financial security requirements under chapter 22.09 RCW.,House,15098,H-4313.1,0,0,0,0,Financial security/RCW 22.09,Bill,B,(Fagan),0,1
1,0,2009-10,HB 2557,2557,,,,,2010-03-15,0,0,HB 2557,"By resolution, reintroduced and retained in present status.",0,H Rules R,0,0,2010-01-11,AN ACT Relating to correcting references regarding the department of commerce;,0,Correcting references regarding the department of commerce.,House,2314,Z-0916.1,0,0,0,1,Dept of commerce/references,Bill,B,(Kenney),0,0
1,0,2009-10,SHB 2557,2557,,,,,2010-03-15,0,0,SHB 2557,"By resolution, reintroduced and retained in present status.",0,H Rules R,0,0,2010-02-01,AN ACT Relating to correcting references regarding the department of commerce;,0,Correcting references regarding the department of commerce.,House,2314,H-4965.1,0,0,0,1,Dept of commerce/references,Bill,B,(Kenney),0,1
1,0,2009-10,HB 2558,2558,,2009-10,SB 6266,SRules X,2010-03-15,0,0,HB 2558,"By resolution, reintroduced and retained in present status.",0,H Judiciary,0,0,2010-01-11,AN ACT Relating to service members' civil relief;,0,Concerning service members' civil relief.,House,12001,Z-0774.2,0,0,0,0,Service member civil relief,Bill,B,(Kelley),0,0
1,0,2009-10,HB 2559,2559,,,,,2010-03-15,0,0,HB 2559,"By resolution, reintroduced and retained in present status.",0,H Ag & Nat Res,0,0,2010-01-11,AN ACT Relating to a water quality trading and banking program;,0,Establishing the watershed improvement through water quality trading and banking act.,House,11997,H-3731.1,0,0,0,0,Watershed improvement,Bill,B,(Eddy),1,0
0,0,2009-10,HB 2560,2560,,2009-10,ESB 6240,SRules 3,2010-02-12,0,0,HB 2560,1st substitute bill substituted.,0,H subst for,0,0,2010-01-11,AN ACT Relating to forming joint underwriting associations;,0,Regulating joint underwriting associations.,House,14205,Z-1028.2,0,0,0,1,Joint underwriting assn's,Bill,B,(Orwall),1,0
1,0,2009-10,ESHB 2560,2560,,,,,2010-03-29,0,1,ESHB 2560,Effective date 3/29/2010.,0,C 230 L 10,0,1,2010-01-28,AN ACT Relating to forming joint underwriting associations;,0,Forming joint underwriting associations.,House,14205,H-4825.1,0,0,0,1,Joint underwriting assn's,Bill,B,(Orwall),1,1
1,1,2009-10,EHB 2561,2561,,2009-10,SB 6547,SWays & Means,2010-05-04,1,1,EHB 2561,Effective date 7/13/2010**.,0,C 35 L 10 E1,0,1,2010-01-11,AN ACT Relating to creating jobs by funding construction of energy cost saving improvements to public facilities and raising revenue therefor;,0,Funding construction of energy cost saving improvements to public facilities.,House,630,H-3971.3,0,0,0,0,Energy cost savings & jobs,Bill,B,(Dunshee),1,0
1,0,2009-10,HB 2562,2562,,,,,2010-03-15,0,0,HB 2562,"By resolution, reintroduced and retained in present status.",0,H Ecology & Park,0,0,2010-01-11,AN ACT Relating to establishing more equitable lease rates for industrial users of state-owned aquatic lands that more accurately represent the value provided to the lessee;,0,Concerning lease rates for industrial users of state-owned aquatic lands.,House,13161,H-3958.1,0,0,0,0,State-owned aquatic lands,Bill,B,(Nelson),1,0
1,0,2009-10,HB 2563,2563,,,,,2010-03-15,0,0,HB 2563,"By resolution, reintroduced and retained in present status.",0,H LG & Housing,0,0,2010-01-11,AN ACT Relating to the authority of port districts to participate in community-based activities for the purpose of providing shelter or housing to homeless or low-income persons;,1,Authorizing port districts to participate in community-based activities to provide shelter or housing for certain populations.,House,13161,H-3773.2,0,0,0,0,Port districts/shelter,Bill,B,(Nelson),0,0
0,0,2009-10,HB 2564,2564,,2009-10,SB 6405,SRules X,2010-02-11,0,0,HB 2564,1st substitute bill substituted.,0,H subst for,0,0,2010-01-11,AN ACT Relating to escrow agents;,0,Regarding escrow agents.,House,13161,Z-0808.4,0,0,0,1,Escrow agents,Bill,B,(Nelson),1,0
1,0,2009-10,ESHB 2564,2564,,,,,2010-03-12,0,1,ESHB 2564,Effective date 6/10/2010.,0,C 34 L 10,0,1,2010-01-19,AN ACT Relating to escrow agents;,0,Regarding escrow agents.,House,13161,H-4535.1,0,0,0,1,Escrow agents,Bill,B,(Nelson),1,1
0,0,2009-10,HB 2565,2565,,,,,2010-02-13,0,0,HB 2565,1st substitute bill substituted.,0,H subst for,0,0,2010-01-11,AN ACT Relating to mandating a twelve-hour impound hold on motor vehicles used by persons arrested for driving under the influence of alcohol or drugs or being in physical control of a vehicle while under the influence of alcohol or drugs;,1,Mandating a twelve-hour impound hold on motor vehicles used by persons arrested for driving under the influence.,House,3473,H-4019.2,0,0,0,0,Motor vehicle impound hold,Bill,B,(Ericksen),1,0
1,0,2009-10,ESHB 2565,2565,,,,,2010-03-15,0,1,ESHB 2565,"By resolution, reintroduced and retained in present status.",0,H Rules 3C,0,1,2010-01-28,AN ACT Relating to mandating a twelve-hour impound hold on motor vehicles used by persons arrested for driving under the influence of alcohol or drugs or being in physical control of a vehicle while under the influence of alcohol or drugs;,1,Mandating a twelve-hour impound hold on motor vehicles used by persons arrested for driving under the influence.,House,3473,H-4839.1,0,0,0,0,Motor vehicle impound hold,Bill,B,(Ericksen),1,1
0,0,2009-10,HB 2566,2566,,,,,2010-02-13,0,0,HB 2566,1st substitute bill substituted.,0,H subst for,0,0,2010-01-11,AN ACT Relating to exempting low-income housing from impact fees;,0,Creating an exemption from impact fees for low-income housing.,House,5157,H-3938.1,0,0,0,0,Housing impact fees/exemp,Bill,B,(Simpson),0,0
1,0,2009-10,SHB 2566,2566,,,,,2010-03-15,0,0,SHB 2566,"By resolution, reintroduced and retained in present status.",0,H Rules 3C,0,0,2010-01-20,AN ACT Relating to exempting low-income housing from impact fees;,0,Creating an exemption from impact fees for low-income housing.,House,5157,H-4576.1,0,0,0,0,Housing impact fees/exemp,Bill,B,(Simpson),0,1
1,0,2009-10,HB 2567,2567,,2009-10,SB 6272,SWays & Means,2010-03-15,0,1,HB 2567,"By resolution, reintroduced and retained in present status.",0,H Rules 3C,0,0,2010-01-11,AN ACT Relating to the excise taxation of publicly owned facilities accredited by the association of zoos and aquariums;,0,Concerning the excise taxation of publicly owned facilities accredited by the association of zoos and aquariums.,House,14325,H-3520.3,0,0,0,0,Zoos & aquariums/excise tax,Bill,B,(Carlyle),1,0
1,0,2009-10,HB 2568,2568,,,,,2010-03-15,0,0,HB 2568,"By resolution, reintroduced and retained in present status.",0,H Cap Budget,0,0,2010-01-11,AN ACT Relating to authorization for projects recommended by the public works board;,0,Concerning projects recommended by the public works board.,House,630,H-4065.1,0,0,0,0,Public works board projects,Bill,B,(Dunshee),0,0
1,0,2009-10,HB 2569,2569,,2009-10,SB 6690,SNR/Ocean/Rec,2010-03-15,0,0,HB 2569,"By resolution, reintroduced and retained in present status.",0,H Rules C,0,0,2010-01-11,AN ACT Relating to accessing land for outdoor recreation;,0,Regarding access to information for outdoor recreation and wildlife viewing opportunities.,House,630,H-3565.1,0,0,0,0,Outdoor recreation info,Bill,B,(Dunshee),1,0
1,0,2009-10,SHB 2569,2569,,,,,2010-03-15,0,0,SHB 2569,"By resolution, reintroduced and retained in present status.",0,H Rules C,0,0,2010-01-28,AN ACT Relating to accessing land for outdoor recreation;,1,Regarding access to information for outdoor recreation and wildlife viewing opportunities.,House,630,H-4836.1,0,0,0,0,Outdoor recreation info,Bill,B,(Dunshee),1,1
1,0,2009-10,HB 2570,2570,,,,,2010-03-15,0,0,HB 2570,"By resolution, reintroduced and retained in present status.",0,H SGTribalAff,0,0,2010-01-11,AN ACT Relating to protecting the integrity of the initiative and referendum process;,0,Protecting the integrity of the initiative and referendum process.,House,5157,H-3904.1,0,0,0,0,Initiative & referendum,Bill,B,(Simpson),1,0
0,0,2009-10,HB 2571,2571,,,,,2010-02-15,0,0,HB 2571,1st substitute bill substituted.,0,H subst for,0,0,2010-01-11,AN ACT Relating to the definition of predatory;,0,Changing the definition of predatory.,House,10031,H-3828.1,0,0,0,0,Definition of predatory,Bill,B,(Appleton),0,0
1,0,2009-10,ESHB 2571,2571,,,,,2010-03-15,0,1,ESHB 2571,"By resolution, reintroduced and retained in present status.",0,H Rules 3C,0,1,2010-01-22,AN ACT Relating to the definition of predatory;,0,Modifying the definition of predatory.,House,10031,H-4589.1,0,0,0,0,Definition of predatory,Bill,B,(Appleton),0,1
1,0,2009-10,HB 2572,2572,,,,,2010-03-15,0,0,HB 2572,"By resolution, reintroduced and retained in present status.",0,H Pub Safety,0,0,2010-01-11,AN ACT Relating to the definition of threat;,0,Changing the definition of threat.,House,10031,H-3827.1,0,0,0,0,Definition of threat,Bill,B,(Appleton),0,0
1,0,2009-10,HB 2573,2573,,2009-10,SB 6279,C 62 L 10,2010-03-15,0,0,HB 2573,"By resolution, reintroduced and retained in present status.",0,H Rules R,0,0,2010-01-11,AN ACT Relating to the clarification of regional transit authority facilities as essential public facilities;,1,Clarifying regional transit authority facilities as essential public facilities.,House,5157,H-3625.1,0,0,0,0,Regional transit facilities,Bill,B,(Simpson),1,0
1,0,2009-10,HB 2574,2574,,2009-10,SB 6271,Ssubst for,2010-03-15,0,0,HB 2574,"By resolution, reintroduced and retained in present status.",0,H Rules R,0,0,2010-01-11,AN ACT Relating to annexations by cities and code cities located within the boundaries of a regional transit authority;,0,Concerning annexations by cities and code cities located within the boundaries of a regional transit authority.,House,14206,H-3757.1,0,0,0,0,Annexations by cities,Bill,B,(White),0,0
1,0,2009-10,HB 2575,2575,,2009-10,SB 6278,SWays & Means,2010-04-01,0,0,HB 2575,Governor vetoed.,0,Gov vetoed,1,0,2010-01-11,AN ACT Relating to the expansion of the membership of the capital projects advisory review board;,0,Expanding the membership of the capital projects advisory review board.,House,1712,H-3697.2,0,0,0,0,Capital projects review brd,Bill,B,(Upthegrove),0,0
0,0,2009-10,HB 2576,2576,,,,,2010-03-17,0,0,HB 2576,2nd substitute bill substituted.,0,H subst for,0,0,2010-01-11,AN ACT Relating to restructuring and affirming certain fees established by the office of the secretary of state;,0,Restructuring fees for the division of corporations and affirming authority to establish fees for the charities program of the office of the secretary of state.,House,2314,Z-1050.1,0,1,0,0,"Fees/corporations, charities",Bill,B,(Kenney),1,0
0,0,2009-10,SHB 2576,2576,,,,,2010-03-17,0,0,SHB 2576,2nd substitute bill substituted.,0,H subst for,0,0,2010-01-21,AN ACT Relating to restructuring and affirming certain fees established by the office of the secretary of state;,0,Restructuring fees for the division of corporations and affirming authority to establish fees for the charities program of the office of the secretary of state.,House,2314,H-4575.1,0,1,0,0,"Fees/corporations, charities",Bill,B,(Kenney),1,1
1,0,2009-10,2SHB 2576,2576,,,,,2010-04-27,0,0,2SHB 2576,Effective date 7/13/2010.,0,C 29 L 10 E1,0,0,2010-02-27,AN ACT Relating to restructuring and affirming certain fees established by the office of the secretary of state;,0,Restructuring fees for the division of corporations and affirming authority to establish fees for the charities program of the office of the secretary of state.,House,2314,H-5478.1,0,1,0,0,"Fees/corporations, charities",Bill,B,(Kenney),1,2
0,0,2009-10,HB 2577,2577,,2009-10,SB 6241,Ssubst for,2010-02-15,0,0,HB 2577,1st substitute bill substituted.,0,H subst for,0,0,2010-01-11,AN ACT Relating to creating community facilities districts;,1,Creating community facilities districts.,House,1218,H-4060.1,0,0,0,0,Community facilities distr's,Bill,B,(Sullivan),1,0
1,0,2009-10,SHB 2577,2577,,,,,2010-03-15,0,1,SHB 2577,"By resolution, reintroduced and retained in present status.",0,H Rules C,0,0,2010-01-28,AN ACT Relating to creating community facilities districts;,1,Creating community facilities districts.,House,1218,H-4322.3,0,0,0,0,Community facilities distr's,Bill,B,(Sullivan),1,1
1,0,2009-10,HB 2578,2578,,2009-10,SB 6216,SRules X,2010-03-15,0,0,HB 2578,"By resolution, reintroduced and retained in present status.",0,H SGTribalAff,0,0,2010-01-11,AN ACT Relating to disclosure of existing property tax levies on ballot propositions subject to voter approval for levy lid lifts;,0,Concerning the disclosure of existing property tax levies on ballot propositions subject to voter approval for levy lid lifts.,House,12068,H-3893.1,0,0,0,0,Existing property tax levies,Bill,B,(Seaquist),0,0
1,0,2009-10,HB 2579,2579,,,,,2010-03-15,0,0,HB 2579,"By resolution, reintroduced and retained in present status.",0,H SGTribalAff,0,0,2010-01-11,AN ACT Relating to revocation of signatures on ballot measures;,0,Addressing the revocation of signatures on ballot measures.,House,13546,H-3580.2,0,0,0,0,Ballot measure signatures,Bill,B,(Liias),1,0
0,0,2009-10,HB 2580,2580,,,,,2010-02-13,0,0,HB 2580,1st substitute bill substituted.,0,H subst for,0,0,2010-01-11,AN ACT Relating to secondary career and technical courses;,0,Concerning secondary career and technical education courses.,House,13546,H-3908.1,0,0,0,0,Secondary career & tech edu,Bill,B,(Liias),0,0
1,0,2009-10,SHB 2580,2580,,,,,2010-04-12,0,0,SHB 2580,"By resolution, returned to House Rules Committee for third reading.",0,H Rules 3C,0,0,2010-02-02,AN ACT Relating to secondary career and technical courses;,0,Concerning secondary career and technical education courses.,House,13546,H-4602.3,0,0,0,0,Secondary career & tech edu,Bill,B,(Liias),0,1
1,0,2009-10,HB 2581,2581,,,,,2010-03-15,0,0,HB 2581,"By resolution, reintroduced and retained in present status.",0,H Finance,0,0,2010-01-11,AN ACT Relating to providing a business and occupation tax credit for qualified employment positions;,0,Providing a business and occupation tax credit for qualified employment positions.,House,13546,H-3835.1,0,0,0,0,B & O tax credit/employment,Bill,B,(Liias),0,0
1,0,2009-10,HB 2582,2582,,2009-10,SB 6367,Ssubst for,2010-03-15,0,0,HB 2582,"By resolution, reintroduced and retained in present status.",0,H Rules R,0,0,2010-01-11,AN ACT Relating to responses to public records requests;,0,Allowing agencies to direct requesters to their web site for public records.,House,3486,H-3747.1,0,0,0,0,Agency web sites/pub records,Bill,B,(Hurst),0,0
1,0,2009-10,SHB 2582,2582,,,,,2010-03-15,0,0,SHB 2582,"By resolution, reintroduced and retained in present status.",0,H Rules R,0,0,2010-01-26,AN ACT Relating to responses to public records requests;,0,Allowing agencies to direct requesters to their web site for public records.,House,3486,H-4764.1,0,0,0,0,Agency web sites/pub records,Bill,B,(Hurst),0,1
1,0,2009-10,HB 2583,2583,,2009-10,SB 6368,SGovtOp & Elect,2010-03-15,0,0,HB 2583,"By resolution, reintroduced and retained in present status.",0,H Rules R,0,0,2010-01-11,AN ACT Relating to conferences regarding public records requests violations;,0,Concerning conferences prior to filing actions alleging a public records request violation.,House,3475,H-3748.1,0,0,0,0,Pub record request violation,Bill,B,(Haigh),1,0
1,0,2009-10,SHB 2583,2583,,,,,2010-03-15,0,0,SHB 2583,"By resolution, reintroduced and retained in present status.",0,H Rules R,0,0,2010-01-21,AN ACT Relating to conferences regarding public records requests violations;,0,Concerning conferences prior to filing actions alleging a public records request violation.,House,3475,H-4650.1,0,0,0,0,Pub record request violation,Bill,B,(Haigh),0,1
1,0,2009-10,2SHB 2583,2583,,,,,2010-03-15,0,0,2SHB 2583,"By resolution, reintroduced and retained in present status.",0,H Rules R,0,0,2010-02-05,AN ACT Relating to conferences regarding public records requests violations;,0,Concerning conferences prior to filing actions alleging a public records request violation.,House,3475,H-5062.1,0,0,0,0,Pub record request violation,Bill,B,(Haigh),0,2
1,0,2009-10,HB 2584,2584,,2009-10,SB 6746,SLab/Comm/CP,2010-03-15,0,0,HB 2584,"By resolution, reintroduced and retained in present status.",0,H Commerce/Lab,0,0,2010-01-11,AN ACT Relating to community and technical college collective bargaining for nontenured faculty;,0,Regarding the scope of collective bargaining for nontenured faculty at community and technical colleges.,House,14206,H-3786.1,0,0,0,0,Comm & tech college faculty,Bill,B,(White),1,0
0,0,2009-10,HB 2585,2585,,2009-10,SB 6253,SRules X,2010-02-13,0,0,HB 2585,1st substitute bill substituted.,0,H subst for,0,0,2010-01-11,AN ACT Relating to insurance;,0,Concerning insurance.,House,12001,Z-1051.1,0,0,0,1,Insurance,Bill,B,(Kelley),1,0
1,0,2009-10,SHB 2585,2585,,,,,2010-03-12,0,0,SHB 2585,Effective date 6/10/2010.,0,C 27 L 10,0,0,2010-01-19,AN ACT Relating to insurance;,0,"Addressing insurance statutes, generally.",House,12001,H-4541.1,0,0,0,1,"Insurance, generally",Bill,B,(Kelley),1,1
1,0,2009-10,HB 2586,2586,,,,,2010-03-15,0,0,HB 2586,"By resolution, reintroduced and retained in present status.",0,H Education,0,0,2010-01-11,AN ACT Relating to encouraging kindergarten outreach;,0,Encouraging kindergarten outreach.,House,1218,H-4009.1,0,0,0,0,Kindergarten outreach,Bill,B,(Sullivan),0,0
1,0,2009-10,HB 2587,2587,,,,,2010-03-15,0,0,HB 2587,"By resolution, reintroduced and retained in present status.",0,H Commerce/Lab,0,0,2010-01-11,"AN ACT Relating to requirements for peddlers and vendors of books, periodicals, or newspapers;",0,"Restricting house-to-house sales of books, periodicals, or newspapers to certain hours.",House,5155,H-4104.1,0,0,0,0,House-to-house sales,Bill,B,(Hunt),0,0
1,0,2009-10,HB 2588,2588,,,,,2010-03-15,0,0,HB 2588,"By resolution, reintroduced and retained in present status.",0,H Trans,0,0,2010-01-11,AN ACT Relating to the regulation of local electric carts;,0,Regulating local electric carts.,House,10021,H-3939.1,0,0,0,0,Local electric carts,Bill,B,(Green),0,0
0,0,2009-10,HB 2589,2589,,,,,2010-02-11,0,0,HB 2589,Committee recommendations adopted and the 1st substitute bill substituted.,0,H subst for,0,0,2010-01-11,AN ACT Relating to on-site wastewater treatment systems designer licensing;,0,Concerning on-site wastewater treatment systems designer licensing.,House,10021,H-3831.2,0,0,0,0,Wastewater systems designers,Bill,B,(Green),1,0
1,0,2009-10,SHB 2589,2589,,,,,2010-03-15,0,0,SHB 2589,"By resolution, reintroduced and retained in present status.",0,H Rules 3C,0,0,2010-01-19,AN ACT Relating to on-site wastewater treatment systems designer licensing;,0,Concerning on-site wastewater treatment systems designer licensing.,House,10021,H-4524.1,0,0,0,0,Wastewater systems designers,Bill,B,(Green),0,1
1,0,2009-10,HB 2590,2590,,,,,2010-03-15,0,0,HB 2590,"By resolution, reintroduced and retained in present status.",0,H Tech/En/Com,0,0,2010-01-11,AN ACT Relating to a system benefits charge;,0,Authorizing a system benefits charge to foster sustainable energy resources and smart energy technologies.,House,2144,H-4064.1,0,0,0,0,System benefits chrg/energy,Bill,B,(Morris),1,0
0,0,2009-10,HB 2591,2591,,,,,2010-02-18,0,0,HB 2591,2nd substitute bill substituted.,0,H subst for,0,0,2010-01-11,AN ACT Relating to the cost of processing applications for water right permits;,0,Recovering the actual cost of processing applications for water right permits.,House,2144,H-3974.1,0,0,0,0,Water right permits,Bill,B,(Morris),0,0
0,0,2009-10,SHB 2591,2591,,,,,2010-02-18,0,0,SHB 2591,2nd substitute bill substituted.,0,H subst for,0,0,2010-01-22,AN ACT Relating to the cost of processing applications for water right permits;,0,Recovering the actual cost of processing applications for water right permits.,House,2144,H-4345.2,0,0,0,0,Water right permits,Bill,B,(Morris),1,1
1,0,2009-10,2SHB 2591,2591,,,,,2010-03-15,0,1,2SHB 2591,"By resolution, reintroduced and retained in present status.",0,H Rules 3C,0,0,2010-02-08,AN ACT Relating to the cost of processing applications for water right permits;,0,Concerning the cost of processing applications for water right permits.,House,2144,H-5044.2,0,0,0,0,Water right permits,Bill,B,(Morris),0,2
1,0,2009-10,HB 2592,2592,,,,,2010-03-15,0,0,HB 2592,Effective date 6/10/2010.,0,C 56 L 10,0,0,2010-01-11,AN ACT Relating to prohibiting incentive towing programs for private property impounds;,0,Prohibiting incentive towing programs for private property impounds.,House,5155,H-4131.1,0,0,0,0,Impounds/incentive towing,Bill,B,(Hunt),0,0
0,0,2009-10,HB 2593,2593,,,,,2010-02-11,0,0,HB 2593,Committee recommendations adopted and the 1st substitute bill substituted.,0,H subst for,0,0,2010-01-11,AN ACT Relating to creating tools to enhance the department of fish and wildlife's ability to manage shellfish resources;,1,Concerning the department of fish and wildlife's ability to manage shellfish resources.,House,11998,H-3768.3,0,0,0,0,F & W dept. shellfish mgmt,Bill,B,(Rolfes),1,0
1,0,2009-10,SHB 2593,2593,,,,,2010-03-24,1,1,SHB 2593,Effective date 6/10/2010.,0,C 193 L 10,0,0,2010-01-29,AN ACT Relating to creating tools to enhance the department of fish and wildlife's ability to manage shellfish resources;,1,Concerning the department of fish and wildlife's ability to manage shellfish resources.,House,11998,H-4914.1,0,0,0,0,F & W dept. shellfish mgmt,Bill,B,(Rolfes),1,1
1,0,2009-10,HB 2594,2594,,,,,2010-03-15,0,0,HB 2594,"By resolution, reintroduced and retained in present status.",0,H Commerce/Lab,0,0,2010-01-11,AN ACT Relating to law enforcement officers who are terminated for dishonesty;,0,Addressing the ability of employers to terminate law enforcement officers for acts of dishonesty.,House,11998,H-4005.1,0,0,0,0,Law enforcement officers,Bill,B,(Rolfes),0,0
1,0,2009-10,HB 2595,2595,,,,,2010-03-15,0,0,HB 2595,"By resolution, reintroduced and retained in present status.",0,H Rules 3C,0,0,2010-01-11,AN ACT Relating to imposing a sentence outside the standard sentence range for defendants who intercept police communication as a means to facilitate the crime;,1,Imposing a sentence outside the standard sentence range for defendants who intercept police communication as a means to facilitate the crime.,House,11998,H-4112.1,0,0,0,0,Police communications,Bill,B,(Rolfes),1,0
0,0,2009-10,HB 2596,2596,,2009-10,SB 6454,SRules X,2010-02-11,0,0,HB 2596,Committee recommendations adopted and the 1st substitute bill substituted.,0,H subst for,0,0,2010-01-11,AN ACT Relating to defining child advocacy centers for the multidisciplinary investigation of child abuse and implementation of county protocols;,0,Defining child advocacy centers for the multidisciplinary investigation of child abuse and implementation of county protocols.,House,1611,H-3815.2,0,0,0,0,Child advocacy centers,Bill,B,(Williams),0,0
1,0,2009-10,SHB 2596,2596,,,,,2010-03-23,0,1,SHB 2596,Effective date 6/10/2010.,0,C 176 L 10,0,0,2010-01-26,AN ACT Relating to defining child advocacy centers for the multidisciplinary investigation of child abuse and implementation of county protocols;,0,Defining child advocacy centers for the multidisciplinary investigation of child abuse and implementation of county protocols.,House,1611,H-4782.1,0,0,0,0,Child advocacy centers,Bill,B,(Williams),0,1
1,0,2009-10,HB 2597,2597,,,,,2010-03-15,0,0,HB 2597,"By resolution, reintroduced and retained in present status.",0,H Ag & Nat Res,0,0,2010-01-11,AN ACT Relating to streamlining state environmental permitting through the elimination of the hydraulics project approval process;,0,Streamlining state environmental permitting through the elimination of the hydraulics project approval process.,House,5163,H-3818.2,0,0,0,0,Hydraulics project approval,Bill,B,(Pearson),0,0
1,0,2009-10,HB 2598,2598,,2009-10,SB 6386,SRules X,2010-03-15,0,0,HB 2598,Effective date 6/10/2010.,0,C 57 L 10,0,0,2010-01-11,AN ACT Relating to disposal of dredged riverbed materials from the Mount St. Helen's eruption;,0,Concerning the disposal of dredged riverbed materials from the Mount St. Helen's eruption.,House,10249,H-4076.1,0,0,0,0,Dredged riverbed materials,Bill,B,(Takko),1,0
1,0,2009-10,HB 2599,2599,,,,,2010-03-15,0,0,HB 2599,"By resolution, reintroduced and retained in present status.",0,H Ag & Nat Res,0,0,2010-01-11,AN ACT Relating to limiting withdrawals of groundwater for stock watering purposes;,0,Concerning withdrawals of groundwater for stock watering purposes.,House,8211,H-4049.1,0,0,0,0,Stock watering/groundwater,Bill,B,(McCoy),1,0
1,0,2009-10,HB 2600,2600,,,,,2010-03-15,0,0,HB 2600,"By resolution, reintroduced and retained in present status.",0,H Tech/En/Com,0,0,2010-01-11,AN ACT Relating to telecommunications services;,0,Concerning the provision of telecommunications services to public utility districts and rural port districts.,House,8211,H-3981.2,0,0,0,0,Telecommunications services,Bill,B,(McCoy),0,0
1,0,2009-10,HB 2601,2601,,,,,2010-03-15,0,0,HB 2601,"By resolution, reintroduced and retained in present status.",0,H Ways & Means,0,0,2010-01-11,AN ACT Relating to reviewing the telecommunications regulatory structure;,0,Studying telecommunication regulatory reform.,House,8211,H-3577.2,0,0,0,0,Telecommunication regulation,Bill,B,(McCoy),1,0
1,0,2009-10,SHB 2601,2601,,,,,2010-03-15,0,0,SHB 2601,"By resolution, reintroduced and retained in present status.",0,H Ways & Means,0,0,2010-02-01,AN ACT Relating to reviewing the telecommunications regulatory structure;,0,Studying telecommunication regulatory reform.,House,8211,H-4810.2,0,0,0,0,Telecommunication regulation,Bill,B,(McCoy),0,1
1,0,2009-10,HB 2602,2602,,,,,2010-03-15,0,0,HB 2602,"By resolution, reintroduced and retained in present status.",0,H Gen Gov Apps,0,0,2010-01-11,AN ACT Relating to establishing continuing education requirements for engineers;,0,Establishing continuing education requirements for engineers.,House,8212,H-4114.1,0,0,0,0,Continuing ed for engineers,Bill,B,(Moeller),1,0
1,0,2009-10,SHB 2602,2602,,,,,2010-03-15,0,0,SHB 2602,"By resolution, reintroduced and retained in present status.",0,H Gen Gov Apps,0,0,2010-02-02,AN ACT Relating to establishing continuing education requirements for engineers;,0,Establishing continuing education requirements for engineers.,House,8212,H-4984.1,0,0,0,0,Continuing ed for engineers,Bill,B,(Moeller),1,1
0,0,2009-10,HB 2603,2603,,,,,2010-02-15,0,0,HB 2603,2nd substitute bill substituted.,0,H subst for,0,0,2010-01-11,AN ACT Relating to violations of state law or agency rule by small businesses;,1,Requiring agencies to give small businesses an opportunity to comply with a state law or agency rule before imposing a penalty.,House,13577,H-3704.1,0,0,0,0,Small businesses/compliance,Bill,B,(Smith),1,0
0,0,2009-10,SHB 2603,2603,,,,,2010-02-15,0,0,SHB 2603,2nd substitute bill substituted.,0,H subst for,0,0,2010-01-29,AN ACT Relating to violations of state law or agency rule by small businesses;,0,Requiring agencies to give small businesses an opportunity to comply with a state law or agency rule before imposing a penalty.,House,13577,H-4734.3,0,0,0,0,Small businesses/compliance,Bill,B,(Smith),1,1
1,0,2009-10,2SHB 2603,2603,,,,,2010-03-24,1,1,2SHB 2603,Effective date 6/10/2010.,0,C 194 L 10,0,0,2010-02-09,AN ACT Relating to violations of state law or agency rule by small businesses;,0,Requiring agencies to give small businesses an opportunity to comply with a state law or agency rule before imposing a penalty.,House,13577,H-5108.1,0,0,0,0,Small businesses/compliance,Bill,B,(Smith),1,2
1,0,2009-10,HB 2604,2604,,2009-10,SB 6378,SEnv/Water/Ener,2010-03-15,0,0,HB 2604,"By resolution, reintroduced and retained in present status.",0,H Ag & Nat Res,0,0,2010-01-11,AN ACT Relating to exempting certain diversions of surface waters for agricultural purposes from the permit process;,0,Exempting certain diversions of surface waters for agricultural purposes from the permit process.,House,13577,H-4102.2,0,0,0,0,Surface water diversions,Bill,B,(Smith),1,0
1,0,2009-10,HB 2605,2605,,2009-10,SB 6328,SRules X,2010-03-15,0,0,HB 2605,"By resolution, reintroduced and retained in present status.",0,H Rules 3C,0,0,2010-01-11,AN ACT Relating to billing for anatomic pathology services;,0,Concerning billing for anatomic pathology services.,House,14256,H-3934.2,0,0,0,0,Anatomic pathology services,Bill,B,(Driscoll),0,0
1,0,2009-10,HB 2606,2606,,2009-10,SB 6385,SFI/Hous/Ins,2010-03-15,0,0,HB 2606,"By resolution, reintroduced and retained in present status.",0,H LG & Housing,0,0,2010-01-11,AN ACT Relating to developing certification for manufactured housing community managers;,0,Developing certification for manufactured housing community managers.,House,13546,H-3760.2,0,0,0,0,Manufact'd housing/managers,Bill,B,(Liias),1,0
1,0,2009-10,HB 2607,2607,,,,,2010-03-15,0,0,HB 2607,"By resolution, reintroduced and retained in present status.",0,H Ways & Means,0,0,2010-01-11,AN ACT Relating to providing an exception to postretirement employment restrictions for retirees teaching in high-demand subjects;,0,Providing an exception to postretirement employment restrictions for retirees teaching in high-demand subjects.,House,1218,H-4134.1,0,0,0,0,Postretirement teaching,Bill,B,(Sullivan),1,0
1,0,2009-10,HB 2608,2608,,2009-10,SB 6406,SRules X,2010-03-12,0,0,HB 2608,Effective date 7/1/2010.,0,C 35 L 10,0,0,2010-01-11,AN ACT Relating to licensing residential mortgage loan servicers through the national mortgage licensing service and clarifying the existing authority of the department of financial institutions to regulate residential mortgage loan modification services under the consumer loan act and mortgage broker practices act;,0,Concerning regulation and licensing of residential mortgage loan servicers and services.,House,13161,Z-0815.7,0,0,0,1,Residential mortgage loaning,Bill,B,(Nelson),1,0
1,0,2009-10,HB 2609,2609,,2009-10,SB 6403,Ssubst for,2010-03-15,0,0,HB 2609,"By resolution, reintroduced and retained in present status.",0,H Education,0,0,2010-01-11,"AN ACT Relating to accountability and support for vulnerable students and dropouts, including prevention, intervention, and reengagement;",0,Regarding accountability and support for vulnerable students and dropouts.,House,5155,Z-1091.2,0,0,0,1,Vulnerable students,Bill,B,(Hunt),1,0
1,0,2009-10,HB 2610,2610,,,,,2010-03-15,0,0,HB 2610,"By resolution, reintroduced and retained in present status.",0,H SGTribalAff,0,0,2010-01-11,AN ACT Relating to personal information used to identify a person filing a complaint with an agency;,0,Exempting from disclosure personal information used to identify a person filing a complaint with an agency.,House,11999,H-4024.1,0,0,0,0,Complaint filed w/ an agency,Bill,B,(Goodman),0,0
1,0,2009-10,HB 2611,2611,,2009-10,ESB 6287,C 63 L 10,2010-03-15,0,0,HB 2611,"By resolution, reintroduced and retained in present status.",0,H Rules 3C,0,0,2010-01-11,"AN ACT Relating to the disposition of existing voter-approved indebtedness at the time of annexation of a city, partial city, or town to a fire protection district;",1,"Concerning annexation of a city, partial city, or town to a fire protection district.",House,1611,H-3851.2,0,0,0,0,Annexation to fire district,Bill,B,(Williams),0,0
1,0,2009-10,HB 2612,2612,,,,,2010-03-15,0,0,HB 2612,"By resolution, reintroduced and retained in present status.",0,H SGTribalAff,0,0,2010-01-11,AN ACT Relating to exempting signature petitions from disclosure;,0,Exempting signature petitions from disclosure.,House,5161,H-3941.1,0,0,0,0,Signature petitions,Bill,B,(Armstrong),0,0
1,0,2009-10,HB 2613,2613,,,,,2010-03-15,0,0,HB 2613,"By resolution, reintroduced and retained in present status.",0,H SGTribalAff,0,0,2010-01-11,"AN ACT Relating to signature gathering for initiatives, referenda, and recall petitions;",0,"Concerning signature gathering for initiatives, referenda, and recall petitions.",House,5155,H-3539.1,0,0,0,0,Signature gathering,Bill,B,(Hunt),1,0
1,0,2009-10,HB 2614,2614,,,,,2010-03-15,0,0,HB 2614,"By resolution, reintroduced and retained in present status.",0,H Rules C,0,0,2010-01-11,AN ACT Relating to signature gathering;,0,Concerning signature gathering.,House,5155,H-3856.1,0,0,0,0,Signature gathering,Bill,B,(Hunt),0,0
1,0,2009-10,SHB 2614,2614,,,,,2010-03-15,0,0,SHB 2614,"By resolution, reintroduced and retained in present status.",0,H Rules C,0,0,2010-02-02,AN ACT Relating to signature gathering;,0,Concerning signature gathering.,House,5155,H-5006.1,0,0,0,0,Signature gathering,Bill,B,(Hunt),0,1
1,0,2009-10,2SHB 2614,2614,,,,,2010-03-15,0,1,2SHB 2614,"By resolution, reintroduced and retained in present status.",0,H Rules C,0,0,2010-02-04,AN ACT Relating to signature gathering;,0,Concerning signature gathering.,House,5155,H-5058.1,0,0,0,0,Signature gathering,Bill,B,(Hunt),0,2
1,0,2009-10,HB 2615,2615,,,,,2010-03-15,0,0,HB 2615,"By resolution, reintroduced and retained in present status.",0,H SGTribalAff,0,0,2010-01-11,AN ACT Relating to filing fees for initiatives and referenda;,0,Modifying the filing fee provision for initiatives and referenda.,House,5155,H-4151.1,0,0,0,0,Initiatives & referenda/fees,Bill,B,(Hunt),1,0
1,0,2009-10,HB 2616,2616,,,,,2010-03-15,0,0,HB 2616,"By resolution, reintroduced and retained in present status.",0,H Education,0,0,2010-01-11,AN ACT Relating to statewide school district reorganization;,0,Creating a commission to develop and recommend a comprehensive school district reorganization plan.,House,5155,H-3678.2,0,0,0,0,School district reorg plan,Bill,B,(Hunt),0,0
0,0,2009-10,HB 2617,2617,,2009-10,SB 6426,Ssubst for,2010-03-10,0,0,HB 2617,2nd substitute bill substituted.,0,H subst for,0,0,2010-01-11,AN ACT Relating to eliminating boards and commissions;,0,Eliminating certain boards and commissions.,House,14256,Z-0969.3,0,0,1,0,Boards and commissions,Bill,B,(Driscoll),1,0
0,0,2009-10,SHB 2617,2617,,,,,2010-03-10,0,0,SHB 2617,2nd substitute bill substituted.,0,H subst for,0,0,2010-01-26,AN ACT Relating to eliminating boards and commissions;,0,Eliminating certain boards and commissions.,House,14256,H-4707.3,0,0,1,0,Boards and commissions,Bill,B,(Driscoll),1,1
1,0,2009-10,E2SHB 2617,2617,,,,,2010-03-29,1,1,E2SHB 2617,Effective date 6/10/2010*.,0,C 7 L 10 E1,0,1,2010-03-09,AN ACT Relating to eliminating boards and commissions;,0,Eliminating certain boards and commissions.,House,14256,H-5674.2,0,0,1,0,Boards and commissions,Bill,B,(Driscoll),0,2
1,0,2009-10,HB 2618,2618,,2009-10,SB 6616,STransportation,2010-03-15,0,0,HB 2618,"By resolution, reintroduced and retained in present status.",0,H Trans,0,0,2010-01-11,AN ACT Relating to the regulation and preservation of urban streets through a local option street maintenance utility and allowing the imposition of a charge;,1,Concerning the regulation and preservation of urban streets through a local option street maintenance utility and allowing the imposition of a charge.,House,13546,H-3734.3,0,0,0,0,Regulation of urban streets,Bill,B,(Liias),1,0
1,0,2009-10,HB 2619,2619,,,,,2010-03-15,0,0,HB 2619,"By resolution, reintroduced and retained in present status.",0,H Pub Safety,0,0,2010-01-11,AN ACT Relating to electronic signaling devices;,0,Requiring the use of electronic signaling devices in certain conditions.,House,13546,H-4147.1,0,0,0,0,Electronic signaling devices,Bill,B,(Liias),0,0
0,0,2009-10,HB 2620,2620,,2009-10,SB 6552,SRules X,2010-02-11,0,0,HB 2620,Committee recommendations adopted and the 1st substitute bill substituted.,0,H subst for,0,0,2010-01-11,AN ACT Relating to excise taxation of certain products and services provided or furnished electronically;,1,Concerning excise taxation of certain products and services provided or furnished electronically.,House,8222,Z-1105.1,0,1,0,0,Excise taxation,Bill,B,(Hunter),1,0
1,0,2009-10,SHB 2620,2620,,,,,2010-03-18,0,0,SHB 2620,Effective date 7/1/2010.,0,C 111 L 10,0,0,2010-01-29,AN ACT Relating to excise taxation of certain products and services provided or furnished electronically;,1,Concerning excise taxation of certain products and services provided or furnished electronically.,House,8222,H-4905.1,0,1,0,0,Excise taxation,Bill,B,(Hunter),1,1
1,0,2009-10,HB 2621,2621,,,,,2010-03-29,1,1,HB 2621,Effective date 6/10/2010.,0,C 238 L 10,0,0,2010-01-11,"AN ACT Relating to designating resource programs for science, technology, engineering, and mathematics instruction in K-12 schools;",0,"Designating resource programs for science, technology, engineering, and mathematics instruction in K-12 schools.",House,14205,H-3834.3,0,0,0,0,K-12 schools resource progs,Bill,B,(Orwall),1,0
1,0,2009-10,HB 2622,2622,,,,,2010-03-15,0,0,HB 2622,"By resolution, reintroduced and retained in present status.",0,H Fin Inst & Ins,0,0,2010-01-11,AN ACT Relating to protecting consumers from unfair practices by establishing criteria for the dissemination of credit and court record information contained in a consumer's tenant screening report;,0,Protecting consumers from unfair practices by establishing criteria for the dissemination of credit and court record information contained in a consumer's tenant screening report.,House,14205,H-3782.2,0,0,0,0,Credit & court record info,Bill,B,(Orwall),0,0
0,0,2009-10,HB 2623,2623,,2009-10,SB 6694,SFI/Hous/Ins,2010-02-12,0,0,HB 2623,2nd substitute bill substituted.,0,H subst for,0,0,2010-01-11,AN ACT Relating to the foreclosure of residential real property;,1,Regulating the foreclosure of residential real property.,House,14205,Z-1037.3,0,0,0,0,Residential foreclosure,Bill,B,(Orwall),1,0
0,0,2009-10,SHB 2623,2623,,,,,2010-02-12,0,0,SHB 2623,2nd substitute bill substituted.,0,H subst for,0,0,2010-02-01,AN ACT Relating to the foreclosure of residential real property;,1,Studying the foreclosure of residential real property.,House,14205,H-4959.1,0,0,0,0,Residential foreclosure,Bill,B,(Orwall),1,1
1,0,2009-10,2SHB 2623,2623,,,,,2010-03-15,0,0,2SHB 2623,"By resolution, reintroduced and retained in present status.",0,H Rules 3C,0,0,2010-02-05,AN ACT Relating to the foreclosure of residential real property;,0,Reviewing the foreclosure of residential real property.,House,14205,H-5065.1,0,0,0,0,Residential foreclosure,Bill,B,(Orwall),1,2
0,0,2009-10,HB 2624,2624,,,,,2010-02-12,0,0,HB 2624,1st substitute bill substituted.,0,H subst for,0,0,2010-01-11,AN ACT Relating to the interstate compact for adult offender supervision;,0,Suspending the interstate compact for adult offender supervision.,House,12001,H-4162.1,0,0,0,0,Adult offender supervision,Bill,B,(Kelley),1,0
1,0,2009-10,SHB 2624,2624,,,,,2010-03-15,0,0,SHB 2624,"By resolution, reintroduced and retained in present status.",0,H Rules 3C,0,0,2010-02-01,AN ACT Relating to the interstate compact for adult offender supervision;,0,Concerning the interstate compact for adult offender supervision.,House,12001,H-4875.1,0,0,0,0,Adult offender supervision,Bill,B,(Kelley),1,1
1,0,2009-10,HB 2625,2625,,,,,2010-03-31,1,1,HB 2625,Effective date 1/1/2011*.,0,C 254 L 10,0,0,2010-01-11,AN ACT Relating to bail for felony offenses;,1,Addressing bail for felony offenses.,House,12001,H-4054.1,0,0,0,0,Bail for felony offenses,Bill,B,(Kelley),1,0
1,0,2009-10,HB 2626,2626,,,,,2010-03-15,0,0,HB 2626,"By resolution, reintroduced and retained in present status.",0,H Ways & Means,0,0,2010-01-11,AN ACT Relating to a violation of any condition or requirement by an offender;,0,Modifying violation provisions for offenders.,House,12001,H-4150.2,0,0,0,0,Offender violations,Bill,B,(Kelley),1,0
0,0,2009-10,HB 2627,2627,,,,,2010-01-28,0,0,HB 2627,Committee recommendations adopted and the 1st substitute bill substituted.,0,H subst for,0,0,2010-01-11,AN ACT Relating to child support order summary report forms;,0,Concerning child support order summary report forms.,House,12001,H-4117.1,0,0,0,0,Child support orders/forms,Bill,B,(Kelley),1,0
1,0,2009-10,SHB 2627,2627,,,,,2010-03-15,0,0,SHB 2627,"By resolution, reintroduced and retained in present status.",0,H Rules 3C,0,0,2010-01-21,AN ACT Relating to child support order summary report forms;,0,Concerning child support order summary report forms.,House,12001,H-4633.1,0,0,0,0,Child support orders/forms,Bill,B,(Kelley),0,1
1,0,2009-10,HB 2628,2628,,2009-10,SB 6605,SGovtOp & Elect,2010-03-15,0,0,HB 2628,"By resolution, reintroduced and retained in present status.",0,H Judiciary,0,0,2010-01-11,"AN ACT Relating to the disposition of remains of persons who died while serving on active duty in any branch of the United States armed forces, United States reserve forces, or national guard;",0,"Authorizing persons designated by the decedent to direct disposition, if the decedent died while serving on active duty in any branch of the United States armed forces, United States reserve forces, or national guard.",House,12001,H-3766.2,0,0,0,0,Disposition of remains,Bill,B,(Kelley),0,0
1,0,2009-10,HB 2629,2629,,,,,2010-03-15,0,0,HB 2629,"By resolution, reintroduced and retained in present status.",0,H Rules 3C,0,0,2010-01-11,AN ACT Relating to making corrections to update the law regarding adoption petitions;,0,Updating provisions related to adoption petitions.,House,12001,H-3790.1,0,0,0,0,Adoption petitions,Bill,B,(Kelley),0,0
0,0,2009-10,HB 2630,2630,,,,,2010-02-28,0,0,HB 2630,2nd substitute bill substituted.,0,H subst for,0,0,2010-01-11,AN ACT Relating to creating the opportunity express program;,0,Creating the opportunity express program.,House,14201,H-3997.2,0,0,0,0,Opportunity express program,Bill,B,(Probst),0,0
0,0,2009-10,SHB 2630,2630,,,,,2010-02-28,0,0,SHB 2630,2nd substitute bill substituted.,0,H subst for,0,0,2010-01-20,AN ACT Relating to creating the opportunity express program;,0,Creating the opportunity express program.,House,14201,H-4376.3,0,0,0,0,Opportunity express program,Bill,B,(Probst),1,1
1,0,2009-10,E2SHB 2630,2630,,,,,2010-04-23,1,1,E2SHB 2630,Effective date 7/13/2010.,1,C 24 L 10 E1,0,1,2010-02-04,AN ACT Relating to creating the opportunity express program;,0,Creating the opportunity express program. (REVISED FOR PASSED LEGISLATURE: Regarding the opportunity express program. ),House,14201,H-5039.1,0,0,0,0,Opportunity express program,Bill,B,(Probst),0,2
1,0,2009-10,HB 2631,2631,,,,,2010-03-15,0,0,HB 2631,"By resolution, reintroduced and retained in present status.",0,H Education,0,0,2010-01-11,AN ACT Relating to creating a dropout prevention recognition program;,0,Creating a dropout prevention recognition program.,House,14201,H-3840.2,0,0,0,0,Dropout prevention program,Bill,B,(Probst),1,0
1,0,2009-10,HB 2632,2632,,,,,2010-03-15,0,0,HB 2632,"By resolution, reintroduced and retained in present status.",0,H Ways & Means,0,0,2010-01-11,AN ACT Relating to expanding the percentage of households living in the middle-income bracket;,0,Expanding the number of households living in the middle-income bracket.,House,14201,H-4127.1,0,0,0,0,Middle-income households,Bill,B,(Probst),1,0
1,0,2009-10,SHB 2632,2632,,,,,2010-03-15,0,0,SHB 2632,"By resolution, reintroduced and retained in present status.",0,H Ways & Means,0,0,2010-01-28,AN ACT Relating to expanding the percentage of households living in the middle-income bracket;,0,Expanding the number of households living in the middle-income bracket.,House,14201,H-4773.2,0,0,0,0,Middle-income households,Bill,B,(Probst),1,1
1,0,2009-10,HB 2633,2633,,,,,2010-03-15,0,0,HB 2633,"By resolution, reintroduced and retained in present status.",0,H HHS Apps,0,0,2010-01-11,AN ACT Relating to the department of social and health services' audit program for pharmacy payments;,0,Concerning the department of social and health services' audit program for pharmacy payments.,House,12068,H-3817.2,0,0,0,0,DSHS pharmacy audit program,Bill,B,(Seaquist),1,0
1,0,2009-10,HB 2634,2634,,2009-10,SB 6359,Ssubst for,2010-03-15,0,0,HB 2634,"By resolution, reintroduced and retained in present status.",0,H Rules R,0,0,2010-01-11,AN ACT Relating to promoting efficiencies including institutional coordination and partnerships in the community and technical college system;,0,Promoting efficiencies including institutional coordination and partnerships in the community and technical college system.,House,14325,H-4122.1,0,0,0,0,Cmty & tech college system,Bill,B,(Carlyle),1,0
1,0,2009-10,SHB 2634,2634,,,,,2010-03-15,0,0,SHB 2634,"By resolution, reintroduced and retained in present status.",0,H Rules R,0,0,2010-01-27,AN ACT Relating to promoting efficiencies including institutional coordination and partnerships in the community and technical college system;,0,Promoting efficiencies including institutional coordination and partnerships in the community and technical college system.,House,14325,H-4533.2,0,0,0,0,Cmty & tech college system,Bill,B,(Carlyle),0,1
1,0,2009-10,HB 2635,2635,,2009-10,SB 6345,Ssubst for,2010-03-15,0,0,HB 2635,"By resolution, reintroduced and retained in present status.",0,H Trans,0,0,2010-01-11,AN ACT Relating to the use of wireless communications devices while driving;,0,Addressing the use of wireless communications devices while driving.,House,14325,H-3581.2,0,0,0,0,Wireless communications,Bill,B,(Carlyle),1,0
0,0,2009-10,HB 2636,2636,,2009-10,SB 6371,Ssubst for,2010-02-10,0,0,HB 2636,1st substitute bill substituted.,0,H subst for,0,0,2010-01-11,AN ACT Relating to money transmitters;,0,Concerning money transmitters.,House,3483,Z-0778.5,0,0,0,1,Money transmitters,Bill,B,(Santos),1,0
1,0,2009-10,SHB 2636,2636,,,,,2010-03-15,0,0,SHB 2636,"By resolution, reintroduced and retained in present status.",0,H Rules 3C,0,0,2010-01-21,AN ACT Relating to money transmitters;,0,Concerning money transmitters.,House,3483,H-4451.1,0,0,0,1,Money transmitters,Bill,B,(Santos),1,1
1,0,2009-10,HB 2637,2637,,,,,2010-03-15,0,0,HB 2637,"By resolution, reintroduced and retained in present status.",0,H Finance,0,0,2010-01-11,AN ACT Relating to local government taxation;,1,Concerning local government taxation.,House,8222,H-4087.3,0,0,0,0,Local government taxation,Bill,B,(Hunter),1,0
1,0,2009-10,HB 2638,2638,,,,,2010-03-15,0,1,HB 2638,"By resolution, reintroduced and retained in present status.",0,H Rules 3C,0,0,2010-01-11,AN ACT Relating to instructional materials provided in a specialized format version;,0,Regarding instructional materials provided in a specialized format.,House,8211,H-4103.1,0,0,0,0,Instructional materials,Bill,B,(McCoy),1,0
1,0,2009-10,HB 2639,2639,,2009-10,SB 6447,SLab/Comm/CP,2010-03-15,0,0,HB 2639,"By resolution, reintroduced and retained in present status.",0,H HC/Wellness,0,0,2010-01-11,AN ACT Relating to exempting pipe tobacco from restrictions on shipping tobacco to consumers in Washington;,0,Exempting pipe tobacco from restrictions on shipping tobacco to consumers in Washington.,House,1570,H-3844.1,0,0,0,0,Pipe tobacco,Bill,B,(Dickerson),0,0
1,0,2009-10,HB 2640,2640,,,,,2010-03-15,0,0,HB 2640,"By resolution, reintroduced and retained in present status.",0,H HHS Apps,0,0,2010-01-11,AN ACT Relating to benefits for mental health services under the crime victims' compensation program;,0,Addressing benefits for mental health services under the crime victims' compensation program.,House,1570,H-3567.1,0,0,0,0,Crime victims/mental health,Bill,B,(Dickerson),0,0
1,0,2009-10,SHB 2640,2640,,,,,2010-03-15,0,0,SHB 2640,"By resolution, reintroduced and retained in present status.",0,H HHS Apps,0,0,2010-01-29,AN ACT Relating to benefits for mental health services under the crime victims' compensation program;,0,Addressing benefits for mental health services under the crime victims' compensation program.,House,1570,H-4563.2,0,0,0,0,Crime victims/mental health,Bill,B,(Dickerson),1,1
0,0,2009-10,HB 2641,2641,,,,,2010-02-15,0,0,HB 2641,1st substitute bill substituted.,0,H subst for,0,0,2010-01-11,AN ACT Relating to expanding small business development centers;,0,Expanding small business development centers.,House,2314,H-4031.1,0,0,0,0,Small business development,Bill,B,(Kenney),1,0
1,0,2009-10,ESHB 2641,2641,,,,,2010-04-12,0,1,ESHB 2641,Returned to Rules Committee for third reading.,0,H Rules 3C,0,1,2010-02-05,AN ACT Relating to expanding small business development centers;,0,Expanding small business development centers.,House,2314,H-5060.1,0,0,0,0,Small business development,Bill,B,(Kenney),1,1
1,0,2009-10,HB 2642,2642,,,,,2010-03-15,0,1,HB 2642,"By resolution, reintroduced and retained in present status.",0,H Rules 3C,0,0,2010-01-11,AN ACT Relating to wine tasting at farmers markets;,0,Establishing a pilot project to allow wine tasting at farmers markets.,House,2314,H-3647.3,0,0,0,0,Wine tasting/farmers markets,Bill,B,(Kenney),1,0
1,0,2009-10,HB 2643,2643,,,,,2010-03-15,0,0,HB 2643,"By resolution, reintroduced and retained in present status.",0,H Gen Gov Apps,0,0,2010-01-11,AN ACT Relating to providing better water quality during charitable car washes;,0,Providing better water quality during charitable car washes.,House,1407,H-3584.1,0,0,0,0,Charitable car washes,Bill,B,(Chase),0,0
1,0,2009-10,SHB 2643,2643,,,,,2010-03-15,0,0,SHB 2643,"By resolution, reintroduced and retained in present status.",0,H Gen Gov Apps,0,0,2010-01-29,AN ACT Relating to providing better water quality during charitable car washes;,0,Providing better water quality during charitable car washes.,House,1407,H-4861.1,0,0,0,0,Charitable car washes,Bill,B,(Chase),1,1
1,0,2009-10,HB 2644,2644,,,,,2010-03-15,0,0,HB 2644,"By resolution, reintroduced and retained in present status.",0,H Ecology & Park,0,0,2010-01-11,AN ACT Relating to providing incentives for the collection and recycling of beverage containers;,0,Providing incentives for the collection and recycling of beverage bottles.,House,1407,H-4061.1,0,0,0,0,Beverage containers,Bill,B,(Chase),0,0
1,0,2009-10,HB 2645,2645,,,,,2010-03-15,0,0,HB 2645,"By resolution, reintroduced and retained in present status.",0,H Finance,0,0,2010-01-11,AN ACT Relating to tax preferences and the public interest;,0,Concerning tax preferences and the public interest.,House,1407,H-4140.1,0,0,0,0,Tax preferences,Bill,B,(Chase),0,0
1,0,2009-10,HB 2646,2646,,2009-10,SB 6456,SRules X,2010-03-15,0,0,HB 2646,"By resolution, reintroduced and retained in present status.",0,H Commerce/Lab,0,0,2010-01-11,"AN ACT Relating to improving administration of wage complaints by defining the limitations period for administrative wage claims through the department of labor and industries, tolling the civil statute of limitations, increasing minimum penalties for violators, creating and affecting waiver of penalties for repeat violators and those with a business practice of disregard for wage law, and providing for wage law violation liability for successor businesses;",0,Improving administration of wage complaints.,House,8211,H-4028.2,0,0,0,0,Wage complaints,Bill,B,(McCoy),1,0
1,0,2009-10,HB 2647,2647,,2009-10,SB 6526,SRules 2G,2010-03-15,0,0,HB 2647,"By resolution, reintroduced and retained in present status.",0,H Commerce/Lab,0,0,2010-01-11,AN ACT Relating to allowing certain individuals to seek part-time employment while maintaining eligibility for unemployment insurance in order to qualify for the unemployment insurance modernization incentive provisions of the American recovery and reinvestment act of 2009;,0,Allowing certain individuals to seek part-time employment while maintaining eligibility for unemployment insurance in order to qualify for the unemployment insurance modernization incentive provisions of the American recovery and reinvestment act of 2009.,House,972,Z-1123.1,0,1,0,0,Unemployment insurance,Bill,B,(Conway),1,0
1,0,2009-10,HB 2648,2648,,2009-10,SB 6524,Ssubst for,2010-03-15,0,0,HB 2648,"By resolution, reintroduced and retained in present status.",0,H Rules C,0,0,2010-01-11,"AN ACT Relating to unemployment insurance penalties and contribution rates for employers who are not ""qualified employers"";",0,"Addressing unemployment insurance penalties and contribution rates for employers who are not ""qualified employers.""",House,2314,Z-1071.1,0,1,0,0,Unemployment insurance rates,Bill,B,(Kenney),1,0
1,0,2009-10,SHB 2648,2648,,,,,2010-03-15,0,0,SHB 2648,"By resolution, reintroduced and retained in present status.",0,H Rules C,0,0,2010-01-19,"AN ACT Relating to unemployment insurance penalties and contribution rates for employers who are not ""qualified employers"";",0,"Addressing unemployment insurance penalties and contribution rates for employers who are not ""qualified employers.""",House,2314,H-4542.1,0,1,0,0,Unemployment insurance rates,Bill,B,(Kenney),1,1
0,0,2009-10,HB 2649,2649,,2009-10,SB 6525,S2nd RdConsCal,2010-01-28,0,0,HB 2649,Committee recommendations adopted and the 1st substitute bill substituted.,0,H subst for,0,0,2010-01-11,"AN ACT Relating to correcting references in RCW 50.29.021(2)(c)(i), (c)(ii), and (3)(e), RCW 50.29.062(2)(b)(i)(B) and (2)(b)(iii), and RCW 50.29.063(1)(b) and (2)(a)(ii) to unemployment insurance statutes concerning employer experience rating accounts and contribution rates;",0,"Correcting references in RCW 50.29.021(2)(c)(i), (c)(ii), and (3)(e), RCW 50.29.062(2)(b)(i)(B) and (2)(b)(iii), and RCW 50.29.063(1)(b) and (2)(a)(ii) to unemployment insurance statutes concerning employer experience rating accounts and contribution rates.",House,10021,Z-1096.1,0,1,0,0,Unemployment insurance/RCW,Bill,B,(Green),1,0
1,0,2009-10,SHB 2649,2649,,,,,2010-03-12,0,0,SHB 2649,Effective date 6/10/2010*.,0,C 25 L 10,0,0,2010-01-19,"AN ACT Relating to correcting references in RCW 50.29.021(2)(c)(i), (c)(ii), and (3)(e), RCW 50.29.062(2)(b)(i)(B) and (2)(b)(iii), and RCW 50.29.063(1)(b) and (2)(a)(ii) to unemployment insurance statutes concerning employer experience rating accounts and contribution rates;",0,"Correcting references in RCW 50.29.021(2)(c)(i), (c)(ii), and (3)(e), RCW 50.29.062(2)(b)(i)(B) and (2)(b)(iii), and RCW 50.29.063(1)(b) and (2)(a)(ii) to unemployment insurance statutes concerning employer experience rating accounts and contribution rates.",House,10021,H-4481.1,0,1,0,0,Unemployment insurance/RCW,Bill,B,(Green),1,1
1,0,2009-10,HB 2650,2650,,,,,2010-03-15,0,0,HB 2650,"By resolution, reintroduced and retained in present status.",0,H Finance,0,0,2010-01-11,AN ACT Relating to providing local flexibility with existing revenues during severe economic downturns;,1,Providing local flexibility with existing revenues during severe economic downturns.,House,10039,H-3911.1,0,0,0,0,Severe economic downturns,Bill,B,(Springer),1,0
0,0,2009-10,HB 2651,2651,,,,,2010-02-10,0,0,HB 2651,1st substitute bill substituted.,0,H subst for,0,0,2010-01-11,AN ACT Relating to the authority of port districts to participate in activities related to job training and placement;,1,Authorizing port districts to participate in activities related to job training and placement.,House,1712,H-3771.3,0,0,0,0,Port districts/job training,Bill,B,(Upthegrove),0,0
1,0,2009-10,SHB 2651,2651,,,,,2010-03-24,0,0,SHB 2651,Effective date 6/10/2010.,0,C 195 L 10,0,0,2010-01-27,AN ACT Relating to the authority of port districts to participate in activities related to job training and placement;,1,Authorizing port districts to participate in activities related to job training and placement.,House,1712,H-4703.2,0,0,0,0,Port districts/job training,Bill,B,(Upthegrove),0,1
1,0,2009-10,HB 2652,2652,,,,,2010-03-15,0,0,HB 2652,"By resolution, reintroduced and retained in present status.",0,H Rules R,0,0,2010-01-11,AN ACT Relating to the regulation of tanning facilities;,0,Regulating tanning facilities.,House,5156,H-3949.1,0,0,0,0,Tanning facilities,Bill,B,(Darneille),1,0
1,0,2009-10,SHB 2652,2652,,,,,2010-03-15,0,1,SHB 2652,"By resolution, reintroduced and retained in present status.",0,H Rules R,0,0,2010-01-29,AN ACT Relating to the regulation of tanning facilities;,0,Regulating tanning facilities.,House,5156,H-4894.1,0,0,0,0,Tanning facilities,Bill,B,(Darneille),1,1
1,0,2009-10,HB 2653,2653,,,,,2010-03-15,0,0,HB 2653,"By resolution, reintroduced and retained in present status.",0,H Ecology & Park,0,0,2010-01-11,AN ACT Relating to eliminating duplication in federal and state greenhouse gas reporting requirements;,0,Eliminating duplication in federal and state greenhouse gas reporting requirements.,House,11952,H-4050.1,0,0,0,0,Greenhouse gas reporting,Bill,B,(Short),0,0
1,0,2009-10,HB 2654,2654,,,,,2010-03-15,0,0,HB 2654,"By resolution, reintroduced and retained in present status.",0,H Rules R,0,0,2010-01-12,AN ACT Relating to providing for elementary math specialists;,0,Providing for elementary math specialists.,House,8420,H-4027.1,0,0,0,0,Elementary math specialists,Bill,B,(Wallace),1,0
1,0,2009-10,SHB 2654,2654,,,,,2010-03-15,0,0,SHB 2654,"By resolution, reintroduced and retained in present status.",0,H Rules R,0,0,2010-02-02,AN ACT Relating to providing for elementary math specialists;,0,Providing for elementary math specialists.,House,8420,H-4777.2,0,0,0,0,Elementary math specialists,Bill,B,(Wallace),1,1
1,0,2009-10,HB 2655,2655,,2009-10,SB 6355,Ssubst for,2010-03-15,0,0,HB 2655,"By resolution, reintroduced and retained in present status.",0,H Rules R,0,0,2010-01-12,AN ACT Relating to expanding the higher education system upon proven demand;,0,Expanding the higher education system upon proven demand.,House,8420,H-4059.1,0,0,0,0,Higher education system,Bill,B,(Wallace),1,0
1,0,2009-10,SHB 2655,2655,,,,,2010-03-15,0,0,SHB 2655,"By resolution, reintroduced and retained in present status.",0,H Rules R,0,0,2010-01-29,AN ACT Relating to expanding the higher education system upon proven demand;,0,Expanding the higher education system upon proven demand.,House,8420,H-4719.3,0,0,0,0,Higher education system,Bill,B,(Wallace),0,1
1,0,2009-10,HB 2656,2656,,,,,2010-03-15,0,0,HB 2656,"By resolution, reintroduced and retained in present status.",0,H SGTribalAff,0,0,2010-01-12,AN ACT Relating to biennial regular sessions of the legislature;,0,Providing for biennial regular sessions of the legislature.,House,8240,H-3528.2,0,0,0,0,Biennial legislative session,Bill,B,(Hinkle),0,0
0,0,2009-10,HB 2657,2657,,,,,2010-02-10,0,0,HB 2657,Committee recommendations adopted and the 1st substitute bill substituted.,0,H subst for,0,0,2010-01-12,AN ACT Relating to the dissolution of limited liability companies;,0,Addressing the dissolution of limited liability companies.,House,12002,Z-1100.2,0,0,0,0,Limited liability companies,Bill,B,(Pedersen),0,0
1,0,2009-10,SHB 2657,2657,,,,,2010-03-24,1,1,SHB 2657,Effective date 6/10/2010.,0,C 196 L 10,0,0,2010-02-01,AN ACT Relating to the dissolution of limited liability companies;,0,Addressing the dissolution of limited liability companies.,House,12002,H-4835.2,0,0,0,0,Limited liability companies,Bill,B,(Pedersen),0,1
0,0,2009-10,HB 2658,2658,,2009-10,SB 6515,Ssubst for,2010-02-13,0,0,HB 2658,2nd substitute bill substituted.,0,H subst for,0,0,2010-01-12,"AN ACT Relating to refocusing the mission of the department of commerce, including transferring programs;",0,"Refocusing the department of commerce, including transferring programs.",House,2314,Z-1026.3,0,1,0,0,Refocusing dept. of commerce,Bill,B,(Kenney),1,0
0,0,2009-10,SHB 2658,2658,,,,,2010-02-13,0,0,SHB 2658,2nd substitute bill substituted.,0,H subst for,0,0,2010-02-01,"AN ACT Relating to refocusing the mission of the department of commerce, including transferring programs;",0,"Refocusing the department of commerce, including transferring programs.",House,2314,H-4710.3,0,1,0,0,Refocusing dept. of commerce,Bill,B,(Kenney),0,1
1,0,2009-10,E2SHB 2658,2658,,,,,2010-04-01,1,1,E2SHB 2658,Effective date 7/1/2010.,1,C 271 L 10,0,1,2010-02-08,"AN ACT Relating to refocusing the mission of the department of commerce, including transferring programs;",0,"Refocusing the department of commerce, including transferring programs.",House,2314,H-5081.1,0,1,0,0,Refocusing dept. of commerce,Bill,B,(Kenney),1,2
1,0,2009-10,HB 2659,2659,,,,,2010-03-24,0,0,HB 2659,Effective date 6/10/2010.,0,C 197 L 10,0,0,2010-01-12,AN ACT Relating to modifying reporting requirements for timber purchases;,0,Modifying reporting requirements for timber purchases.,House,9207,H-3837.1,0,0,0,0,Timber purchase reporting,Bill,B,(Ormsby),0,0
1,0,2009-10,HB 2660,2660,,,,,2010-03-15,0,0,HB 2660,"By resolution, reintroduced and retained in present status.",0,H Pub Safety,0,0,2010-01-12,AN ACT Relating to establishing the crime of rendering aggravated criminal assistance in the first degree involving murder in the first degree of a peace officer;,1,Establishing the crime of rendering aggravated criminal assistance in the first degree involving murder in the first degree of a peace officer.,House,14276,H-3964.1,0,0,0,0,Murder of a peace officer,Bill,B,(Hope),1,0
0,0,2009-10,HB 2661,2661,,2009-10,SB 6283,S2nd RdConsCal,2010-02-10,0,0,HB 2661,1st substitute bill substituted.,0,H subst for,0,0,2010-01-12,AN ACT Relating to the plant operations support program;,0,Regarding the Washington State University extension energy program's plant operations support program.,House,8215,Z-0924.4,0,1,0,0,WSU extension energy program,Bill,B,(Hudgins),1,0
1,0,2009-10,SHB 2661,2661,,,,,2010-03-12,0,0,SHB 2661,Effective date 6/10/2010.,0,C 37 L 10,0,0,2010-01-28,AN ACT Relating to the plant operations support program;,0,Regarding the Washington State University extension energy program's plant operations support program.,House,8215,H-4853.1,0,1,0,0,WSU extension energy program,Bill,B,(Hudgins),0,1
1,0,2009-10,HB 2662,2662,,2009-10,SB 6384,SRules X,2010-03-15,0,0,HB 2662,"By resolution, reintroduced and retained in present status.",0,H Judiciary,0,0,2010-01-12,AN ACT Relating to conforming certain manufactured/mobile home dispute resolution program definitions with certain manufactured/mobile home landlord-tenant act definitions;,0,Conforming certain manufactured/mobile home dispute resolution program definitions with certain manufactured/mobile home landlord-tenant act definitions.,House,12001,H-3910.1,0,0,0,0,Manufactured & mobile homes,Bill,B,(Kelley),0,0
1,0,2009-10,HB 2663,2663,,,,,2010-03-15,0,0,HB 2663,"By resolution, reintroduced and retained in present status.",0,H Ecology & Park,0,0,2010-01-12,AN ACT Relating to aquatic lands lease rates for marinas;,0,Regarding aquatic lands lease rates for marinas.,House,12001,H-3854.1,0,0,0,0,Aquatic lands lease rates,Bill,B,(Kelley),0,0
1,0,2009-10,HB 2664,2664,,2009-10,SB 6495,SWays & Means,2010-03-15,0,0,HB 2664,"By resolution, reintroduced and retained in present status.",0,H Human Ser,0,0,2010-01-12,AN ACT Relating to supported living vendor rates;,0,Concerning supported living vendor rates.,House,10058,H-3779.2,0,0,0,0,Supportd living vendor rates,Bill,B,(Roberts),1,0
1,0,2009-10,HB 2665,2665,,,,,2010-03-15,0,0,HB 2665,"By resolution, reintroduced and retained in present status.",0,H Trans,0,0,2010-01-12,AN ACT Relating to work performed by state forces on ferry vessels or terminals;,0,Authorizing state forces to perform work on ferry vessels or terminals when estimated costs are less than two hundred thousand dollars.,House,12068,H-4152.1,0,0,0,0,Ferry vessels or terminals,Bill,B,(Seaquist),1,0
1,1,2009-10,HB 2666,2666,,,,,2010-03-15,0,0,HB 2666,"By resolution, reintroduced and retained in present status.",0,H Ag & Nat Res,0,0,2010-01-12,AN ACT Relating to enhancing economic vitality in rural areas by clarifying when certain waters of the state may be removed from additional appropriations;,0,Enhancing economic vitality in rural areas by clarifying when certain waters of the state may be removed from additional appropriations.,House,3469,H-4217.1,0,0,0,0,State waters/rural areas,Bill,B,(Chandler),0,0
1,0,2009-10,EHB 2667,2667,,,,,2010-03-12,0,1,EHB 2667,Effective date 6/10/2010.,0,C 38 L 10,0,1,2010-01-12,AN ACT Relating to communications during a forest fire response;,1,Concerning communications during a forest fire response.,House,3469,H-3927.1,0,0,0,0,Forest fire response,Bill,B,(Chandler),1,0
1,0,2009-10,HB 2668,2668,,,,,2010-03-15,0,0,HB 2668,"By resolution, reintroduced and retained in present status.",0,H Finance,0,0,2010-01-12,AN ACT Relating to reflecting the impact on property values of governmental restrictions that prevent the property owner from exercising certain groundwater rights;,0,Reflecting the impact on property values of governmental restrictions that prevent the property owner from exercising certain groundwater rights.,House,3469,H-3957.1,0,0,0,0,Property values/groundwater,Bill,B,(Chandler),0,0
1,0,2009-10,HB 2669,2669,,2009-10,SB 6535,SHea/L-T Care,2010-03-15,0,0,HB 2669,"By resolution, reintroduced and retained in present status.",0,H HC/Wellness,0,0,2010-01-12,AN ACT Relating to adopting the Washington state health care freedom act of 2010;,0,Adopting the Washington state health care freedom act of 2010 concerning health care services.,House,8240,H-4083.1,0,0,0,0,Health care freedom act,Bill,B,(Hinkle),1,0
0,0,2009-10,HB 2670,2670,,2009-10,SB 6502,SRules 2,2010-02-13,0,0,HB 2670,2nd substitute bill substituted.,0,H subst for,0,0,2010-01-12,AN ACT Relating to restoring the school district levy base;,0,Restoring the school district levy base.,House,3475,H-4026.1,0,0,0,0,School district levy base,Bill,B,(Haigh),1,0
0,0,2009-10,SHB 2670,2670,,,,,2010-02-13,0,0,SHB 2670,2nd substitute bill substituted.,0,H subst for,0,0,2010-01-21,AN ACT Relating to restoring the school district levy base;,0,Restoring the school district levy base.,House,3475,H-4641.1,0,0,0,0,School district levy base,Bill,B,(Haigh),0,1
1,0,2009-10,2SHB 2670,2670,,,,,2010-03-15,0,0,2SHB 2670,"By resolution, reintroduced and retained in present status.",0,H Rules 3C,0,0,2010-02-09,AN ACT Relating to restoring the school district levy base;,0,Restoring the school district levy base.,House,3475,H-5121.1,0,0,0,0,School district levy base,Bill,B,(Haigh),1,2
1,0,2009-10,HB 2671,2671,,,,,2010-03-15,0,0,HB 2671,"By resolution, reintroduced and retained in present status.",0,H Commerce/Lab,0,0,2010-01-12,AN ACT Relating to the licensing of locksmiths;,0,Regarding the licensing of locksmiths.,House,3486,H-4124.1,0,0,0,0,Licensing of locksmiths,Bill,B,(Hurst),1,0
1,0,2009-10,EHB 2672,2672,,2009-10,SB 6331,SWays & Means,2010-03-26,0,1,EHB 2672,"Effective Date Contingent on Sine Die of the 1st Special Session or no later than July 13, 2010.",0,C 2 L 10 E1,0,1,2010-01-12,AN ACT Relating to tax relief for aluminum smelters;,0,Concerning tax relief for aluminum smelters.,House,646,H-3701.4,0,0,0,0,Aluminum smelters/tax relief,Bill,B,(Linville),1,0
1,0,2009-10,HB 2673,2673,,2009-10,SB 6273,Ssubst for,2010-03-15,0,0,HB 2673,"By resolution, reintroduced and retained in present status.",0,H Rules X,0,0,2010-01-12,AN ACT Relating to insurance coverage of the sales tax for prescribed durable medical equipment and mobility enhancing equipment;,0,Concerning insurance coverage of the sales tax for prescribed durable medical equipment and mobility enhancing equipment.,House,1611,H-4077.1,0,0,0,0,Durable medical equipment,Bill,B,(Williams),1,0
1,0,2009-10,SHB 2673,2673,,,,,2010-03-15,0,0,SHB 2673,"By resolution, reintroduced and retained in present status.",0,H Rules X,0,0,2010-01-29,AN ACT Relating to insurance coverage of the sales tax for prescribed durable medical equipment and mobility enhancing equipment;,0,Regarding insurance coverage of the sales tax for prescribed durable medical equipment and mobility enhancing equipment.,House,1611,H-4811.1,0,0,0,0,Durable medical equipment,Bill,B,(Williams),0,1
1,0,2009-10,HB 2674,2674,,,,,2010-03-15,0,0,HB 2674,"By resolution, reintroduced and retained in present status.",0,H LG & Housing,0,0,2010-01-12,AN ACT Relating to requiring certain annexation ordinances be subject to referendum;,0,Concerning making an annexation ordinance subject to referendum.,House,8297,H-4003.2,0,0,0,0,Annexation ordinances,Bill,B,(Priest),0,0
1,0,2009-10,HB 2675,2675,,2009-10,SB 6401,C 163 L 10,2010-03-15,0,0,HB 2675,"By resolution, reintroduced and retained in present status.",0,H Rules R,0,0,2010-01-12,"AN ACT Relating to an alternative process for selecting an electrical contractor or a mechanical contractor, or both, for general contractor/construction manager projects;",0,"Concerning an alternative process for selecting an electrical contractor or a mechanical contractor, or both, for general contractor/construction manager projects.",House,3475,H-4106.1,0,0,0,0,General contractor projects,Bill,B,(Haigh),0,0
1,0,2009-10,HB 2676,2676,,,,,2010-03-26,0,0,HB 2676,"Effective Date Contingent on Sine Die of the 1st Special Session or no later than July 13, 2010",0,C 4 L 10 E1,0,0,2010-01-12,AN ACT Relating to energy conservation loans;,0,Extending the pay back period for certain energy conservation loans.,House,1407,H-3824.1,0,0,0,0,Energy conservation loans,Bill,B,(Chase),0,0
1,0,2009-10,HB 2677,2677,,,,,2010-03-26,0,0,HB 2677,"Effective Date Contingent on Sine Die of the 1st Special Session or no later than July 13, 2010.",0,C 5 L 10 E1,0,0,2010-01-12,AN ACT Relating to water conservation loans;,0,Extending the pay back period for certain water conservation loans.,House,1407,H-3825.1,0,0,0,0,Water conservation loans,Bill,B,(Chase),0,0
0,0,2009-10,HB 2678,2678,,2009-10,SB 6393,Ssubst for,2010-02-13,0,0,HB 2678,1st substitute bill substituted.,0,H subst for,0,0,2010-01-12,AN ACT Relating to modifying distributions of funds by the horse racing commission to nonprofit race meets;,0,Modifying distributions of funds by the horse racing commission to nonprofit race meets.,House,649,Z-0913.1,0,0,0,1,Nonprofit race meets,Bill,B,(Quall),1,0
1,0,2009-10,SHB 2678,2678,,,,,2010-03-12,0,0,SHB 2678,Effective date 6/10/2010.,0,C 39 L 10,0,0,2010-01-22,AN ACT Relating to modifying distributions of funds by the horse racing commission to nonprofit race meets;,0,Modifying distributions of funds by the horse racing commission to nonprofit race meets.,House,649,H-4565.1,0,0,0,1,Nonprofit race meets,Bill,B,(Quall),1,1
1,0,2009-10,HB 2679,2679,,,,,2010-03-15,0,0,HB 2679,"By resolution, reintroduced and retained in present status.",0,H Ways & Means,0,0,2010-01-12,AN ACT Relating to delaying benefit increases until the creation of a state retirement system risk analysis system;,0,Delaying benefit increases until the creation of a state retirement system risk analysis system.,House,8238,H-3775.2,0,0,0,0,State retirement system,Bill,B,(Bailey),1,0
0,0,2009-10,HB 2680,2680,,,,,2010-02-13,0,0,HB 2680,1st substitute bill substituted.,0,H subst for,0,0,2010-01-12,AN ACT Relating to implementing a guardianship program;,0,Implementing a guardianship program.,House,10058,H-4108.1,0,0,0,0,Guardianship program,Bill,B,(Roberts),1,0
1,0,2009-10,SHB 2680,2680,,,,,2010-04-01,1,1,SHB 2680,Effective date 6/10/2010.,0,C 272 L 10,0,0,2010-01-22,AN ACT Relating to implementing a guardianship program;,0,Implementing a guardianship program.,House,10058,H-4656.2,0,0,0,0,Guardianship program,Bill,B,(Roberts),1,1
1,0,2009-10,HB 2681,2681,,,,,2010-03-24,1,1,HB 2681,Effective date 6/10/2010.,0,C 191 L 10,0,0,2010-01-12,AN ACT Relating to allowing compensation for part-time judges' judicial services;,0,Allowing compensation for part-time judges' judicial services.,House,11999,H-3895.1,0,0,0,0,Compensation for p-t judges,Bill,B,(Goodman),0,0
1,0,2009-10,HB 2682,2682,,,,,2010-03-15,0,0,HB 2682,"By resolution, reintroduced and retained in present status.",0,H ComEcDevTr,0,0,2010-01-12,AN ACT Relating to approving propositions sent to the voters by certain public facilities districts;,1,Concerning approval of propositions sent to the voters by certain public facilities districts.,House,2314,H-3772.1,0,0,0,0,Public facilities districts,Bill,B,(Kenney),0,0
0,0,2009-10,HB 2683,2683,,,,,2010-02-12,0,0,HB 2683,Committee recommendations adopted and the 1st substitute bill substituted.,0,H subst for,0,0,2010-01-12,AN ACT Relating to the economic development commission;,0,Changing provisions relating to the economic development commission.,House,2314,H-3996.3,0,0,0,0,Econ development commission,Bill,B,(Kenney),1,0
1,0,2009-10,SHB 2683,2683,,,,,2010-03-15,0,0,SHB 2683,"By resolution, reintroduced and retained in present status.",0,H Rules 3C,0,0,2010-01-27,AN ACT Relating to the economic development commission;,0,Changing provisions relating to the economic development commission.,House,2314,H-4692.2,0,0,0,0,Econ development commission,Bill,B,(Kenney),1,1
0,0,2009-10,HB 2684,2684,,,,,2010-02-10,0,0,HB 2684,1st substitute bill substituted.,0,H subst for,0,0,2010-01-12,AN ACT Relating to establishing opportunity centers at community colleges;,0,Establishing opportunity centers at community colleges.,House,2314,H-4133.1,0,0,0,0,Opportunity centers,Bill,B,(Kenney),0,0
1,0,2009-10,SHB 2684,2684,,,,,2010-03-12,0,0,SHB 2684,Effective date 6/10/2010.,0,C 40 L 10,0,0,2010-01-27,AN ACT Relating to establishing opportunity centers at community colleges;,0,Establishing opportunity centers at community colleges.,House,2314,H-4819.1,0,0,0,0,Opportunity centers,Bill,B,(Kenney),1,1
1,0,2009-10,HB 2685,2685,,,,,2010-03-15,0,0,HB 2685,"By resolution, reintroduced and retained in present status.",0,H Ecology & Park,0,0,2010-01-12,AN ACT Relating to the Puget Sound partnership leadership council;,0,Modifying the powers and duties of the Puget Sound partnership leadership council.,House,11998,H-4120.1,0,0,0,0,Puget Sound partnership,Bill,B,(Rolfes),1,0
0,0,2009-10,HB 2686,2686,,2009-10,SB 6427,SHea/L-T Care,2010-02-10,0,0,HB 2686,1st substitute bill substituted.,0,H subst for,0,0,2010-01-12,AN ACT Relating to fees for dental services that are not covered services under dental insurance or dental health care service contracts;,0,Concerning fees for dental services that are not covered by insurance or contract.,House,14256,H-3881.1,0,0,0,0,Dental services not covered,Bill,B,(Driscoll),0,0
1,0,2009-10,SHB 2686,2686,,,,,2010-03-26,1,1,SHB 2686,Effective date 6/10/2010.,0,C 228 L 10,0,0,2010-01-29,AN ACT Relating to fees for dental services that are not covered services under dental insurance or dental health care service contracts;,0,Concerning fees for dental services that are not covered by insurance or contract.,House,14256,H-4851.1,0,0,0,0,Dental services not covered,Bill,B,(Driscoll),0,1
0,1,2009-10,HB 2687,2687,,,,,2010-02-15,0,0,HB 2687,3rd substitute bill substituted.,0,H subst for,0,0,2010-01-12,AN ACT Relating to creating the home visiting services account;,0,Creating the home visiting services account.,House,3487,H-3942.1,0,0,0,0,Home visiting services acct,Bill,B,(Kagi),0,0
0,1,2009-10,SHB 2687,2687,,,,,2010-02-15,0,0,SHB 2687,3rd substitute bill substituted.,0,H subst for,0,0,2010-01-28,AN ACT Relating to creating the home visiting services account;,0,Creating the home visiting services account.,House,3487,H-4736.1,0,0,0,0,Home visiting services acct,Bill,B,(Kagi),0,1
0,1,2009-10,2SHB 2687,2687,,,,,2010-02-15,0,0,2SHB 2687,3rd substitute bill substituted.,0,H subst for,0,0,2010-02-04,AN ACT Relating to creating the home visiting services account;,0,Creating the home visiting services account.,House,3487,H-5040.1,0,0,0,0,Home visiting services acct,Bill,B,(Kagi),1,2
1,0,2009-10,3SHB 2687,2687,,,,,2010-03-15,0,1,3SHB 2687,"By resolution, reintroduced and retained in present status.",0,H Rules 3C,0,0,2010-02-08,AN ACT Relating to creating the home visiting services account;,0,Creating the home visiting services account.,House,3487,H-5085.1,0,0,0,0,Home visiting services acct,Bill,B,(Kagi),1,3
0,0,2009-10,HB 2688,2688,,2009-10,SB 6329,Ssubst for,2010-02-13,0,0,HB 2688,1st substitute bill substituted.,0,H subst for,0,0,2010-01-12,AN ACT Relating to creating a beer and wine tasting endorsement to the grocery store liquor license;,0,Creating a beer and wine tasting endorsement to the grocery store liquor license.,House,8222,H-3899.1,0,0,0,0,Beer and wine tasting,Bill,B,(Hunter),1,0
1,0,2009-10,SHB 2688,2688,,,,,2010-03-15,0,1,SHB 2688,"By resolution, reintroduced and retained in present status.",0,H Rules 3C,0,0,2010-01-26,AN ACT Relating to creating a beer and wine tasting endorsement to the grocery store liquor license;,0,Creating a beer and wine tasting endorsement to the grocery store liquor license.,House,8222,H-4761.1,0,0,0,0,Beer and wine tasting,Bill,B,(Hunter),1,1
1,0,2009-10,HB 2689,2689,,,,,2010-03-15,0,0,HB 2689,"By resolution, reintroduced and retained in present status.",0,H Rules C,0,0,2010-01-12,AN ACT Relating to modifying agency relationship provisions to clarify broker and licensee terms;,0,Modifying agency relationship provisions to clarify broker and licensee terms.,House,11999,H-3906.2,0,0,0,0,Broker and licensee terms,Bill,B,(Goodman),0,0
1,0,2009-10,SHB 2689,2689,,,,,2010-03-15,0,1,SHB 2689,"By resolution, reintroduced and retained in present status.",0,H Rules C,0,0,2010-01-27,AN ACT Relating to modifying agency relationship provisions to clarify broker and licensee terms;,0,Modifying agency relationship provisions to clarify broker and licensee terms.,House,11999,H-4766.1,0,0,0,0,Broker and licensee terms,Bill,B,(Goodman),0,1
1,0,2009-10,HB 2690,2690,,,,,2010-03-15,0,0,HB 2690,"By resolution, reintroduced and retained in present status.",0,H Judiciary,0,0,2010-01-12,AN ACT Relating to prohibiting the use of voluntary intoxication as a defense against a criminal charge;,0,Prohibiting the use of voluntary intoxication as a defense against a criminal charge.,House,8235,H-3696.1,0,0,0,0,Voluntary intoxication,Bill,B,(Kristiansen),0,0
1,0,2009-10,HB 2691,2691,,,,,2010-03-15,0,0,HB 2691,"By resolution, reintroduced and retained in present status.",0,H LG & Housing,0,0,2010-01-12,AN ACT Relating to suspending the growth management act in counties with significant and persistent unemployment;,0,Suspending the growth management act in counties with significant and persistent unemployment.,House,2143,H-4082.1,0,0,0,0,Growth management act,Bill,B,(DeBolt),0,0
1,0,2009-10,HB 2692,2692,,,,,2010-03-15,0,0,HB 2692,"By resolution, reintroduced and retained in present status.",0,H LG & Housing,0,0,2010-01-12,AN ACT Relating to the growth management hearings boards;,0,Creating a growth management hearings board appointed by county commissioners.,House,15006,H-4044.1,0,0,0,0,Growth mgmt hearings boards,Bill,B,(Taylor),0,0
1,0,2009-10,HB 2693,2693,,,,,2010-03-15,0,0,HB 2693,"By resolution, reintroduced and retained in present status.",0,H Pub Safety,0,0,2010-01-12,AN ACT Relating to compensating auto theft victims for towing and impound fees;,1,Compensating auto theft victims for towing and impound fees.,House,9997,H-3901.1,0,0,0,0,Auto theft victims/towing,Bill,B,(Sells),1,0
1,0,2009-10,HB 2694,2694,,2009-10,SB 6801,SHighEd&WorkDev,2010-04-23,1,1,HB 2694,Effective date 7/1/2010**.,0,C 25 L 10 E1,0,0,2010-01-12,AN ACT Relating to a bachelor of science in nursing program at the University Center;,0,Regarding a bachelor of science in nursing program at the University Center.,House,9997,H-4156.1,0,0,0,0,BS in nursing/University Ctr,Bill,B,(Sells),1,0
1,0,2009-10,HB 2695,2695,,,,,2010-03-15,0,0,HB 2695,"By resolution, reintroduced and retained in present status.",0,H Trans,0,0,2010-01-12,AN ACT Relating to an online insurance verification system;,0,Establishing an online insurance verification system.,House,10249,H-4038.1,0,0,0,0,Insurance verification,Bill,B,(Takko),0,0
1,0,2009-10,HB 2696,2696,,,,,2010-03-15,0,0,HB 2696,"By resolution, reintroduced and retained in present status.",0,H Ag & Nat Res,0,0,2010-01-12,AN ACT Relating to developing a process for the department of fish and wildlife for proposing a new permit-only salmonid fishery for the Columbia river that promotes the harvest of hatchery-origin fish by utilizing fishing gear designed to maximize the harvest of hatchery- origin fish while minimizing the mortality to wild fish listed under the federal endangered species act;,0,Regarding a proposal for a new permit-only salmonid fishery for the Columbia river.,House,8317,H-3973.2,0,0,0,0,Col. river salmonid fishery,Bill,B,(Blake),1,0
1,0,2009-10,HB 2697,2697,,,,,2010-03-22,0,0,HB 2697,Effective date 7/1/2010.,0,C 156 L 10,0,0,2010-01-12,AN ACT Relating to real estate broker licensure fees;,0,Concerning real estate broker licensure fees.,House,972,H-3726.3,0,0,0,0,Real estate broker licensure,Bill,B,(Conway),1,0
1,0,2009-10,HB 2698,2698,,,,,2010-03-15,0,0,HB 2698,"By resolution, reintroduced and retained in present status.",0,H Judiciary,0,0,2010-01-12,AN ACT Relating to notice requirements for landlords of manufactured/mobile homes with stick-built garages and raised ridgelines;,0,Providing certain notice requirements for landlords of manufactured/mobile homes with stick-built garages and raised ridgelines.,House,5164,H-3912.2,0,0,0,0,Manuf/mobile home landlords,Bill,B,(Roach),0,0
1,0,2009-10,HB 2699,2699,,,,,2010-03-15,0,0,HB 2699,"By resolution, reintroduced and retained in present status.",0,H Ways & Means,0,0,2010-01-12,AN ACT Relating to improving government;,0,Regarding an annual assessment and performance grading program.,House,3478,H-4137.1,0,0,0,0,Improving government,Bill,B,(Miloscia),1,0
1,0,2009-10,HB 2700,2700,,,,,2010-03-15,0,0,HB 2700,"By resolution, reintroduced and retained in present status.",0,H SGTribalAff,0,0,2010-01-12,AN ACT Relating to disclosure of political contributions by persons awarded sole source state contracts;,0,Regarding disclosure of political contributions by persons awarded sole source state contracts.,House,3478,H-4121.1,0,0,0,0,Sole source state contracts,Bill,B,(Miloscia),0,0
1,0,2009-10,HB 2701,2701,,,,,2010-03-15,0,0,HB 2701,"By resolution, reintroduced and retained in present status.",0,H Rules 3C,0,0,2010-01-12,AN ACT Relating to the time of commencement of regular legislative sessions;,0,Clarifying the time of commencement of regular legislative sessions.,House,15006,H-3931.1,0,0,0,0,Legisl session commencement,Bill,B,(Taylor),0,0
1,0,2009-10,HB 2702,2702,,2009-10,SB 6689,SRules X,2010-03-15,0,0,HB 2702,"By resolution, reintroduced and retained in present status.",0,H SGTribalAff,0,0,2010-01-12,AN ACT Relating to ballot title information;,0,Concerning ballot title information.,House,10249,H-4113.1,0,0,0,0,Ballot title information,Bill,B,(Takko),0,0
1,0,2009-10,HB 2703,2703,,,,,2010-03-15,0,0,HB 2703,"By resolution, reintroduced and retained in present status.",0,H Judiciary,0,0,2010-01-12,AN ACT Relating to protecting sport shooting ranges;,0,Protecting sport shooting ranges.,House,10249,H-4146.1,0,0,0,0,Sport shooting ranges,Bill,B,(Takko),0,0
0,0,2009-10,HB 2704,2704,,2009-10,SB 6507,SGovtOp & Elect,2010-02-15,0,0,HB 2704,1st substitute bill substituted.,0,H subst for,0,0,2010-01-12,AN ACT Relating to transferring the Washington main street program to the department of archaeology and historic preservation;,0,Transferring the Washington main street program to the department of archaeology and historic preservation.,House,10249,H-4166.2,0,0,0,0,WA main street program,Bill,B,(Takko),1,0
1,0,2009-10,SHB 2704,2704,,,,,2010-03-12,0,0,SHB 2704,Effective date 7/1/2010.,0,C 30 L 10,0,0,2010-01-26,AN ACT Relating to transferring the Washington main street program to the department of archaeology and historic preservation;,0,Transferring the Washington main street program to the department of archaeology and historic preservation.,House,10249,H-4763.1,0,0,0,0,WA main street program,Bill,B,(Takko),0,1
1,0,2009-10,HB 2705,2705,,2009-10,SB 6394,SJudiciary,2010-03-15,0,0,HB 2705,"By resolution, reintroduced and retained in present status.",0,H Judiciary,0,0,2010-01-12,AN ACT Relating to the right to control the disposition of human remains;,0,Concerning the right to control the disposition of human remains.,House,1543,H-4235.2,0,0,0,0,Disposition of human remains,Bill,B,(Cody),0,0
0,0,2009-10,HB 2706,2706,,2009-10,SB 6563,SHea/L-T Care,2010-02-11,0,0,HB 2706,1st substitute bill substituted.,0,H subst for,0,0,2010-01-12,AN ACT Relating to exemption from immunization;,0,Concerning exemption from immunization.,House,1543,Z-1078.1,0,0,1,0,Immunization exemption,Bill,B,(Cody),1,0
1,0,2009-10,SHB 2706,2706,,,,,2010-03-15,0,1,SHB 2706,"By resolution, reintroduced and retained in present status.",0,H Rules 3C,0,0,2010-01-29,AN ACT Relating to exemption from immunization;,0,Concerning exemption from immunization.,House,1543,H-4896.1,0,0,1,0,Immunization exemption,Bill,B,(Cody),1,1
1,0,2009-10,HB 2707,2707,,,,,2010-03-15,0,1,HB 2707,Effective date 6/10/2010.,0,C 58 L 10,0,0,2010-01-12,AN ACT Relating to the method of calculating public utility district commissioner compensation;,1,Concerning the method of calculating public utility district commissioner compensation.,House,5157,H-3572.1,0,0,0,0,PUD commissioner,Bill,B,(Simpson),0,0
1,0,2009-10,HB 2708,2708,,,,,2010-03-15,0,0,HB 2708,"By resolution, reintroduced and retained in present status.",0,H Ecology & Park,0,0,2010-01-12,AN ACT Relating to adopting the Washington state energy freedom act of 2010 and requiring express legislative authorization for any greenhouse gas or motor vehicle fuel economy program;,0,Concerning adopting the Washington state energy freedom act of 2010 and requiring express legislative authorization for a greenhouse gas or motor vehicle fuel economy program.,House,14202,H-3551.3,0,0,0,0,State energy freedom act,Bill,B,(Shea),0,0
1,0,2009-10,HB 2709,2709,,,,,2010-03-15,0,0,HB 2709,"By resolution, reintroduced and retained in present status.",0,H Judiciary,0,0,2010-01-12,"AN ACT Relating to adopting the Washington state firearms freedom act of 2010 and exempting a firearm, a firearm accessory, or ammunition manufactured and retained in Washington from federal regulation under the commerce clause of the Constitution of the United States;",0,"Concerning adopting the Washington state firearms freedom act of 2010 and exempting a firearm, a firearm accessory, or ammunition manufactured and retained in Washington from federal regulation under the commerce clause of the Constitution of the United States.",House,14202,H-3507.2,0,0,0,0,State firearms freedom act,Bill,B,(Shea),0,0
1,0,2009-10,HB 2710,2710,,,,,2010-03-15,0,0,HB 2710,"By resolution, reintroduced and retained in present status.",0,H Judiciary,0,0,2010-01-12,AN ACT Relating to adopting the right to constitutional government act of 2010;,0,Concerning adopting the right to constitutional government act of 2010.,House,14202,H-4034.1,0,0,0,0,Right to constitutional govt,Bill,B,(Shea),0,0
1,0,2009-10,HB 2711,2711,,,,,2010-03-15,0,0,HB 2711,"By resolution, reintroduced and retained in present status.",0,H Judiciary,0,0,2010-01-12,AN ACT Relating to adopting the Washington state right to protection act of 2010 and the constitutional rights of self-defense;,0,Concerning adopting the Washington state right to protection act of 2010 and the constitutional rights of self-defense.,House,14202,H-3512.2,0,0,0,0,Right to protection act,Bill,B,(Shea),0,0
1,0,2009-10,HB 2712,2712,,,,,2010-03-15,0,0,HB 2712,"By resolution, reintroduced and retained in present status.",0,H Finance,0,0,2010-01-12,AN ACT Relating to creating the Washington state sovereignty and federal tax escrow account act of 2010;,0,Creating the Washington state sovereignty and federal tax escrow account act of 2010.,House,14202,H-3511.4,0,0,0,0,Washington state sovereignty,Bill,B,(Shea),0,0
1,0,2009-10,HB 2713,2713,,,,,2010-03-15,0,0,HB 2713,"By resolution, reintroduced and retained in present status.",0,H Pub Safety,0,0,2010-01-12,"AN ACT Relating to adopting the Washington state sheriff first act of 2010 and regulating arrests, searches, and seizures by federal employees;",0,"Concerning adopting the Washington state sheriff first act of 2010 and regulating arrests, searches, and seizures by federal employees.",House,14202,H-3506.2,0,0,0,0,State sheriff first act,Bill,B,(Shea),0,0
1,0,2009-10,HB 2714,2714,,,,,2010-03-15,0,0,HB 2714,"By resolution, reintroduced and retained in present status.",0,H SGTribalAff,0,0,2010-01-12,"AN ACT Relating to adopting the right to anonymous political speech act of 2010 by clarifying that state law does not require or authorize the release of the name, signature, and/or address of any individual who signs an initiative or referendum petition;",0,"Concerning adopting the right to anonymous political speech act of 2010 by clarifying that state law does not require or authorize the release of the name, signature, and/or address of any individual who signs an initiative or referendum petition.",House,14202,H-4055.2,0,0,0,0,Anonymous political speech,Bill,B,(Shea),0,0
1,0,2009-10,HB 2715,2715,,,,,2010-03-15,0,0,HB 2715,"By resolution, reintroduced and retained in present status.",0,H SGTribalAff,0,0,2010-01-12,AN ACT Relating to presidential electors;,0,Changing provisions relating to presidential electors.,House,14202,H-3499.2,0,0,0,0,Presidential electors,Bill,B,(Shea),0,0
0,0,2009-10,HB 2716,2716,,,,,2010-02-12,0,0,HB 2716,1st substitute bill substituted.,0,H subst for,0,0,2010-01-12,AN ACT Relating to providing a right of first repurchase for surplus transportation property;,0,Providing a right of first repurchase for surplus transportation property.,House,14202,H-3959.1,0,0,0,0,Transportation property,Bill,B,(Shea),1,0
1,0,2009-10,ESHB 2716,2716,,,,,2010-03-15,0,1,ESHB 2716,"By resolution, reintroduced and retained in present status.",0,H Rules 3C,0,1,2010-02-08,AN ACT Relating to providing a right of first repurchase for surplus transportation property;,0,Providing a right of first repurchase for surplus transportation property.,House,14202,H-4925.2,0,0,0,0,Transportation property,Bill,B,(Shea),0,1
0,0,2009-10,HB 2717,2717,,,,,2010-02-10,0,0,HB 2717,1st substitute bill substituted.,0,H subst for,0,0,2010-01-12,AN ACT Relating to restricting outings from state facilities;,0,Restricting outings from state facilities.,House,14202,H-3689.1,0,0,0,0,State facilities outings,Bill,B,(Shea),1,0
1,0,2009-10,SHB 2717,2717,,,,,2010-03-31,1,1,SHB 2717,Effective date 6/10/2010.,0,C 262 L 10,0,0,2010-02-01,AN ACT Relating to restricting outings from state facilities;,0,Restricting leave from state facilities.,House,14202,H-4699.1,0,0,0,0,Leave from state facilities,Bill,B,(Shea),0,1
1,0,2009-10,HB 2718,2718,,,,,2010-03-15,0,0,HB 2718,"By resolution, reintroduced and retained in present status.",0,H Judiciary,0,0,2010-01-12,AN ACT Relating to criminal defendants who are guilty and mentally ill;,0,Concerning criminal defendants who are guilty and mentally ill.,House,14202,H-3919.1,0,0,0,0,Mentally ill defendants,Bill,B,(Shea),0,0
1,0,2009-10,HB 2719,2719,,,,,2010-03-15,0,0,HB 2719,"By resolution, reintroduced and retained in present status.",0,H LG & Housing,0,0,2010-01-12,AN ACT Relating to allowing cities with certain population densities to impose sales and use taxes to offset municipal service costs to newly annexed areas;,0,Allowing cities with certain population densities to impose sales and use taxes to offset municipal service costs to newly annexed areas.,House,10031,H-3952.1,0,0,0,0,Cities and sales & use tax,Bill,B,(Appleton),0,0
1,0,2009-10,HB 2720,2720,,2009-10,SB 6342,Ssubst for,2010-03-15,0,1,HB 2720,"By resolution, reintroduced and retained in present status.",0,H Rules 3C,0,0,2010-01-12,AN ACT Relating to the Washington soldiers' home;,0,Concerning the Washington soldiers' home.,House,5161,Z-0871.2,0,1,0,0,Washington soldiers' home,Bill,B,(Armstrong),1,0
0,0,2009-10,HB 2721,2721,,,,,2010-02-12,0,0,HB 2721,Committee recommendations adopted and the 1st substitute bill substituted.,0,H subst for,0,0,2010-01-12,AN ACT Relating to commute trip reduction programs;,0,Concerning commute trip reduction programs.,House,1712,H-4148.1,0,0,0,0,Commute trip reduction progs,Bill,B,(Upthegrove),1,0
1,0,2009-10,SHB 2721,2721,,,,,2010-03-15,0,0,SHB 2721,"By resolution, reintroduced and retained in present status.",0,H Rules 3C,0,0,2010-01-19,AN ACT Relating to commute trip reduction programs;,0,Concerning commute trip reduction programs.,House,1712,H-4544.1,0,0,0,0,Commute trip reduction progs,Bill,B,(Upthegrove),1,1
0,0,2009-10,HB 2722,2722,,,,,2010-01-28,0,0,HB 2722,Committee recommendations adopted and the 1st substitute bill substituted.,0,H subst for,0,0,2010-01-12,AN ACT Relating to persons appointed by the court to provide information in family law and adoption cases;,0,Concerning persons appointed by the court to provide information in family law and adoption cases.,House,11999,H-3988.2,0,0,0,0,Family law & adoption cases,Bill,B,(Goodman),1,0
1,0,2009-10,SHB 2722,2722,,,,,2010-03-15,0,0,SHB 2722,"By resolution, reintroduced and retained in present status.",0,H Rules 3C,0,0,2010-01-21,AN ACT Relating to persons appointed by the court to provide information in family law and adoption cases;,0,Concerning persons appointed by the court to provide information in family law and adoption cases.,House,11999,H-4634.1,0,0,0,0,Family law & adoption cases,Bill,B,(Goodman),0,1
1,0,2009-10,HB 2723,2723,,,,,2010-03-15,0,0,HB 2723,"By resolution, reintroduced and retained in present status.",0,H Pub Safety,0,0,2010-01-12,AN ACT Relating to first degree assault of a child;,0,Changing the mens rea required for committing the crime of assault of a child in the first degree from a recklessness standard to negligence standard when the result is great bodily harm.,House,14276,H-3690.1,0,0,0,0,"Assault of child, 1st degree",Bill,B,(Hope),0,0
1,0,2009-10,HB 2724,2724,,,,,2010-03-15,0,0,HB 2724,"By resolution, reintroduced and retained in present status.",0,H Human Ser,0,0,2010-01-12,AN ACT Relating to first degree assault of a child;,0,Changing the assault of a child in the first degree statute so that it includes individuals who are sixteen years of age or older that are guilty of the crime.,House,14276,H-3725.1,0,0,0,0,"Assault of child, 1st degree",Bill,B,(Hope),0,0
1,0,2009-10,HB 2725,2725,,,,,2010-03-15,0,0,HB 2725,"By resolution, reintroduced and retained in present status.",0,H Human Ser,0,0,2010-01-12,AN ACT Relating to first degree assault of a child;,0,Modifying community custody conditions for persons convicted of assaulting a child in the first degree.,House,630,H-3694.1,0,0,0,0,"Assault of child, 1st degree",Bill,B,(Dunshee),1,0
1,0,2009-10,HB 2726,2726,,,,,2010-03-15,0,0,HB 2726,"By resolution, reintroduced and retained in present status.",0,H Pub Safety,0,0,2010-01-12,AN ACT Relating to first degree assault of a child;,0,Modifying assault of a child in the first degree provisions.,House,630,H-3691.1,0,0,0,0,"Assault of child, 1st degree",Bill,B,(Dunshee),0,0
1,0,2009-10,HB 2727,2727,,,,,2010-03-15,0,0,HB 2727,"By resolution, reintroduced and retained in present status.",0,H Pub Safety,0,0,2010-01-12,AN ACT Relating to first degree assault of a child;,0,Changing the offender score for the crime of assault of a child in the first degree.,House,630,H-3693.1,0,0,0,0,"Assault of child, 1st degree",Bill,B,(Dunshee),0,0
1,0,2009-10,HB 2728,2728,,2009-10,SB 6718,SHumServ/Corr,2010-03-15,0,0,HB 2728,"By resolution, reintroduced and retained in present status.",0,H Pub Safety,0,0,2010-01-12,AN ACT Relating to the definition of criminal act for crime victims compensation purposes;,0,Changing the definition of criminal act for crime victims compensation purposes.,House,14276,H-3930.1,0,0,0,0,"Criminal act, definition",Bill,B,(Hope),0,0
1,0,2009-10,HB 2729,2729,,,,,2010-03-15,0,0,HB 2729,"By resolution, reintroduced and retained in present status.",0,H Early L&CS,0,0,2010-01-12,AN ACT Relating to increasing the period of confinement available for contempt of court;,1,Increasing the period of confinement available for contempt of court.,House,14276,H-3966.2,0,0,0,0,Contempt of court,Bill,B,(Hope),1,0
1,0,2009-10,HB 2730,2730,,2009-10,SB 6739,SJudiciary,2010-03-15,0,0,HB 2730,"By resolution, reintroduced and retained in present status.",0,H Judiciary,0,0,2010-01-12,AN ACT Relating to hit and run provisions;,0,Modifying hit and run provisions.,House,14276,H-3965.1,0,0,0,0,Hit and run provisions,Bill,B,(Hope),0,0
0,0,2009-10,HB 2731,2731,,,,,2010-02-13,0,0,HB 2731,2nd substitute bill substituted.,0,H subst for,0,0,2010-01-12,AN ACT Relating to implementing a program of early learning for educationally at-risk children;,0,Creating an early learning program for educationally at-risk children.,House,11999,H-4187.2,0,0,0,0,At-risk children program,Bill,B,(Goodman),1,0
0,0,2009-10,SHB 2731,2731,,,,,2010-02-13,0,0,SHB 2731,2nd substitute bill substituted.,0,H subst for,0,0,2010-01-22,AN ACT Relating to implementing a program of early learning for educationally at-risk children;,0,Creating an early learning program for educationally at-risk children.,House,11999,H-4599.5,0,0,0,0,At-risk children program,Bill,B,(Goodman),1,1
1,0,2009-10,2SHB 2731,2731,,,,,2010-03-29,1,1,2SHB 2731,Effective date 6/10/2010.,1,C 231 L 10,0,0,2010-02-08,AN ACT Relating to implementing a program of early learning for educationally at-risk children;,0,Creating an early learning program for educationally at-risk children.,House,11999,H-5012.4,0,0,0,0,At-risk children program,Bill,B,(Goodman),1,2
1,0,2009-10,HB 2732,2732,,2009-10,SB 6351,SLab/Comm/CP,2010-03-15,0,0,HB 2732,"By resolution, reintroduced and retained in present status.",0,H Ways & Means,0,0,2010-01-13,AN ACT Relating to registration of lottery tickets and shares;,0,Allowing internet registration for second chance drawings of nonwinning tickets.,House,10032,H-4163.1,0,0,0,0,Lottery tickets/internet,Bill,B,(Ericks),1,0
1,0,2009-10,HB 2733,2733,,,,,2010-03-15,0,0,HB 2733,"By resolution, reintroduced and retained in present status.",0,H HC/Wellness,0,0,2010-01-13,AN ACT Relating to a school-based vaccination guide;,0,Establishing a school-based vaccination guide.,House,14206,H-4070.1,0,0,0,0,School-based vaccination,Bill,B,(White),0,0
1,0,2009-10,HB 2734,2734,,,,,2010-03-22,1,1,HB 2734,Effective date 6/10/2010.,0,C 157 L 10,0,0,2010-01-13,AN ACT Relating to allowing federally qualified community health centers to buy surplus real property from the department of transportation;,0,Allowing federally qualified community health centers to buy surplus real property from the department of transportation.,House,3487,H-4039.1,0,0,0,0,Community health centers,Bill,B,(Kagi),0,0
1,0,2009-10,HB 2735,2735,,2009-10,SB 6716,SHumServ/Corr,2010-03-23,0,0,HB 2735,Effective date 6/10/2010.,0,C 180 L 10,0,0,2010-01-13,AN ACT Relating to the representation of children in dependency matters;,0,Encouraging the need for representation of children in dependency matters.,House,11999,H-3935.2,0,0,0,0,Children/dependency matters,Bill,B,(Goodman),1,0
1,0,2009-10,HB 2736,2736,,2009-10,SB 6383,SGovtOp & Elect,2010-03-15,0,0,HB 2736,"By resolution, reintroduced and retained in present status.",0,H SGTribalAff,0,0,2010-01-13,AN ACT Relating to creating the office of open records;,0,Establishing the office of open records.,House,643,Z-1031.1,0,1,0,0,Office of open records,Bill,B,(Kessler),1,0
1,0,2009-10,HB 2737,2737,,,,,2010-03-15,0,0,HB 2737,"By resolution, reintroduced and retained in present status.",0,H Commerce/Lab,0,0,2010-01-13,AN ACT Relating to meal and rest periods;,0,Concerning employee meal and rest breaks.,House,972,H-4229.1,0,0,0,0,Employee meal & rest breaks,Bill,B,(Conway),1,0
1,0,2009-10,HB 2738,2738,,,,,2010-03-15,0,0,HB 2738,"By resolution, reintroduced and retained in present status.",0,H Tech/En/Com,0,0,2010-01-13,AN ACT Relating to the definition of biomass energy;,0,"Defining ""biomass energy"" for the purposes of chapter 19.285 RCW, the energy independence act.",House,11997,H-4018.1,0,0,0,0,Biomass energy,Bill,B,(Eddy),1,0
0,0,2009-10,HB 2739,2739,,2009-10,SB 6363,Ssubst for,2010-02-13,0,0,HB 2739,1st substitute bill substituted.,0,H subst for,0,0,2010-01-13,AN ACT Relating to the enforcement of certain school or playground crosswalk violations;,1,Concerning the enforcement of certain school or playground crosswalk violations.,House,5157,H-3945.1,0,0,0,0,School crosswalk violations,Bill,B,(Simpson),1,0
1,0,2009-10,SHB 2739,2739,,,,,2010-03-15,0,0,SHB 2739,"By resolution, reintroduced and retained in present status.",0,H Rules 3C,0,0,2010-02-03,AN ACT Relating to the enforcement of certain school or playground crosswalk violations;,0,Concerning the enforcement of certain school or playground crosswalk violations.,House,5157,H-4888.1,0,0,0,0,School crosswalk violations,Bill,B,(Simpson),0,1
1,0,2009-10,HB 2740,2740,,,,,2010-03-15,0,0,HB 2740,Effective date 6/10/2010.,0,C 59 L 10,0,0,2010-01-13,AN ACT Relating to the definition of land use decision in the land use petition act;,0,Regarding the definition of land use decision in the land use petition act.,House,12068,H-4088.1,0,0,0,0,Land use decision,Bill,B,(Seaquist),0,0
1,0,2009-10,HB 2741,2741,,2009-10,SB 6593,C 233 L 10,2010-03-15,0,0,HB 2741,"By resolution, reintroduced and retained in present status.",0,H Rules C,0,0,2010-01-13,AN ACT Relating to the transfer of the administration of the infant and toddler early intervention program from the department of social and health services to the department of early learning;,0,Transferring the administration of the infant and toddler early intervention program from the department of social and health services to the department of early learning.,House,1570,H-3929.2,0,0,0,0,Infant & toddler program,Bill,B,(Dickerson),1,0
1,0,2009-10,SHB 2741,2741,,,,,2010-03-15,0,0,SHB 2741,"By resolution, reintroduced and retained in present status.",0,H Rules C,0,0,2010-01-29,AN ACT Relating to the transfer of the administration of the infant and toddler early intervention program from the department of social and health services to the department of early learning;,0,Transferring the administration of the infant and toddler early intervention program from the department of social and health services to the department of early learning.,House,1570,H-4917.1,0,0,0,0,Infant & toddler program,Bill,B,(Dickerson),0,1
0,0,2009-10,HB 2742,2742,,,,,2010-02-12,0,0,HB 2742,2nd substitute bill substituted.,0,H subst for,0,0,2010-01-13,AN ACT Relating to accountability for persons driving under the influence of intoxicating liquor or drugs;,1,Addressing accountability for persons driving under the influence of intoxicating liquor or drugs.,House,11999,H-4062.3,0,0,0,0,DUI accountability,Bill,B,(Goodman),1,0
0,0,2009-10,SHB 2742,2742,,,,,2010-02-12,0,0,SHB 2742,2nd substitute bill substituted.,0,H subst for,0,0,2010-01-28,AN ACT Relating to accountability for persons driving under the influence of intoxicating liquor or drugs;,0,Addressing accountability for persons driving under the influence of intoxicating liquor or drugs.,House,11999,H-4844.1,0,0,0,0,DUI accountability,Bill,B,(Goodman),0,1
1,0,2009-10,2SHB 2742,2742,,,,,2010-03-31,1,1,2SHB 2742,Effective date 1/1/2011.,0,C 269 L 10,0,0,2010-02-03,AN ACT Relating to accountability for persons driving under the influence of intoxicating liquor or drugs;,0,Addressing accountability for persons driving under the influence of intoxicating liquor or drugs.,House,11999,H-5036.1,0,0,0,0,DUI accountability,Bill,B,(Goodman),0,2
1,0,2009-10,HB 2743,2743,,2009-10,SB 6290,SLab/Comm/CP,2010-03-15,0,0,HB 2743,"By resolution, reintroduced and retained in present status.",0,H Ways & Means,0,0,2010-01-13,AN ACT Relating to collective bargaining for certain employees of institutions of higher education and related boards;,0,Addressing collective bargaining for certain employees of institutions of higher education and related boards.,House,972,H-4006.1,0,0,0,0,Higher education employees,Bill,B,(Conway),1,0
1,0,2009-10,SHB 2743,2743,,,,,2010-03-15,0,0,SHB 2743,"By resolution, reintroduced and retained in present status.",0,H Ways & Means,0,0,2010-02-02,AN ACT Relating to collective bargaining for certain employees of institutions of higher education and related boards;,0,Addressing collective bargaining for certain employees of institutions of higher education and related boards.,House,972,H-4918.1,0,0,0,0,Higher education employees,Bill,B,(Conway),1,1
1,0,2009-10,HB 2744,2744,,2009-10,SB 6289,Ssubst for,2010-03-15,0,0,HB 2744,"By resolution, reintroduced and retained in present status.",0,H Rules C,0,0,2010-01-13,AN ACT Relating to protecting lake water quality by reducing phosphorus from lawn fertilizers;,1,Protecting lake water quality by reducing phosphorus from lawn fertilizers.,House,9207,H-4033.1,0,0,0,0,Phosphorus in lake water,Bill,B,(Ormsby),1,0
1,0,2009-10,SHB 2744,2744,,,,,2010-03-15,0,1,SHB 2744,"By resolution, reintroduced and retained in present status.",0,H Rules C,0,0,2010-02-02,AN ACT Relating to protecting lake water quality by reducing phosphorus from lawn fertilizers;,1,Protecting lake water quality by reducing phosphorus from lawn fertilizers.,House,9207,H-4950.2,0,0,0,0,Phosphorus in lake water,Bill,B,(Ormsby),1,1
0,0,2009-10,HB 2745,2745,,,,,2010-02-12,0,0,HB 2745,Committee recommendations adopted and the 1st substitute bill substituted.,0,H subst for,0,0,2010-01-13,"AN ACT Relating to including renovation activities as defined in the environmental protection agency's renovation, repair, and painting rule in the lead-based paint program;",0,"Concerning compliance with the environmental protection agency's renovation, repair, and painting rule in the lead-based paint program.",House,8215,Z-0870.3,0,1,0,0,Lead-based paint program,Bill,B,(Hudgins),1,0
1,0,2009-10,SHB 2745,2745,,,,,2010-03-22,0,0,SHB 2745,Effective date 6/10/2010.,0,C 158 L 10,0,0,2010-01-27,"AN ACT Relating to including renovation activities as defined in the environmental protection agency's renovation, repair, and painting rule in the lead-based paint program;",0,"Concerning compliance with the environmental protection agency's renovation, repair, and painting rule in the lead-based paint program.",House,8215,H-4801.1,0,1,0,0,Lead-based paint program,Bill,B,(Hudgins),1,1
1,0,2009-10,HB 2746,2746,,2009-10,SB 6740,SWays & Means,2010-03-15,0,0,HB 2746,"By resolution, reintroduced and retained in present status.",0,H Education Apps,0,0,2010-01-13,AN ACT Relating to a comprehensive K-12 education policy;,0,Concerning a comprehensive K-12 education policy.,House,14276,H-4010.1,0,0,0,0,K-12 education policy,Bill,B,(Hope),1,0
0,0,2009-10,HB 2747,2747,,2009-10,SB 6500,SRules X,2010-02-11,0,0,HB 2747,1st substitute bill substituted.,0,H subst for,0,0,2010-01-13,AN ACT Relating to the use of restraints on pregnant women or youth;,1,Limiting the use of restraints on pregnant women or youth.,House,5156,H-4241.1,0,0,0,0,Use of restraints,Bill,B,(Darneille),1,0
1,0,2009-10,ESHB 2747,2747,,,,,2010-03-23,1,1,ESHB 2747,Effective date 6/10/2010.,0,C 181 L 10,0,1,2010-01-28,AN ACT Relating to the use of restraints on pregnant women or youth;,0,Limiting the use of restraints on pregnant women or youth.,House,5156,H-4450.2,0,0,0,0,Use of restraints,Bill,B,(Darneille),0,1
1,0,2009-10,HB 2748,2748,,,,,2010-03-24,0,0,HB 2748,Effective date 6/10/2010.,0,C 198 L 10,0,0,2010-01-13,AN ACT Relating to dues for an association established under RCW 53.06.030;,0,Concerning dues paid to the Washington public ports association by port districts.,House,5157,H-3813.1,0,0,0,0,Public port association dues,Bill,B,(Simpson),0,0
1,0,2009-10,HB 2749,2749,,,,,2010-03-15,0,0,HB 2749,"By resolution, reintroduced and retained in present status.",0,H Finance,0,0,2010-01-13,AN ACT Relating to local government taxation;,1,Concerning local government taxation.,House,13161,H-4253.1,0,0,0,0,Local government taxation,Bill,B,(Nelson),1,0
1,0,2009-10,HB 2750,2750,,,,,2010-03-15,0,0,HB 2750,"By resolution, reintroduced and retained in present status.",0,H Rules 3C,0,0,2010-01-13,AN ACT Relating to public utility districts and deferred compensation and supplemental savings plans;,0,Addressing public utility districts and deferred compensation and supplemental savings plans.,House,9997,H-3979.2,0,0,0,0,"PUDs, deferred comp, savings",Bill,B,(Sells),0,0
1,0,2009-10,HB 2751,2751,,,,,2010-03-15,0,0,HB 2751,"By resolution, reintroduced and retained in present status.",0,H Rules 3C,0,0,2010-01-13,AN ACT Relating to including a member from labor on community college boards of trustees;,0,Requiring that at least one member on each community college board of trustees be from labor.,House,9997,H-3723.1,0,0,0,0,Cmty & tech college trustees,Bill,B,(Sells),1,0
0,0,2009-10,HB 2752,2752,,,,,2010-02-16,0,0,HB 2752,1st substitute bill substituted.,0,H subst for,0,0,2010-01-13,AN ACT Relating to the safety of runaway youth;,0,Modifying provisions relating to providing shelter to a minor.,House,1570,H-3810.3,0,0,0,0,Safety of runaway youth,Bill,B,(Dickerson),0,0
1,0,2009-10,ESHB 2752,2752,,,,,2010-03-26,1,1,ESHB 2752,Effective date 6/10/2010.,0,C 229 L 10,0,1,2010-01-29,AN ACT Relating to the safety of runaway youth;,0,Modifying provisions relating to providing shelter to a minor.,House,1570,H-4910.1,0,0,0,0,Safety of runaway youth,Bill,B,(Dickerson),0,1
0,0,2009-10,HB 2753,2753,,2009-10,SB 6589,SWays & Means,2010-02-10,0,0,HB 2753,1st substitute bill substituted.,0,H subst for,0,0,2010-01-13,AN ACT Relating to the creation of a workforce housing program;,0,Creating a workforce housing program.,House,14205,Z-1099.2,0,0,0,0,Workforce housing program,Bill,B,(Orwall),0,0
1,0,2009-10,ESHB 2753,2753,,,,,2010-03-26,1,1,ESHB 2753,"Effective Date Contingent on Sine Die of the 1st Special Session or no later than July 13, 2010.",0,C 6 L 10 E1,0,1,2010-01-21,AN ACT Relating to the creation of a workforce housing program;,0,Creating a workforce housing program. (REVISED FOR ENGROSSED: Creating the Washington works housing program. ),House,14205,H-4653.1,0,0,0,0,WA works housing program,Bill,B,(Orwall),0,1
1,0,2009-10,HB 2754,2754,,2009-10,SB 6541,SWays & Means,2010-03-15,0,0,HB 2754,"By resolution, reintroduced and retained in present status.",0,H Ways & Means,0,0,2010-01-13,AN ACT Relating to creating the Washington voluntary retirement accounts program;,0,Creating the Washington voluntary retirement accounts program.,House,14205,H-4221.1,0,0,0,0,Voluntary retirement accts,Bill,B,(Orwall),1,0
1,0,2009-10,HB 2755,2755,,,,,2010-03-15,0,0,HB 2755,"By resolution, reintroduced and retained in present status.",0,H Trans,0,0,2010-01-13,AN ACT Relating to eliminating restrictions on vehicle miles traveled;,0,Eliminating restrictions on vehicle miles traveled.,House,5164,H-4115.1,0,0,0,0,Vehicle miles traveled,Bill,B,(Roach),0,0
0,0,2009-10,HB 2756,2756,,2009-10,SB 6193,SWays & Means,2010-02-15,0,1,HB 2756,1st substitute bill substituted.,0,H subst for,0,0,2010-01-13,AN ACT Relating to allowing medicare supplement insurance premiums to be deducted from the calculation of disposable income for the purpose of qualifying for senior property tax programs;,1,Allowing medicare supplement insurance premiums to be deducted from the calculation of disposable income for the purpose of qualifying for senior property tax programs.,House,14256,H-3870.1,0,0,0,0,Senior property tax programs,Bill,B,(Driscoll),1,0
1,0,2009-10,ESHB 2756,2756,,,,,2010-03-15,0,0,ESHB 2756,"By resolution, reintroduced and retained in present status.",0,H Rules 3C,0,1,2010-02-09,AN ACT Relating to allowing medicare supplement insurance premiums to be deducted from the calculation of disposable income for the purpose of qualifying for senior property tax programs;,1,Allowing medicare supplement insurance premiums to be deducted from the calculation of disposable income for the purpose of qualifying for senior property tax programs.,House,14256,H-5095.1,0,0,0,0,Senior property tax programs,Bill,B,(Driscoll),1,1
1,0,2009-10,HB 2757,2757,,2009-10,SB 6627,C 83 L 10,2010-03-15,0,0,HB 2757,"By resolution, reintroduced and retained in present status.",0,H HC/Wellness,0,0,2010-01-13,AN ACT Relating to authorizing Washington pharmacies to fill prescriptions written by advanced registered nurse practitioners in other states or in certain provinces of Canada;,0,Authorizing Washington pharmacies to fill prescriptions written by advanced registered nurse practitioners in other states or in certain provinces of Canada.,House,8208,H-3598.1,0,0,0,0,Prescriptions by ARNPs,Bill,B,(Morrell),0,0
0,0,2009-10,HB 2758,2758,,2009-10,SB 6551,SRules X,2010-02-12,0,0,HB 2758,Committee recommendations adopted and the 1st substitute bill substituted.,0,H subst for,0,0,2010-01-13,AN ACT Relating to documenting wholesale sales for excise tax purposes;,0,Documenting wholesale sales for excise tax purposes.,House,8222,Z-1118.1,0,1,0,0,Wholesale sales/excise tax,Bill,B,(Hunter),1,0
1,0,2009-10,SHB 2758,2758,,,,,2010-03-18,0,0,SHB 2758,Effective date 6/10/2010*.,0,C 112 L 10,0,0,2010-01-29,AN ACT Relating to documenting wholesale sales for excise tax purposes;,0,Documenting wholesale sales for excise tax purposes. (REVISED FOR ENGROSSED:  ),House,8222,H-4907.1,0,1,0,0,Wholesale sales/excise tax,Bill,B,(Hunter),1,1
0,0,2009-10,HB 2759,2759,,2009-10,SB 6601,SRules 2G,2010-02-15,0,0,HB 2759,2nd substitute bill substituted.,0,H subst for,0,0,2010-01-13,AN ACT Relating to adjusting local school finance related to nonresident students enrolled in online learning;,0,Adjusting local school finance related to nonresident students enrolled in online learning.,House,14204,H-4160.1,0,0,0,0,Online learning/nonresidents,Bill,B,(Maxwell),1,0
0,0,2009-10,SHB 2759,2759,,,,,2010-02-15,0,0,SHB 2759,2nd substitute bill substituted.,0,H subst for,0,0,2010-02-04,AN ACT Relating to adjusting local school finance related to nonresident students enrolled in online learning;,0,Adjusting local school finance related to nonresident students enrolled in online learning.,House,14204,H-5041.1,0,0,0,0,Online learning/nonresidents,Bill,B,(Maxwell),0,1
1,0,2009-10,2SHB 2759,2759,,,,,2010-03-11,0,1,2SHB 2759,On Concurrence Calendar.  Referred to House Rules 3.,0,H Rules 3C,0,0,2010-02-09,AN ACT Relating to adjusting local school finance related to nonresident students enrolled in online learning;,0,Adjusting local school finance related to nonresident students enrolled in online learning.,House,14204,H-5120.1,0,0,0,0,Online learning/nonresidents,Bill,B,(Maxwell),0,2
1,0,2009-10,HB 2760,2760,,,,,2010-03-15,0,0,HB 2760,"By resolution, reintroduced and retained in present status.",0,H Finance,0,0,2010-01-13,AN ACT Relating to increasing the time limit for filing property tax refund claims;,0,Increasing the time limit for filing property tax refund claims.,House,8420,H-3536.2,0,0,0,0,Property tax refund claims,Bill,B,(Wallace),0,0
1,0,2009-10,HB 2761,2761,,,,,2010-03-15,0,0,HB 2761,"By resolution, reintroduced and retained in present status.",0,H HC/Wellness,0,0,2010-01-13,AN ACT Relating to dental hygienists working with physicians and nurse practitioners;,0,Concerning dental hygienists.,House,10021,H-3902.1,0,0,0,0,Dental hygienists,Bill,B,(Green),0,0
1,0,2009-10,HB 2762,2762,,,,,2010-03-15,0,0,HB 2762,"By resolution, reintroduced and retained in present status.",0,H Trans,0,0,2010-01-13,AN ACT Relating to the authorization of special license plates;,0,Requiring legislative approval to authorize new special license plates.,House,5157,H-4198.1,0,0,0,0,New special license plates,Bill,B,(Simpson),0,0
1,0,2009-10,HB 2763,2763,,,,,2010-03-15,0,0,HB 2763,"By resolution, reintroduced and retained in present status.",0,H Trans,0,0,2010-01-13,"AN ACT Relating to creating a ""Music Matters"" special license plate;",0,"Creating a ""Music Matters"" special license plate.",House,5157,H-4168.1,0,0,0,0,Music Matters license plate,Bill,B,(Simpson),1,0
1,0,2009-10,HB 2764,2764,,,,,2010-03-15,0,0,HB 2764,"By resolution, reintroduced and retained in present status.",0,H Rules C,0,0,2010-01-13,AN ACT Relating to protecting employees from adverse employment actions because of influenza;,0,Protecting employees from adverse employment actions because of influenza.,House,972,H-4232.2,0,0,0,0,Employees and influenza,Bill,B,(Conway),1,0
1,0,2009-10,SHB 2764,2764,,,,,2010-03-15,0,0,SHB 2764,"By resolution, reintroduced and retained in present status.",0,H Rules C,0,0,2010-02-02,AN ACT Relating to protecting employees from adverse employment actions because of influenza;,0,Protecting employees from adverse employment actions because of influenza.,House,972,H-4999.1,0,0,0,0,Employees and influenza,Bill,B,(Conway),1,1
1,0,2009-10,HB 2765,2765,,,,,2010-03-15,0,0,HB 2765,"By resolution, reintroduced and retained in present status.",0,H Tech/En/Com,0,0,2010-01-13,AN ACT Relating to developing strategies to improve the energy efficiency of existing homes;,0,Developing strategies to improve the energy efficiency of existing homes.,House,10039,H-4209.1,0,0,0,0,Energy efficiency of homes,Bill,B,(Springer),0,0
1,0,2009-10,HB 2766,2766,,2009-10,SB 6582,Ssubst for,2010-03-15,0,0,HB 2766,"By resolution, reintroduced and retained in present status.",0,H HC/Wellness,0,0,2010-01-13,AN ACT Relating to credentialing as a nursing assistant;,0,Concerning nursing assistant credentialing.,House,1543,H-3943.1,0,0,0,0,Nursing assistant credential,Bill,B,(Cody),0,0
1,0,2009-10,HB 2767,2767,,2009-10,SB 6340,Ssubst for,2010-03-15,0,0,HB 2767,"By resolution, reintroduced and retained in present status.",0,H Pub Safety,0,0,2010-01-13,AN ACT Relating to membership of the Washington state forensic investigations council;,0,Changing the membership of the Washington state forensic investigations council.,House,10031,H-4094.1,0,0,0,0,Forensic investigation counc,Bill,B,(Appleton),0,0
0,0,2009-10,HB 2768,2768,,2009-10,SB 6390,SJudiciary,2010-02-11,0,0,HB 2768,1st substitute bill substituted.,0,H subst for,0,0,2010-01-13,AN ACT Relating to background investigations for peace officers and reserve officers;,1,Requiring background investigations for peace officers and reserve officers as a condition of employment.,House,12082,Z-0935.1,0,1,0,0,Peace & reserve officers,Bill,B,(Ross),1,0
1,0,2009-10,SHB 2768,2768,,,,,2010-03-15,0,0,SHB 2768,"By resolution, reintroduced and retained in present status.",0,H Rules 3C,0,0,2010-01-29,AN ACT Relating to background investigations for peace officers and reserve officers;,1,Requiring background investigations for peace officers and reserve officers as a condition of employment.,House,12082,H-4883.1,0,1,0,0,Peace & reserve officers,Bill,B,(Ross),1,1
1,0,2009-10,HB 2769,2769,,2009-10,SB 6389,S2nd RdConsCal,2010-03-15,0,0,HB 2769,"By resolution, reintroduced and retained in present status.",0,H Rules R,0,0,2010-01-13,AN ACT Relating to membership and rules of procedure for the criminal justice training commission and related boards;,0,Revising membership and rules of procedure for the criminal justice training commission and related boards.,House,2149,Z-0777.4,0,1,0,0,Crim'l justice training comm,Bill,B,(O'Brien),1,0
1,0,2009-10,HB 2770,2770,,2009-10,SB 6504,Ssubst for,2010-03-15,0,0,HB 2770,"By resolution, reintroduced and retained in present status.",0,H Pub Safety,0,0,2010-01-13,AN ACT Relating to reducing crime victims' compensation benefits and eligibility;,0,Reducing crime victims' compensation benefits and eligibility.,House,2149,Z-1006.4,0,1,0,0,Crime victims' comp benefits,Bill,B,(O'Brien),1,0
1,0,2009-10,HB 2771,2771,,,,,2010-03-15,0,0,HB 2771,"By resolution, reintroduced and retained in present status.",0,H Pub Safety,0,0,2010-01-13,AN ACT Relating to transferring responsibility for administering the crime victims' compensation program from the department of labor and industries to the department of social and health services;,0,Transferring responsibility for administering the crime victims' compensation program from the department of labor and industries to the department of social and health services.,House,2149,Z-1157.1,0,1,0,0,Crime victims' comp program,Bill,B,(O'Brien),1,0
1,0,2009-10,HB 2772,2772,,,,,2010-03-15,0,0,HB 2772,"By resolution, reintroduced and retained in present status.",0,H Ecology & Park,0,0,2010-01-13,AN ACT Relating to accountability of climate change expenditures;,0,Creating the climate change accountability act.,House,8240,H-4220.1,0,0,0,0,Climate change expenditures,Bill,B,(Hinkle),1,0
1,0,2009-10,HB 2773,2773,,2009-10,SB 6424,Ssubst for,2010-03-15,0,0,HB 2773,"By resolution, reintroduced and retained in present status.",0,H Finance,0,0,2010-01-13,AN ACT Relating to local excise tax authorities for counties and cities;,1,Concerning local excise tax authorities for counties and cities.,House,13161,Z-1144.1,0,0,1,0,Local excise tax authorities,Bill,B,(Nelson),1,0
1,0,2009-10,HB 2774,2774,,,,,2010-03-15,0,0,HB 2774,"By resolution, reintroduced and retained in present status.",0,H Judiciary,0,0,2010-01-13,"AN ACT Relating to traffic infractions where the conduct is a proximate cause of death, great bodily harm, or substantial bodily harm to another;",0,"Concerning traffic infractions where the conduct is a proximate cause of death, great bodily harm, or substantial bodily injury.",House,9997,H-4053.1,0,0,0,0,Traffic infractions/death,Bill,B,(Sells),0,0
0,0,2009-10,HB 2775,2775,,,,,2010-02-10,0,0,HB 2775,1st substitute bill substituted.,0,H subst for,0,0,2010-01-13,AN ACT Relating to membership on the state building code council;,0,Regarding membership on the state building code council.,House,14209,H-4167.2,0,0,0,0,State building code council,Bill,B,(Dammeier),0,0
1,0,2009-10,SHB 2775,2775,,,,,2010-04-01,1,1,SHB 2775,Effective date 6/10/2010.,0,C 275 L 10,0,0,2010-01-27,AN ACT Relating to membership on the state building code council;,0,Regarding membership on the state building code council.,House,14209,H-4779.1,0,0,0,0,State building code council,Bill,B,(Dammeier),0,1
0,0,2009-10,HB 2776,2776,,,,,2010-02-13,0,0,HB 2776,1st substitute bill substituted.,0,H subst for,0,0,2010-01-13,AN ACT Relating to funding distribution formulas for K-12 education;,0,Regarding funding distribution formulas for K-12 education.,House,1218,H-4090.3,0,0,0,0,K-12 education funding,Bill,B,(Sullivan),1,0
1,0,2009-10,SHB 2776,2776,,,,,2010-03-29,1,1,SHB 2776,Effective date 6/10/2010*.,1,C 236 L 10,0,0,2010-01-28,AN ACT Relating to funding distribution formulas for K-12 education;,0,Regarding funding distribution formulas for K-12 education.,House,1218,H-4859.1,0,0,0,0,K-12 education funding,Bill,B,(Sullivan),1,1
0,0,2009-10,HB 2777,2777,,,,,2010-02-12,0,0,HB 2777,1st substitute bill substituted.,0,H subst for,0,0,2010-01-14,AN ACT Relating to modifying domestic violence provisions;,1,Modifying domestic violence provisions.,House,11999,H-3830.4,0,0,0,0,Domestic violence provisions,Bill,B,(Goodman),1,0
1,0,2009-10,ESHB 2777,2777,,,,,2010-04-01,1,1,ESHB 2777,Effective date 6/10/2010.,1,C 274 L 10,0,1,2010-01-27,AN ACT Relating to modifying domestic violence provisions;,0,Modifying domestic violence provisions.,House,11999,H-4807.1,0,0,0,0,Domestic violence provisions,Bill,B,(Goodman),0,1
1,0,2009-10,HB 2778,2778,,,,,2010-03-15,0,0,HB 2778,"By resolution, reintroduced and retained in present status.",0,H Ways & Means,0,0,2010-01-14,AN ACT Relating to domestic violence;,1,Concerning domestic violence.,House,11999,H-3845.2,0,0,0,0,Domestic violence,Bill,B,(Goodman),1,0
1,0,2009-10,SHB 2778,2778,,,,,2010-03-15,0,0,SHB 2778,"By resolution, reintroduced and retained in present status.",0,H Ways & Means,0,0,2010-01-21,AN ACT Relating to domestic violence;,1,Concerning domestic violence.,House,11999,H-4631.1,0,0,0,0,Domestic violence,Bill,B,(Goodman),1,1
1,0,2009-10,HB 2779,2779,,2009-10,SB 6400,SHea/L-T Care,2010-03-15,0,0,HB 2779,"By resolution, reintroduced and retained in present status.",0,H Ways & Means,0,0,2010-01-14,AN ACT Relating to payment for emergency services rendered by nonparticipating providers in hospitals;,0,Concerning emergency services provided by nonparticipating providers in hospitals.,House,1543,H-3984.3,0,0,0,0,Nonparticipating providers,Bill,B,(Cody),1,0
1,0,2009-10,SHB 2779,2779,,,,,2010-03-15,0,0,SHB 2779,"By resolution, reintroduced and retained in present status.",0,H Ways & Means,0,0,2010-02-02,AN ACT Relating to payment for emergency services rendered by nonparticipating providers in hospitals;,0,Concerning payment for emergency services.,House,1543,H-5005.1,0,0,0,0,Emergency services payment,Bill,B,(Cody),1,1
1,0,2009-10,HB 2780,2780,,,,,2010-03-15,0,0,HB 2780,"By resolution, reintroduced and retained in present status.",0,H Trans,0,0,2010-01-14,AN ACT Relating to automated traffic safety cameras;,1,Concerning automated traffic safety cameras.,House,3486,H-4201.1,0,0,0,0,Traffic safety cameras,Bill,B,(Hurst),1,0
1,0,2009-10,HB 2781,2781,,2009-10,SB 6550,Ssubst for,2010-03-15,0,0,HB 2781,"By resolution, reintroduced and retained in present status.",0,H Ways & Means,0,0,2010-01-14,"AN ACT Relating to imposing a sanction for offenders who violate sentence conditions by committing an assault against a law enforcement officer, employee of a law enforcement agency, or department of corrections employee;",1,"Imposing a sanction for offenders who violate sentence conditions by committing an assault against a law enforcement officer, employee of a law enforcement agency, or department of corrections employee.",House,3486,Z-1162.1,0,1,0,0,Assault against law officer,Bill,B,(Hurst),1,0
1,0,2009-10,SHB 2781,2781,,,,,2010-03-15,0,0,SHB 2781,"By resolution, reintroduced and retained in present status.",0,H Ways & Means,0,0,2010-01-22,"AN ACT Relating to imposing a sanction for offenders who violate sentence conditions by committing an assault against a law enforcement officer, employee of a law enforcement agency, or department of corrections employee;",1,"Imposing a sanction for offenders who violate sentence conditions by committing an assault against a law enforcement officer, employee of a law enforcement agency, or department of corrections employee.",House,3486,H-4666.1,0,1,0,0,Assault against law officer,Bill,B,(Hurst),1,1
0,0,2009-10,HB 2782,2782,,,,,2010-02-12,0,0,HB 2782,2nd substitute bill substituted.,0,H subst for,0,0,2010-01-14,AN ACT Relating to establishing the security lifeline act;,1,Reorganizing delivery of services to recipients of public assistance.,House,1570,H-4128.1,0,0,0,0,Security lifeline act,Bill,B,(Dickerson),1,0
0,0,2009-10,SHB 2782,2782,,,,,2010-02-12,0,0,SHB 2782,2nd substitute bill substituted.,0,H subst for,0,0,2010-01-28,AN ACT Relating to establishing the security lifeline act;,1,Concerning the security lifeline act.,House,1570,H-4794.1,0,0,0,0,Security lifeline act,Bill,B,(Dickerson),1,1
1,0,2009-10,E2SHB 2782,2782,,,,,2010-03-29,1,1,E2SHB 2782,Effective date 3/29/2010*.,1,C 8 L 10 E1,0,1,2010-02-09,AN ACT Relating to establishing the security lifeline act;,1,Concerning the security lifeline act.,House,1570,H-5105.1,0,0,0,0,Security lifeline act,Bill,B,(Dickerson),1,2
1,0,2009-10,HB 2783,2783,,,,,2010-03-15,0,0,HB 2783,"By resolution, reintroduced and retained in present status.",0,H Ways & Means,0,0,2010-01-14,AN ACT Relating to the Washington state patrol retirement system;,0,"Modifying the definition of ""salary"" under RCW 43.43.120.",House,10249,H-3749.1,0,0,0,0,"Salary, definition/WSPRS",Bill,B,(Takko),1,0
1,0,2009-10,HB 2784,2784,,2009-10,SB 6682,SEnv/Water/Ener,2010-03-15,0,0,HB 2784,"By resolution, reintroduced and retained in present status.",0,H Tech/En/Com,0,0,2010-01-14,AN ACT Relating to a baseload renewable power facility;,0,Concerning baseload renewable power facilities.,House,14203,H-4048.1,0,0,0,0,Baseload renewable power,Bill,B,(Finn),1,0
1,0,2009-10,HB 2785,2785,,,,,2010-03-15,0,0,HB 2785,"By resolution, reintroduced and retained in present status.",0,H Tech/En/Com,0,0,2010-01-14,AN ACT Relating to theft of electronic devices;,0,Regarding the theft of electronic devices.,House,8215,H-3614.2,0,0,0,0,Theft of electronic devices,Bill,B,(Hudgins),0,0
1,1,2009-10,HB 2786,2786,,,,,2010-03-15,0,0,HB 2786,"By resolution, reintroduced and retained in present status.",0,H Judiciary,0,0,2010-01-14,AN ACT Relating to Green river emergency flooding preparedness and response;,0,Concerning emergency flooding preparedness and response.,House,3486,H-4203.1,0,0,0,0,Green river flood response,Bill,B,(Hurst),0,0
1,1,2009-10,HB 2787,2787,,,,,2010-03-15,0,0,HB 2787,"By resolution, reintroduced and retained in present status.",0,H Cap Budget,0,0,2010-01-14,AN ACT Relating to Green river emergency flooding preparedness and response;,1,Addressing Green river emergency flooding preparedness and response.,House,3486,H-4129.2,0,0,0,0,Green river flood response,Bill,B,(Hurst),1,0
1,1,2009-10,SHB 2787,2787,,,,,2010-03-15,0,0,SHB 2787,"By resolution, reintroduced and retained in present status.",0,H Cap Budget,0,0,2010-01-26,AN ACT Relating to Green river emergency flooding preparedness and response;,0,Addressing Green river emergency flooding preparedness and response.,House,3486,H-4684.3,0,0,0,0,Green river flood response,Bill,B,(Hurst),0,1
1,0,2009-10,HB 2788,2788,,2009-10,SB 6496,SHea/L-T Care,2010-03-15,0,0,HB 2788,"By resolution, reintroduced and retained in present status.",0,H HC/Wellness,0,0,2010-01-14,AN ACT Relating to estimates for health care fees and charges;,0,Exempting ambulances and aid vehicles from the requirement to post notices about estimates for health care fees and charges.,House,8240,H-3861.1,0,0,0,0,Health care charges/notices,Bill,B,(Hinkle),0,0
0,0,2009-10,HB 2789,2789,,,,,2010-02-15,0,0,HB 2789,1st substitute bill substituted.,0,H subst for,0,0,2010-01-14,AN ACT Relating to authorizing issuance of subpoenas for purposes of agency investigations of underground economic activity;,0,Authorizing issuance of subpoenas for purposes of agency investigations of underground economy activity.,House,972,H-4098.2,0,0,0,0,Underground economy activity,Bill,B,(Conway),1,0
1,0,2009-10,SHB 2789,2789,,,,,2010-03-12,0,0,SHB 2789,Effective date 6/10/2010.,0,C 22 L 10,0,0,2010-01-29,AN ACT Relating to authorizing issuance of subpoenas for purposes of agency investigations of underground economic activity;,0,Authorizing issuance of subpoenas for purposes of agency investigations of underground economic activity.,House,972,H-4874.1,0,0,0,0,Underground economy activity,Bill,B,(Conway),0,1
0,0,2009-10,HB 2790,2790,,,,,2010-02-13,0,0,HB 2790,1st substitute bill substituted.,0,H subst for,0,0,2010-01-14,AN ACT Relating to making technical and clarifying changes to the liquor laws;,0,Making technical and clarifying changes to the liquor laws.,House,972,H-4014.4,0,0,0,0,Liquor laws,Bill,B,(Conway),0,0
1,0,2009-10,ESHB 2790,2790,,,,,2010-03-15,0,1,ESHB 2790,"By resolution, reintroduced and retained in present status.",0,H Rules 3C,0,1,2010-01-26,AN ACT Relating to making technical and clarifying changes to the liquor laws;,0,Making technical and clarifying changes to the liquor laws.,House,972,H-4760.1,0,0,0,0,Liquor laws,Bill,B,(Conway),1,1
1,0,2009-10,HB 2791,2791,,,,,2010-03-15,0,0,HB 2791,"By resolution, reintroduced and retained in present status.",0,H Rules R,0,0,2010-01-14,AN ACT Relating to driving-related penalties;,1,Concerning driving-related penalties.,House,11999,H-4141.1,0,0,0,0,Driving-related penalties,Bill,B,(Goodman),1,0
1,0,2009-10,SHB 2791,2791,,,,,2010-03-15,0,0,SHB 2791,"By resolution, reintroduced and retained in present status.",0,H Rules R,0,0,2010-02-03,AN ACT Relating to driving-related penalties;,0,Concerning driving-related penalties.,House,11999,H-5031.1,0,0,0,0,Driving-related penalties,Bill,B,(Goodman),0,1
1,0,2009-10,HB 2792,2792,,,,,2010-03-15,0,0,HB 2792,"By resolution, reintroduced and retained in present status.",0,H ComEcDevTr,0,0,2010-01-14,AN ACT Relating to local revitalization financing;,1,Concerning local revitalization financing.,House,9207,H-4074.1,0,0,0,0,Local revitalization,Bill,B,(Ormsby),1,0
0,0,2009-10,HB 2793,2793,,,,,2010-02-15,0,0,HB 2793,2nd substitute bill substituted.,0,H subst for,0,0,2010-01-14,AN ACT Relating to clarifying and expanding the rights and obligations of state registered domestic partners and other couples related to parentage;,0,Clarifying and expanding the rights and obligations of state registered domestic partners and other couples related to parentage.,House,643,H-3936.2,0,0,0,0,Registered domestic partners,Bill,B,(Kessler),1,0
0,0,2009-10,SHB 2793,2793,,,,,2010-02-15,0,0,SHB 2793,2nd substitute bill substituted.,0,H subst for,0,0,2010-01-21,AN ACT Relating to clarifying and expanding the rights and obligations of state registered domestic partners and other couples related to parentage;,0,Clarifying and expanding the rights and obligations of state registered domestic partners and other couples related to parentage.,House,643,H-4638.1,0,0,0,0,Registered domestic partners,Bill,B,(Kessler),0,1
1,0,2009-10,E2SHB 2793,2793,,,,,2010-03-15,0,1,E2SHB 2793,"By resolution, reintroduced and retained in present status.",0,H Rules 3C,0,1,2010-02-08,AN ACT Relating to clarifying and expanding the rights and obligations of state registered domestic partners and other couples related to parentage;,0,Clarifying and expanding the rights and obligations of state registered domestic partners and other couples related to parentage.,House,643,H-4945.5,0,0,0,0,Registered domestic partners,Bill,B,(Kessler),1,2
1,0,2009-10,HB 2794,2794,,2009-10,SB 6286,Ssubst for,2010-03-15,0,0,HB 2794,"By resolution, reintroduced and retained in present status.",0,H Judiciary,0,0,2010-01-14,AN ACT Relating to the liability and powers of cities and flood control zone districts;,0,Concerning the liability and powers of cities and flood control zone districts.,House,1712,H-4175.1,0,0,0,0,Flood control zone districts,Bill,B,(Upthegrove),0,0
1,0,2009-10,HB 2795,2795,,,,,2010-03-15,0,0,HB 2795,"By resolution, reintroduced and retained in present status.",0,H LG & Housing,0,0,2010-01-14,AN ACT Relating to water-sewer district assumptions;,0,Regulating water-sewer district assumptions.,House,8286,H-4214.1,0,0,0,0,Water-sewer distr assumption,Bill,B,(Pettigrew),0,0
1,0,2009-10,HB 2796,2796,,2009-10,SB 6497,S2nd RdConsCal,2010-03-15,0,0,HB 2796,"By resolution, reintroduced and retained in present status.",0,H HC/Wellness,0,0,2010-01-14,AN ACT Relating to information on direct practices that the office of the insurance commissioner must gather and report to the legislature;,0,Concerning direct practices.,House,1543,Z-1155.2,0,0,0,1,Direct practices information,Bill,B,(Cody),1,0
1,0,2009-10,HB 2797,2797,,,,,2010-03-15,0,0,HB 2797,"By resolution, reintroduced and retained in present status.",0,H Finance,0,0,2010-01-14,AN ACT Relating to creating a mineral severance tax;,1,Creating a mineral severance tax.,House,1611,H-3892.2,0,0,0,0,Mineral severance tax,Bill,B,(Williams),1,0
1,0,2009-10,HB 2798,2798,,2009-10,SB 6432,SJudiciary,2010-03-15,0,0,HB 2798,"By resolution, reintroduced and retained in present status.",0,H Judiciary,0,0,2010-01-14,AN ACT Relating to enhanced intelligence in Washington state;,0,Creating the Washington enhanced intelligence act.,House,10031,H-4271.1,0,0,0,0,WA enhanced intelligence act,Bill,B,(Appleton),0,0
1,0,2009-10,HB 2799,2799,,2009-10,SB 6709,SRules X,2010-03-15,0,0,HB 2799,"By resolution, reintroduced and retained in present status.",0,H Pub Safety,0,0,2010-01-14,AN ACT Relating to legal financial obligations;,0,Waiving the imposition of legal financial obligations in certain circumstances.,House,10031,H-4240.1,0,0,0,0,Legal financial obligations,Bill,B,(Appleton),0,0
1,0,2009-10,HB 2800,2800,,,,,2010-03-15,0,0,HB 2800,"By resolution, reintroduced and retained in present status.",0,H SGTribalAff,0,0,2010-01-14,AN ACT Relating to prohibiting persons from holding two elected offices for which he or she receives compensation;,0,Prohibiting persons from holding two elected offices for which he or she receives compensation.,House,10031,H-4258.1,0,0,0,0,Holding two elected offices,Bill,B,(Appleton),0,0
0,0,2009-10,HB 2801,2801,,,,,2010-02-11,0,0,HB 2801,1st substitute bill substituted.,0,H subst for,0,0,2010-01-14,AN ACT Relating to antiharassment strategies in public schools;,0,Regarding antiharassment strategies in public schools.,House,13546,H-4142.1,0,0,0,0,Antiharassment strategies,Bill,B,(Liias),1,0
1,0,2009-10,SHB 2801,2801,,,,,2010-03-29,1,1,SHB 2801,Effective date 6/10/2010.,0,C 239 L 10,0,0,2010-01-26,AN ACT Relating to antiharassment strategies in public schools;,0,Regarding antiharassment strategies in public schools.,House,13546,H-4577.1,0,0,0,0,Antiharassment strategies,Bill,B,(Liias),0,1
1,0,2009-10,HB 2802,2802,,,,,2010-03-15,0,0,HB 2802,"By resolution, reintroduced and retained in present status.",0,H Ways & Means,0,0,2010-01-14,AN ACT Relating to the review of the local government fiscal note program;,0,Reviewing the local government fiscal note program.,House,5160,H-3816.1,0,0,0,0,Local govt fiscal note prog,Bill,B,(Anderson),0,0
1,0,2009-10,HB 2803,2803,,2009-10,SB 6297,C 65 L 10,2010-03-15,0,0,HB 2803,"By resolution, reintroduced and retained in present status.",0,H HC/Wellness,0,0,2010-01-14,AN ACT Relating to certification for speech-language pathology assistants;,0,Regarding certification of speech-language pathology assistants.,House,8209,H-3950.1,0,0,0,0,Speech-language pathology,Bill,B,(Clibborn),0,0
0,0,2009-10,HB 2804,2804,,,,,2010-02-11,0,0,HB 2804,1st substitute bill substituted.,0,H subst for,0,0,2010-01-14,AN ACT Relating to beer and caffeinated or stimulant-enhanced malt beverages;,0,Concerning beer and caffeinated or stimulant-enhanced malt beverages.,House,10021,Z-1025.1,0,0,0,1,Beer & caffeinated malt bevs,Bill,B,(Green),1,0
1,0,2009-10,SHB 2804,2804,,,,,2010-03-15,0,0,SHB 2804,"By resolution, reintroduced and retained in present status.",0,H Rules 3C,0,0,2010-02-02,AN ACT Relating to beer and caffeinated or stimulant-enhanced malt beverages;,0,Concerning beer and caffeinated or stimulant-enhanced malt beverages.,House,10021,H-4855.3,0,0,0,1,Beer & caffeinated malt bevs,Bill,B,(Green),0,1
1,0,2009-10,EHB 2805,2805,,,,,2010-04-01,1,1,EHB 2805,Effective date 6/10/2010.,0,C 276 L 10,0,1,2010-01-14,AN ACT Relating to public works involving off-site prefabrication;,0,Regarding public works involving off-site prefabrication.,House,9207,H-4288.1,0,0,0,0,Public works/off-site prefab,Bill,B,(Ormsby),1,0
1,0,2009-10,HB 2806,2806,,2009-10,SB 6299,Ssubst for,2010-03-15,0,0,HB 2806,"By resolution, reintroduced and retained in present status.",0,H Ag & Nat Res,0,0,2010-01-14,AN ACT Relating to livestock inspection;,0,Regarding livestock inspection.,House,8317,H-4273.1,0,0,0,0,Livestock inspection,Bill,B,(Blake),1,0
1,0,2009-10,HB 2807,2807,,,,,2010-03-15,0,0,HB 2807,"By resolution, reintroduced and retained in present status.",0,H HC/Wellness,0,0,2010-01-14,AN ACT Relating to basic health care coverage;,0,Concerning basic health care coverage.,House,3473,H-3718.2,0,0,0,0,Basic health care coverage,Bill,B,(Ericksen),0,0
1,0,2009-10,HB 2808,2808,,,,,2010-03-15,0,0,HB 2808,"By resolution, reintroduced and retained in present status.",0,H SGTribalAff,0,0,2010-01-14,AN ACT Relating to commercial activities by state government agencies;,0,Regarding commercial activities by state government.,House,3473,H-3989.2,0,0,0,0,Commercial activity/st govt,Bill,B,(Ericksen),0,0
1,0,2009-10,HB 2809,2809,,,,,2010-03-15,0,0,HB 2809,"By resolution, reintroduced and retained in present status.",0,H HC/Wellness,0,0,2010-01-14,AN ACT Relating to the health technology assessment program;,0,Concerning the health technology assessment program.,House,3473,H-4096.1,0,0,0,0,Health tech assessment prog,Bill,B,(Ericksen),0,0
1,0,2009-10,HB 2810,2810,,,,,2010-03-15,0,0,HB 2810,"By resolution, reintroduced and retained in present status.",0,H SGTribalAff,0,0,2010-01-14,AN ACT Relating to creating a legislative rule-making accountability committee to review proposed agency rules;,0,Establishing a legislative rule-making accountability committee.,House,3473,H-3874.2,0,0,0,0,Rule-making accountability,Bill,B,(Ericksen),0,0
1,0,2009-10,HB 2811,2811,,,,,2010-03-15,0,0,HB 2811,"By resolution, reintroduced and retained in present status.",0,H Judiciary,0,0,2010-01-14,AN ACT Relating to civil liability reform;,0,Providing for omnibus civil liability reform.,House,3473,H-3595.4,0,0,0,0,Civil liability reform,Bill,B,(Ericksen),0,0
1,0,2009-10,HB 2812,2812,,,,,2010-03-15,0,0,HB 2812,"By resolution, reintroduced and retained in present status.",0,H Finance,0,0,2010-01-14,AN ACT Relating to limiting penalties for failing to file an annual survey or annual report for tax incentives;,0,Limiting penalties for failing to file an annual survey or annual report for tax incentives.,House,3473,H-4068.1,0,0,0,0,Tax incentives reports,Bill,B,(Ericksen),0,0
1,0,2009-10,HB 2813,2813,,,,,2010-03-15,0,0,HB 2813,"By resolution, reintroduced and retained in present status.",0,H Finance,0,0,2010-01-14,AN ACT Relating to encouraging the construction of low-carbon energy generation facilities through tax and regulatory incentives;,0,Encouraging the construction of low carbon-energy generation facilities.,House,3473,H-3975.1,0,0,0,0,Low-carbon energy generation,Bill,B,(Ericksen),0,0
1,0,2009-10,HB 2814,2814,,,,,2010-03-15,0,0,HB 2814,"By resolution, reintroduced and retained in present status.",0,H Judiciary,0,0,2010-01-14,AN ACT Relating to health care liability reform;,0,Providing for health care liability reform.,House,3473,H-3859.3,0,0,0,0,Health care liability reform,Bill,B,(Ericksen),0,0
1,0,2009-10,HB 2815,2815,,2009-10,SB 6487,C 121 L 10,2010-03-15,0,0,HB 2815,"By resolution, reintroduced and retained in present status.",0,H HC/Wellness,0,0,2010-01-14,AN ACT Relating to repealing the expiration of the fair payment for chiropractic services requirement;,0,Repealing the expiration of the fair payment for chiropractic services requirement.,House,1543,H-3684.1,0,0,0,0,Chiropractic service/payment,Bill,B,(Cody),0,0
1,0,2009-10,HB 2816,2816,,,,,2010-03-15,0,0,HB 2816,"By resolution, reintroduced and retained in present status.",0,H Rules R,0,0,2010-01-14,AN ACT Relating to fuel taxes on exported fuel;,0,Concerning fuel taxes on exported fuel.,House,2144,H-3548.8,0,0,0,0,Fuel taxes on exported fuel,Bill,B,(Morris),1,0
1,0,2009-10,SHB 2816,2816,,,,,2010-03-15,0,1,SHB 2816,"By resolution, reintroduced and retained in present status.",0,H Rules R,0,0,2010-02-08,AN ACT Relating to fuel taxes on exported fuel;,0,Addressing fuel taxes on exported fuel.,House,2144,H-5025.5,0,0,0,0,Fuel taxes on exported fuel,Bill,B,(Morris),1,1
1,0,2009-10,HB 2817,2817,,2009-10,SB 6361,Ssubst for,2010-03-15,0,1,HB 2817,"By resolution, reintroduced and retained in present status.",0,H Rules 3C,0,0,2010-01-14,AN ACT Relating to a person's identifying information submitted in the course of using the electronic statewide unified sex offender notification and registration program for the purpose of receiving notification regarding registered sex offenders;,0,Exempting a person's identifying information from public disclosure when submitted in the course of using the sex offender notification and registration program for the purpose of receiving notification regarding registered sex offenders.,House,2149,H-3798.2,0,0,0,0,Sex offender notification,Bill,B,(O'Brien),0,0
0,0,2009-10,HB 2818,2818,,,,,2010-02-15,0,0,HB 2818,1st substitute bill substituted.,0,H subst for,0,0,2010-01-14,AN ACT Relating to reducing the environmental health impact of cleaning in state facilities;,1,Reducing the environmental health impact of cleaning in state facilities.,House,1407,H-3983.2,0,0,0,0,Cleaning in state facilities,Bill,B,(Chase),1,0
1,0,2009-10,SHB 2818,2818,,,,,2010-03-15,0,1,SHB 2818,"By resolution, reintroduced and retained in present status.",0,H Rules 3C,0,0,2010-02-02,AN ACT Relating to reducing the environmental health impact of cleaning in state facilities;,1,Reducing the environmental health impact of cleaning in state facilities.,House,1407,H-5013.1,0,0,0,0,Cleaning in state facilities,Bill,B,(Chase),1,1
1,0,2009-10,HB 2819,2819,,,,,2010-03-15,0,0,HB 2819,"By resolution, reintroduced and retained in present status.",0,H Finance,0,0,2010-01-14,AN ACT Relating to a property tax exemption for property used for church purposes;,0,Concerning a property tax exemption for property used for church purposes.,House,2149,H-3907.1,0,0,0,0,Church purposes/prop tx exem,Bill,B,(O'Brien),1,0
1,0,2009-10,HB 2820,2820,,,,,2010-03-15,0,0,HB 2820,"By resolution, reintroduced and retained in present status.",0,H Judiciary,0,0,2010-01-14,AN ACT Relating to reserve accounts for condominium associations;,0,Concerning reserve accounts for condominium associations.,House,2149,H-4091.1,0,0,0,0,Condominium associations,Bill,B,(O'Brien),0,0
1,0,2009-10,HB 2821,2821,,,,,2010-03-15,0,0,HB 2821,"By resolution, reintroduced and retained in present status.",0,H HHS Apps,0,0,2010-01-14,AN ACT Relating to requiring copayments for cough medicine for recipients of medical assistance and medical care services;,0,Requiring copayments for cough medicine.,House,2149,H-4021.2,0,0,0,0,Cough medicine copayments,Bill,B,(O'Brien),1,0
1,0,2009-10,HB 2822,2822,,2009-10,SB 6509,SHighEd&WorkDev,2010-03-15,0,0,HB 2822,"By resolution, reintroduced and retained in present status.",0,H Hi Ed,0,0,2010-01-14,AN ACT Relating to modifying the budget recommendations developed by the higher education coordinating board to include recommendations on tuition and fees;,0,Modifying the budget recommendations developed by the higher education coordinating board to include recommendations on tuition and fees.,House,8420,H-3862.1,0,0,0,0,Higher ed coord brd/budget,Bill,B,(Wallace),1,0
1,0,2009-10,HB 2823,2823,,,,,2010-03-15,0,0,HB 2823,Effective date 6/10/2010.,0,C 60 L 10,0,0,2010-01-14,"AN ACT Relating to permitting retired participants to resume volunteer firefighter, emergency worker, or reserve officer service;",1,"Permitting retired participants to resume volunteer firefighter, emergency worker, or reserve officer service.",House,8235,H-4040.1,0,0,0,0,Retirees resuming service,Bill,B,(Kristiansen),1,0
1,1,2009-10,HB 2824,2824,,2009-10,SB 6444,Ssubst for,2010-03-15,0,0,HB 2824,"By resolution, reintroduced and retained in present status.",0,H Rules R,0,0,2010-01-14,AN ACT Relating to fiscal matters;,0,Making 2010 operating supplemental appropriations.,House,646,Z-1015.3,0,0,1,0,Operating supp budget 2010,Bill,B,(Linville),0,0
1,1,2009-10,SHB 2824,2824,,,,,2010-03-15,0,1,SHB 2824,"By resolution, reintroduced and retained in present status.",0,H Rules R,0,0,2010-02-26,AN ACT Relating to fiscal matters;,0,Making 2010 supplemental operating appropriations.,House,646,H-5366.4,0,0,1,0,Operating supp budget 2010,Bill,B,(Linville),0,1
1,0,2009-10,HB 2825,2825,,2009-10,SB 6592,SWays & Means,2010-03-15,0,0,HB 2825,"By resolution, reintroduced and retained in present status.",0,H Ways & Means,0,0,2010-01-14,AN ACT Relating to transferring the administration of the voluntary firefighters' and reserve officers' relief and pension system to the department of retirement systems;,0,Transferring the administration of the voluntary firefighters' and reserve officers' relief and pension system to the department of retirement systems.,House,646,Z-1073.2,0,0,1,0,Relief & pension transfer,Bill,B,(Linville),1,0
1,0,2009-10,HB 2826,2826,,2009-10,SB 6575,Ssubst for,2010-03-15,0,0,HB 2826,"By resolution, reintroduced and retained in present status.",0,H Ways & Means,0,0,2010-01-14,AN ACT Relating to recommendations of the joint legislative task force on the underground economy;,0,Concerning the recommendations of the joint legislative task force on the underground economy.,House,972,H-4105.4,0,0,0,0,Underground economy,Bill,B,(Conway),1,0
1,0,2009-10,SHB 2826,2826,,,,,2010-03-15,0,0,SHB 2826,"By resolution, reintroduced and retained in present status.",0,H Ways & Means,0,0,2010-02-02,AN ACT Relating to recommendations of the joint legislative task force on the underground economy;,1,Concerning the recommendations of the joint legislative task force on the underground economy.,House,972,H-4961.1,0,0,0,0,Underground economy,Bill,B,(Conway),1,1
1,0,2009-10,HB 2827,2827,,,,,2010-03-15,0,0,HB 2827,"By resolution, reintroduced and retained in present status.",0,H Rules R,0,0,2010-01-14,AN ACT Relating to the release of a person arrested and detained for a crime involving domestic violence;,1,Prohibiting a person arrested and detained for a crime involving domestic violence from being released until the person has appeared before the court at the preliminary appearance or arraignment.,House,619,H-3585.1,0,0,0,0,Domestic violence/release,Bill,B,(Campbell),1,0
1,0,2009-10,SHB 2827,2827,,,,,2010-03-15,0,0,SHB 2827,"By resolution, reintroduced and retained in present status.",0,H Rules R,0,0,2010-02-02,AN ACT Relating to the release of a person arrested and detained for a crime involving domestic violence;,0,Prohibiting a person arrested and detained for a crime involving domestic violence from being released until the person has appeared before the court at the preliminary appearance or arraignment.,House,619,H-5000.1,0,0,0,0,Domestic violence/release,Bill,B,(Campbell),0,1
0,0,2009-10,HB 2828,2828,,,,,2010-02-12,0,0,HB 2828,Committee recommendations adopted and the 1st substitute bill substituted.,0,H subst for,0,0,2010-01-14,AN ACT Relating to requiring hospitals to report certain health care-associated infections to the Washington state hospital association's quality benchmarking system until the national health care safety network is able to accept aggregate denominator data;,0,Requiring hospitals to report certain health care data.,House,619,H-3875.1,0,0,0,0,Hospital infection reports,Bill,B,(Campbell),0,0
1,0,2009-10,SHB 2828,2828,,,,,2010-03-18,0,0,SHB 2828,Effective date 3/18/2010.,0,C 113 L 10,0,0,2010-01-29,AN ACT Relating to requiring hospitals to report certain health care-associated infections to the Washington state hospital association's quality benchmarking system until the national health care safety network is able to accept aggregate denominator data;,0,Requiring hospitals to report certain health care data.,House,619,H-4791.1,0,0,0,0,Hospital infection reports,Bill,B,(Campbell),0,1
1,0,2009-10,HB 2829,2829,,,,,2010-03-15,0,0,HB 2829,"By resolution, reintroduced and retained in present status.",0,H HC/Wellness,0,0,2010-01-14,AN ACT Relating to authorizing a privately funded prescription monitoring program;,0,Authorizing a privately funded prescription monitoring program.,House,8240,H-4197.1,0,0,0,0,Prescription monitoring prog,Bill,B,(Hinkle),0,0
1,0,2009-10,EHB 2830,2830,,2009-10,SB 6369,S2nd RdConsCal,2010-03-17,0,1,EHB 2830,Effective date 3/17/2010.,0,C 87 L 10,0,1,2010-01-14,AN ACT Relating to credit union regulatory enforcement powers;,0,Addressing credit union regulatory enforcement powers.,House,5157,Z-1143.1,0,0,0,1,Credit union regulation,Bill,B,(Simpson),1,0
1,0,2009-10,EHB 2831,2831,,2009-10,SB 6370,SRules X,2010-03-17,0,1,EHB 2831,Effective date 3/17/2010.,0,C 88 L 10,0,1,2010-01-14,"AN ACT Relating to state-chartered commercial banks, trust companies, savings banks, and their holding companies;",0,"Regulating state-chartered commercial banks, trust companies, savings banks, and their holding companies.",House,5157,Z-1149.1,0,0,0,1,Banks and trust companies,Bill,B,(Simpson),1,0
1,0,2009-10,HB 2832,2832,,,,,2010-03-15,0,0,HB 2832,"By resolution, reintroduced and retained in present status.",0,H SGTribalAff,0,0,2010-01-14,AN ACT Relating to displays of state and federal documents in public buildings on the state capitol campus;,0,Regarding displays of state and federal documents in public buildings on the capitol campus.,House,2584,H-4126.1,0,0,0,0,State & fed document display,Bill,B,(McCune),0,0
1,0,2009-10,HB 2833,2833,,,,,2010-03-15,0,0,HB 2833,"By resolution, reintroduced and retained in present status.",0,H Finance,0,0,2010-01-14,AN ACT Relating to requiring aerospace tax incentive claimants to periodically reaffirm their commitment to the economic well-being of Washington;,0,Requiring aerospace tax incentive claimants to periodically reaffirm their commitment to the economic well-being of Washington.,House,1611,H-3883.2,0,0,0,0,Aerospace tax incentives,Bill,B,(Williams),0,0
1,0,2009-10,HB 2834,2834,,2009-10,SB 6511,SWays & Means,2010-03-15,0,0,HB 2834,"By resolution, reintroduced and retained in present status.",0,H Rules R,0,0,2010-01-14,AN ACT Relating to gang and hate group activity on school grounds and at school activities;,0,Regarding gang and hate group activity at schools and school activities.,House,14201,Z-0997.3,0,0,0,1,Gangs & hate groups/schools,Bill,B,(Probst),0,0
1,0,2009-10,SHB 2834,2834,,,,,2010-03-15,0,0,SHB 2834,"By resolution, reintroduced and retained in present status.",0,H Rules R,0,0,2010-02-02,AN ACT Relating to gang and hate group activity on school grounds and at school activities;,0,Regarding gang and hate group activity at schools and school activities.,House,14201,H-4943.2,0,0,0,1,Gangs & hate groups/schools,Bill,B,(Probst),1,1
1,0,2009-10,HB 2835,2835,,2009-10,SB 6512,SRules X,2010-03-15,0,0,HB 2835,"By resolution, reintroduced and retained in present status.",0,H Education,0,0,2010-01-14,AN ACT Relating to school safety zones;,1,Increasing school safety.,House,14201,Z-1000.1,0,0,0,1,School safety zones,Bill,B,(Probst),1,0
0,1,2009-10,HB 2836,2836,,2009-10,SB 6364,Ssubst for,2010-03-19,0,0,HB 2836,1st substitute bill substituted.,0,H subst for,0,0,2010-01-14,AN ACT Relating to the capital budget;,0,Concerning the capital budget.,House,630,Z-1140.1,0,0,1,0,Capital supp budget 2010,Bill,B,(Dunshee),0,0
1,1,2009-10,ESHB 2836,2836,,,,,2010-05-04,1,1,ESHB 2836,Effective date 5/4/2010.,1,C 36 L 10 E1,0,1,2010-02-24,AN ACT Relating to the capital budget;,0,Concerning the capital budget.,House,630,H-5426.1,0,0,1,0,Capital supp budget 2010,Bill,B,(Dunshee),0,1
1,0,2009-10,HB 2837,2837,,2009-10,SB 6452,SHea/L-T Care,2010-03-15,0,0,HB 2837,"By resolution, reintroduced and retained in present status.",0,H HC/Wellness,0,0,2010-01-14,AN ACT Relating to limited service pregnancy centers;,0,Concerning limited service pregnancy centers.,House,8209,H-3877.2,0,0,0,0,Ltd service pregnancy ctrs,Bill,B,(Clibborn),0,0
1,1,2009-10,HB 2838,2838,,2009-10,SB 6381,Ssubst for,2010-03-15,0,0,HB 2838,"By resolution, reintroduced and retained in present status.",0,H Rules R,0,0,2010-01-14,AN ACT Relating to transportation funding and appropriations;,0,Making 2009-11 supplemental transportation appropriations.,House,8209,Z-0973.4,0,0,1,0,Trans supp budget 2009-11,Bill,B,(Clibborn),0,0
1,1,2009-10,SHB 2838,2838,,,,,2010-03-15,0,0,SHB 2838,"By resolution, reintroduced and retained in present status.",0,H Rules R,0,0,2010-02-24,AN ACT Relating to transportation funding and appropriations;,0,Making 2009-11 supplemental transportation appropriations.,House,8209,H-4683.7,0,0,1,0,Trans supp budget 2009-11,Bill,B,(Clibborn),0,1
1,0,2009-10,HB 2839,2839,,,,,2010-03-15,0,0,HB 2839,"By resolution, reintroduced and retained in present status.",0,H Ecology & Park,0,0,2010-01-14,AN ACT Relating to extending the implementation of the national pollutant discharge elimination system municipal separate storm sewer systems permit;,0,Concerning the implementation of the national pollutant discharge elimination system municipal separate storm sewer systems permit.,House,15098,H-4085.1,0,0,0,0,Storm sewer systems permit,Bill,B,(Fagan),0,0
1,0,2009-10,HB 2840,2840,,,,,2010-03-15,0,0,HB 2840,"By resolution, reintroduced and retained in present status.",0,H Education Apps,0,0,2010-01-14,AN ACT Relating to examining levy-funded employee-related costs of school districts;,0,Examining levy-funded employee-related costs.,House,10041,H-4265.2,0,0,0,0,School district costs,Bill,B,(Kretz),1,0
0,0,2009-10,HB 2841,2841,,,,,2010-02-10,0,0,HB 2841,Committee recommendations adopted and the 1st substitute bill substituted.,0,H subst for,0,0,2010-01-15,AN ACT Relating to the standard health questionnaire;,0,Concerning the standard health questionnaire.,House,8240,H-4143.2,0,0,0,0,Std health questionnaire,Bill,B,(Hinkle),0,0
1,0,2009-10,SHB 2841,2841,,,,,2010-04-01,1,1,SHB 2841,Effective date 6/10/2010.,0,C 277 L 10,0,0,2010-01-29,AN ACT Relating to the standard health questionnaire;,0,Concerning the standard health questionnaire.,House,8240,H-4899.1,0,0,0,0,Std health questionnaire,Bill,B,(Hinkle),0,1
0,0,2009-10,HB 2842,2842,,,,,2010-02-12,0,0,HB 2842,1st substitute bill substituted.,0,H subst for,0,0,2010-01-15,AN ACT Relating to insurer receiverships;,0,Addressing confidentiality as it relates to insurer receivership.,House,14186,Z-1084.2,0,0,0,1,Insurer receiverships,Bill,B,(Parker),1,0
1,0,2009-10,ESHB 2842,2842,,,,,2010-03-17,0,1,ESHB 2842,Effective date 6/10/2010.,0,C 97 L 10,0,1,2010-01-21,AN ACT Relating to insurer receiverships;,0,Addressing confidentiality as it relates to insurer receivership.,House,14186,H-4595.1,0,0,0,1,Insurer receiverships,Bill,B,(Parker),0,1
1,0,2009-10,HB 2843,2843,,2009-10,SB 6418,C 136 L 10,2010-03-15,0,0,HB 2843,"By resolution, reintroduced and retained in present status.",0,H Rules R,0,0,2010-01-15,AN ACT Relating to cities and towns annexed to fire protection districts;,0,Regarding cities and towns annexed to fire protection districts.,House,9207,H-4206.1,0,0,0,0,Annexation to fire prot dist,Bill,B,(Ormsby),0,0
1,0,2009-10,HB 2844,2844,,2009-10,SB 6457,SWays & Means,2010-03-15,0,0,HB 2844,"By resolution, reintroduced and retained in present status.",0,H Finance,0,0,2010-01-15,AN ACT Relating to excise tax relief for nuclear fuel assemblies;,0,Concerning excise tax relief for nuclear fuel assemblies.,House,2314,H-4233.1,0,0,0,0,Nuclear fuel assemblies,Bill,B,(Kenney),0,0
1,0,2009-10,HB 2845,2845,,2009-10,SB 6204,SRules X,2010-03-15,0,0,HB 2845,"By resolution, reintroduced and retained in present status.",0,H Commerce/Lab,0,0,2010-01-15,AN ACT Relating to privatizing the sale of liquor;,0,Privatizing the sale of liquor.,House,2157,H-4279.1,0,0,0,0,Privatizing sale of liquor,Bill,B,(Alexander),1,0
1,0,2009-10,HB 2846,2846,,,,,2010-03-15,0,0,HB 2846,"By resolution, reintroduced and retained in present status.",0,H Ways & Means,0,0,2010-01-15,AN ACT Relating to contract liquor stores;,0,Concerning contract liquor stores.,House,2157,H-4291.2,0,0,0,0,Contract liquor stores,Bill,B,(Alexander),1,0
1,0,2009-10,HB 2847,2847,,,,,2010-03-15,0,0,HB 2847,"By resolution, reintroduced and retained in present status.",0,H Judiciary,0,0,2010-01-15,AN ACT Relating to the confiscation of funds for individuals convicted of a crime;,0,Providing for the confiscation of funds for individuals convicted of a crime.,House,2157,H-3564.1,0,0,0,0,Confiscation of funds,Bill,B,(Alexander),0,0
1,0,2009-10,HB 2848,2848,,,,,2010-03-15,0,0,HB 2848,"By resolution, reintroduced and retained in present status.",0,H Rules 3C,0,0,2010-01-15,AN ACT Relating to repealing RCW 36.32.210;,0,Repealing RCW 36.32.210.,House,2157,H-3705.1,0,0,0,0,Repealing RCW 36.32.210,Bill,B,(Alexander),0,0
1,0,2009-10,HB 2849,2849,,2009-10,SB 6491,SEL/K-12,2010-03-15,0,0,HB 2849,"By resolution, reintroduced and retained in present status.",0,H Education Apps,0,0,2010-01-15,"AN ACT Relating to transferring the state school for the blind, the Washington state center for childhood deafness and hearing loss, and the associated boards of trustees to the office of the superintendent of public instruction;",0,Transferring the state school for the blind and the state center for childhood deafness and hearing loss to the office of the superintendent of public instruction.,House,3475,Z-1013.1,0,0,1,0,Sch. for blind/deafness ctr.,Bill,B,(Haigh),1,0
1,0,2009-10,HB 2850,2850,,2009-10,SB 6602,SEDev/Trd/Innov,2010-03-15,0,0,HB 2850,"By resolution, reintroduced and retained in present status.",0,H LG & Housing,0,0,2010-01-15,AN ACT Relating to local conservation area financing;,0,Concerning local conservation area financing.,House,14206,H-3878.3,0,0,0,0,Local conserv area financing,Bill,B,(White),1,0
1,0,2009-10,HB 2851,2851,,,,,2010-03-15,0,0,HB 2851,"By resolution, reintroduced and retained in present status.",0,H Rules R,0,0,2010-01-15,AN ACT Relating to restricting mailings by local officials;,0,Restricting mailings by local officials.,House,14206,H-4056.1,0,0,0,0,Mailings by local officials,Bill,B,(White),0,0
1,0,2009-10,SHB 2851,2851,,,,,2010-03-15,0,0,SHB 2851,"By resolution, reintroduced and retained in present status.",0,H Rules R,0,0,2010-02-02,AN ACT Relating to restricting mailings by local officials;,0,Restricting mailings by local officials.,House,14206,H-4966.1,0,0,0,0,Mailings by local officials,Bill,B,(White),0,1
0,0,2009-10,HB 2852,2852,,,,,2010-02-12,0,0,HB 2852,1st substitute bill substituted.,0,H subst for,0,0,2010-01-15,AN ACT Relating to college-level online learning by high school students;,0,Concerning college-level online learning by high school students.,House,14186,H-3814.1,0,0,0,0,College-level learning,Bill,B,(Parker),1,0
1,0,2009-10,SHB 2852,2852,,,,,2010-03-15,0,0,SHB 2852,"By resolution, reintroduced and retained in present status.",0,H Rules 3C,0,0,2010-02-02,AN ACT Relating to college-level online learning by high school students;,0,Concerning college-level online learning by high school students.,House,14186,H-4998.1,0,0,0,0,College-level learning,Bill,B,(Parker),0,1
1,0,2009-10,HB 2853,2853,,2009-10,SB 6656,Ssubst for,2010-03-15,0,0,HB 2853,"By resolution, reintroduced and retained in present status.",0,H Tech/En/Com,0,0,2010-01-15,AN ACT Relating to implementing energy conservation programs;,0,Authorizing a local financing tool to fund energy efficiency upgrades and removing financial barriers to implementing energy conservation programs.,House,11998,H-4325.1,0,0,0,0,Energy conservation programs,Bill,B,(Rolfes),0,0
0,0,2009-10,HB 2854,2854,,,,,2010-02-13,0,0,HB 2854,2nd substitute bill substituted.,0,H subst for,0,0,2010-01-15,AN ACT Relating to making changes to the state higher education loan program;,0,Making changes to the state higher education loan program.,House,2314,H-4173.3,0,0,0,0,State higher ed loan program,Bill,B,(Kenney),1,0
0,0,2009-10,SHB 2854,2854,,,,,2010-02-13,0,0,SHB 2854,2nd substitute bill substituted.,0,H subst for,0,0,2010-01-29,AN ACT Relating to making changes to the state higher education loan program;,0,Making changes to the state higher education loan program.,House,2314,H-4543.1,0,0,0,0,State higher ed loan program,Bill,B,(Kenney),0,1
1,0,2009-10,2SHB 2854,2854,,,,,2010-04-12,0,0,2SHB 2854,"By resolution, returned to House Rules Committee for third reading.",0,H Rules 3C,0,0,2010-02-09,AN ACT Relating to making changes to the state higher education loan program;,0,Making changes to the state higher education loan program.,House,2314,H-5123.1,0,0,0,0,State higher ed loan program,Bill,B,(Kenney),0,2
1,0,2009-10,HB 2855,2855,,,,,2010-04-12,0,0,HB 2855,Returned to Rules Committee for second reading.,0,H Rules C,0,0,2010-01-15,AN ACT Relating to providing financing options for the operations and capital needs of transit agencies;,1,Providing financing options for the operations and capital needs of transit agencies.,House,13546,H-3928.3,0,0,0,0,Transit agency financing,Bill,B,(Liias),1,0
1,0,2009-10,SHB 2855,2855,,,,,2010-04-12,0,1,SHB 2855,Returned to Rules Committee for second reading.,0,H Rules C,0,0,2010-02-08,AN ACT Relating to providing financing options for the operations and capital needs of transit agencies;,0,Providing financing options for the operations and capital needs of transit agencies.,House,13546,H-4796.2,0,0,0,0,Transit agency financing,Bill,B,(Liias),0,1
1,0,2009-10,HB 2856,2856,,,,,2010-03-15,0,0,HB 2856,"By resolution, reintroduced and retained in present status.",0,H Rules R,0,0,2010-01-15,AN ACT Relating to the annual revision of performance measures pertaining to homeless housing programs;,0,Requiring the annual revision of performance measures of certain homeless housing programs.,House,3478,H-4164.1,0,0,0,0,Homeless housing programs,Bill,B,(Miloscia),1,0
1,0,2009-10,HB 2857,2857,,,,,2010-03-15,0,0,HB 2857,"By resolution, reintroduced and retained in present status.",0,H Tech/En/Com,0,0,2010-01-15,AN ACT Relating to meeting renewable energy targets;,0,Providing alternative methods to meet the eligible renewable energy requirements under RCW 19.285.040.,House,8317,H-4139.2,0,0,0,0,Renewable energy targets,Bill,B,(Blake),0,0
1,0,2009-10,HB 2858,2858,,2009-10,SB 6413,SRules X,2010-03-15,0,1,HB 2858,Effective date 6/10/2010.,0,C 61 L 10,0,0,2010-01-15,AN ACT Relating to purchasing authority of institutions of higher education with group purchasing organizations;,0,Regarding the purchasing authority of institutions of higher education.,House,10031,Z-1048.1,0,0,0,0,Higher education purchasing,Bill,B,(Appleton),1,0
1,0,2009-10,HB 2859,2859,,,,,2010-03-15,0,0,HB 2859,"By resolution, reintroduced and retained in present status.",0,H Hi Ed,0,0,2010-01-15,AN ACT Relating to administration at institutions of higher education;,0,Regarding administration at institutions of higher education.,House,9996,H-4211.2,0,0,0,0,Higher ed institution admin,Bill,B,(Haler),1,0
1,0,2009-10,HB 2860,2860,,2009-10,SB 6513,SJudiciary,2010-03-15,0,0,HB 2860,"By resolution, reintroduced and retained in present status.",0,H Pub Safety,0,0,2010-01-15,AN ACT Relating to intimidating a peace officer;,1,Prohibiting the intimidation of a peace officer.,House,9996,H-4191.1,0,0,0,0,Intimidating a peace officer,Bill,B,(Haler),1,0
1,0,2009-10,HB 2861,2861,,,,,2010-03-17,0,0,HB 2861,Effective date 6/10/2010.,0,C 98 L 10,0,0,2010-01-15,AN ACT Relating to state certified court reporters;,0,Adding state certified court reporters to the list of persons authorized to administer oaths and affirmations.,House,9710,H-4051.1,0,0,0,0,Certified court reporters,Bill,B,(Rodne),0,0
1,0,2009-10,HB 2862,2862,,2009-10,SB 6546,C 80 L 10,2010-03-15,0,0,HB 2862,"By resolution, reintroduced and retained in present status.",0,H Rules R,0,0,2010-01-15,AN ACT Relating to membership in the public employees' retirement system;,0,Allowing the state director of fire protection to refuse membership in the public employees' retirement system.,House,12003,H-3562.2,0,0,0,0,PERS/dir. of fire protection,Bill,B,(Van De Wege),0,0
0,0,2009-10,HB 2863,2863,,2009-10,SB 6341,Ssubst for,2010-02-12,0,0,HB 2863,Committee recommendations adopted and the 1st substitute bill substituted.,0,H subst for,0,0,2010-01-15,AN ACT Relating to transferring emergency food assistance programs to the department of agriculture;,0,Transferring emergency food assistance programs to the department of agriculture.,House,8317,H-4299.1,0,0,0,0,Emer food assistance/ag dept,Bill,B,(Blake),1,0
1,0,2009-10,SHB 2863,2863,,,,,2010-03-15,0,0,SHB 2863,"By resolution, reintroduced and retained in present status.",0,H Rules 3C,0,0,2010-02-04,AN ACT Relating to transferring food assistance programs to the department of agriculture;,0,Transferring food assistance programs to the department of agriculture.,House,8317,H-4818.1,0,0,0,0,Food assistance/ag dept,Bill,B,(Blake),0,1
1,0,2009-10,HB 2864,2864,,,,,2010-03-15,0,0,HB 2864,"By resolution, reintroduced and retained in present status.",0,H Judiciary,0,0,2010-01-15,AN ACT Relating to providing compensation for persons who have been wrongfully convicted and imprisoned;,0,Authorizing payment of claims for wrongful conviction and imprisonment.,House,10031,H-4338.1,0,0,0,0,Wrongful conviction claims,Bill,B,(Appleton),0,0
0,0,2009-10,HB 2865,2865,,,,,2010-02-12,0,0,HB 2865,Committee recommendations adopted and the 1st substitute bill substituted.,0,H subst for,0,0,2010-01-15,AN ACT Relating to offenders with developmental disabilities or traumatic brain injuries;,1,Concerning offenders with developmental disabilities or traumatic brain injuries.,House,10058,H-4284.2,0,0,0,0,Offenders with disabilities,Bill,B,(Roberts),1,0
1,0,2009-10,SHB 2865,2865,,,,,2010-03-15,0,0,SHB 2865,"By resolution, reintroduced and retained in present status.",0,H Rules 3C,0,0,2010-01-28,AN ACT Relating to offenders with developmental disabilities or traumatic brain injuries;,0,Concerning offenders with developmental disabilities or traumatic brain injuries.,House,10058,H-4847.1,0,0,0,0,Offenders with disabilities,Bill,B,(Roberts),0,1
1,0,2009-10,HB 2866,2866,,,,,2010-03-15,0,0,HB 2866,"By resolution, reintroduced and retained in present status.",0,H Rules R,0,0,2010-01-15,AN ACT Relating to enforcement authority over natural resource infractions;,0,Concerning natural resource infractions.,House,8317,H-4346.1,0,0,0,0,Natural resource infractions,Bill,B,(Blake),1,0
1,0,2009-10,SHB 2866,2866,,,,,2010-03-15,0,0,SHB 2866,"By resolution, reintroduced and retained in present status.",0,H Rules R,0,0,2010-01-29,AN ACT Relating to enforcement authority over natural resource infractions;,0,Concerning natural resource infractions.,House,8317,H-4715.3,0,0,0,0,Natural resource infractions,Bill,B,(Blake),0,1
0,0,2009-10,HB 2867,2867,,2009-10,SB 6517,SEL/K-12,2010-02-15,0,0,HB 2867,2nd substitute bill substituted.,0,H subst for,0,0,2010-01-15,AN ACT Relating to early learning;,0,Promoting early learning.,House,3487,Z-1090.1,0,0,1,0,Early learning,Bill,B,(Kagi),1,0
0,0,2009-10,SHB 2867,2867,,,,,2010-02-15,0,0,SHB 2867,2nd substitute bill substituted.,0,H subst for,0,0,2010-02-02,AN ACT Relating to early learning;,0,Promoting early learning.,House,3487,H-4954.1,0,0,1,0,Early learning,Bill,B,(Kagi),1,1
1,0,2009-10,2SHB 2867,2867,,,,,2010-03-29,1,1,2SHB 2867,Effective date 6/10/2010.,0,C 232 L 10,0,0,2010-02-08,AN ACT Relating to early learning;,0,Promoting early learning.,House,3487,H-5082.1,0,0,1,0,Early learning,Bill,B,(Kagi),1,2
1,0,2009-10,HB 2868,2868,,,,,2010-03-15,0,0,HB 2868,"By resolution, reintroduced and retained in present status.",0,H SGTribalAff,0,0,2010-01-15,AN ACT Relating to school district bidding procedures for purchases and public works projects;,0,Regarding school district bidding procedures for purchases and public works projects.,House,619,H-4110.1,0,0,0,0,School district bidding,Bill,B,(Campbell),0,0
1,0,2009-10,HB 2869,2869,,,,,2010-03-15,0,0,HB 2869,"By resolution, reintroduced and retained in present status.",0,H Tech/En/Com,0,0,2010-01-15,AN ACT Relating to incentives for hydrokinetic energy;,0,Providing incentives for hydrokinetic energy.,House,8211,H-4332.1,0,0,0,0,Hydrokinetic energy,Bill,B,(McCoy),1,0
1,0,2009-10,HB 2870,2870,,,,,2010-03-15,0,0,HB 2870,"By resolution, reintroduced and retained in present status.",0,H Env Health,0,0,2010-01-15,AN ACT Relating to maintenance inspections of on-site sewage systems;,1,Concerning maintenance inspections of on-site sewage systems.,House,8238,H-4282.1,0,0,0,0,On-site sewage systems,Bill,B,(Bailey),1,0
1,0,2009-10,HB 2871,2871,,,,,2010-03-15,0,0,HB 2871,"By resolution, reintroduced and retained in present status.",0,H Ways & Means,0,0,2010-01-15,AN ACT Relating to the method of funding benefit increases for state retirement plans that are less than fully funded;,0,Addressing the method of funding benefit increases for state retirement plans that are less than fully funded.,House,8238,H-4247.1,0,0,0,0,St. retirement plan benefits,Bill,B,(Bailey),1,0
1,1,2009-10,HB 2872,2872,,,,,2010-03-15,0,0,HB 2872,"By resolution, reintroduced and retained in present status.",0,H Ways & Means,0,0,2010-01-15,AN ACT Relating to establishing a period of public and legislative review of appropriations legislation;,0,Establishing a period of public and legislative review of appropriations legislation.,House,2157,H-4178.1,0,0,0,0,Appropriations legislation,Bill,B,(Alexander),0,0
1,0,2009-10,HB 2873,2873,,,,,2010-03-15,0,0,HB 2873,"By resolution, reintroduced and retained in present status.",0,H Commerce/Lab,0,0,2010-01-15,AN ACT Relating to permitting local governments to limit house- banked social card games within their jurisdictions;,1,Permitting local governments to limit house-banked social card games within their jurisdictions.,House,972,H-4007.3,0,0,0,0,House-banked card games,Bill,B,(Conway),1,0
1,0,2009-10,HB 2874,2874,,,,,2010-03-15,0,0,HB 2874,"By resolution, reintroduced and retained in present status.",0,H LG & Housing,0,0,2010-01-15,"AN ACT Relating to the formation, operation, and governance of regional fire protection service authorities;",0,"Concerning the formation, operation, and governance of regional fire protection service authorities.",House,5157,H-4303.1,0,0,0,0,Fire protection authorities,Bill,B,(Simpson),0,0
0,0,2009-10,HB 2875,2875,,,,,2010-02-11,0,0,HB 2875,1st substitute bill substituted.,0,H subst for,0,0,2010-01-15,AN ACT Relating to health savings accounts;,0,Concerning health savings accounts.,House,3473,H-4341.1,0,0,0,0,Health savings accounts,Bill,B,(Ericksen),0,0
1,0,2009-10,ESHB 2875,2875,,,,,2010-04-12,0,1,ESHB 2875,"By resolution, returned to House Rules Committee for third reading.",0,H Rules 3C,0,1,2010-02-02,AN ACT Relating to health savings accounts;,0,Concerning health savings accounts.,House,3473,H-4952.1,0,0,0,0,Health savings accounts,Bill,B,(Ericksen),1,1
0,0,2009-10,HB 2876,2876,,,,,2010-02-10,0,0,HB 2876,1st substitute bill substituted.,0,H subst for,0,0,2010-01-15,AN ACT Relating to pain management;,0,Concerning pain management.,House,8212,H-4329.1,0,0,0,0,Pain management,Bill,B,(Moeller),0,0
1,0,2009-10,ESHB 2876,2876,,,,,2010-03-25,1,1,ESHB 2876,Effective date 6/10/2010.,1,C 209 L 10,0,1,2010-01-22,AN ACT Relating to pain management;,0,Concerning pain management.,House,8212,H-4688.1,0,0,0,0,Pain management,Bill,B,(Moeller),1,1
1,0,2009-10,HB 2877,2877,,2009-10,SB 6501,SRules X,2010-03-12,0,0,HB 2877,Effective date 6/10/2010.,0,C 41 L 10,0,0,2010-01-15,AN ACT Relating to authorizing payment of regulated company stock in lieu of a portion of salary for educational employees;,0,Authorizing payment of regulated company stock in lieu of a portion of salary for educational employees.,House,8212,H-4267.1,0,0,0,0,Educational employees/stock,Bill,B,(Moeller),1,0
1,0,2009-10,HB 2878,2878,,,,,2010-03-15,0,0,HB 2878,"By resolution, reintroduced and retained in present status.",0,H SGTribalAff,0,0,2010-01-15,"AN ACT Relating to collecting fees to accommodate electronic filing and disclosure of campaign and lobbying reports, and personal financial affairs statements;",0,"Collecting fees to accommodate electronic filing and disclosure of campaign and lobbying reports, and personal financial affairs statements.",House,8212,H-4308.1,0,0,0,0,Campaign & lobbying reports,Bill,B,(Moeller),1,0
1,0,2009-10,HB 2879,2879,,,,,2010-03-15,0,0,HB 2879,"By resolution, reintroduced and retained in present status.",0,H Commerce/Lab,0,0,2010-01-15,AN ACT Relating to creating real reform in industrial insurance through privatization and competition;,0,Reforming industrial insurance through privatization and competition.,House,3473,H-4278.2,0,0,0,0,Industrial insurance reform,Bill,B,(Ericksen),0,0
1,0,2009-10,HB 2880,2880,,,,,2010-03-15,0,0,HB 2880,"By resolution, reintroduced and retained in present status.",0,H Gen Gov Apps,0,0,2010-01-15,AN ACT Relating to funding for the state building code council;,1,Eliminating the building code council account.,House,8235,H-4348.1,0,0,0,0,Building code council acct,Bill,B,(Kristiansen),1,0
1,0,2009-10,HB 2881,2881,,,,,2010-03-15,0,0,HB 2881,"By resolution, reintroduced and retained in present status.",0,H Ag & Nat Res,0,0,2010-01-15,AN ACT Relating to maximizing the value from the sale of surplus salmon from state hatcheries;,0,Concerning the sale of surplus salmon from state hatcheries.,House,14203,H-4363.2,0,0,0,0,State salmon hatcheries,Bill,B,(Finn),1,0
0,0,2009-10,HB 2882,2882,,,,,2010-02-16,0,0,HB 2882,2nd substitute bill substituted.,0,H subst for,0,0,2010-01-15,AN ACT Relating to detaining persons with mental disorders;,1,Detaining persons with mental disorders.,House,14207,H-3621.1,0,0,0,0,Persons w/ mental disorders,Bill,B,(Klippert),1,0
0,0,2009-10,SHB 2882,2882,,,,,2010-02-16,0,0,SHB 2882,2nd substitute bill substituted.,0,H subst for,0,0,2010-01-28,AN ACT Relating to detaining persons with mental disorders;,1,Detaining persons with mental disorders.,House,14207,H-4845.1,0,0,0,0,Persons w/ mental disorders,Bill,B,(Klippert),1,1
1,0,2009-10,2SHB 2882,2882,,,,,2010-03-15,0,1,2SHB 2882,"By resolution, reintroduced and retained in present status.",0,H Rules 3C,0,0,2010-02-08,AN ACT Relating to detaining persons with mental disorders;,0,Detaining persons with mental disorders.,House,14207,H-5083.1,0,0,0,0,Persons w/ mental disorders,Bill,B,(Klippert),0,2
1,0,2009-10,HB 2883,2883,,,,,2010-03-15,0,0,HB 2883,"By resolution, reintroduced and retained in present status.",0,H Pub Safety,0,0,2010-01-15,AN ACT Relating to establishing a registration fee for sex offenders;,1,Establishing a registration fee for sex offenders.,House,14207,H-4195.1,0,0,0,0,Sex offender registr. fee,Bill,B,(Klippert),0,0
0,0,2009-10,HB 2884,2884,,,,,2010-02-15,0,0,HB 2884,1st substitute bill substituted.,0,H subst for,0,0,2010-01-15,AN ACT Relating to limited expansions of urban growth areas into one hundred year floodplains in areas adjacent to a freeway interchange or interstate in counties wholly or partially bordering salt waters with more than one hundred thousand but fewer than one hundred fifty thousand residents;,0,Authorizing limited expansions of urban growth areas into one hundred year floodplains in areas adjacent to a freeway interchange or interstate in counties wholly or partially bordering salt waters with more than one hundred thousand but fewer than one hundred fifty thousand residents.,House,649,H-3557.3,0,0,0,0,Urban growth area expansion,Bill,B,(Quall),0,0
1,0,2009-10,SHB 2884,2884,,,,,2010-03-15,0,0,SHB 2884,"By resolution, reintroduced and retained in present status.",0,H Rules 3C,0,0,2010-01-25,AN ACT Relating to limited expansions of urban growth areas into one hundred year floodplains in areas adjacent to a freeway interchange or interstate in counties wholly or partially bordering salt waters with more than one hundred thousand but fewer than one hundred fifty thousand residents;,0,Authorizing limited expansions of urban growth areas into one hundred year floodplains in areas adjacent to a freeway interchange or interstate in counties wholly or partially bordering salt waters with more than one hundred thousand but fewer than one hundred fifty thousand residents.,House,649,H-4732.1,0,0,0,0,Urban growth area expansion,Bill,B,(Quall),0,1
1,0,2009-10,HB 2885,2885,,,,,2010-03-15,0,0,HB 2885,"By resolution, reintroduced and retained in present status.",0,H Education,0,0,2010-01-15,AN ACT Relating to providing flexibility for school districts;,0,Providing flexibility for school districts.,House,1573,H-4186.1,0,0,0,0,School districts/flexibility,Bill,B,(Crouse),0,0
0,0,2009-10,HB 2886,2886,,,,,2010-02-13,0,0,HB 2886,1st substitute bill substituted.,0,H subst for,0,0,2010-01-15,AN ACT Relating to the adoption of rules by the building code council regarding carbon monoxide alarm installation;,1,Concerning the adoption of rules by the building code council regarding carbon monoxide alarm installation.,House,14208,H-4216.1,0,0,0,0,Carbon monoxide alarms,Bill,B,(Angel),1,0
1,0,2009-10,ESHB 2886,2886,,,,,2010-03-15,0,1,ESHB 2886,"By resolution, reintroduced and retained in present status.",0,H Rules 3C,0,1,2010-02-01,AN ACT Relating to the adoption of rules by the building code council regarding carbon monoxide alarm installation;,1,Concerning the adoption of rules by the building code council regarding carbon monoxide alarm installation.,House,14208,H-4975.1,0,0,0,0,Carbon monoxide alarms,Bill,B,(Angel),1,1
1,0,2009-10,HB 2887,2887,,,,,2010-03-15,0,0,HB 2887,"By resolution, reintroduced and retained in present status.",0,H Judiciary,0,0,2010-01-15,AN ACT Relating to criminal defendants who are guilty and mentally ill;,1,Concerning criminal defendants who are guilty and mentally ill.,House,3486,Z-1184.2,0,0,1,0,Mentally ill defendants,Bill,B,(Hurst),1,0
1,0,2009-10,HB 2888,2888,,,,,2010-03-15,0,0,HB 2888,"By resolution, reintroduced and retained in present status.",0,H Rules 3C,0,0,2010-01-15,AN ACT Relating to requiring continuing education for pharmacy technicians;,0,Concerning continuing education for pharmacy technicians.,House,9550,H-3826.1,0,0,0,0,Pharmacy techs/continuing ed,Bill,B,(Herrera),1,0
1,0,2009-10,HB 2889,2889,,,,,2010-03-15,0,0,HB 2889,"By resolution, reintroduced and retained in present status.",0,H Trans,0,0,2010-01-18,AN ACT Relating to permitting the placement of human trafficking informational posters in rest areas;,0,Permitting the placement of human trafficking informational posters in rest areas.,House,2149,H-4257.1,0,0,0,0,Human trafficking posters,Bill,B,(O'Brien),0,0
1,0,2009-10,HB 2890,2890,,,,,2010-03-15,0,0,HB 2890,"By resolution, reintroduced and retained in present status.",0,H Commerce/Lab,0,0,2010-01-18,AN ACT Relating to privatizing the sale of liquor;,0,Privatizing the sale of liquor.,House,2149,H-3897.3,0,0,0,0,Privatizing sale of liquor,Bill,B,(O'Brien),0,0
1,0,2009-10,HB 2891,2891,,2009-10,SB 6520,Ssubst for,2010-03-15,0,0,HB 2891,"By resolution, reintroduced and retained in present status.",0,H Rules R,0,0,2010-01-18,AN ACT Relating to providing a one-year extension for completion of recommendations under RCW 36.70A.5601 conducted by the William D. Ruckelshaus Center;,1,Extending time to complete recommendations under RCW 36.70A.5601 conducted by the William D. Ruckelshaus Center.,House,5157,H-4165.2,0,0,0,0,William D. Ruckelshaus Ctr,Bill,B,(Simpson),1,0
1,0,2009-10,SHB 2891,2891,,,,,2010-03-15,0,0,SHB 2891,"By resolution, reintroduced and retained in present status.",0,H Rules R,0,0,2010-02-02,AN ACT Relating to providing a one-year extension for completion of recommendations under RCW 36.70A.5601 conducted by the William D. Ruckelshaus Center;,0,Extending time to complete recommendations under RCW 36.70A.5601 conducted by the William D. Ruckelshaus Center.,House,5157,H-4971.1,0,0,0,0,William D. Ruckelshaus Ctr,Bill,B,(Simpson),0,1
1,0,2009-10,HB 2892,2892,,,,,2010-03-15,0,0,HB 2892,"By resolution, reintroduced and retained in present status.",0,H Tech/En/Com,0,0,2010-01-18,AN ACT Relating to solid waste;,0,"Defining municipal solid waste to be a renewable resource and electricity from certain waste to energy facilities to be an eligible renewable resource for the purposes of chapter 19.285 RCW, the energy independence act.",House,14256,H-4205.1,0,0,0,0,Municipal solid waste,Bill,B,(Driscoll),1,0
0,0,2009-10,HB 2893,2893,,2009-10,SB 6518,SRules 2,2010-02-13,0,0,HB 2893,1st substitute bill substituted.,0,H subst for,0,0,2010-01-18,AN ACT Relating to school levies;,0,Changing school levy provisions.,House,1218,H-3921.1,0,0,0,0,School levies,Bill,B,(Sullivan),1,0
1,0,2009-10,SHB 2893,2893,,,,,2010-03-29,0,1,SHB 2893,Effective date 3/29/2010*.,1,C 237 L 10,0,0,2010-02-04,AN ACT Relating to school levies;,0,Changing school levy provisions.,House,1218,H-4701.4,0,0,0,0,School levies,Bill,B,(Sullivan),1,1
1,0,2009-10,HB 2894,2894,,,,,2010-03-15,0,0,HB 2894,"By resolution, reintroduced and retained in present status.",0,H HHS Apps,0,0,2010-01-18,AN ACT Relating to creating the medical professions account;,0,Creating the medical professions account.,House,619,H-4030.2,0,0,0,0,Medical professions account,Bill,B,(Campbell),1,0
1,0,2009-10,HB 2895,2895,,2009-10,SB 6584,Ssubst for,2010-03-15,0,0,HB 2895,"By resolution, reintroduced and retained in present status.",0,H HC/Wellness,0,0,2010-01-18,AN ACT Relating to applying the prohibition against unfair practices by insurers and their remedies and penalties to the state health care authority;,0,Applying the prohibition against unfair practices by insurers and their remedies and penalties to the state health care authority.,House,1543,H-4046.1,0,0,0,0,State health care authority,Bill,B,(Cody),0,0
1,0,2009-10,HB 2896,2896,,,,,2010-03-15,0,0,HB 2896,"By resolution, reintroduced and retained in present status.",0,H SGTribalAff,0,0,2010-01-18,AN ACT Relating to law enforcement burglar alarm program information;,0,Exempting law enforcement burglar alarm program information from public inspection and copying.,House,2149,H-3797.2,0,0,0,0,Law enf. burglar alarm progr,Bill,B,(O'Brien),0,0
1,0,2009-10,HB 2897,2897,,2009-10,SB 6499,Ssubst for,2010-03-15,0,0,HB 2897,"By resolution, reintroduced and retained in present status.",0,H Rules C,0,0,2010-01-18,"AN ACT Relating to the administration, collection, use, and enforcement of tolls;",0,"Concerning the administration, collection, use, and enforcement of tolls.",House,11998,Z-0883.5,0,1,0,0,"Tolls: collection, use, etc.",Bill,B,(Rolfes),1,0
1,0,2009-10,SHB 2897,2897,,,,,2010-03-15,0,1,SHB 2897,"By resolution, reintroduced and retained in present status.",0,H Rules C,0,0,2010-02-03,"AN ACT Relating to the administration, collection, use, and enforcement of tolls;",0,"Concerning the administration, collection, use, and enforcement of tolls.",House,11998,H-4682.2,0,1,0,0,"Tolls: collection, use, etc.",Bill,B,(Rolfes),1,1
1,0,2009-10,HB 2898,2898,,2009-10,SB 6194,SRules X,2010-03-15,0,0,HB 2898,"By resolution, reintroduced and retained in present status.",0,H Rules 3C,0,0,2010-01-18,AN ACT Relating to maintaining the current medicaid nursing facility payment methodology through simplification of the nursing facility medicaid payment system statute;,0,Simplifying medicaid payment for nursing facilities.,House,8208,Z-0796.3,0,1,0,0,Medicaid payment/nursing,Bill,B,(Morrell),1,0
1,0,2009-10,HB 2899,2899,,2009-10,SB 6560,SWays & Means,2010-03-15,0,0,HB 2899,"By resolution, reintroduced and retained in present status.",0,H Finance,0,0,2010-01-18,AN ACT Relating to state tax incentives to encourage the redevelopment of port district property;,0,Concerning state tax incentives to encourage the redevelopment of port district property.,House,1712,H-3838.3,0,0,0,0,Port district property,Bill,B,(Upthegrove),0,0
1,0,2009-10,HB 2900,2900,,,,,2010-03-15,0,0,HB 2900,"By resolution, reintroduced and retained in present status.",0,H Ways & Means,0,0,2010-01-18,AN ACT Relating to supportive housing;,0,Addressing supportive housing.,House,11999,H-4204.2,0,0,0,0,Supportive housing,Bill,B,(Goodman),1,0
1,1,2009-10,SHB 2900,2900,,,,,2010-03-15,0,0,SHB 2900,"By resolution, reintroduced and retained in present status.",0,H Ways & Means,0,0,2010-02-02,AN ACT Relating to supportive housing;,0,Addressing supportive housing.,House,11999,H-4972.1,0,0,0,0,Supportive housing,Bill,B,(Goodman),1,1
1,0,2009-10,HB 2901,2901,,,,,2010-03-15,0,0,HB 2901,"By resolution, reintroduced and retained in present status.",0,H Pub Safety,0,0,2010-01-18,AN ACT Relating to changing the perimeters and entities that are included in drug-free zones under the uniform controlled substances act;,0,Changing the perimeters and entities that are included in drug-free zones under the uniform controlled substances act.,House,11999,H-4315.1,0,0,0,0,Drug-free zones,Bill,B,(Goodman),0,0
1,0,2009-10,HB 2902,2902,,2009-10,SB 6540,C 101 L 10,2010-03-15,0,0,HB 2902,"By resolution, reintroduced and retained in present status.",0,H Rules R,0,0,2010-01-18,AN ACT Relating to the combined fund drive;,0,Transferring the combined fund drive from the department of personnel to the secretary of state.,House,5155,Z-1147.1,0,1,0,0,Combined fund drive,Bill,B,(Hunt),1,0
1,0,2009-10,HB 2903,2903,,,,,2010-03-15,0,0,HB 2903,"By resolution, reintroduced and retained in present status.",0,H Rules C,0,0,2010-01-18,AN ACT Relating to benefit charges for regional fire protection service authorities;,1,Concerning benefit charges for regional fire protection service authorities.,House,5157,H-4302.2,0,0,0,0,Fire protection authorities,Bill,B,(Simpson),0,0
1,0,2009-10,HB 2904,2904,,,,,2010-03-15,0,1,HB 2904,"By resolution, reintroduced and retained in present status.",0,H Rules 3C,0,0,2010-01-18,AN ACT Relating to powers and duties of the office of the education ombudsman;,0,Concerning the powers and duties of the office of the education ombudsman.,House,3487,H-4286.1,0,0,0,0,Education ombudsman,Bill,B,(Kagi),0,0
1,0,2009-10,HB 2905,2905,,,,,2010-03-15,0,0,HB 2905,"By resolution, reintroduced and retained in present status.",0,H Ways & Means,0,0,2010-01-18,AN ACT Relating to planning for the discontinuation of discharge of vulnerable populations from state institutions into homelessness;,1,Planning for the discontinuation of discharge of vulnerable populations from state institutions into homelessness.,House,3478,H-4228.1,0,0,0,0,Discharge of vulnerable,Bill,B,(Miloscia),1,0
1,0,2009-10,SHB 2905,2905,,,,,2010-03-15,0,0,SHB 2905,"By resolution, reintroduced and retained in present status.",0,H Ways & Means,0,0,2010-02-01,AN ACT Relating to planning for the discontinuation of discharge of vulnerable populations from state institutions into homelessness;,0,Planning for the discontinuation of discharge of vulnerable populations from state institutions into homelessness.,House,3478,H-4967.1,0,0,0,0,Discharge of vulnerable,Bill,B,(Miloscia),0,1
1,1,2009-10,HB 2906,2906,,,,,2010-03-15,0,0,HB 2906,"By resolution, reintroduced and retained in present status.",0,H LG & Housing,0,0,2010-01-18,AN ACT Relating to bonds for the housing trust fund program;,1,Authorizing bonds for the housing trust fund program.,House,3478,H-4296.3,0,0,0,0,Housing trust fund program,Bill,B,(Miloscia),1,0
1,0,2009-10,HB 2907,2907,,,,,2010-03-15,0,0,HB 2907,"By resolution, reintroduced and retained in present status.",0,H HC/Wellness,0,0,2010-01-18,AN ACT Relating to the licensing surcharge for certain health care professions;,0,Concerning the licensing surcharge for certain health care professions.,House,10021,H-4109.1,0,0,0,0,Health care professions,Bill,B,(Green),0,0
1,0,2009-10,HB 2908,2908,,,,,2010-03-15,0,0,HB 2908,"By resolution, reintroduced and retained in present status.",0,H Trans,0,0,2010-01-18,AN ACT Relating to transportation cost-benefit modeling;,0,Clarifying existing responsibilities related to the operation of an efficient statewide transportation system.,House,13546,H-3794.3,0,0,0,0,Transportation cost-benefit,Bill,B,(Liias),0,0
1,0,2009-10,HB 2909,2909,,,,,2010-03-15,0,0,HB 2909,"By resolution, reintroduced and retained in present status.",0,H Finance,0,0,2010-01-18,AN ACT Relating to allowing certain cities to impose sales and use taxes to offset municipal service costs to newly annexed areas;,1,Allowing certain cities to impose sales and use taxes to offset municipal service costs to newly annexed areas.,House,10031,H-4393.1,0,0,0,0,Sales and use taxes/cities,Bill,B,(Appleton),1,0
1,0,2009-10,SHB 2909,2909,,,,,2010-03-15,0,0,SHB 2909,"By resolution, reintroduced and retained in present status.",0,H Finance,0,0,2010-02-01,AN ACT Relating to allowing certain cities to impose sales and use taxes to offset municipal service costs to newly annexed areas;,0,Allowing certain cities to impose sales and use taxes to offset municipal service costs to newly annexed areas.,House,10031,H-4987.1,0,0,0,0,Sales and use taxes/cities,Bill,B,(Appleton),0,1
1,0,2009-10,HB 2910,2910,,2009-10,SB 6408,SRules X,2010-03-15,0,0,HB 2910,"By resolution, reintroduced and retained in present status.",0,H SGTribalAff,0,0,2010-01-18,AN ACT Relating to remedies for actions under the public records act;,0,Changing remedies for actions under the public records act.,House,8412,H-4344.1,0,0,0,0,Remedies/public records act,Bill,B,(Flannigan),1,0
1,0,2009-10,HB 2911,2911,,,,,2010-03-15,0,0,HB 2911,"By resolution, reintroduced and retained in present status.",0,H Rules C,0,0,2010-01-18,AN ACT Relating to creating a complete streets grant program;,0,Creating a complete streets grant program.,House,8212,H-4321.2,0,0,0,0,Complete streets grant progr,Bill,B,(Moeller),1,0
1,0,2009-10,SHB 2911,2911,,,,,2010-03-15,0,0,SHB 2911,"By resolution, reintroduced and retained in present status.",0,H Rules C,0,0,2010-02-03,AN ACT Relating to creating a complete streets grant program;,0,Creating a complete streets grant program.,House,8212,H-5035.1,0,0,0,0,Complete streets grant progr,Bill,B,(Moeller),0,1
0,0,2009-10,HB 2912,2912,,,,,2010-02-16,0,0,HB 2912,1st substitute bill substituted.,0,H subst for,0,0,2010-01-18,"AN ACT Relating to modifying local excise taxes in counties that have pledged lodging tax revenues for the payment of bonds prior to June 26, 1975;",1,"Modifying local excise taxes in counties that have pledged lodging tax revenues for the payment of bonds prior to June 26, 1975.",House,649,H-3868.1,0,0,0,0,Local excise taxes/counties,Bill,B,(Quall),1,0
1,0,2009-10,2ESHB 2912,2912,,,,,2010-03-15,0,1,2ESHB 2912,"By resolution, reintroduced and retained in present status.",0,H Rules 3C,0,2,2010-02-09,"AN ACT Relating to modifying local excise taxes in counties that have pledged lodging tax revenues for the payment of bonds prior to June 26, 1975;",1,"Modifying local excise taxes in counties that have pledged lodging tax revenues for the payment of bonds prior to June 26, 1975.",House,649,H-5096.1,0,0,0,0,Local excise taxes/counties,Bill,B,(Quall),1,1
0,0,2009-10,HB 2913,2913,,,,,2010-02-13,0,0,HB 2913,1st substitute bill substituted.,0,H subst for,0,0,2010-01-18,AN ACT Relating to authorizing innovative interdistrict cooperative high school programs;,0,Authorizing innovative interdistrict cooperative high school programs.,House,3475,H-4360.1,0,0,0,0,High school programs,Bill,B,(Haigh),1,0
1,0,2009-10,ESHB 2913,2913,,,,,2010-03-17,0,1,ESHB 2913,Effective date 6/10/2010*.,0,C 99 L 10,0,1,2010-02-04,AN ACT Relating to authorizing innovative interdistrict cooperative high school programs;,0,Authorizing innovative interdistrict cooperative high school programs.,House,3475,H-5042.1,0,0,0,0,High school programs,Bill,B,(Haigh),0,1
1,0,2009-10,HB 2914,2914,,,,,2010-03-15,0,0,HB 2914,"By resolution, reintroduced and retained in present status.",0,H Rules C,0,0,2010-01-18,AN ACT Relating to mercury reduction;,0,Reducing the release of mercury into the environment.,House,5155,H-4359.1,0,0,0,0,Mercury release reduction,Bill,B,(Hunt),1,0
1,0,2009-10,SHB 2914,2914,,,,,2010-03-15,0,0,SHB 2914,"By resolution, reintroduced and retained in present status.",0,H Rules C,0,0,2010-02-02,AN ACT Relating to mercury reduction;,0,Reducing the release of mercury into the environment.,House,5155,H-4817.1,0,0,0,0,Mercury release reduction,Bill,B,(Hunt),1,1
1,0,2009-10,HB 2915,2915,,2009-10,SB 6553,SWays & Means,2010-03-15,0,0,HB 2915,"By resolution, reintroduced and retained in present status.",0,H Education Apps,0,0,2010-01-18,AN ACT Relating to high school mathematics and science graduation requirements;,0,Regarding mathematics and science high school graduation requirements.,House,649,Z-1138.1,0,0,0,1,Math & science/graduation,Bill,B,(Quall),1,0
1,0,2009-10,SHB 2915,2915,,,,,2010-03-15,0,0,SHB 2915,"By resolution, reintroduced and retained in present status.",0,H Education Apps,0,0,2010-02-02,AN ACT Relating to high school mathematics and science graduation requirements;,0,Regarding mathematics and science high school graduation requirements.,House,649,H-5002.1,0,0,0,1,Math & science/graduation,Bill,B,(Quall),0,1
1,0,2009-10,HB 2916,2916,,,,,2010-03-15,0,0,HB 2916,"By resolution, reintroduced and retained in present status.",0,H LG & Housing,0,0,2010-01-18,AN ACT Relating to timelines for the review of comprehensive plans and shoreline master programs;,1,Adjusting timelines for the review of comprehensive plans and shoreline master programs.,House,10039,H-4287.2,0,0,0,0,Comprehensive plans/review,Bill,B,(Springer),1,0
1,0,2009-10,HB 2917,2917,,2009-10,SB 6425,SGovtOp & Elect,2010-03-15,0,0,HB 2917,"By resolution, reintroduced and retained in present status.",0,H Commerce/Lab,0,0,2010-01-18,AN ACT Relating to transferring the board of accountancy to the department of licensing;,0,Transferring the board of accountancy to the department of licensing.,House,9997,Z-1045.1,0,0,1,0,"Accountancy board, transfer",Bill,B,(Sells),1,0
1,0,2009-10,HB 2918,2918,,2009-10,SB 6555,C 81 L 10,2010-03-15,0,0,HB 2918,"By resolution, reintroduced and retained in present status.",0,H Rules 3C,0,0,2010-01-18,AN ACT Relating to removing state route number 908 from the state highway system;,0,Removing state route number 908 from the state highway system.,House,11997,Z-0955.1,0,0,0,1,State route number 908,Bill,B,(Eddy),1,0
1,0,2009-10,HB 2919,2919,,2009-10,SB 6493,SWays & Means,2010-03-15,0,0,HB 2919,"By resolution, reintroduced and retained in present status.",0,H Ways & Means,0,0,2010-01-18,"AN ACT Relating to a study of disability benefit options for plan 2 and plan 3 members of the public employees' retirement system, the teachers' retirement system, and the school employees' retirement system;",0,"Requiring a study of disability benefit options for plan 2 and plan 3 members of the public employees' retirement system, the teachers' retirement system, and the school employees' retirement system.",House,972,Z-1072.1,0,0,0,1,"PERS, TRS, SERS plans 2 & 3",Bill,B,(Conway),0,0
1,0,2009-10,HB 2920,2920,,2009-10,SB 6587,SLab/Comm/CP,2010-03-15,0,0,HB 2920,"By resolution, reintroduced and retained in present status.",0,H Commerce/Lab,0,0,2010-01-18,AN ACT Relating to limiting employer contribution rates for unemployment insurance purposes;,0,Limiting employer contribution rates for unemployment insurance purposes.,House,8237,H-4378.1,0,0,0,0,Unemployment insurance,Bill,B,(Condotta),1,0
0,0,2009-10,HB 2921,2921,,,,,2010-01-22,0,0,HB 2921,1st substitute bill substituted.,0,H subst for,0,0,2010-01-18,AN ACT Relating to fiscal matters;,0,Capturing additional savings.,House,646,H-4190.1,0,0,0,0,Fiscal matters/early savings,Bill,B,(Linville),0,0
1,0,2009-10,ESHB 2921,2921,,,,,2010-02-15,1,1,ESHB 2921,Effective date 2/15/2010*.,0,C 3 L 10,0,1,2010-01-20,AN ACT Relating to fiscal matters;,0,Making 2010 supplemental operating appropriations.,House,646,H-4460.5,0,0,0,0,Operating supp 2010,Bill,B,(Linville),0,1
1,0,2009-10,HB 2922,2922,,,,,2010-03-15,0,0,HB 2922,"By resolution, reintroduced and retained in present status.",0,H Cap Budget,0,0,2010-01-18,AN ACT Relating to providing housing assistance for certain veterans through the housing trust fund;,0,Providing housing assistance for certain veterans through the housing trust fund.,House,2584,H-4224.1,0,0,0,0,Veterans housing assistance,Bill,B,(McCune),1,0
1,0,2009-10,HB 2923,2923,,2009-10,SB 6660,SHea/L-T Care,2010-03-15,0,0,HB 2923,"By resolution, reintroduced and retained in present status.",0,H HC/Wellness,0,0,2010-01-18,AN ACT Relating to license renewals;,0,Concerning license renewals.,House,14276,H-4384.1,0,0,0,0,License renewals,Bill,B,(Hope),0,0
1,0,2009-10,HB 2924,2924,,,,,2010-03-15,0,0,HB 2924,"By resolution, reintroduced and retained in present status.",0,H LG & Housing,0,0,2010-01-18,AN ACT Relating to regulating shorelines of the state solely through the shoreline management act;,0,Regulating shorelines of the state solely through the shoreline management act.,House,14208,H-4004.2,0,0,0,0,Shorelines of the state,Bill,B,(Angel),0,0
0,0,2009-10,HB 2925,2925,,2009-10,SB 6480,SGovtOp & Elect,2010-02-16,0,0,HB 2925,1st substitute bill substituted.,0,H subst for,0,0,2010-01-18,AN ACT Relating to impact payments of a municipally owned hydroelectric facility;,1,Concerning impact payments of a municipally owned hydroelectric facility.,House,10041,H-4185.1,0,0,0,0,Hydroelectric facilities,Bill,B,(Kretz),0,0
1,0,2009-10,ESHB 2925,2925,,,,,2010-03-24,1,1,ESHB 2925,Effective date 6/10/2010.,1,C 199 L 10,0,1,2010-02-08,AN ACT Relating to impact payments of a municipally owned hydroelectric facility;,0,Concerning impact payments of a municipally owned hydroelectric facility.,House,10041,H-5084.1,0,0,0,0,Hydroelectric facilities,Bill,B,(Kretz),0,1
1,0,2009-10,HB 2926,2926,,,,,2010-03-15,0,0,HB 2926,"By resolution, reintroduced and retained in present status.",0,H HC/Wellness,0,0,2010-01-18,AN ACT Relating to duties of the health insurance partnership board;,0,Concerning the duties of the health insurance partnership board.,House,10021,H-4199.2,0,0,0,0,Health insur partnership brd,Bill,B,(Green),0,0
1,0,2009-10,HB 2927,2927,,,,,2010-03-15,0,0,HB 2927,"By resolution, reintroduced and retained in present status.",0,H Tech/En/Com,0,0,2010-01-18,AN ACT Relating to implementing the recommendations of the joint administrative rules review committee;,0,Implementing the recommendations of the joint administrative rules review committee.,House,10030,H-4379.1,0,0,0,0,Joint admin rules review com,Bill,B,(Hasegawa),0,0
1,0,2009-10,HB 2928,2928,,,,,2010-03-15,0,0,HB 2928,"By resolution, reintroduced and retained in present status.",0,H SGTribalAff,0,0,2010-01-18,AN ACT Relating to implementing the recommendations of the joint administrative rules review committee;,0,Implementing the recommendations of the joint administrative rules review committee.,House,10030,H-4300.3,0,0,0,0,Joint admin rules review com,Bill,B,(Hasegawa),0,0
1,0,2009-10,HB 2929,2929,,2009-10,SB 6392,Ssubst for,2010-03-15,0,0,HB 2929,"By resolution, reintroduced and retained in present status.",0,H Rules R,0,0,2010-01-18,AN ACT Relating to the use of revenue generated from tolling the state route number 520 corridor;,0,Clarifying the use of revenue generated from tolling the state route number 520 corridor.,House,11997,H-4354.1,0,0,0,0,SR 520 tolling revenue use,Bill,B,(Eddy),0,0
1,0,2009-10,SHB 2929,2929,,,,,2010-03-15,0,0,SHB 2929,"By resolution, reintroduced and retained in present status.",0,H Rules R,0,0,2010-02-03,AN ACT Relating to the use of revenue generated from tolling the state route number 520 corridor;,0,Clarifying the use of revenue generated from tolling the state route number 520 corridor.,House,11997,H-4681.1,0,0,0,0,SR 520 tolling revenue use,Bill,B,(Eddy),0,1
0,0,2009-10,HB 2930,2930,,,,,2010-02-12,0,0,HB 2930,1st substitute bill substituted.,0,H subst for,0,0,2010-01-18,AN ACT Relating to expanding the pool of qualified teachers;,0,Expanding the pool of qualified teachers.,House,8420,H-4351.1,0,0,0,0,Pool of qualified teachers,Bill,B,(Wallace),1,0
1,0,2009-10,SHB 2930,2930,,,,,2010-03-15,0,1,SHB 2930,"By resolution, reintroduced and retained in present status.",0,H Rules 3C,0,0,2010-01-29,AN ACT Relating to expanding the pool of qualified teachers;,0,Expanding the pool of qualified teachers.,House,8420,H-4720.1,0,0,0,0,Pool of qualified teachers,Bill,B,(Wallace),1,1
1,0,2009-10,HB 2931,2931,,,,,2010-03-15,0,0,HB 2931,"By resolution, reintroduced and retained in present status.",0,H Pub Safety,0,0,2010-01-18,AN ACT Relating to establishing the crime of rendering aggravated criminal assistance in the first degree involving murder in the first degree of any person;,0,Establishing the crime of rendering aggravated criminal assistance in the first degree involving murder in the first degree of any person.,House,14276,H-4292.1,0,0,0,0,Criminal assistance/aggrav.,Bill,B,(Hope),0,0
1,0,2009-10,HB 2932,2932,,2009-10,ESB 6610,C 263 L 10,2010-03-15,0,0,HB 2932,"By resolution, reintroduced and retained in present status.",0,H Rules C,0,0,2010-01-18,AN ACT Relating to improving procedures for assessing and treating persons with mental illnesses served under chapter 10.77 RCW;,0,Concerning the assessment and treatment of certain persons with mental illnesses.,House,12001,Z-1189.1,0,0,1,0,Persons w/ mental illnesses,Bill,B,(Kelley),1,0
1,0,2009-10,SHB 2932,2932,,,,,2010-03-15,0,0,SHB 2932,"By resolution, reintroduced and retained in present status.",0,H Rules C,0,0,2010-01-28,AN ACT Relating to improving procedures for assessing and treating persons with mental illnesses served under chapter 10.77 RCW;,1,Concerning the assessment and treatment of certain persons with mental illnesses.,House,12001,H-4798.1,0,0,1,0,Persons w/ mental illnesses,Bill,B,(Kelley),1,1
0,0,2009-10,HB 2933,2933,,2009-10,SB 6750,SEDev/Trd/Innov,2010-02-13,0,0,HB 2933,1st substitute bill substituted.,0,H subst for,0,0,2010-01-18,AN ACT Relating to modifying sales and use tax provisions for the local infrastructure financing tool program;,1,Modifying sales and use tax provisions for the local infrastructure financing tool program.,House,10032,H-4386.1,0,0,0,0,Local infrastructure,Bill,B,(Ericks),1,0
1,0,2009-10,SHB 2933,2933,,,,,2010-03-15,0,0,SHB 2933,"By resolution, reintroduced and retained in present status.",0,H Rules 3C,0,0,2010-02-09,AN ACT Relating to modifying sales and use tax provisions for the local infrastructure financing tool program;,1,Modifying sales and use tax provisions for the local infrastructure financing tool program.,House,10032,H-4846.1,0,0,0,0,Local infrastructure,Bill,B,(Ericks),1,1
1,0,2009-10,HB 2934,2934,,,,,2010-03-15,0,0,HB 2934,"By resolution, reintroduced and retained in present status.",0,H Ag & Nat Res,0,0,2010-01-18,AN ACT Relating to prohibiting the department of fish and wildlife from paying more than the appraised value for any real estate purchase;,0,Prohibiting the department of fish and wildlife from paying more than the appraised value for any real estate purchase.,House,7635,H-4357.2,0,0,0,0,Dept of fish and wildlife,Bill,B,(Orcutt),0,0
0,0,2009-10,HB 2935,2935,,2009-10,SB 6422,SRules 2,2010-02-26,0,0,HB 2935,1st substitute bill substituted.,0,H subst for,0,0,2010-01-19,AN ACT Relating to environmental and land use hearings boards;,0,Regarding environmental and land use hearings boards and making more uniform the timelines for filing appeals with those boards.,House,12003,Z-1069.2,0,0,1,0,"Hearing brds/envir, land use",Bill,B,(Van De Wege),1,0
1,0,2009-10,SHB 2935,2935,,,,,2010-03-25,1,1,SHB 2935,Effective date 7/1/2010*.,0,C 210 L 10,0,0,2010-02-05,AN ACT Relating to environmental and land use hearings boards;,0,Regarding environmental and land use hearings boards and making more uniform the timelines for filing appeals with those boards. (REVISED FOR PASSED LEGISLATURE: Regarding environmental and land use hearings boards. ),House,12003,H-4644.3,0,0,1,0,"Hearing brds/envir, land use",Bill,B,(Van De Wege),1,1
1,0,2009-10,HB 2936,2936,,,,,2010-03-15,0,0,HB 2936,"By resolution, reintroduced and retained in present status.",0,H Hi Ed,0,0,2010-01-19,AN ACT Relating to the state student financial aid program;,0,Changing the state student financial aid program.,House,5160,H-4268.1,0,0,0,0,State student financial aid,Bill,B,(Anderson),1,0
1,0,2009-10,HB 2937,2937,,,,,2010-03-15,0,0,HB 2937,"By resolution, reintroduced and retained in present status.",0,H Rules 3C,0,0,2010-01-19,AN ACT Relating to modifying the transportation system policy goals to include economic vitality;,0,Modifying the transportation system policy goals to include economic vitality.,House,8209,H-4250.1,0,0,0,0,Trans system policy goals,Bill,B,(Clibborn),0,0
1,0,2009-10,HB 2938,2938,,,,,2010-03-15,0,0,HB 2938,"By resolution, reintroduced and retained in present status.",0,H HC/Wellness,0,0,2010-01-19,AN ACT Relating to regional support networks;,0,Concerning regional support networks.,House,8240,H-3600.1,0,0,0,0,Regional support networks,Bill,B,(Hinkle),0,0
0,0,2009-10,HB 2939,2939,,,,,2010-02-12,0,0,HB 2939,Committee recommendations adopted and the 1st substitute bill substituted.,0,H subst for,0,0,2010-01-19,AN ACT Relating to notations on driver abstracts that a person was not at fault in a motor vehicle accident;,0,Concerning notations on driver abstracts that a person was not at fault in a motor vehicle accident.,House,14209,H-4392.1,0,0,0,0,Driver abstract/not at fault,Bill,B,(Dammeier),1,0
1,0,2009-10,SHB 2939,2939,,,,,2010-03-30,1,1,SHB 2939,Effective date 10/31/2010.,1,C 253 L 10,0,0,2010-02-08,AN ACT Relating to notations on driver abstracts that a person was not at fault in a motor vehicle accident;,0,Concerning notations on driver abstracts that a person was not at fault in a motor vehicle accident.,House,14209,H-5066.1,0,0,0,0,Driver abstract/not at fault,Bill,B,(Dammeier),0,1
1,0,2009-10,HB 2940,2940,,,,,2010-03-15,0,0,HB 2940,"By resolution, reintroduced and retained in present status.",0,H Ag & Nat Res,0,0,2010-01-19,AN ACT Relating to deleterious feral animals;,1,Authorizing the implementation of a deleterious feral animal management plan.,House,13209,H-4362.1,0,0,0,0,Deleterious feral animals,Bill,B,(Schmick),1,0
0,0,2009-10,HB 2941,2941,,,,,2010-02-26,0,0,HB 2941,1st substitute bill substituted.,0,H subst for,0,0,2010-01-19,AN ACT Relating to the use of express toll lanes in the Interstate 405 corridor;,0,Authorizing the use of express toll lanes in the Interstate 405 corridor.,House,8209,H-4208.3,0,0,0,0,I-405 express toll lanes,Bill,B,(Clibborn),1,0
1,0,2009-10,SHB 2941,2941,,,,,2010-03-15,0,1,SHB 2941,"By resolution, reintroduced and retained in present status.",0,H Rules 3C,0,0,2010-02-03,AN ACT Relating to the use of express toll lanes in the Interstate 405 corridor;,0,Authorizing the use of express toll lanes in the Interstate 405 corridor.,House,8209,H-4693.1,0,0,0,0,I-405 express toll lanes,Bill,B,(Clibborn),1,1
1,0,2009-10,HB 2942,2942,,,,,2010-03-15,0,0,HB 2942,"By resolution, reintroduced and retained in present status.",0,H Rules 3C,0,0,2010-01-19,"AN ACT Relating to human trafficking training for criminal justice and correctional personnel, and other public safety employees;",0,"Offering human trafficking training for criminal justice and correctional personnel, and other public safety employees.",House,2149,H-4335.1,0,0,0,0,Human trafficking training,Bill,B,(O'Brien),1,0
1,0,2009-10,HB 2943,2943,,,,,2010-03-15,0,0,HB 2943,"By resolution, reintroduced and retained in present status.",0,H Human Ser,0,0,2010-01-19,AN ACT Relating to the residence requirement for general assistance benefits;,0,Establishing a residence requirement for general assistance benefits.,House,2149,H-4020.1,0,0,0,0,General assistance benefits,Bill,B,(O'Brien),0,0
1,0,2009-10,HB 2944,2944,,,,,2010-03-15,0,0,HB 2944,"By resolution, reintroduced and retained in present status.",0,H Human Ser,0,0,2010-01-19,AN ACT Relating to juvenile firearms crimes;,0,Addressing juvenile firearms crimes.,House,2149,H-3546.4,0,0,0,0,Juvenile firearms crimes,Bill,B,(O'Brien),0,0
1,0,2009-10,HB 2945,2945,,,,,2010-03-15,0,0,HB 2945,"By resolution, reintroduced and retained in present status.",0,H Rules R,0,0,2010-01-19,AN ACT Relating to petitions for relief from the duty to register for sex offenders and kidnapping offenders;,1,Concerning petitions for relief from the duty to register for sex offenders and kidnapping offenders.,House,1570,H-4320.1,0,0,0,0,Offender duty to register,Bill,B,(Dickerson),1,0
1,0,2009-10,HB 2946,2946,,2009-10,SB 6562,Ssubst for,2010-03-15,0,0,HB 2946,"By resolution, reintroduced and retained in present status.",0,H Hi Ed,0,0,2010-01-19,AN ACT Relating to tuition-setting authority at institutions of higher education;,0,Regarding tuition-setting authority at institutions of higher education.,House,3475,Z-1159.1,0,0,0,0,Tuition-setting authority,Bill,B,(Haigh),1,0
1,0,2009-10,HB 2947,2947,,,,,2010-03-15,0,0,HB 2947,"By resolution, reintroduced and retained in present status.",0,H Rules 3C,0,0,2010-01-19,AN ACT Relating to special occasion licenses;,0,Concerning special occasion licenses.,House,2166,H-4369.2,0,0,0,0,Special occasion licenses,Bill,B,(Wood),0,0
1,0,2009-10,HB 2948,2948,,,,,2010-03-15,0,0,HB 2948,"By resolution, reintroduced and retained in present status.",0,H Gen Gov Apps,0,0,2010-01-19,AN ACT Relating to creating a study to evaluate public regional and interlocal water and sewer systems in Washington state;,1,Evaluating regional and interlocal water and sewer systems.,House,11997,H-4356.1,0,0,0,0,Water and sewer systems,Bill,B,(Eddy),1,0
1,0,2009-10,SHB 2948,2948,,,,,2010-03-15,0,0,SHB 2948,"By resolution, reintroduced and retained in present status.",0,H Gen Gov Apps,0,0,2010-02-01,AN ACT Relating to creating a study to evaluate public regional and interlocal water and sewer systems in Washington state;,1,Evaluating regional and interlocal water and sewer systems.,House,11997,H-4983.1,0,0,0,0,Water and sewer systems,Bill,B,(Eddy),1,1
1,0,2009-10,HB 2949,2949,,,,,2010-03-15,0,0,HB 2949,"By resolution, reintroduced and retained in present status.",0,H Rules R,0,0,2010-01-19,AN ACT Relating to streamlining the process for the vacation of roads by counties;,0,Streamlining the process for the vacation of roads by counties.,House,14186,H-3960.2,0,0,0,0,Vacation of roads by county,Bill,B,(Parker),0,0
1,0,2009-10,HB 2950,2950,,2009-10,SB 6638,SLab/Comm/CP,2010-03-15,0,0,HB 2950,"By resolution, reintroduced and retained in present status.",0,H Commerce/Lab,0,0,2010-01-19,AN ACT Relating to workers' compensation reform;,0,Addressing workers' compensation reform.,House,2144,H-3848.5,0,0,0,0,Workers' compensation reform,Bill,B,(Morris),0,0
1,0,2009-10,HB 2951,2951,,2009-10,SB 6614,Ssubst for,2010-03-15,0,0,HB 2951,"By resolution, reintroduced and retained in present status.",0,H Finance,0,0,2010-01-19,AN ACT Relating to clarifying the applicability of business and occupation tax to conservation programs with the Bonneville power administration;,0,Clarifying the applicability of business and occupation tax to conservation programs with the Bonneville power administration.,House,10249,H-4243.1,0,0,0,0,Bonneville power admin,Bill,B,(Takko),0,0
1,0,2009-10,HB 2952,2952,,,,,2010-03-15,0,0,HB 2952,"By resolution, reintroduced and retained in present status.",0,H SGTribalAff,0,0,2010-01-19,AN ACT Relating to restrictions on mailings by legislators;,0,Concerning restrictions on mailings by legislators.,House,3473,H-4340.1,0,0,0,0,Mailings by legislators,Bill,B,(Ericksen),0,0
1,0,2009-10,HB 2953,2953,,,,,2010-03-15,0,0,HB 2953,"By resolution, reintroduced and retained in present status.",0,H HHS Apps,0,0,2010-01-19,AN ACT Relating to transferring the functions of the home care quality authority and the department of services for the blind to the department of social and health services;,0,Transferring the functions of the home care quality authority and the department of services for the blind to the department of social and health services.,House,8286,Z-0987.1,0,0,1,0,Transfer to DSHS,Bill,B,(Pettigrew),1,0
0,0,2009-10,HB 2954,2954,,2009-10,SB 6571,SWays & Means,2010-02-26,0,0,HB 2954,1st substitute bill substituted.,0,H subst for,0,0,2010-01-19,"AN ACT Relating to license fees for nursing homes, boarding homes, and adult family homes;",0,"Concerning license fees for nursing homes, boarding homes, and adult family homes.",House,1543,Z-0835.3,0,1,0,0,Nursing & boarding home fees,Bill,B,(Cody),1,0
1,0,2009-10,ESHB 2954,2954,,,,,2010-04-12,0,1,ESHB 2954,"By resolution, returned to House Rules Committee for third reading.",0,H Rules 3C,0,1,2010-02-05,"AN ACT Relating to license fees for nursing homes, boarding homes, and adult family homes;",0,"Concerning license fees for nursing homes, boarding homes, and adult family homes.",House,1543,H-5056.1,0,1,0,0,Nursing & boarding home fees,Bill,B,(Cody),1,1
1,0,2009-10,HB 2955,2955,,,,,2010-03-15,0,0,HB 2955,"By resolution, reintroduced and retained in present status.",0,H Human Ser,0,0,2010-01-19,AN ACT Relating to the individual and family services program;,0,Concerning the individual and family services program.,House,1543,Z-1110.1,0,1,0,0,Individual & family services,Bill,B,(Cody),1,0
0,0,2009-10,HB 2956,2956,,2009-10,SB 6758,SWays & Means,2010-03-09,0,0,HB 2956,2nd substitute bill substituted.,0,H subst for,0,0,2010-01-19,AN ACT Relating to a hospital safety net assessment for increased hospital payments to improve health care access for the citizens of Washington;,0,Concerning hospital safety net assessment.,House,8286,Z-1173.1,0,0,1,0,Hospital safety net,Bill,B,(Pettigrew),1,0
0,0,2009-10,SHB 2956,2956,,,,,2010-03-09,0,0,SHB 2956,2nd substitute bill substituted.,0,H subst for,0,0,2010-02-05,AN ACT Relating to a hospital safety net assessment for increased hospital payments to improve health care access for the citizens of Washington;,0,Concerning the hospital safety net.,House,8286,H-5047.2,0,0,1,0,Hospital safety net,Bill,B,(Pettigrew),1,1
1,0,2009-10,E2SHB 2956,2956,,,,,2010-04-27,1,1,E2SHB 2956,Effective date 4/27/2010.,0,C 30 L 10 E1,0,1,2010-02-27,AN ACT Relating to a hospital safety net assessment for increased hospital payments to improve health care access for the citizens of Washington;,0,Concerning the hospital safety net.,House,8286,H-5358.1,0,0,1,0,Hospital safety net,Bill,B,(Pettigrew),1,2
1,0,2009-10,HB 2957,2957,,,,,2010-03-15,0,0,HB 2957,"By resolution, reintroduced and retained in present status.",0,H Rules R,0,0,2010-01-19,AN ACT Relating to transferring the indeterminate sentence review board and its functions to the department of corrections;,0,Transferring the indeterminate sentence review board to the department of corrections.,House,1611,Z-1046.1,0,0,1,0,Indeterm sentence review brd,Bill,B,(Williams),1,0
1,0,2009-10,SHB 2957,2957,,,,,2010-03-15,0,0,SHB 2957,"By resolution, reintroduced and retained in present status.",0,H Rules R,0,0,2010-02-05,AN ACT Relating to transferring the indeterminate sentence review board and its functions to the department of corrections;,0,Transferring the indeterminate sentence review board to the department of corrections.,House,1611,H-5030.1,0,0,1,0,Indeterm sentence review brd,Bill,B,(Williams),0,1
1,0,2009-10,HB 2958,2958,,,,,2010-03-15,0,0,HB 2958,"By resolution, reintroduced and retained in present status.",0,H SGTribalAff,0,0,2010-01-19,AN ACT Relating to transfer or disposal of certain park lands;,0,Providing Indian tribes with a right of first refusal to acquire certain park lands.,House,8211,H-4406.1,0,0,0,0,Transfer of park lands,Bill,B,(McCoy),0,0
1,0,2009-10,HB 2959,2959,,2009-10,SB 6612,SRules X,2010-03-15,0,0,HB 2959,"By resolution, reintroduced and retained in present status.",0,H Rules R,0,0,2010-01-19,AN ACT Relating to child fatality review in child welfare cases;,0,Concerning child fatality reviews in child welfare cases.,House,3487,Z-0780.6,0,1,0,0,Child fatality reviews,Bill,B,(Kagi),0,0
1,0,2009-10,SHB 2959,2959,,,,,2010-03-15,0,0,SHB 2959,"By resolution, reintroduced and retained in present status.",0,H Rules R,0,0,2010-01-29,AN ACT Relating to child fatality review in child welfare cases;,0,Concerning child fatality reviews in child welfare cases.,House,3487,H-4934.1,0,1,0,0,Child fatality reviews,Bill,B,(Kagi),0,1
1,0,2009-10,HB 2960,2960,,,,,2010-03-15,0,0,HB 2960,"By resolution, reintroduced and retained in present status.",0,H Education Apps,0,0,2010-01-19,AN ACT Relating to public transparency for the prototypical school funding model;,0,Establishing a portal for public access to the prototypical school funding model.,House,14201,H-4408.1,0,0,0,0,School funding model portal,Bill,B,(Probst),0,0
0,0,2009-10,HB 2961,2961,,2009-10,SB 6642,SJudiciary,2010-02-13,0,0,HB 2961,2nd substitute bill substituted.,0,H subst for,0,0,2010-01-19,"AN ACT Relating to establishing a statewide electronic tracking system for the nonprescription sales of ephedrine, pseudoephedrine, and phenylpropanolamine;",0,"Establishing a statewide electronic tracking system for the nonprescription sales of ephedrine, pseudoephedrine, and phenylpropanolamine.",House,619,H-4153.3,0,0,0,0,"Tracking ephedrine, etc.",Bill,B,(Campbell),1,0
0,0,2009-10,SHB 2961,2961,,,,,2010-02-13,0,0,SHB 2961,2nd substitute bill substituted.,0,H subst for,0,0,2010-01-29,"AN ACT Relating to establishing a statewide electronic tracking system for the nonprescription sales of ephedrine, pseudoephedrine, and phenylpropanolamine;",0,"Establishing a statewide electronic sales tracking system for the nonprescription sales of ephedrine, pseudoephedrine, and phenylpropanolamine.",House,619,H-4757.5,0,0,0,0,"Tracking ephedrine, etc.",Bill,B,(Campbell),1,1
1,0,2009-10,E2SHB 2961,2961,,,,,2010-03-23,1,1,E2SHB 2961,Effective date 6/10/2010.,0,C 182 L 10,0,1,2010-02-05,"AN ACT Relating to establishing a statewide electronic tracking system for the nonprescription sales of ephedrine, pseudoephedrine, and phenylpropanolamine;",0,"Establishing a statewide electronic sales tracking system for the nonprescription sales of ephedrine, pseudoephedrine, and phenylpropanolamine.",House,619,H-5055.1,0,0,0,0,"Tracking ephedrine, etc.",Bill,B,(Campbell),1,2
0,0,2009-10,HB 2962,2962,,,,,2010-02-15,0,0,HB 2962,1st substitute bill substituted.,0,H subst for,0,0,2010-01-19,AN ACT Relating to allowing county treasurers to use electronic bill presentment and payment that includes an automatic electronic payment option for property taxes;,1,Allowing county treasurers to use electronic bill presentment and payment that includes an automatic electronic payment option for property taxes.,House,14201,H-4402.1,0,0,0,0,County treasurers/prop taxes,Bill,B,(Probst),1,0
1,0,2009-10,SHB 2962,2962,,,,,2010-03-24,0,1,SHB 2962,Effective date 6/10/2010.,0,C 200 L 10,0,0,2010-02-01,AN ACT Relating to allowing county treasurers to use electronic bill presentment and payment that includes an automatic electronic payment option for property taxes;,1,Allowing county treasurers to use electronic bill presentment and payment that includes an automatic electronic payment option for property taxes.,House,14201,H-4992.1,0,0,0,0,County treasurers/prop taxes,Bill,B,(Probst),1,1
1,0,2009-10,HB 2963,2963,,2009-10,SB 6412,SRules X,2010-03-15,0,0,HB 2963,"By resolution, reintroduced and retained in present status.",0,H Judiciary,0,0,2010-01-19,AN ACT Relating to medical malpractice closed claim reporting;,0,Concerning medical malpractice closed claim reporting.,House,13161,Z-0810.3,0,0,0,1,Medical malpractice reports,Bill,B,(Nelson),1,0
1,0,2009-10,HB 2964,2964,,2009-10,SB 6677,SEnv/Water/Ener,2010-03-15,0,0,HB 2964,"By resolution, reintroduced and retained in present status.",0,H Ecology & Park,0,0,2010-01-19,AN ACT Relating to oil spill contingency plan requirements;,0,Concerning oil spill contingency plan requirements.,House,12003,H-4444.1,0,0,0,0,Oil spill contingency plan,Bill,B,(Van De Wege),1,0
1,0,2009-10,HB 2965,2965,,,,,2010-03-15,0,0,HB 2965,"By resolution, reintroduced and retained in present status.",0,H Finance,0,0,2010-01-19,AN ACT Relating to adjusting the oil spill response tax and oil spill administration tax;,0,Adjusting the oil spill response tax and oil spill administration tax.,House,12003,H-4453.1,0,0,0,0,Oil spill taxes,Bill,B,(Van De Wege),1,0
1,0,2009-10,HB 2966,2966,,,,,2010-03-15,0,0,HB 2966,"By resolution, reintroduced and retained in present status.",0,H Ag & Nat Res,0,0,2010-01-19,AN ACT Relating to establishing a state meat inspection program;,0,Establishing a state meat inspection program.,House,15006,H-4400.1,0,0,0,0,Meat inspection program,Bill,B,(Taylor),1,0
1,0,2009-10,HB 2967,2967,,2009-10,SB 6321,STransportation,2010-03-15,0,0,HB 2967,"By resolution, reintroduced and retained in present status.",0,H Trans,0,0,2010-01-19,AN ACT Relating to mitigating the impacts of the state route number 520 corridor project on the Washington park arboretum;,0,Mitigating the impacts of the state route number 520 corridor project on the Washington park arboretum.,House,14206,H-4435.1,0,0,0,0,Washington park arboretum,Bill,B,(White),0,0
1,0,2009-10,HB 2968,2968,,,,,2010-03-15,0,0,HB 2968,"By resolution, reintroduced and retained in present status.",0,H Tech/En/Com,0,0,2010-01-19,AN ACT Relating to loss of electronic devices;,0,Regarding the loss of an electronic device.,House,8215,H-4399.1,0,0,0,0,Loss of electronic device,Bill,B,(Hudgins),0,0
1,0,2009-10,EHB 2969,2969,,,,,2010-04-12,0,1,EHB 2969,"By resolution, returned to House Rules Committee for third reading.",0,H Rules 3C,0,1,2010-01-19,AN ACT Relating to promoting efficiencies in the services provided by the office of the public printer;,0,Promoting efficiencies in the services provided by the office of the public printer.,House,8215,H-4382.2,0,0,0,0,Office of the public printer,Bill,B,(Hudgins),1,0
1,0,2009-10,HB 2970,2970,,2009-10,SB 6714,SWays & Means,2010-03-15,0,0,HB 2970,"By resolution, reintroduced and retained in present status.",0,H Finance,0,0,2010-01-19,AN ACT Relating to addressing tax avoidance;,0,Addressing tax avoidance.,House,8222,Z-1111.2,0,1,0,0,Tax avoidance,Bill,B,(Hunter),1,0
1,0,2009-10,HB 2971,2971,,2009-10,SB 6711,SWays & Means,2010-03-15,0,0,HB 2971,"By resolution, reintroduced and retained in present status.",0,H Finance,0,0,2010-01-19,AN ACT Relating to limiting tax preferences that have been the subject of administrative or judicial appeals;,0,Limiting tax preferences that have been the subject of administrative or judicial appeals.,House,8222,Z-1151.4,0,1,0,0,Limiting tax preferences,Bill,B,(Hunter),1,0
1,0,2009-10,HB 2972,2972,,2009-10,SB 6713,SWays & Means,2010-03-15,0,0,HB 2972,"By resolution, reintroduced and retained in present status.",0,H Finance,0,0,2010-01-19,AN ACT Relating to increasing revenues by eliminating and narrowing preferential tax treatment;,1,Increasing revenues by eliminating and narrowing preferential tax treatment.,House,8222,Z-1154.2,0,1,0,0,Preferential tax treatment,Bill,B,(Hunter),1,0
1,0,2009-10,HB 2973,2973,,,,,2010-03-23,0,0,HB 2973,Effective date 6/10/2010.,0,C 183 L 10,0,0,2010-01-19,AN ACT Relating to resident student classification for certain members of the military and their spouses and dependents;,0,Creating resident student classifications for certain members of the military and their spouses and dependents.,House,7635,H-3898.1,0,0,0,0,Resident students/military,Bill,B,(Orcutt),1,0
1,0,2009-10,HB 2974,2974,,,,,2010-03-15,0,0,HB 2974,"By resolution, reintroduced and retained in present status.",0,H Ag & Nat Res,0,0,2010-01-19,AN ACT Relating to requiring documentation for enforcement actions under chapter 77.55 RCW;,0,Regarding enforcement actions under chapter 77.55 RCW.,House,7635,H-3811.2,0,0,0,0,Enforcement action/77.55 RCW,Bill,B,(Orcutt),0,0
1,0,2009-10,HB 2975,2975,,,,,2010-03-15,0,0,HB 2975,"By resolution, reintroduced and retained in present status.",0,H LG & Housing,0,0,2010-01-19,AN ACT Relating to prohibiting local governments and state agencies from mandating the installation of fire sprinkler systems in agricultural structures;,0,Prohibiting local governments and state agencies from mandating the installation of fire sprinkler systems in agricultural structures.,House,7635,H-3923.1,0,0,0,0,Fire sprinklrs/ag structures,Bill,B,(Orcutt),0,0
1,0,2009-10,HB 2976,2976,,,,,2010-03-15,0,0,HB 2976,"By resolution, reintroduced and retained in present status.",0,H Finance,0,0,2010-01-19,AN ACT Relating to including public-owned easements in the acreage  requirements of the open space taxation act;,0,Including public-owned easements in the acreage requirements of the open space taxation act.,House,7635,H-4371.1,0,0,0,0,Public-owned easements,Bill,B,(Orcutt),1,0
1,0,2009-10,HB 2977,2977,,,,,2010-03-15,0,0,HB 2977,"By resolution, reintroduced and retained in present status.",0,H Finance,0,0,2010-01-19,AN ACT Relating to providing expiration dates for certain environmental tax incentives;,0,Providing expiration dates for certain environmental tax incentives.,House,8222,H-3994.2,0,0,0,0,Environmental tax incentives,Bill,B,(Hunter),1,0
1,0,2009-10,HB 2978,2978,,,,,2010-03-15,0,0,HB 2978,"By resolution, reintroduced and retained in present status.",0,H Commerce/Lab,0,0,2010-01-19,AN ACT Relating to contractor registration qualifications;,0,Requiring the department of labor and industries to develop recommendations on a contractor registration program.,House,10031,H-4456.1,0,0,0,0,Contractor registration prog,Bill,B,(Appleton),0,0
1,0,2009-10,HB 2979,2979,,,,,2010-03-15,0,0,HB 2979,"By resolution, reintroduced and retained in present status.",0,H Rules R,0,0,2010-01-19,AN ACT Relating to higher education performance agreements;,0,Regarding higher education performance agreements.,House,8420,H-4407.1,0,0,0,0,Higher ed perf agreements,Bill,B,(Wallace),1,0
1,0,2009-10,SHB 2979,2979,,,,,2010-03-15,0,0,SHB 2979,"By resolution, reintroduced and retained in present status.",0,H Rules R,0,0,2010-01-29,AN ACT Relating to higher education performance agreements;,0,Regarding higher education performance agreements.,House,8420,H-4884.1,0,0,0,0,Higher ed perf agreements,Bill,B,(Wallace),0,1
1,0,2009-10,HB 2980,2980,,2009-10,SB 6556,Ssubst for,2010-03-15,0,0,HB 2980,"By resolution, reintroduced and retained in present status.",0,H Rules C,0,0,2010-01-19,AN ACT Relating to changing fees for certain types of agricultural burning;,1,Changing the fees for certain types of agricultural burning.,House,8317,H-4418.1,0,0,0,0,Agricultural burning fees,Bill,B,(Blake),1,0
1,0,2009-10,HB 2981,2981,,,,,2010-03-15,0,0,HB 2981,"By resolution, reintroduced and retained in present status.",0,H SGTribalAff,0,0,2010-01-19,AN ACT Relating to information included in the voters' pamphlet;,0,Including budget information in the voters' pamphlet.,House,10030,H-4414.1,0,0,0,0,Budget info/voters' pamphlet,Bill,B,(Hasegawa),0,0
1,0,2009-10,HB 2982,2982,,2009-10,SB 6632,SWays & Means,2010-03-15,0,0,HB 2982,"By resolution, reintroduced and retained in present status.",0,H Finance,0,0,2010-01-19,AN ACT Relating to providing tax incentives for manufacturers of electronic testing and measurement devices;,0,Providing tax incentives for manufacturers of electronic testing and measurement devices.,House,13546,Z-0893.1,0,1,0,0,Electronic testing devices,Bill,B,(Liias),1,0
1,0,2009-10,HB 2983,2983,,2009-10,SB 6675,Ssubst for,2010-03-15,0,0,HB 2983,"By resolution, reintroduced and retained in present status.",0,H Finance,0,0,2010-01-19,AN ACT Relating to creating the Washington global health technologies and product development competitiveness program and allowing certain tax credits for program contributions;,0,Creating the Washington global health technologies and product development competitiveness program and allowing certain tax credits for program contributions.,House,2314,H-4480.1,0,0,0,0,Global health program,Bill,B,(Kenney),1,0
1,0,2009-10,SHB 2983,2983,,,,,2010-03-15,0,0,SHB 2983,"By resolution, reintroduced and retained in present status.",0,H Finance,0,0,2010-02-01,AN ACT Relating to creating the Washington global health technologies and product development competitiveness program and allowing certain tax credits for program contributions;,0,Creating the Washington global health technologies and product development competitiveness program and allowing certain tax credits for program contributions.,House,2314,H-4924.2,0,0,0,0,Global health program,Bill,B,(Kenney),1,1
1,0,2009-10,HB 2984,2984,,,,,2010-04-12,0,0,HB 2984,"By resolution, returned to House Rules Committee for third reading.",0,H Rules 3C,0,0,2010-01-19,AN ACT Relating to a sales and use tax deferral for performing arts centers;,1,Concerning a sales and use tax deferral for performing arts centers.,House,14204,H-3650.1,0,0,0,0,Performing arts centers,Bill,B,(Maxwell),1,0
1,0,2009-10,HB 2985,2985,,2009-10,SB 6609,Ssubst for,2010-03-15,0,0,HB 2985,"By resolution, reintroduced and retained in present status.",0,H Finance,0,0,2010-01-19,AN ACT Relating to infrastructure financing for local governments;,1,Concerning infrastructure financing for local governments.,House,14204,H-4367.1,0,0,0,0,Local govt infrastructure,Bill,B,(Maxwell),1,0
1,0,2009-10,SHB 2985,2985,,,,,2010-03-15,0,0,SHB 2985,"By resolution, reintroduced and retained in present status.",0,H Finance,0,0,2010-02-01,AN ACT Relating to infrastructure financing for local governments;,0,Concerning infrastructure financing for local governments.,House,14204,H-4988.1,0,0,0,0,Local govt infrastructure,Bill,B,(Maxwell),0,1
0,0,2009-10,HB 2986,2986,,,,,2010-02-13,0,0,HB 2986,1st substitute bill substituted.,0,H subst for,0,0,2010-01-19,AN ACT Relating to requiring the appointment of nonvoting labor members to public transportation governing bodies;,0,Requiring the appointment of nonvoting labor members to public transportation governing bodies.,House,5157,H-4222.4,0,0,0,0,Pub trans governing bodies,Bill,B,(Simpson),0,0
1,0,2009-10,ESHB 2986,2986,,,,,2010-04-01,1,1,ESHB 2986,Effective date 6/10/2010.,0,C 278 L 10,0,1,2010-01-27,AN ACT Relating to requiring the appointment of nonvoting labor members to public transportation governing bodies;,0,Requiring the appointment of nonvoting labor members to public transportation governing bodies.,House,5157,H-4802.1,0,0,0,0,Pub trans governing bodies,Bill,B,(Simpson),0,1
1,0,2009-10,HB 2987,2987,,,,,2010-03-15,0,0,HB 2987,"By resolution, reintroduced and retained in present status.",0,H Rules 3C,0,0,2010-01-19,AN ACT Relating to the firefighters' pension fund;,1,Addressing the impact on the firefighters' pension fund when a city or town enters a regional fire protection service authority.,House,5157,H-4473.1,0,0,0,0,Firefighters' pension fund,Bill,B,(Simpson),0,0
1,0,2009-10,HB 2988,2988,,,,,2010-03-15,0,1,HB 2988,"By resolution, reintroduced and retained in present status.",0,H Rules C,0,0,2010-01-19,AN ACT Relating to local improvement districts in flood control zone districts;,0,Regarding local improvement districts in flood control zone districts.,House,5157,H-4459.1,0,0,0,0,Local improvement districts,Bill,B,(Simpson),0,0
1,0,2009-10,HB 2989,2989,,2009-10,SB 6708,SHea/L-T Care,2010-03-15,0,0,HB 2989,"By resolution, reintroduced and retained in present status.",0,H Rules 3C,0,0,2010-01-19,AN ACT Relating to respiratory care practitioners;,0,Concerning respiratory care practitioners.,House,8212,H-3587.1,0,0,0,0,Respiratory care,Bill,B,(Moeller),1,0
0,0,2009-10,HB 2990,2990,,,,,2010-02-15,0,0,HB 2990,1st substitute bill substituted.,0,H subst for,0,0,2010-01-19,AN ACT Relating to alternative city assumption and tax authority provisions pertaining to water-sewer districts;,1,Addressing alternative city assumption and tax authority provisions pertaining to water-sewer districts.,House,8286,H-4472.1,0,0,0,0,Water-sewer districts,Bill,B,(Pettigrew),0,0
1,0,2009-10,SHB 2990,2990,,,,,2010-03-18,0,0,SHB 2990,Effective date 6/10/2010.,0,C 102 L 10,0,0,2010-02-01,AN ACT Relating to alternative city assumption and tax authority provisions pertaining to water-sewer districts;,1,Addressing alternative city assumption and tax authority provisions pertaining to water-sewer districts.,House,8286,H-4974.1,0,0,0,0,Water-sewer districts,Bill,B,(Pettigrew),0,1
1,0,2009-10,HB 2991,2991,,2009-10,SB 6626,SGovtOp & Elect,2010-03-15,0,0,HB 2991,"By resolution, reintroduced and retained in present status.",0,H Gen Gov Apps,0,0,2010-01-19,AN ACT Relating to merging the department of printing into the department of general administration;,0,Merging the functions of the public printer into the department of general administration.,House,5161,H-4192.1,0,0,0,0,Dept. of printing/into GA,Bill,B,(Armstrong),1,0
1,0,2009-10,HB 2992,2992,,2009-10,SB 6611,Ssubst for,2010-03-15,0,1,HB 2992,"By resolution, reintroduced and retained in present status.",0,H Rules C,0,0,2010-01-19,AN ACT Relating to extending the deadlines for the review and evaluation of comprehensive land use plan and development regulations for three years;,1,Extending the deadlines for the review and evaluation of comprehensive land use plan and development regulations for three years.,House,5157,Z-1061.2,0,1,0,0,Comprehensive land use plan,Bill,B,(Simpson),1,0
1,0,2009-10,SHB 2992,2992,,,,,2010-03-15,0,1,SHB 2992,"By resolution, reintroduced and retained in present status.",0,H Rules C,0,0,2010-02-01,AN ACT Relating to extending the deadlines for the review and evaluation of comprehensive land use plan and development regulations for three years;,0,Extending the deadlines for the review and evaluation of comprehensive land use plan and development regulations for three years.,House,5157,H-4969.1,0,1,0,0,Comprehensive land use plan,Bill,B,(Simpson),0,1
1,0,2009-10,HB 2993,2993,,,,,2010-03-15,0,0,HB 2993,"By resolution, reintroduced and retained in present status.",0,H Commerce/Lab,0,0,2010-01-20,AN ACT Relating to the granting of leave for legislative duties;,0,Addressing leave from employment for persons elected to serve in the state legislature.,House,5155,H-4447.1,0,0,0,0,Leave for legislative duties,Bill,B,(Hunt),0,0
1,0,2009-10,HB 2994,2994,,,,,2010-03-15,0,0,HB 2994,"By resolution, reintroduced and retained in present status.",0,H Rules C,0,0,2010-01-20,AN ACT Relating to prohibiting public service announcements by elected officials during reelection campaigns;,0,Prohibiting public service announcements by elected officials during reelection campaigns.,House,10031,H-4420.1,0,0,0,0,Public service announcements,Bill,B,(Appleton),0,0
1,0,2009-10,SHB 2994,2994,,,,,2010-03-15,0,0,SHB 2994,"By resolution, reintroduced and retained in present status.",0,H Rules C,0,0,2010-02-02,AN ACT Relating to prohibiting public service announcements by elected officials during reelection campaigns;,0,Prohibiting public service announcements by elected officials during reelection campaigns.,House,10031,H-4756.2,0,0,0,0,Public service announcements,Bill,B,(Appleton),0,1
1,0,2009-10,HB 2995,2995,,,,,2010-03-15,0,0,HB 2995,"By resolution, reintroduced and retained in present status.",0,H LG & Housing,0,0,2010-01-20,AN ACT Relating to the use of carbon monoxide alarms in certain residential occupancies;,0,Concerning the use of carbon monoxide alarms in certain residential occupancies.,House,2149,H-4171.1,0,0,0,0,Carbon monoxide alarms,Bill,B,(O'Brien),0,0
1,0,2009-10,HB 2996,2996,,2009-10,SB 6619,SRules X,2010-03-17,0,0,HB 2996,Effective date 6/10/2010.,0,C 100 L 10,0,0,2010-01-20,AN ACT Relating to record check information;,0,Including approved private schools in the superintendent of public instruction's record check information rules.,House,649,H-4226.1,0,0,0,0,OSPI record check info rules,Bill,B,(Quall),1,0
0,0,2009-10,HB 2997,2997,,2009-10,SB 6681,SHea/L-T Care,2010-02-10,0,0,HB 2997,Committee recommendations adopted and the 1st substitute bill substituted.,0,H subst for,0,0,2010-01-20,AN ACT Relating to determining the appropriate date of a small employer group's composition for purposes of setting health benefit plan premium rates;,0,Concerning the size of a small employer's group for purposes of health benefit plans.,House,1543,H-4425.1,0,0,0,0,Small employer's group,Bill,B,(Cody),0,0
1,0,2009-10,SHB 2997,2997,,,,,2010-03-15,0,0,SHB 2997,"By resolution, reintroduced and retained in present status.",0,H Rules 3C,0,0,2010-02-02,AN ACT Relating to determining the appropriate date of a small employer group's composition for purposes of setting health benefit plan premium rates;,0,Concerning the size of a small employer's group for purposes of health benefit plans.,House,1543,H-4948.1,0,0,0,0,Small employer's group,Bill,B,(Cody),0,1
0,0,2009-10,HB 2998,2998,,,,,2010-01-27,0,0,HB 2998,1st substitute bill substituted.,0,H subst for,0,0,2010-01-20,AN ACT Relating to suspension of certain monetary awards and salary increases;,0,Suspending certain monetary awards and salary increases.,House,12068,H-4424.1,0,0,0,0,Suspending monetary awards,Bill,B,(Seaquist),0,0
1,0,2009-10,SHB 2998,2998,,,,,2010-02-15,1,1,SHB 2998,Effective date 2/15/2010.,0,C 2 L 10,0,0,2010-01-27,AN ACT Relating to suspension of certain monetary awards and salary increases;,0,Suspending certain monetary awards and salary increases.,House,12068,H-4769.1,0,0,0,0,Suspending monetary awards,Bill,B,(Seaquist),0,1
1,0,2009-10,HB 2999,2999,,,,,2010-03-15,0,0,HB 2999,"By resolution, reintroduced and retained in present status.",0,H Ways & Means,0,0,2010-01-20,AN ACT Relating to traumatic brain injury;,0,Concerning traumatic brain injury.,House,8412,H-4434.1,0,0,0,0,Traumatic brain injury,Bill,B,(Flannigan),1,0
1,0,2009-10,HB 3000,3000,,,,,2010-03-15,0,0,HB 3000,"By resolution, reintroduced and retained in present status.",0,H HHS Apps,0,0,2010-01-20,AN ACT Relating to pharmacy reimbursement rates;,0,Regarding pharmacy reimbursement rates.,House,11952,H-4328.2,0,0,0,0,Pharmacy reimbursement rates,Bill,B,(Short),1,0
0,0,2009-10,HB 3001,3001,,,,,2010-02-10,0,0,HB 3001,1st substitute bill substituted.,0,H subst for,0,0,2010-01-20,AN ACT Relating to bicycle and pedestrian safety education in traffic schools;,1,Addressing bicycle and pedestrian safety education in traffic schools.,House,14207,H-3706.3,0,0,0,0,Bicycle & pedestrian safety,Bill,B,(Klippert),1,0
1,0,2009-10,SHB 3001,3001,,,,,2010-03-15,0,1,SHB 3001,"By resolution, reintroduced and retained in present status.",0,H Rules 3C,0,0,2010-02-01,AN ACT Relating to bicycle and pedestrian safety education in traffic schools;,0,Addressing bicycle and pedestrian safety education in traffic schools.,House,14207,H-4946.1,0,0,0,0,Bicycle & pedestrian safety,Bill,B,(Klippert),0,1
1,0,2009-10,HB 3002,3002,,,,,2010-03-15,0,0,HB 3002,"By resolution, reintroduced and retained in present status.",0,H Hi Ed,0,0,2010-01-20,AN ACT Relating to tuition and fees waivers for K-12 classified staff;,0,Authorizing tuition and fees waivers for K-12 classified staff.,House,9997,H-4266.1,0,0,0,0,K-12 classified staff/waiver,Bill,B,(Sells),1,0
0,0,2009-10,HB 3003,3003,,,,,2010-02-10,0,0,HB 3003,1st substitute bill substituted.,0,H subst for,0,0,2010-01-20,AN ACT Relating to placing symphony musicians under the jurisdiction of the public employment relations commission for purposes of collective bargaining;,0,Placing symphony musicians under the jurisdiction of the public employment relations commission for purposes of collective bargaining.,House,8222,H-3951.2,0,0,0,0,Symphony musicians,Bill,B,(Hunter),1,0
1,0,2009-10,SHB 3003,3003,,,,,2010-03-15,0,0,SHB 3003,"By resolution, reintroduced and retained in present status.",0,H Rules 3C,0,0,2010-01-27,AN ACT Relating to placing symphony musicians under the jurisdiction of the public employment relations commission for purposes of collective bargaining;,0,Placing symphony musicians under the jurisdiction of the public employment relations commission for purposes of collective bargaining.,House,8222,H-4704.1,0,0,0,0,Symphony musicians,Bill,B,(Hunter),0,1
1,0,2009-10,HB 3004,3004,,,,,2010-03-15,0,0,HB 3004,"By resolution, reintroduced and retained in present status.",0,H SGTribalAff,0,0,2010-01-20,AN ACT Relating to transparency in the sale of public property to public employees or former public employees;,0,Concerning the sale of public property to public employees or former public employees.,House,9996,H-4169.3,0,0,0,0,Sale of public property,Bill,B,(Haler),0,0
1,0,2009-10,HB 3005,3005,,,,,2010-03-15,0,0,HB 3005,"By resolution, reintroduced and retained in present status.",0,H LG & Housing,0,0,2010-01-20,AN ACT Relating to the relationship between the shoreline management act and the growth management act;,0,Affirming and clarifying the relationship between the shoreline management act and the growth management act.,House,13161,H-4289.1,0,0,0,0,Shoreline & growth mgmt acts,Bill,B,(Nelson),0,0
1,0,2009-10,HB 3006,3006,,,,,2010-03-15,0,0,HB 3006,"By resolution, reintroduced and retained in present status.",0,H Rules R,0,0,2010-01-20,AN ACT Relating to clarifying the circumstances under which certain counseling-related associates may practice;,0,Clarifying the circumstances under which certain counseling-related associates may practice.,House,10021,H-4494.1,0,0,0,0,Counseling associates,Bill,B,(Green),1,0
1,0,2009-10,SHB 3006,3006,,,,,2010-03-15,0,0,SHB 3006,"By resolution, reintroduced and retained in present status.",0,H Rules R,0,0,2010-02-02,AN ACT Relating to clarifying the circumstances under which certain counseling-related associates may practice;,0,Clarifying the circumstances under which certain counseling-related associates may practice.,House,10021,H-4862.2,0,0,0,0,Counseling associates,Bill,B,(Green),1,1
1,0,2009-10,HB 3007,3007,,,,,2010-03-22,0,0,HB 3007,Effective date 6/10/2010.,0,C 155 L 10,0,0,2010-01-20,AN ACT Relating to authorizing airport operators to make airport property available at less than fair market rental value for public recreational or other community uses;,0,Authorizing airport operators to make airport property available at less than fair market rental value for public recreational or other community uses.,House,1712,H-4207.1,0,0,0,0,Airport property rental,Bill,B,(Upthegrove),0,0
1,0,2009-10,HB 3008,3008,,,,,2010-03-15,0,0,HB 3008,"By resolution, reintroduced and retained in present status.",0,H Human Ser,0,0,2010-01-20,AN ACT Relating to civil judgments for assault;,0,Authorizing civil judgements for assault.,House,15097,H-4368.1,0,0,0,0,Civil judgments for assault,Bill,B,(Nealey),0,0
1,0,2009-10,HB 3009,3009,,2009-10,SB 6641,SRules X,2010-03-15,0,0,HB 3009,"By resolution, reintroduced and retained in present status.",0,H Ag & Nat Res,0,0,2010-01-20,AN ACT Relating to forest practices applications leading to conversion of land for development purposes;,0,Concerning forest practices applications leading to conversion of land for development purposes.,House,8317,H-4431.1,0,0,0,0,Land conversion/development,Bill,B,(Blake),0,0
1,0,2009-10,HB 3010,3010,,,,,2010-03-15,0,0,HB 3010,"By resolution, reintroduced and retained in present status.",0,H Fin Inst & Ins,0,0,2010-01-20,AN ACT Relating to conducting performance audits of state investment board investment services contracts;,0,Conducting performance audits of state investment board investment services contracts.,House,5160,H-4058.1,0,0,0,0,Investment board/perf audits,Bill,B,(Anderson),1,0
1,0,2009-10,HB 3011,3011,,,,,2010-03-15,0,0,HB 3011,"By resolution, reintroduced and retained in present status.",0,H SGTribalAff,0,0,2010-01-20,AN ACT Relating to limiting the exemption from public disclosure to three years for financial information submitted to the state investment board;,0,Limiting the exemption from public disclosure to three years for financial information submitted to the state investment board.,House,5160,H-3783.2,0,0,0,0,Investmnt brd/financial info,Bill,B,(Anderson),0,0
1,0,2009-10,HB 3012,3012,,,,,2010-03-15,0,0,HB 3012,"By resolution, reintroduced and retained in present status.",0,H Judiciary,0,0,2010-01-20,AN ACT Relating to the manufactured/mobile home landlord-tenant act;,0,Requiring landlords to provide tenants with written receipts upon request under the manufactured/mobile home landlord-tenant act.,House,12001,H-3860.1,0,0,0,0,Manuf/mobile home receipts,Bill,B,(Kelley),0,0
1,0,2009-10,HB 3013,3013,,2009-10,SB 6621,Ssubst for,2010-03-15,0,0,HB 3013,"By resolution, reintroduced and retained in present status.",0,H Ways & Means,0,0,2010-01-20,"AN ACT Relating to transferring service credit and contributions into the Washington state patrol retirement system by members who served as commercial vehicle enforcement officers and who became commissioned officers in the Washington state patrol prior to July 1, 2000;",0,"Transferring service credit and contributions into the Washington state patrol retirement system by members who served as commercial vehicle enforcement officers and who became commissioned officers in the Washington state patrol prior to July 1, 2000.",House,10032,H-4428.1,0,0,0,0,State patrol retirement,Bill,B,(Ericks),1,0
0,0,2009-10,HB 3014,3014,,2009-10,SB 6613,SWays & Means,2010-03-17,0,0,HB 3014,1st substitute bill substituted.,0,H subst for,0,0,2010-01-20,AN ACT Relating to modifying the sales and use tax deferral program for investment projects in rural counties;,1,Modifying the sales and use tax deferral program for investment projects in rural counties.,House,643,Z-1117.3,0,0,1,0,Rural co. investmnt projects,Bill,B,(Kessler),1,0
1,0,2009-10,ESHB 3014,3014,,,,,2010-04-13,1,1,ESHB 3014,Effective date 7/1/2010*.,0,C 16 L 10 E1,0,1,2010-02-09,AN ACT Relating to modifying the sales and use tax deferral program for investment projects in rural counties;,1,Modifying the sales and use tax deferral program for investment projects in rural counties.,House,643,H-5099.1,0,0,1,0,Rural co. investmnt projects,Bill,B,(Kessler),1,1
1,0,2009-10,HB 3015,3015,,2009-10,SB 6781,SHea/L-T Care,2010-03-15,0,0,HB 3015,"By resolution, reintroduced and retained in present status.",0,H Rules C,0,0,2010-01-20,AN ACT Relating to establishing an interstate compact for the sale and issue of health benefit plans;,0,Establishing the interstate health insurance compact act.,House,1543,H-4437.2,0,0,0,0,Interstate compact/insurance,Bill,B,(Cody),0,0
1,0,2009-10,SHB 3015,3015,,,,,2010-03-15,0,1,SHB 3015,"By resolution, reintroduced and retained in present status.",0,H Rules C,0,0,2010-02-02,AN ACT Relating to establishing an interstate compact for the sale and issue of health benefit plans;,0,Establishing the interstate health insurance compact act.,House,1543,H-4906.2,0,0,0,0,Interstate compact/insurance,Bill,B,(Cody),1,1
0,0,2009-10,HB 3016,3016,,2009-10,SB 6640,SHumServ/Corr,2010-02-10,0,0,HB 3016,Committee recommendations adopted and the 1st substitute bill substituted.,0,H subst for,0,0,2010-01-20,"AN ACT Relating to updating provisions concerning the modification, review, and adjustment of child support orders to improve access to justice and to ensure compliance with federal requirements;",0,"Updating provisions concerning the modification, review, and adjustment of child support orders to improve access to justice and to ensure compliance with federal requirements.",House,12002,Z-0792.10,0,1,0,0,Child support orders,Bill,B,(Pedersen),1,0
1,0,2009-10,SHB 3016,3016,,,,,2010-04-01,1,1,SHB 3016,Effective date 6/10/2010.,0,C 279 L 10,0,0,2010-02-01,"AN ACT Relating to updating provisions concerning the modification, review, and adjustment of child support orders to improve access to justice and to ensure compliance with federal requirements;",0,"Updating provisions concerning the modification, review, and adjustment of child support orders to improve access to justice and to ensure compliance with federal requirements.",House,12002,H-4963.1,0,1,0,0,Child support orders,Bill,B,(Pedersen),0,1
1,0,2009-10,HB 3017,3017,,2009-10,SB 6777,SWays & Means,2010-03-15,0,0,HB 3017,"By resolution, reintroduced and retained in present status.",0,H HHS Apps,0,0,2010-01-20,AN ACT Relating to modifying state payments for in-home care;,0,Modifying state payments for in-home care.,House,2149,H-4200.2,0,0,0,0,State in-home care payments,Bill,B,(O'Brien),1,0
1,0,2009-10,HB 3018,3018,,2009-10,SB 6557,Ssubst for,2010-03-15,0,0,HB 3018,"By resolution, reintroduced and retained in present status.",0,H Env Health,0,0,2010-01-20,AN ACT Relating to limiting the use of certain substances in brake friction material;,0,Limiting the use of copper and other substances in vehicle brake pads.,House,1407,Z-1196.1,0,1,0,0,Vehicle brake material,Bill,B,(Chase),1,0
1,0,2009-10,HB 3019,3019,,2009-10,SB 6822,SEnv/Water/Ener,2010-03-15,0,0,HB 3019,"By resolution, reintroduced and retained in present status.",0,H Tech/En/Com,0,0,2010-01-20,AN ACT Relating to energy efficiency requirements for residential structures;,0,Regarding energy efficiency requirements for residential structures.,House,14209,H-4144.1,0,0,0,0,Energy efficiency/residences,Bill,B,(Dammeier),0,0
1,0,2009-10,HB 3020,3020,,2009-10,SB 6606,SGovtOp & Elect,2010-03-15,0,0,HB 3020,"By resolution, reintroduced and retained in present status.",0,H Gen Gov Apps,0,0,2010-01-20,AN ACT Relating to eliminating the public printer and transferring print functions to the department of information services;,0,Eliminating the public printer and transferring print functions to the department of information services.,House,646,Z-1060.1,0,0,1,0,Eliminating public printer,Bill,B,(Linville),1,0
1,0,2009-10,HB 3021,3021,,2009-10,SB 6751,SWays & Means,2010-03-15,0,0,HB 3021,"By resolution, reintroduced and retained in present status.",0,H Ways & Means,0,0,2010-01-20,AN ACT Relating to establishing the medicaid nursing facility quality assurance trust fund;,0,Establishing the medicaid nursing facility quality assurance trust fund.,House,10021,H-4277.1,0,0,0,0,Medicaid nursing facilities,Bill,B,(Green),1,0
1,0,2009-10,HB 3022,3022,,,,,2010-03-15,0,0,HB 3022,"By resolution, reintroduced and retained in present status.",0,H Judiciary,0,0,2010-01-20,AN ACT Relating to clarifying substantial justification for a lis pendens action;,0,Clarifying substantial justification for a lis pendens action.,House,15006,H-3655.3,0,0,0,0,Lis pendens/justification,Bill,B,(Taylor),0,0
1,0,2009-10,EHB 3023,3023,,2009-10,SB 6659,SEnv/Water/Ener,2010-03-15,0,1,EHB 3023,"By resolution, reintroduced and retained in present status.",0,H Rules 3C,0,1,2010-01-20,AN ACT Relating to consolidating the state's pollution liability insurance agency within the department of ecology;,0,Consolidating the pollution liability insurance agency within the department of ecology.,House,14210,Z-1177.1,0,0,0,1,Pollution liability agency,Bill,B,(Jacks),1,0
0,0,2009-10,HB 3024,3024,,,,,2010-02-15,0,0,HB 3024,2nd substitute bill substituted.,0,H subst for,0,0,2010-01-20,AN ACT Relating to meal and rest breaks for employees of hospitals;,1,Providing uninterrupted meal and rest breaks for hospital employees.,House,972,H-4495.1,0,0,0,0,Hospital employee breaks,Bill,B,(Conway),1,0
0,0,2009-10,SHB 3024,3024,,,,,2010-02-15,0,1,SHB 3024,2nd substitute bill substituted.,0,H subst for,0,0,2010-01-29,AN ACT Relating to meal and rest breaks for employees of hospitals;,1,Providing uninterrupted meal and rest breaks for hospital employees.,House,972,H-4838.1,0,0,0,0,Hospital employee breaks,Bill,B,(Conway),1,1
1,0,2009-10,E2SHB 3024,3024,,,,,2010-03-15,0,1,E2SHB 3024,"By resolution, reintroduced and retained in present status.",0,H Rules 3C,0,1,2010-02-08,AN ACT Relating to meal and rest breaks for employees of hospitals;,1,Providing uninterrupted meal and rest breaks for hospital employees. (REVISED FOR ENGROSSED: Providing uninterrupted meal and rest breaks for certain employees. ),House,972,H-5079.1,0,0,0,0,Employee breaks,Bill,B,(Conway),1,2
1,0,2009-10,HB 3025,3025,,2009-10,SB 6778,Ssubst for,2010-03-15,0,0,HB 3025,"By resolution, reintroduced and retained in present status.",0,H Education,0,0,2010-01-20,AN ACT Relating to establishing an alternative route to a high school diploma;,0,Establishing an alternative route to a high school diploma.,House,649,H-4436.2,0,0,0,0,H.S. diploma/alternative,Bill,B,(Quall),1,0
0,0,2009-10,HB 3026,3026,,,,,2010-02-13,0,0,HB 3026,2nd substitute bill substituted.,0,H subst for,0,0,2010-01-20,AN ACT Relating to school districts' compliance with state and federal civil rights laws;,0,Regarding school district compliance with state and federal civil rights laws.,House,3483,H-4463.1,0,0,0,0,State & fed civil rights law,Bill,B,(Santos),1,0
0,0,2009-10,SHB 3026,3026,,,,,2010-02-13,0,0,SHB 3026,2nd substitute bill substituted.,0,H subst for,0,0,2010-02-02,AN ACT Relating to school districts' compliance with state and federal civil rights laws;,0,Regarding school district compliance with state and federal civil rights laws.,House,3483,H-5008.1,0,0,0,0,State & fed civil rights law,Bill,B,(Santos),0,1
1,0,2009-10,E2SHB 3026,3026,,,,,2010-03-29,1,1,E2SHB 3026,Effective date 6/10/2010**.,0,C 240 L 10,0,1,2010-02-09,AN ACT Relating to school districts' compliance with state and federal civil rights laws;,0,Regarding school district compliance with state and federal civil rights laws.,House,3483,H-5118.1,0,0,0,0,State & fed civil rights law,Bill,B,(Santos),0,2
1,0,2009-10,HB 3027,3027,,2009-10,SB 6684,SWays & Means,2010-03-15,0,0,HB 3027,"By resolution, reintroduced and retained in present status.",0,H Rules R,0,0,2010-01-20,AN ACT Relating to the governance and financing of the Washington state convention and trade center.,0,Regarding the governance and financing of the Washington state convention and trade center.,House,9207,H-4490.1,0,0,0,0,Convention & trade ctr T.O.,Bill,B,(Ormsby),0,0
1,0,2009-10,SHB 3027,3027,,,,,2010-03-15,0,1,SHB 3027,"By resolution, reintroduced and retained in present status.",0,H Rules R,0,0,2010-03-01,AN ACT Relating to the governance and financing of the Washington state convention and trade center;,1,Concerning the governance and financing of the Washington state convention and trade center.,House,9207,H-5469.2,0,0,0,0,Convention and trade center,Bill,B,(Ormsby),1,1
1,0,2009-10,HB 3028,3028,,,,,2010-03-15,0,0,HB 3028,"By resolution, reintroduced and retained in present status.",0,H Judiciary,0,0,2010-01-20,AN ACT Relating to access to original birth certificate information for adult adoptees;,0,Addressing disclosure of adoption information.,House,14205,H-4486.2,0,0,0,0,Adult adoptees/birth info,Bill,B,(Orwall),1,0
1,0,2009-10,HB 3029,3029,,2009-10,SB 6702,Ssubst for,2010-03-15,0,0,HB 3029,"By resolution, reintroduced and retained in present status.",0,H Ways & Means,0,0,2010-01-20,AN ACT Relating to providing education programs for juveniles in adult jails;,1,Providing education programs for juveniles in adult jails.,House,3475,Z-1200.1,0,0,0,1,Juveniles in adult jails,Bill,B,(Haigh),1,0
1,0,2009-10,SHB 3029,3029,,,,,2010-03-15,0,0,SHB 3029,"By resolution, reintroduced and retained in present status.",0,H Ways & Means,0,0,2010-02-02,AN ACT Relating to providing education programs for juveniles in adult jails;,0,Providing education programs for juveniles in adult jails.,House,3475,H-5009.1,0,0,0,1,Juveniles in adult jails,Bill,B,(Haigh),0,1
1,0,2009-10,HB 3030,3030,,,,,2010-03-24,1,1,HB 3030,Effective date 6/10/2010.,0,C 201 L 10,0,0,2010-01-20,AN ACT Relating to the administration of irrigation districts;,1,Regarding the administration of irrigation districts.,House,15098,H-4281.1,0,0,0,0,Irrigation district admin,Bill,B,(Fagan),1,0
1,0,2009-10,HB 3031,3031,,,,,2010-03-15,0,0,HB 3031,"By resolution, reintroduced and retained in present status.",0,H SGTribalAff,0,0,2010-01-20,AN ACT Relating to the cost of public records requests;,0,Regarding costs of public records requests.,House,15098,H-4502.1,0,0,0,0,Public records request costs,Bill,B,(Fagan),0,0
0,0,2009-10,HB 3032,3032,,2009-10,SB 6624,SRules X,2010-02-13,0,0,HB 3032,1st substitute bill substituted.,0,H subst for,0,0,2010-01-21,AN ACT Relating to defining normal wear and tear for a motor vehicle for the purpose of a service contract;,0,Defining normal wear and tear for a motor vehicle for the purpose of a service contract.,House,5157,H-4489.1,0,0,0,0,Normal wear & tear/vehicles,Bill,B,(Simpson),0,0
1,0,2009-10,ESHB 3032,3032,,,,,2010-03-17,0,1,ESHB 3032,Effective date 6/10/2010.,0,C 89 L 10,0,1,2010-01-26,AN ACT Relating to defining normal wear and tear for a motor vehicle for the purpose of a service contract;,0,Defining normal wear and tear for a motor vehicle for the purpose of a service contract.,House,5157,H-4731.1,0,0,0,0,Normal wear & tear/vehicles,Bill,B,(Simpson),0,1
1,0,2009-10,HB 3033,3033,,2009-10,SB 6339,Ssubst for,2010-03-15,0,0,HB 3033,"By resolution, reintroduced and retained in present status.",0,H Finance,0,0,2010-01-21,AN ACT Relating to a sales and use tax exemption for wax and ceramic materials used to create molds for ferrous and nonferrous investment castings;,0,Concerning  a sales and use tax exemption for wax and ceramic materials used to create molds for ferrous and nonferrous investment castings.,House,9997,H-4518.1,0,0,0,0,Wax and ceramic materials,Bill,B,(Sells),1,0
1,0,2009-10,HB 3034,3034,,2009-10,SB 6672,SRules X,2010-03-15,0,0,HB 3034,"By resolution, reintroduced and retained in present status.",0,H Tech/En/Com,0,0,2010-01-21,AN ACT Relating to modifying the energy independence act;,0,Modifying the energy independence act.,House,8211,H-4510.1,0,0,0,0,Energy independence act,Bill,B,(McCoy),1,0
1,0,2009-10,HB 3035,3035,,,,,2010-03-15,0,0,HB 3035,"By resolution, reintroduced and retained in present status.",0,H Ways & Means,0,0,2010-01-21,AN ACT Relating to educator performance and innovation;,0,Regarding educator performance and innovation.,House,649,H-4504.1,0,0,0,0,Educator performance,Bill,B,(Quall),1,0
1,0,2009-10,SHB 3035,3035,,,,,2010-03-15,0,0,SHB 3035,"By resolution, reintroduced and retained in present status.",0,H Ways & Means,0,0,2010-02-02,AN ACT Relating to educator performance and innovation;,0,Regarding educator performance and innovation.,House,649,H-5003.1,0,0,0,0,Educator performance,Bill,B,(Quall),1,1
0,0,2009-10,HB 3036,3036,,,,,2010-02-10,0,0,HB 3036,Committee recommendations adopted and the 1st substitute bill substituted.,0,H subst for,0,0,2010-01-21,AN ACT Relating to nonvoter-approved school district debt;,0,Requiring a public meeting before a school district contracts for nonvoter-approved debt.,House,649,H-4500.1,0,0,0,0,School district debt,Bill,B,(Quall),1,0
1,0,2009-10,SHB 3036,3036,,,,,2010-03-29,0,0,SHB 3036,Effective date 6/10/2010.,0,C 241 L 10,0,0,2010-02-02,AN ACT Relating to nonvoter-approved school district debt;,0,Requiring a public meeting before a school district contracts for nonvoter-approved debt.,House,649,H-4926.1,0,0,0,0,School district debt,Bill,B,(Quall),1,1
1,0,2009-10,HB 3037,3037,,2009-10,SB 6448,SRules 2,2010-03-15,0,0,HB 3037,"By resolution, reintroduced and retained in present status.",0,H Ag & Nat Res,0,0,2010-01-21,AN ACT Relating to providing the department of fish and wildlife authority to improve permitting of hydraulic projects;,1,Concerning permitting of hydraulic projects.,House,5156,H-4172.1,0,0,0,0,Hydraulic project permitting,Bill,B,(Darneille),1,0
1,0,2009-10,HB 3038,3038,,,,,2010-03-15,0,0,HB 3038,"By resolution, reintroduced and retained in present status.",0,H Ways & Means,0,0,2010-01-21,AN ACT Relating to standards and accountability in education;,0,Regarding standards and accountability in education.,House,14204,H-4503.1,0,0,0,0,Education accountability,Bill,B,(Maxwell),1,0
1,0,2009-10,SHB 3038,3038,,,,,2010-03-15,0,0,SHB 3038,"By resolution, reintroduced and retained in present status.",0,H Ways & Means,0,0,2010-02-02,AN ACT Relating to standards and accountability in education;,0,Regarding standards and accountability in education.,House,14204,H-4903.3,0,0,0,0,Education accountability,Bill,B,(Maxwell),1,1
0,0,2009-10,HB 3039,3039,,,,,2010-02-10,0,0,HB 3039,1st substitute bill substituted.,0,H subst for,0,0,2010-01-21,AN ACT Relating to streamlining the truancy process to reduce the costs to courts and school districts;,0,Streamlining the truancy process to reduce the costs to courts and school districts.,House,12002,H-4519.1,0,0,0,0,Truancy process costs,Bill,B,(Pedersen),1,0
1,0,2009-10,SHB 3039,3039,,,,,2010-03-15,0,0,SHB 3039,"By resolution, reintroduced and retained in present status.",0,H Rules 3C,0,0,2010-02-01,AN ACT Relating to streamlining the truancy process to reduce the costs to courts and school districts;,0,Streamlining the truancy process to reduce the costs to courts and school districts.,House,12002,H-4989.1,0,0,0,0,Truancy process costs,Bill,B,(Pedersen),0,1
0,0,2009-10,HB 3040,3040,,,,,2010-02-16,0,0,HB 3040,1st substitute bill substituted.,0,H subst for,0,0,2010-01-21,AN ACT Relating to the licensing of appraisal management companies;,0,Regarding the licensing of appraisal management companies.,House,972,H-4446.1,0,0,0,0,Appraisal mgmt companies,Bill,B,(Conway),1,0
1,0,2009-10,ESHB 3040,3040,,,,,2010-03-23,1,1,ESHB 3040,Effective date 7/1/2011.,0,C 179 L 10,0,1,2010-02-02,AN ACT Relating to the licensing of appraisal management companies;,0,Regarding the licensing of appraisal management companies.,House,972,H-4982.2,0,0,0,0,Appraisal mgmt companies,Bill,B,(Conway),1,1
1,0,2009-10,HB 3041,3041,,,,,2010-03-15,0,0,HB 3041,"By resolution, reintroduced and retained in present status.",0,H Finance,0,0,2010-01-21,AN ACT Relating to adjusting the property tax levy lid limits for certain local services;,0,Adjusting the property tax levy lid limits for certain local services.,House,3475,H-4484.1,0,0,0,0,Local services levy limits,Bill,B,(Haigh),0,0
1,0,2009-10,HB 3042,3042,,,,,2010-03-15,0,0,HB 3042,"By resolution, reintroduced and retained in present status.",0,H Early L&CS,0,0,2010-01-21,AN ACT Relating to the renewal and regulation of licenses issued by the department of early learning;,0,Regarding the renewal and regulation of licenses issued by the department of early learning.,House,12068,H-4383.2,0,0,0,0,Early learning dept licenses,Bill,B,(Seaquist),1,0
1,0,2009-10,HB 3043,3043,,,,,2010-03-15,0,0,HB 3043,"By resolution, reintroduced and retained in present status.",0,H Gen Gov Apps,0,0,2010-01-21,AN ACT Relating to redirecting funding from the judicial information system account to the access to justice account;,0,Redirecting funding from the judicial information system account to the access to justice account.,House,12002,H-4482.2,0,0,0,0,Access to justice account,Bill,B,(Pedersen),1,0
1,0,2009-10,HB 3044,3044,,,,,2010-03-15,0,0,HB 3044,"By resolution, reintroduced and retained in present status.",0,H Human Ser,0,0,2010-01-21,AN ACT Relating to tolling of term of confinement or supervision;,0,Modifying tolling provisions for term of confinement or supervision.,House,1611,Z-1142.1,0,1,0,0,Confinement term tolling,Bill,B,(Williams),1,0
1,0,2009-10,HB 3045,3045,,2009-10,SB 6639,Ssubst for,2010-03-15,0,0,HB 3045,"By resolution, reintroduced and retained in present status.",0,H Rules R,0,0,2010-01-21,AN ACT Relating to creating alternatives to total confinement for nonviolent offenders with minor children;,0,Creating alternatives to total confinement for nonviolent offenders with minor children.,House,10058,Z-1170.2,0,1,0,0,Confinement alternatives,Bill,B,(Roberts),1,0
1,0,2009-10,SHB 3045,3045,,,,,2010-03-15,0,0,SHB 3045,"By resolution, reintroduced and retained in present status.",0,H Rules R,0,0,2010-01-28,AN ACT Relating to creating alternatives to total confinement for nonviolent offenders with minor children;,0,Creating alternatives to total confinement for nonviolent offenders with minor children.,House,10058,H-4840.1,0,1,0,0,Confinement alternatives,Bill,B,(Roberts),1,1
1,0,2009-10,2SHB 3045,3045,,,,,2010-03-15,0,0,2SHB 3045,"By resolution, reintroduced and retained in present status.",0,H Rules R,0,0,2010-02-09,AN ACT Relating to creating alternatives to total confinement for nonviolent offenders with minor children;,0,Creating alternatives to total confinement for nonviolent offenders with minor children.,House,10058,H-5103.1,0,1,0,0,Confinement alternatives,Bill,B,(Roberts),0,2
0,0,2009-10,HB 3046,3046,,2009-10,SB 6788,Ssubst for,2010-02-10,0,0,HB 3046,1st substitute bill substituted.,0,H subst for,0,0,2010-01-21,AN ACT Relating to dissolving the assets and affairs of a nonprofit corporation;,0,Addressing the dissolution of the assets and affairs of a nonprofit corporation.,House,14256,H-4496.2,0,0,0,0,Nonprofit corporations,Bill,B,(Driscoll),1,0
1,0,2009-10,SHB 3046,3046,,,,,2010-03-25,1,1,SHB 3046,Effective date 3/25/2010.,0,C 212 L 10,0,0,2010-02-01,AN ACT Relating to dissolving the assets and affairs of a nonprofit corporation;,0,Addressing the dissolution of the assets and affairs of a nonprofit corporation.,House,14256,H-4962.1,0,0,0,0,Nonprofit corporations,Bill,B,(Driscoll),0,1
1,0,2009-10,HB 3047,3047,,,,,2010-03-15,0,0,HB 3047,"By resolution, reintroduced and retained in present status.",0,H Rules R,0,0,2010-01-21,AN ACT Relating to the University of Washington's public works contracting procedures;,0,Concerning the University of Washington's public works contracting procedures.,House,14206,H-4262.2,0,0,0,0,U of W pub works contracting,Bill,B,(White),0,0
1,0,2009-10,SHB 3047,3047,,,,,2010-03-15,0,0,SHB 3047,"By resolution, reintroduced and retained in present status.",0,H Rules R,0,0,2010-02-04,AN ACT Relating to the University of Washington's public works contracting procedures;,0,Concerning the University of Washington's public works contracting procedures.,House,14206,H-5021.1,0,0,0,0,U of W pub works contracting,Bill,B,(White),0,1
0,0,2009-10,HB 3048,3048,,2009-10,SB 6710,SHea/L-T Care,2010-02-15,0,0,HB 3048,1st substitute bill substituted.,0,H subst for,0,0,2010-01-21,AN ACT Relating to administration of the medicaid program;,0,Concerning administration of the medicaid program.,House,1543,Z-1187.2,0,0,1,0,Medicaid administration,Bill,B,(Cody),1,0
1,0,2009-10,ESHB 3048,3048,,,,,2010-04-12,0,1,ESHB 3048,"By resolution, returned to House Rules Committee for third reading.",0,H Rules 3C,0,1,2010-02-08,AN ACT Relating to administration of the medicaid program;,0,Concerning administration of the medicaid program.,House,1543,H-5087.1,0,0,1,0,Medicaid administration,Bill,B,(Cody),1,1
1,0,2009-10,HB 3049,3049,,2009-10,SB 6717,SHumServ/Corr,2010-03-15,0,0,HB 3049,"By resolution, reintroduced and retained in present status.",0,H Human Ser,0,0,2010-01-21,AN ACT Relating to administrative review of public assistance decisions;,0,Concerning administrative review of public assistance decisions.,House,1570,Z-1213.1,0,1,0,0,Public assistance decisions,Bill,B,(Dickerson),1,0
1,0,2009-10,HB 3050,3050,,2009-10,SB 6812,SHea/L-T Care,2010-03-15,0,0,HB 3050,"By resolution, reintroduced and retained in present status.",0,H HC/Wellness,0,0,2010-01-21,AN ACT Relating to authorizing health carriers to offer plans equivalent to the basic health plan;,0,Authorizing health carriers to offer plans equivalent to the basic health plan.,House,14256,H-4506.1,0,0,0,0,Basic health plan equivalent,Bill,B,(Driscoll),0,0
1,0,2009-10,HB 3051,3051,,,,,2010-03-15,0,0,HB 3051,"By resolution, reintroduced and retained in present status.",0,H Trans,0,0,2010-01-21,AN ACT Relating to authorizing various local transportation revenue options in order to cover certain transportation project cost overruns;,0,Authorizing various local transportation revenue options in order to cover certain transportation project cost overruns.,House,5154,H-4193.2,0,0,0,0,Local transp revenue options,Bill,B,(Kirby),0,0
1,0,2009-10,HB 3052,3052,,,,,2010-03-15,0,0,HB 3052,"By resolution, reintroduced and retained in present status.",0,H Ag & Nat Res,0,0,2010-01-21,AN ACT Relating to the standardization of salmon fishing time for gill net gear and purse seine gear in Puget Sound;,0,Allocating an equal amount of time to gill net gear and purse seine gear to harvest salmon in Puget Sound.,House,8317,H-4545.1,0,0,0,0,Gill net & purse seine gear,Bill,B,(Blake),1,0
1,0,2009-10,HB 3053,3053,,2009-10,SB 6712,Ssubst for,2010-03-15,0,0,HB 3053,"By resolution, reintroduced and retained in present status.",0,H Rules C,0,0,2010-01-21,"AN ACT Relating to extending expiring tax incentives for certain clean alternative fuel vehicles, producers of certain biofuels, and federal aviation regulation part 145 certificated repair stations;",1,"Extending expiring tax incentives for certain clean alternative fuel vehicles, producers of certain biofuels, and federal aviation regulation part 145 certificated repair stations.",House,2314,Z-1146.1,0,1,0,0,Extending tax incentives,Bill,B,(Kenney),1,0
1,0,2009-10,SHB 3053,3053,,,,,2010-03-15,0,0,SHB 3053,"By resolution, reintroduced and retained in present status.",0,H Rules C,0,0,2010-02-09,"AN ACT Relating to extending expiring tax incentives for certain clean alternative fuel vehicles, producers of certain biofuels, and federal aviation regulation part 145 certificated repair stations;",0,"Extending expiring tax incentives for certain clean alternative fuel vehicles, producers of certain biofuels, and federal aviation regulation part 145 certificated repair stations.",House,2314,H-5113.1,0,1,0,0,Extending tax incentives,Bill,B,(Kenney),1,1
1,0,2009-10,HB 3054,3054,,,,,2010-03-15,0,0,HB 3054,"By resolution, reintroduced and retained in present status.",0,H Finance,0,0,2010-01-21,AN ACT Relating to creating the local government revenue act of 2010.,0,Relating to creating the local government revenue act of 2010.,House,10039,H-4422.1,0,0,0,0,Local government T.O.,Bill,B,(Springer),0,0
1,0,2009-10,HB 3055,3055,,,,,2010-03-15,0,0,HB 3055,"By resolution, reintroduced and retained in present status.",0,H SGTribalAff,0,0,2010-01-21,AN ACT Relating to conditions of requirements of contractors' bonds for public contracts;,0,Regarding conditions of requirements of contractors' bonds for public contracts.,House,8240,H-4493.1,0,0,0,0,Contractors' bonds/contracts,Bill,B,(Hinkle),0,0
1,0,2009-10,HB 3056,3056,,,,,2010-03-15,0,0,HB 3056,"By resolution, reintroduced and retained in present status.",0,H Rules 3C,0,0,2010-01-21,AN ACT Relating to pretrial release or detention;,1,Concerning pretrial release or detention.,House,5163,Z-1216.1,0,0,1,0,Pretrial release & detention,Bill,B,(Pearson),1,0
1,0,2009-10,HB 3057,3057,,,,,2010-03-15,0,0,HB 3057,"By resolution, reintroduced and retained in present status.",0,H Hi Ed,0,0,2010-01-21,AN ACT Relating to establishing the student financial assistance board by eliminating the higher education coordinating board and transferring its functions to various entities;,0,Establishing the student financial assistance board by eliminating the higher education coordinating board and transferring its functions to various entities.,House,14206,H-4270.2,0,0,0,0,Student financial assist brd,Bill,B,(White),1,0
1,1,2009-10,HB 3058,3058,,,,,2010-03-15,0,0,HB 3058,"By resolution, reintroduced and retained in present status.",0,H Judiciary,0,0,2010-01-21,AN ACT Relating to truancy and juvenile court petitions;,1,Regarding truancy and juvenile court petitions.,House,10031,H-4536.1,0,0,0,0,Truancy & court petitions,Bill,B,(Appleton),1,0
1,0,2009-10,HB 3059,3059,,,,,2010-03-15,0,0,HB 3059,"By resolution, reintroduced and retained in present status.",0,H Rules R,0,0,2010-01-21,AN ACT Relating to expanding options for educator preparation and recruitment;,0,Expanding options for educator preparation.,House,14205,H-4505.1,0,0,0,0,Educator preparation options,Bill,B,(Orwall),1,0
1,0,2009-10,SHB 3059,3059,,,,,2010-03-15,0,0,SHB 3059,"By resolution, reintroduced and retained in present status.",0,H Rules R,0,0,2010-02-02,AN ACT Relating to expanding options for educator preparation and recruitment;,0,Expanding options for educator preparation.,House,14205,H-4869.3,0,0,0,0,Educator preparation options,Bill,B,(Orwall),1,1
1,0,2009-10,2SHB 3059,3059,,,,,2010-03-15,0,0,2SHB 3059,"By resolution, reintroduced and retained in present status.",0,H Rules R,0,0,2010-02-04,AN ACT Relating to expanding options for educator preparation and recruitment;,0,Expanding options for educator preparation.,House,14205,H-5038.1,0,0,0,0,Educator preparation options,Bill,B,(Orwall),0,2
0,0,2009-10,HB 3060,3060,,2009-10,SB 6715,SRules X,2010-02-13,0,0,HB 3060,1st substitute bill substituted.,0,H subst for,0,0,2010-01-21,AN ACT Relating to surplus line coverage;,0,Modifying surplus line coverage provisions.,House,5157,H-4470.1,0,0,0,0,Surplus line coverage,Bill,B,(Simpson),0,0
1,0,2009-10,SHB 3060,3060,,,,,2010-03-15,0,0,SHB 3060,"By resolution, reintroduced and retained in present status.",0,H Rules 3C,0,0,2010-01-28,AN ACT Relating to surplus line coverage;,0,Modifying surplus line coverage provisions.,House,5157,H-4824.1,0,0,0,0,Surplus line coverage,Bill,B,(Simpson),0,1
1,0,2009-10,HB 3061,3061,,2009-10,SB 6732,SRules X,2010-03-25,0,0,HB 3061,Effective date 6/10/2010.,0,C 213 L 10,0,0,2010-01-22,AN ACT Relating to claims of insolvent self-insurers under industrial insurance;,0,Addressing claims of insolvent self-insurers under industrial insurance.,House,8237,H-4047.2,0,0,0,0,Industrial insurance,Bill,B,(Condotta),1,0
1,0,2009-10,HB 3062,3062,,2009-10,SB 6726,Ssubst for,2010-03-15,0,0,HB 3062,"By resolution, reintroduced and retained in present status.",0,H Rules C,0,0,2010-01-22,AN ACT Relating to making the governor the public employer of language access providers;,0,Making the governor the public employer of language access providers.,House,972,H-4512.1,0,0,0,0,Language access providers,Bill,B,(Conway),0,0
1,0,2009-10,SHB 3062,3062,,,,,2010-03-15,0,0,SHB 3062,"By resolution, reintroduced and retained in present status.",0,H Rules C,0,0,2010-02-02,AN ACT Relating to making the governor the public employer of language access providers;,0,Making the governor the public employer of language access providers.,House,972,H-4929.1,0,0,0,0,Language access providers,Bill,B,(Conway),1,1
1,0,2009-10,2SHB 3062,3062,,,,,2010-03-15,0,1,2SHB 3062,"By resolution, reintroduced and retained in present status.",0,H Rules C,0,0,2010-02-09,AN ACT Relating to making the governor the public employer of language access providers;,0,Making the governor the public employer of language access providers.,House,972,H-5104.1,0,0,0,0,Language access providers,Bill,B,(Conway),0,2
1,0,2009-10,HB 3063,3063,,2009-10,SB 6695,SRules X,2010-03-15,0,1,HB 3063,"By resolution, reintroduced and retained in present status.",0,H Rules R,0,0,2010-01-22,AN ACT Relating to the leave sharing program;,0,Establishing the number of days of shared leave an employee is eligible to receive.,House,5155,H-4497.1,0,0,0,0,Leave sharing program,Bill,B,(Hunt),1,0
1,0,2009-10,HB 3064,3064,,,,,2010-03-15,0,0,HB 3064,"By resolution, reintroduced and retained in present status.",0,H Finance,0,0,2010-01-22,"AN ACT Relating to compliance with sales, use, and business and occupation tax requirements;",0,"Concerning compliance with sales, use, and business and occupation tax requirements.",House,7635,H-3639.1,0,0,0,0,"Sales, use, and B & O taxes",Bill,B,(Orcutt),0,0
1,0,2009-10,HB 3065,3065,,,,,2010-03-15,0,0,HB 3065,"By resolution, reintroduced and retained in present status.",0,H Finance,0,0,2010-01-22,AN ACT Relating to providing that local sales and use tax changes are made twice annually;,0,"Compliance with sales, use, and business and occupation tax requirements.",House,14186,H-3640.1,0,0,0,0,Local sales & use tx changes,Bill,B,(Parker),0,0
0,0,2009-10,HB 3066,3066,,2009-10,SB 6326,SRules 2,2010-02-10,0,0,HB 3066,1st substitute bill substituted.,0,H subst for,0,0,2010-01-22,AN ACT Relating to creating uniformity among annual tax reporting survey provisions;,0,Creating uniformity among annual tax reporting survey provisions.,House,14186,H-3641.1,0,0,0,0,Tax reporting surveys,Bill,B,(Parker),1,0
1,0,2009-10,SHB 3066,3066,,,,,2010-03-18,0,0,SHB 3066,Effective date 6/10/2010.,0,C 114 L 10,0,0,2010-01-29,AN ACT Relating to creating uniformity among annual tax reporting survey provisions;,0,Creating uniformity among annual tax reporting survey provisions.,House,14186,H-4904.1,0,0,0,0,Tax reporting surveys,Bill,B,(Parker),1,1
0,0,2009-10,HB 3067,3067,,,,,2010-02-15,0,0,HB 3067,1st substitute bill substituted.,0,H subst for,0,0,2010-01-22,AN ACT Relating to establishing a process for the payment of impact fees through provisions stipulated in recorded covenants;,1,Establishing a process for the payment of impact fees through provisions stipulated in recorded covenants.,House,1611,H-4275.1,0,0,0,0,Impact fee payment process,Bill,B,(Williams),0,0
1,0,2009-10,ESHB 3067,3067,,,,,2010-03-15,0,1,ESHB 3067,"By resolution, reintroduced and retained in present status.",0,H Rules 3C,0,1,2010-02-01,AN ACT Relating to establishing a process for the payment of impact fees through provisions stipulated in recorded covenants;,1,Establishing a process for the payment of impact fees through provisions stipulated in recorded covenants.,House,1611,H-4920.2,0,0,0,0,Impact fee payment process,Bill,B,(Williams),0,1
1,0,2009-10,HB 3068,3068,,,,,2010-03-15,0,1,HB 3068,"By resolution, reintroduced and retained in present status.",0,H Rules 3C,0,0,2010-01-22,AN ACT Relating to providing access to alternative routes to certification for the recruiting Washington teachers program;,0,Providing access to alternative routes to certification for the recruiting Washington teachers program.,House,3483,H-4527.1,0,0,0,0,Recruiting WA teachers prog,Bill,B,(Santos),1,0
1,1,2009-10,HB 3069,3069,,,,,2010-03-15,0,0,HB 3069,"By resolution, reintroduced and retained in present status.",0,H Pub Safety,0,0,2010-01-22,AN ACT Relating to emergency flooding preparedness and response in Pierce county;,0,Addressing emergency flooding preparedness and response in Pierce county.,House,5164,H-4471.1,0,0,0,0,Pierce co. flooding response,Bill,B,(Roach),0,0
1,0,2009-10,HB 3070,3070,,2009-10,SB 6250,SWays & Means,2010-03-15,0,0,HB 3070,"By resolution, reintroduced and retained in present status.",0,H Finance,0,0,2010-01-22,AN ACT Relating to fiscal reform;,0,Providing fiscal reform.,House,1407,H-4441.1,0,0,0,0,Fiscal reform,Bill,B,(Chase),1,0
1,0,2009-10,HB 3071,3071,,2009-10,SB 6772,SRules X,2010-03-15,0,0,HB 3071,"By resolution, reintroduced and retained in present status.",0,H Judiciary,0,0,2010-01-22,AN ACT Relating to service of notice requirements under the residential landlord-tenant act;,0,Modifying service of notice requirements under the residential landlord-tenant act.,House,9710,H-4327.1,0,0,0,0,Service of notice,Bill,B,(Rodne),0,0
0,0,2009-10,HB 3072,3072,,,,,2010-02-11,0,0,HB 3072,1st substitute bill substituted.,0,H subst for,0,0,2010-01-22,AN ACT Relating to wound care management in occupational therapy;,0,Including wound care management in occupational therapy.,House,8208,H-4057.2,0,0,0,0,Occup. therapy wound care,Bill,B,(Morrell),1,0
1,0,2009-10,ESHB 3072,3072,,,,,2010-03-15,0,1,ESHB 3072,"By resolution, reintroduced and retained in present status.",0,H Rules 3C,0,1,2010-02-02,AN ACT Relating to wound care management in occupational therapy;,0,Including wound care management in occupational therapy.,House,8208,H-4898.1,0,0,0,0,Occup. therapy wound care,Bill,B,(Morrell),0,1
1,0,2009-10,HB 3073,3073,,,,,2010-03-15,0,0,HB 3073,"By resolution, reintroduced and retained in present status.",0,H Commerce/Lab,0,0,2010-01-22,AN ACT Relating to the definition of construction for purposes of crane safety;,0,Defining construction for purposes of crane safety.,House,5161,H-4002.1,0,0,0,0,Construction & crane safety,Bill,B,(Armstrong),0,0
1,0,2009-10,HB 3074,3074,,,,,2010-03-15,0,0,HB 3074,"By resolution, reintroduced and retained in present status.",0,H HC/Wellness,0,0,2010-01-22,AN ACT Relating to premature infants;,0,Concerning premature infants.,House,8211,H-3933.1,0,0,0,0,Premature infants,Bill,B,(McCoy),0,0
1,0,2009-10,HB 3075,3075,,,,,2010-03-15,0,0,HB 3075,"By resolution, reintroduced and retained in present status.",0,H Commerce/Lab,0,0,2010-01-22,AN ACT Relating to soil and wetland scientists;,0,Regulating soil science and wetland science professions.,House,1611,H-4069.3,0,0,0,0,Soil and wetland scientists,Bill,B,(Williams),1,0
0,0,2009-10,HB 3076,3076,,2009-10,SB 6791,SRules X,2010-02-15,0,0,HB 3076,2nd substitute bill substituted.,0,H subst for,0,0,2010-01-22,AN ACT Relating to evaluations of persons under the involuntary treatment act;,1,Concerning the involuntary treatment act.,House,1570,Z-1221.1,0,0,1,0,Involuntary treatment act,Bill,B,(Dickerson),1,0
0,0,2009-10,SHB 3076,3076,,,,,2010-02-15,0,0,SHB 3076,2nd substitute bill substituted.,0,H subst for,0,0,2010-01-28,AN ACT Relating to evaluations of persons under the involuntary treatment act;,1,Concerning the involuntary treatment act.,House,1570,H-4864.1,0,0,1,0,Involuntary treatment act,Bill,B,(Dickerson),1,1
1,0,2009-10,2SHB 3076,3076,,,,,2010-04-01,1,1,2SHB 3076,Effective date 6/10/2010**.,0,C 280 L 10,0,0,2010-02-08,AN ACT Relating to evaluations of persons under the involuntary treatment act;,1,Concerning the involuntary treatment act.,House,1570,H-5086.1,0,0,1,0,Involuntary treatment act,Bill,B,(Dickerson),1,2
1,0,2009-10,HB 3077,3077,,2009-10,SB 6573,SWays & Means,2010-03-15,0,0,HB 3077,"By resolution, reintroduced and retained in present status.",0,H Finance,0,0,2010-01-22,AN ACT Relating to repealing the sales tax exemption for coal used at a coal-fired thermal generation facility;,0,Repealing the sales tax exemption for coal used at a coal-fired thermal generation facility.,House,1712,H-4513.1,0,0,0,0,Coal-fired thermal facility,Bill,B,(Upthegrove),1,0
1,0,2009-10,HB 3078,3078,,2009-10,SB 6350,Ssubst for,2010-03-15,0,0,HB 3078,"By resolution, reintroduced and retained in present status.",0,H Ag & Nat Res,0,0,2010-01-22,"AN ACT Relating to marine waters planning and management, including marine spatial planning;",0,Concerning marine waters management that includes marine spatial planning.,House,11998,H-4412.1,0,0,0,0,Marine waters management,Bill,B,(Rolfes),0,0
1,0,2009-10,HB 3079,3079,,2009-10,SB 6346,Ssubst for,2010-03-15,0,0,HB 3079,"By resolution, reintroduced and retained in present status.",0,H Trans,0,0,2010-01-22,AN ACT Relating to expanding the use of certain electric vehicles;,0,Expanding the use of certain electric vehicles.,House,2144,H-4555.1,0,0,0,0,Electric vehicles,Bill,B,(Morris),0,0
1,0,2009-10,HB 3080,3080,,,,,2010-03-15,0,0,HB 3080,"By resolution, reintroduced and retained in present status.",0,H Tech/En/Com,0,0,2010-01-22,AN ACT Relating to information technology in state government;,0,Regarding information technology in state government.,House,2144,H-4230.1,0,0,0,0,Info technology in state gov,Bill,B,(Morris),0,0
1,0,2009-10,HB 3081,3081,,2009-10,SB 6724,Ssubst for,2010-03-15,0,0,HB 3081,"By resolution, reintroduced and retained in present status.",0,H SGTribalAff,0,0,2010-01-22,AN ACT Relating to allowing employees of a school district or educational service district to share leave with employees in another agency;,0,Allowing employees of a school district or educational service district to share leave with employees in another agency.,House,12068,H-4560.1,0,0,0,0,Sharing leave/another agency,Bill,B,(Seaquist),0,0
1,0,2009-10,HB 3082,3082,,,,,2010-03-15,0,0,HB 3082,"By resolution, reintroduced and retained in present status.",0,H Judiciary,0,0,2010-01-22,AN ACT Relating to possession of pistols by persons eighteen years and older;,0,Changing the age requirement for possession of pistols.,House,1611,H-4552.1,0,0,0,0,Pistol possession/age req.,Bill,B,(Williams),0,0
1,0,2009-10,HB 3083,3083,,,,,2010-03-15,0,0,HB 3083,"By resolution, reintroduced and retained in present status.",0,H SGTribalAff,0,0,2010-01-22,AN ACT Relating to full consideration of the economic impacts of agency rules on employers and citizens;,0,Concerning the full consideration of the economic impacts of agency rules.,House,10041,H-4079.1,0,0,0,0,Agency rule economic impact,Bill,B,(Kretz),0,0
1,0,2009-10,HB 3084,3084,,,,,2010-03-15,0,0,HB 3084,"By resolution, reintroduced and retained in present status.",0,H Judiciary,0,0,2010-01-22,AN ACT Relating to how monetary awards in class actions that are not paid over to members of the class are to be used;,0,Concerning how monetary awards in class actions that are not paid over to members of the class are to be used.,House,14276,H-3924.2,0,0,0,0,Class action monetary awards,Bill,B,(Hope),0,0
1,0,2009-10,HB 3085,3085,,,,,2010-03-15,0,0,HB 3085,"By resolution, reintroduced and retained in present status.",0,H Trans,0,0,2010-01-22,AN ACT Relating to the relationship between motor vehicle liability coverage and registration;,0,Requiring proof of insurance for vehicle registration.,House,14276,H-4532.1,0,0,0,0,Vehicle liability coverage,Bill,B,(Hope),0,0
1,0,2009-10,HB 3086,3086,,,,,2010-03-15,0,0,HB 3086,"By resolution, reintroduced and retained in present status.",0,H Judiciary,0,0,2010-01-22,"AN ACT Relating to concurrent jurisdiction of state and federal courts over certain actions under chapters 39.08 and 60.28 RCW, including actions involving delinquent contributions to benefit plans;",0,"Regarding concurrent jurisdiction of state and federal courts over actions brought against sureties and actions to foreclose liens, including actions involving claims for delinquent contributions to benefit plans.",House,8215,H-4592.1,0,0,0,0,Concurrent jurisdiction,Bill,B,(Hudgins),0,0
1,0,2009-10,HB 3087,3087,,,,,2010-03-15,0,0,HB 3087,"By resolution, reintroduced and retained in present status.",0,H Early L&CS,0,0,2010-01-22,AN ACT Relating to public assistance application forms;,0,Regarding public assistance application forms.,House,13209,H-4570.1,0,0,0,0,Pub assist application forms,Bill,B,(Schmick),1,0
1,0,2009-10,HB 3088,3088,,,,,2010-03-15,0,0,HB 3088,"By resolution, reintroduced and retained in present status.",0,H LG & Housing,0,0,2010-01-22,AN ACT Relating to establishing a moratorium on the imposition of impact fees;,0,Establishing a moratorium on the imposition of impact fees.,House,7635,H-4477.2,0,0,0,0,Impact fee moratorium,Bill,B,(Orcutt),0,0
1,0,2009-10,HB 3089,3089,,,,,2010-03-15,0,0,HB 3089,"By resolution, reintroduced and retained in present status.",0,H Finance,0,0,2010-01-22,AN ACT Relating to improving transparency and providing greater information to property taxpayers;,0,Improving transparency and providing greater information to property taxpayers.,House,7635,H-4373.1,0,0,0,0,Property tax transparency,Bill,B,(Orcutt),0,0
1,0,2009-10,HB 3090,3090,,,,,2010-03-15,0,0,HB 3090,"By resolution, reintroduced and retained in present status.",0,H Ag & Nat Res,0,0,2010-01-22,AN ACT Relating to streamlining natural resources management;,0,Streamlining natural resources management.,House,7635,H-4442.1,0,0,0,0,Natural resources management,Bill,B,(Orcutt),0,0
1,0,2009-10,HB 3091,3091,,,,,2010-03-15,0,0,HB 3091,"By resolution, reintroduced and retained in present status.",0,H Education,0,0,2010-01-22,AN ACT Relating to dual credit programs;,0,Regarding dual credit programs.,House,15098,H-4269.1,0,0,0,0,Dual credit programs,Bill,B,(Fagan),0,0
1,0,2009-10,HB 3092,3092,,,,,2010-03-15,0,0,HB 3092,"By resolution, reintroduced and retained in present status.",0,H Rules C,0,0,2010-01-22,AN ACT Relating to allowing the department of revenue to issue a notice of lien to secure payment of delinquent excise taxes in lieu of a warrant;,0,Allowing the department of revenue to issue a notice of lien to secure payment of delinquent excise taxes in lieu of a warrant.,House,7635,H-3651.3,0,0,0,0,Delinquent excise taxes,Bill,B,(Orcutt),1,0
1,0,2009-10,HB 3093,3093,,,,,2010-03-15,0,0,HB 3093,"By resolution, reintroduced and retained in present status.",0,H Education,0,0,2010-01-25,AN ACT Relating to parental involvement in the development of educational programs for children with disabilities;,0,Regarding parental involvement in the development of educational programs for children with disabilities.,House,1611,H-4316.1,0,0,0,0,Children with disabilities,Bill,B,(Williams),0,0
1,0,2009-10,HB 3094,3094,,,,,2010-03-15,0,0,HB 3094,"By resolution, reintroduced and retained in present status.",0,H Education,0,0,2010-01-25,AN ACT Relating to providing assistance to reduce truancy;,0,Creating a demonstration project to reduce truancy.,House,14207,H-4352.1,0,0,0,0,Reducing truancy/assistance,Bill,B,(Klippert),0,0
1,0,2009-10,HB 3095,3095,,2009-10,SB 6543,C 78 L 10,2010-03-15,0,0,HB 3095,"By resolution, reintroduced and retained in present status.",0,H Rules 3C,0,0,2010-01-25,AN ACT Relating to the Washington tree fruit research commission;,0,Modifying the powers of the Washington tree fruit research commission.,House,8317,H-4256.1,0,0,0,0,Tree fruit research comm,Bill,B,(Blake),1,0
1,0,2009-10,HB 3096,3096,,2009-10,SB 6743,SRules X,2010-03-15,0,0,HB 3096,"By resolution, reintroduced and retained in present status.",0,H SGTribalAff,0,0,2010-01-25,AN ACT Relating to archaeological investigations on private land;,0,Regarding field investigations on privately owned lands.,House,8211,H-4594.1,0,0,0,0,Archaeological investigation,Bill,B,(McCoy),0,0
1,0,2009-10,HB 3097,3097,,,,,2010-03-15,0,0,HB 3097,"By resolution, reintroduced and retained in present status.",0,H Education,0,0,2010-01-25,AN ACT Relating to providing salary bonuses for nationally certified educators;,0,Providing for salary bonuses for nationally certified educators.,House,649,H-3498.1,0,0,0,0,Certified educator bonuses,Bill,B,(Quall),0,0
1,0,2009-10,HB 3098,3098,,2009-10,SB 6755,SEL/K-12,2010-03-15,0,0,HB 3098,"By resolution, reintroduced and retained in present status.",0,H Education,0,0,2010-01-25,AN ACT Relating to the creation of the coordinated school health public-private partnership;,0,Creating a coordinated school health public-private partnership.,House,1218,H-4574.1,0,0,0,0,School health partnership,Bill,B,(Sullivan),0,0
1,0,2009-10,HB 3099,3099,,,,,2010-03-15,0,0,HB 3099,"By resolution, reintroduced and retained in present status.",0,H Ecology & Park,0,0,2010-01-25,AN ACT Relating to increasing the number of recycling receptacles in public places;,0,Promoting recycling and preventing the waste of recyclable materials.,House,1407,H-4637.1,0,0,0,0,Public recycling receptacles,Bill,B,(Chase),0,0
1,0,2009-10,HB 3100,3100,,,,,2010-03-15,0,0,HB 3100,"By resolution, reintroduced and retained in present status.",0,H Education,0,0,2010-01-25,AN ACT Relating to firearms safety education programs;,0,Regarding firearms safety education programs.,House,1407,H-4569.1,0,0,0,0,Firearms safety education,Bill,B,(Chase),0,0
1,0,2009-10,HB 3101,3101,,2009-10,SB 6637,SWays & Means,2010-03-15,0,0,HB 3101,"By resolution, reintroduced and retained in present status.",0,H Finance,0,0,2010-01-25,AN ACT Relating to increasing the small business credit for the business and occupation tax;,0,Increasing the small business credit for the business and occupation tax.,House,1407,H-4579.1,0,0,0,0,Small business tax credit,Bill,B,(Chase),0,0
1,0,2009-10,HB 3102,3102,,2009-10,SB 6636,SWays & Means,2010-03-15,0,0,HB 3102,"By resolution, reintroduced and retained in present status.",0,H Finance,0,0,2010-01-25,"AN ACT Relating to studying Washington's fiscal resources, structure, and needs;",0,"Studying Washington's fiscal resources, structure, and needs.",House,1407,H-4580.1,0,0,0,0,Fiscal resource & need study,Bill,B,(Chase),0,0
1,0,2009-10,HB 3103,3103,,,,,2010-03-15,0,0,HB 3103,"By resolution, reintroduced and retained in present status.",0,H Commerce/Lab,0,0,2010-01-25,AN ACT Relating to providing hiring incentives to employers by reducing unemployment taxes;,0,Reducing unemployment taxes.,House,5160,H-4401.2,0,0,0,0,Unemployment taxes,Bill,B,(Anderson),0,0
1,0,2009-10,HB 3104,3104,,2009-10,SB 6658,Ssubst for,2010-03-15,0,0,HB 3104,"By resolution, reintroduced and retained in present status.",0,H Tech/En/Com,0,0,2010-01-25,AN ACT Relating to modifying community solar project provisions for investment cost recovery incentives;,0,Modifying community solar project provisions for investment cost recovery incentives.,House,11998,H-4603.1,0,0,0,0,Community solar projects,Bill,B,(Rolfes),1,0
0,0,2009-10,HB 3105,3105,,,,,2010-02-10,0,0,HB 3105,Committee recommendations adopted and the 1st substitute bill substituted.,0,H subst for,0,0,2010-01-25,AN ACT Relating to including alternative fuel vehicles in a strategy to reduce fuel consumption and emissions from state agency fleets;,0,Allowing the director of financial management to include alternative fuel vehicles in a strategy to reduce fuel consumption and emissions from state agency fleets.,House,11998,H-4636.1,0,0,0,0,Alternative fuel vehicles,Bill,B,(Rolfes),1,0
1,0,2009-10,SHB 3105,3105,,,,,2010-03-22,1,1,SHB 3105,Effective date 6/10/2010.,0,C 159 L 10,0,0,2010-01-29,AN ACT Relating to including alternative fuel vehicles in a strategy to reduce fuel consumption and emissions from state agency fleets;,0,Allowing the director of financial management to include alternative fuel vehicles in a strategy to reduce fuel consumption and emissions from state agency fleets. (REVISED FOR PASSED LEGISLATURE: Including alternative fuel vehicles in a strategy to reduce fuel consumption and emissions from state agency fleets. ),House,11998,H-4781.2,0,0,0,0,Alternative fuel vehicles,Bill,B,(Rolfes),1,1
1,0,2009-10,HB 3106,3106,,,,,2010-03-15,0,0,HB 3106,"By resolution, reintroduced and retained in present status.",0,H Judiciary,0,0,2010-01-25,AN ACT Relating to the disposition of a deceased tenant's personal property;,0,Concerning the disposition of a deceased tenant's personal property.,House,2149,H-4596.1,0,0,0,0,Deceased tenant's property,Bill,B,(O'Brien),0,0
1,0,2009-10,HB 3107,3107,,,,,2010-03-15,0,0,HB 3107,"By resolution, reintroduced and retained in present status.",0,H Finance,0,0,2010-01-25,AN ACT Relating to eliminating the availability of aerospace tax incentives for airplane manufacturers transferring substantial manufacturing operations to other states;,0,Eliminating the availability of aerospace tax incentives for airplane manufacturers transferring substantial manufacturing operations to other states.,House,2144,H-4600.1,0,0,0,0,Aerospace tax incentives,Bill,B,(Morris),1,0
1,0,2009-10,HB 3108,3108,,,,,2010-03-15,0,0,HB 3108,"By resolution, reintroduced and retained in present status.",0,H HHS Apps,0,0,2010-01-25,AN ACT Relating to modifying state payments for in-home care;,0,Modifying state payments for in-home care.,House,2149,H-4045.2,0,0,0,0,State in-home care payments,Bill,B,(O'Brien),1,0
1,0,2009-10,HB 3109,3109,,2009-10,SB 6207,Ssubst for,2010-03-15,0,0,HB 3109,"By resolution, reintroduced and retained in present status.",0,H Trans,0,0,2010-01-25,AN ACT Relating to allowing local governments to create golf cart zones;,0,Allowing local governments to create golf cart zones.,House,13209,H-4597.1,0,0,0,0,Golf cart zones/local govts,Bill,B,(Schmick),0,0
1,0,2009-10,HB 3110,3110,,2009-10,SB 6309,Ssubst for,2010-03-15,0,0,HB 3110,"By resolution, reintroduced and retained in present status.",0,H Judiciary,0,0,2010-01-25,AN ACT Relating to including persons acquitted by reason of insanity within the slayer statute;,0,Including persons acquitted by reason of insanity within the slayer statute.,House,14207,H-4610.1,0,0,0,0,Slayer statute,Bill,B,(Klippert),0,0
1,0,2009-10,HB 3111,3111,,2009-10,SB 6318,SHea/L-T Care,2010-03-15,0,0,HB 3111,"By resolution, reintroduced and retained in present status.",0,H HC/Wellness,0,0,2010-01-25,AN ACT Relating to hospitals reporting violent injuries;,0,Concerning hospitals reporting violent injuries.,House,14207,H-4604.1,0,0,0,0,Hospitals/violent injuries,Bill,B,(Klippert),0,0
1,0,2009-10,HB 3112,3112,,2009-10,SB 6317,SJudiciary,2010-03-15,0,0,HB 3112,"By resolution, reintroduced and retained in present status.",0,H Pub Safety,0,0,2010-01-25,AN ACT Relating to assault of a law enforcement officer or other employee of a law enforcement agency;,0,Concerning assault of a law enforcement officer or other employee of a law enforcement agency.,House,14207,H-4618.1,0,0,0,0,Assault of law enf. officer,Bill,B,(Klippert),0,0
1,0,2009-10,HB 3113,3113,,2009-10,SB 6311,SJudiciary,2010-03-15,0,0,HB 3113,"By resolution, reintroduced and retained in present status.",0,H Pub Safety,0,0,2010-01-25,AN ACT Relating to body armor;,0,Creating a sentence enhancement for body armor.,House,14207,H-4614.1,0,0,0,0,Body armor,Bill,B,(Klippert),0,0
1,0,2009-10,HB 3114,3114,,2009-10,SB 6308,C 218 L 10,2010-03-15,0,1,HB 3114,"By resolution, reintroduced and retained in present status.",0,H Pub Safety,0,0,2010-01-25,AN ACT Relating to controlling computer access by residents of the special commitment center;,0,Controlling computer access by residents of the special commitment center.,House,14207,H-4615.1,0,0,0,0,Sp commitment ctr computers,Bill,B,(Klippert),1,0
1,0,2009-10,HB 3115,3115,,2009-10,SB 6316,Ssubst for,2010-03-15,0,0,HB 3115,"By resolution, reintroduced and retained in present status.",0,H Human Ser,0,0,2010-01-25,AN ACT Relating to coordination between local law enforcement and the department of corrections;,0,Addressing the coordination between local law enforcement and the department of corrections.,House,14207,H-4617.1,0,0,0,0,Law enforcemnt & corrections,Bill,B,(Klippert),0,0
1,0,2009-10,HB 3116,3116,,,,,2010-03-15,0,0,HB 3116,"By resolution, reintroduced and retained in present status.",0,H ComEcDevTr,0,0,2010-01-25,AN ACT Relating to the small business loan guarantee program;,0,Establishing a small business loan guarantee program.,House,619,H-4583.1,0,0,0,0,Sm. business loan guarantee,Bill,B,(Campbell),0,0
1,0,2009-10,HB 3117,3117,,2009-10,SB 6315,SHumServ/Corr,2010-03-15,0,0,HB 3117,"By resolution, reintroduced and retained in present status.",0,H Human Ser,0,0,2010-01-25,AN ACT Relating to limiting alternatives to confinement for certain offenders who violate terms of community custody;,0,Limiting alternatives to confinement for certain offenders who violate terms of community custody.,House,14207,H-4616.1,0,0,0,0,Alternatives to confinement,Bill,B,(Klippert),0,0
1,0,2009-10,HB 3118,3118,,,,,2010-03-15,0,0,HB 3118,"By resolution, reintroduced and retained in present status.",0,H Trans,0,0,2010-01-25,AN ACT Relating to driver's license and instruction permit applicants providing verification of their lawful presence in the United States;,0,Requiring driver's license and instruction permit applicants to provide verification of their lawful presence in the United States.,House,619,H-4550.1,0,0,0,0,Applicants/lawfully in U.S.,Bill,B,(Campbell),0,0
1,0,2009-10,HB 3119,3119,,,,,2010-03-15,0,0,HB 3119,"By resolution, reintroduced and retained in present status.",0,H Education,0,0,2010-01-25,AN ACT Relating to education programs for the prevention of child abuse in public schools;,0,Regarding public school education programs for the prevention of child abuse.,House,649,H-3891.1,0,0,0,0,Prevention of child abuse,Bill,B,(Quall),0,0
1,0,2009-10,HB 3120,3120,,,,,2010-03-15,0,0,HB 3120,"By resolution, reintroduced and retained in present status.",0,H Finance,0,0,2010-01-25,AN ACT Relating to imposing a state tax on bottled water to fund public health services;,0,Imposing a state tax on bottled water to fund public health services.,House,3483,H-4547.1,0,0,0,0,State tax on bottled water,Bill,B,(Santos),1,0
1,0,2009-10,HB 3121,3121,,,,,2010-03-15,0,0,HB 3121,"By resolution, reintroduced and retained in present status.",0,H Rules R,0,0,2010-01-25,AN ACT Relating to the implementation of delivery of child welfare services through performance-based contracts;,0,Concerning child welfare services.,House,3487,Z-1223.1,0,1,0,0,Child welfare services,Bill,B,(Kagi),1,0
1,0,2009-10,SHB 3121,3121,,,,,2010-03-15,0,1,SHB 3121,"By resolution, reintroduced and retained in present status.",0,H Rules R,0,0,2010-02-02,AN ACT Relating to the implementation of delivery of child welfare services through performance-based contracts;,0,Concerning child welfare services.,House,3487,H-4941.1,0,1,0,0,Child welfare services,Bill,B,(Kagi),1,1
1,0,2009-10,HB 3122,3122,,2009-10,SB 6747,Ssubst for,2010-03-15,0,0,HB 3122,"By resolution, reintroduced and retained in present status.",0,H Rules R,0,0,2010-01-25,AN ACT Relating to cost recovery for the natural heritage program;,0,Authorizing the department of natural resources to recover costs for data delivery services provided under the natural heritage program.,House,5156,Z-1211.1,0,1,0,0,Natural heritage program/DNR,Bill,B,(Darneille),1,0
1,0,2009-10,HB 3123,3123,,,,,2010-03-15,0,0,HB 3123,"By resolution, reintroduced and retained in present status.",0,H Finance,0,0,2010-01-26,AN ACT Relating to providing a business and occupation tax credit for employers who pay livable wage rates;,0,Providing a business and occupation tax credit for employers who pay livable wage rates.,House,14276,H-4476.1,0,0,0,0,Livable wage/B&O tax credit,Bill,B,(Hope),0,0
0,0,2009-10,HB 3124,3124,,,,,2010-02-13,0,0,HB 3124,1st substitute bill substituted.,0,H subst for,0,0,2010-01-26,AN ACT Relating to requiring a report to child protective services when a child is present in the vehicle of a person arrested for driving or being in control of a vehicle while under the influence of alcohol or drugs;,0,Requiring a report to child protective services when a child is present in the vehicle of a person arrested for driving or being in control of a vehicle while under the influence of alcohol or drugs.,House,10058,H-4664.1,0,0,0,0,DUI with child in car/report,Bill,B,(Roberts),0,0
1,0,2009-10,SHB 3124,3124,,,,,2010-03-25,1,1,SHB 3124,Effective date 6/10/2010.,0,C 214 L 10,0,0,2010-01-29,AN ACT Relating to requiring a report to child protective services when a child is present in the vehicle of a person arrested for driving or being in control of a vehicle while under the influence of alcohol or drugs;,0,Requiring a report to child protective services when a child is present in the vehicle of a person arrested for driving or being in control of a vehicle while under the influence of alcohol or drugs.,House,10058,H-4865.1,0,0,0,0,DUI with child in car/report,Bill,B,(Roberts),0,1
1,0,2009-10,HB 3125,3125,,,,,2010-03-15,0,0,HB 3125,"By resolution, reintroduced and retained in present status.",0,H Ways & Means,0,0,2010-01-26,AN ACT Relating to allocation rates for certain state agencies depositing funds in the treasury or in the custody of the treasurer;,0,Granting the treasurer limited authority to negotiate allocation rates for certain state agencies depositing funds in the treasury or in the custody of the treasurer.,House,646,Z-1199.1,0,1,0,0,Allocation/agency deposits,Bill,B,(Linville),1,0
1,0,2009-10,HB 3126,3126,,,,,2010-03-15,0,0,HB 3126,"By resolution, reintroduced and retained in present status.",0,H Hi Ed,0,0,2010-01-26,AN ACT Relating to conferring honorary degrees at community and technical colleges;,0,Authorizing certain community and technical colleges to award honorary baccalaureate degrees.,House,14325,H-4663.1,0,0,0,0,Honorary degrees,Bill,B,(Carlyle),1,0
1,0,2009-10,HB 3127,3127,,,,,2010-03-15,0,0,HB 3127,"By resolution, reintroduced and retained in present status.",0,H Finance,0,0,2010-01-26,AN ACT Relating to the business and occupation taxation of newspaper-labeled supplements;,0,Concerning the business and occupation taxation of newspaper-labeled supplements.,House,643,H-4084.1,0,0,0,0,Newspaper-labeled supplement,Bill,B,(Kessler),1,0
1,0,2009-10,HB 3128,3128,,,,,2010-03-15,0,0,HB 3128,"By resolution, reintroduced and retained in present status.",0,H Ecology & Park,0,0,2010-01-26,AN ACT Relating to protecting water quality;,0,Providing better water quality during charitable car washes.,House,1407,H-4674.1,0,0,0,0,Charitable car washes,Bill,B,(Chase),0,0
1,0,2009-10,HB 3129,3129,,,,,2010-03-15,0,0,HB 3129,"By resolution, reintroduced and retained in present status.",0,H Rules C,0,0,2010-01-26,"AN ACT Relating to the unemployment insurance system, but only with respect to improving unemployment benefits and adjusting unemployment contributions;",0,"Concerning the unemployment insurance system, but only with respect to improving unemployment benefits and adjusting unemployment contributions.",House,972,H-4700.1,0,0,0,0,Unemploymnt insurance system,Bill,B,(Conway),0,0
1,0,2009-10,HB 3130,3130,,2009-10,SB 6795,SHea/L-T Care,2010-03-15,0,0,HB 3130,"By resolution, reintroduced and retained in present status.",0,H Human Ser,0,0,2010-01-26,AN ACT Relating to electronic timekeeping for home care agencies;,0,Concerning electronic timekeeping for home care agencies.,House,2149,H-4669.1,0,0,0,0,Home care timekeeping,Bill,B,(O'Brien),0,0
1,0,2009-10,HB 3131,3131,,,,,2010-03-15,0,0,HB 3131,"By resolution, reintroduced and retained in present status.",0,H Ag & Nat Res,0,0,2010-01-26,AN ACT Relating to salmon and steelhead spawning beds;,0,Protecting salmon and steelhead spawning beds.,House,1543,H-4662.1,0,0,0,0,Salmon spawning beds,Bill,B,(Cody),0,0
0,0,2009-10,HB 3132,3132,,,,,2010-03-04,0,0,HB 3132,1st substitute bill substituted.,0,H subst for,0,0,2010-01-26,AN ACT Relating to eliminating the Columbia River Gorge Compact;,1,Eliminating the Columbia River Gorge Compact.,House,12003,H-4687.1,0,0,0,0,Columbia River Gorge Compact,Bill,B,(Van De Wege),1,0
1,0,2009-10,ESHB 3132,3132,,,,,2010-03-15,0,1,ESHB 3132,"By resolution, reintroduced and retained in present status.",0,H Rules 3C,0,1,2010-02-05,AN ACT Relating to eliminating the Columbia River Gorge Compact;,0,Eliminating the Columbia River Gorge Compact.,House,12003,H-5072.1,0,0,0,0,Columbia River Gorge Compact,Bill,B,(Van De Wege),0,1
1,0,2009-10,HB 3133,3133,,2009-10,SB 6466,SRules X,2010-03-15,0,0,HB 3133,"By resolution, reintroduced and retained in present status.",0,H Trans,0,0,2010-01-27,AN ACT Relating to advertising on school buses;,0,Authorizing advertising on school buses.,House,13546,H-4571.1,0,0,0,0,Advertising on school buses,Bill,B,(Liias),1,0
1,0,2009-10,HB 3134,3134,,,,,2010-03-15,0,0,HB 3134,"By resolution, reintroduced and retained in present status.",0,H Commerce/Lab,0,0,2010-01-27,"AN ACT Relating to regulating sports pool boards, bracket pools, and fantasy sports leagues;",0,"Regulating sports pool boards, bracket pools, and fantasy sports leagues.",House,13546,H-3792.1,0,0,0,0,"Sports pool boards, etc.",Bill,B,(Liias),0,0
1,0,2009-10,HB 3135,3135,,,,,2010-03-15,0,0,HB 3135,"By resolution, reintroduced and retained in present status.",0,H Education,0,0,2010-01-27,AN ACT Relating to encouraging instruction in the history of civil rights;,0,Encouraging instruction in the history of civil rights.,House,1407,H-4690.1,0,0,0,0,History of civil rights,Bill,B,(Chase),0,0
1,0,2009-10,HB 3136,3136,,,,,2010-03-15,0,0,HB 3136,"By resolution, reintroduced and retained in present status.",0,H Rules C,0,0,2010-01-27,AN ACT Relating to funding criteria for publically owned nonindustrial water pollution control facilities;,1,Concerning water pollution control.,House,630,H-4293.5,0,0,0,0,Water pollution control,Bill,B,(Dunshee),1,0
1,0,2009-10,SHB 3136,3136,,,,,2010-03-15,0,1,SHB 3136,"By resolution, reintroduced and retained in present status.",0,H Rules C,0,0,2010-02-03,AN ACT Relating to funding criteria for publicly owned nonindustrial water pollution control facilities;,0,Concerning water pollution control.,House,630,H-5022.1,0,0,0,0,Water pollution control,Bill,B,(Dunshee),0,1
1,0,2009-10,HB 3137,3137,,,,,2010-03-15,0,0,HB 3137,"By resolution, reintroduced and retained in present status.",0,H HC/Wellness,0,0,2010-01-27,AN ACT Relating to review of certificate of need applications;,0,Reviewing certificate of need applications.,House,12068,H-4712.1,0,0,0,0,Certificate of need,Bill,B,(Seaquist),0,0
1,1,2009-10,HB 3138,3138,,,,,2010-03-15,0,0,HB 3138,"By resolution, reintroduced and retained in present status.",0,H Pub Safety,0,0,2010-01-27,"AN ACT Relating to Nisqually river emergency relief, preparedness, and response;",0,"Addressing Nisqually river emergency relief, preparedness, and response.",House,2584,H-4475.2,0,0,0,0,Nisqually river emer relief,Bill,B,(McCune),0,0
1,0,2009-10,HB 3139,3139,,,,,2010-03-15,0,0,HB 3139,"By resolution, reintroduced and retained in present status.",0,H Commerce/Lab,0,0,2010-01-27,AN ACT Relating to preventing the curtailment of employment opportunities by allowing employers to pay a training wage for a specified period of time;,0,Allowing employers to pay a training wage to new employees for a specified period of time.,House,8237,H-4145.2,0,0,0,0,Training wages/new employees,Bill,B,(Condotta),0,0
1,0,2009-10,HB 3140,3140,,,,,2010-03-15,0,0,HB 3140,"By resolution, reintroduced and retained in present status.",0,H Ways & Means,0,0,2010-01-27,AN ACT Relating to creating the cities and counties law enforcement and fire protection services financial assistance act of 2010.,0,Relating to creating the cities and counties law enforcement and fire protection services financial assistance act of 2010.,House,10032,H-4649.2,0,0,0,0,Cities and counties T.O.,Bill,B,(Ericks),0,0
0,0,2009-10,HB 3141,3141,,,,,2010-02-13,0,1,HB 3141,2nd substitute bill substituted.,0,H subst for,0,0,2010-01-27,AN ACT Relating to redesigning the delivery of temporary assistance for needy families;,0,Redesigning the delivery of temporary assistance to needy families.,House,3487,H-4708.2,0,0,0,0,Delivery of TANF,Bill,B,(Kagi),0,0
0,0,2009-10,SHB 3141,3141,,,,,2010-02-13,0,0,SHB 3141,2nd substitute bill substituted.,0,H subst for,0,0,2010-02-02,AN ACT Relating to redesigning the delivery of temporary assistance for needy families;,0,Redesigning the delivery of temporary assistance for needy families.,House,3487,H-4977.1,0,0,0,0,Delivery of TANF,Bill,B,(Kagi),1,1
1,0,2009-10,E2SHB 3141,3141,,,,,2010-04-01,1,1,E2SHB 3141,Effective date 6/10/2010.,1,C 273 L 10,0,1,2010-02-09,AN ACT Relating to redesigning the delivery of temporary assistance for needy families;,0,Regarding delivery of temporary assistance to  needy families.,House,3487,H-5107.1,0,0,0,0,Delivery of TANF,Bill,B,(Kagi),1,2
1,0,2009-10,HB 3142,3142,,,,,2010-03-15,0,0,HB 3142,"By resolution, reintroduced and retained in present status.",0,H Finance,0,0,2010-01-27,AN ACT Relating to exempting parking charges imposed by the state on employees from excise taxes;,0,Exempting parking charges imposed by the state on employees from excise taxes.,House,5155,H-4548.2,0,0,0,0,St. employee parking charges,Bill,B,(Hunt),0,0
1,0,2009-10,HB 3143,3143,,,,,2010-03-15,0,0,HB 3143,"By resolution, reintroduced and retained in present status.",0,H Early L&CS,0,0,2010-01-28,AN ACT Relating to revising provisions for the implementation of the child welfare transformation demonstration sites;,0,Implementing child welfare transformation demonstration sites.,House,9996,H-4747.1,0,0,0,0,Child welfare transformation,Bill,B,(Haler),0,0
1,0,2009-10,HB 3144,3144,,,,,2010-03-15,0,0,HB 3144,"By resolution, reintroduced and retained in present status.",0,H Ag & Nat Res,0,0,2010-01-28,AN ACT Relating to the appointment of regional directors at the department of fish and wildlife;,0,Appointing regional directors at the department of fish and wildlife.,House,10041,H-4728.1,0,0,0,0,Dept of fish and wildlife,Bill,B,(Kretz),0,0
0,0,2009-10,HB 3145,3145,,,,,2010-02-10,0,0,HB 3145,Committee recommendations adopted and the 1st substitute bill substituted.,0,H subst for,0,0,2010-01-28,"AN ACT Relating to improving administration of wage complaints by defining the limitations period for administrative wage claims through the department of labor and industries, clarifying the requirements for the department to extend the time period for wage complaint investigations, revising the department's bond authority, tolling the civil statute of limitations, increasing minimum penalties for violators, creating and affecting waiver of penalties for repeat willful violators, and providing for wage law violation liability for successor businesses;",0,Improving administration of wage complaints.,House,8211,H-4770.2,0,0,0,0,Wage complaints,Bill,B,(McCoy),1,0
1,0,2009-10,SHB 3145,3145,,,,,2010-03-12,0,0,SHB 3145,Effective date 6/10/2010.,0,C 42 L 10,0,0,2010-02-02,"AN ACT Relating to improving administration of wage complaints by defining the limitations period for administrative wage claims through the department of labor and industries, clarifying the requirements for the department to extend the time period for wage complaint investigations, revising the department's bond authority, tolling the civil statute of limitations, increasing minimum penalties for violators, creating and affecting waiver of penalties for repeat willful violators, and providing for wage law violation liability for successor businesses;",0,Improving administration of wage complaints.,House,8211,H-4938.1,0,0,0,0,Wage complaints,Bill,B,(McCoy),0,1
1,0,2009-10,HB 3146,3146,,2009-10,SB 6806,SWays & Means,2010-03-15,0,0,HB 3146,"By resolution, reintroduced and retained in present status.",0,H Cap Budget,0,0,2010-01-28,AN ACT Relating to the use of building fees and net proceeds of the university tract for university building purposes;,0,Regarding the use of building fees and net proceeds of the university tract for university building purposes.,House,630,Z-1228.1,0,0,0,1,University building purposes,Bill,B,(Dunshee),1,0
1,0,2009-10,HB 3147,3147,,2009-10,SB 6789,Ssubst for,2010-04-02,0,0,HB 3147,Returned to Rules Committee for second reading.,0,H Rules C,0,0,2010-01-28,AN ACT Relating to sales and use tax exemptions for certain equipment and infrastructure contained in data centers;,0,Concerning sales and use tax exemptions for certain equipment and infrastructure contained in data centers.,House,9207,Z-1214.1,0,1,0,0,Equipment in data centers,Bill,B,(Ormsby),1,0
1,0,2009-10,SHB 3147,3147,,,,,2010-04-02,0,1,SHB 3147,Returned to Rules Committee for second reading.,0,H Rules C,0,0,2010-02-09,AN ACT Relating to sales and use tax exemptions for certain equipment and infrastructure contained in data centers;,0,Concerning sales and use tax exemptions for certain equipment and infrastructure contained in data centers.,House,9207,H-5101.1,0,1,0,0,Equipment in data centers,Bill,B,(Ormsby),0,1
1,0,2009-10,HB 3148,3148,,,,,2010-03-15,0,0,HB 3148,"By resolution, reintroduced and retained in present status.",0,H Pub Safety,0,0,2010-01-28,AN ACT Relating to the authority of peace officers to issue municipal code violation notices for traffic infractions occurring within a municipality;,0,Authorizing Washington peace officers to issue municipal code violation notices for traffic infractions occurring within a municipality in certain circumstances.,House,14276,H-4660.1,0,0,0,0,Municipal traffic infraction,Bill,B,(Hope),0,0
1,0,2009-10,HB 3149,3149,,,,,2010-03-15,0,0,HB 3149,"By resolution, reintroduced and retained in present status.",0,H Commerce/Lab,0,0,2010-01-28,AN ACT Relating to industrial insurance;,0,Addressing industrial insurance.,House,3469,H-4658.1,0,0,0,0,Industrial insurance,Bill,B,(Chandler),0,0
1,0,2009-10,HB 3150,3150,,,,,2010-03-15,0,0,HB 3150,"By resolution, reintroduced and retained in present status.",0,H SGTribalAff,0,0,2010-01-29,AN ACT Relating to salaries of legislators;,0,Placing restrictions on the salaries of legislators.,House,8240,H-4785.1,0,0,0,0,Salaries of legislators,Bill,B,(Hinkle),0,0
1,0,2009-10,HB 3151,3151,,,,,2010-03-15,0,0,HB 3151,"By resolution, reintroduced and retained in present status.",0,H Fin Inst & Ins,0,0,2010-01-29,AN ACT Relating to studying public fund investment policies and practices;,0,Studying public fund investment policies and practices.,House,5160,H-4629.1,0,0,0,0,Public fund investment,Bill,B,(Anderson),0,0
1,0,2009-10,HB 3152,3152,,,,,2010-03-15,0,0,HB 3152,"By resolution, reintroduced and retained in present status.",0,H Fin Inst & Ins,0,0,2010-01-29,AN ACT Relating to a financial literacy assessment tool;,0,Regarding a financial literacy assessment tool.,House,5160,H-4722.1,0,0,0,0,Financial literacy assessmnt,Bill,B,(Anderson),0,0
1,0,2009-10,HB 3153,3153,,,,,2010-03-15,0,0,HB 3153,"By resolution, reintroduced and retained in present status.",0,H Rules C,0,0,2010-01-29,AN ACT Relating to designation of a spouse for certain survivor benefits under the firefighters' relief and pensions act of 1955;,0,Addressing designation of a spouse for certain survivor benefits under the firefighters' relief and pensions act of 1955.,House,972,H-4311.2,0,0,0,0,Firefighter survivor benefit,Bill,B,(Conway),0,0
1,0,2009-10,HB 3154,3154,,,,,2010-03-15,0,0,HB 3154,"By resolution, reintroduced and retained in present status.",0,H Finance,0,0,2010-01-29,AN ACT Relating to the sales and use taxation of florists;,0,Concerning the sales and use taxation of florists.,House,643,H-3634.1,0,0,0,0,Florists/sales and use tax,Bill,B,(Kessler),1,0
1,0,2009-10,HB 3155,3155,,2009-10,SB 6804,C 171 L 10,2010-03-15,0,0,HB 3155,"By resolution, reintroduced and retained in present status.",0,H HC/Wellness,0,0,2010-01-29,AN ACT Relating to allowing the department of social and health services to adopt rules establishing standards for the review and certification of treatment facilities under the problem and pathological gambling treatment program;,0,Allowing the department of social and health services to adopt rules establishing standards for the review and certification of treatment facilities under the problem and pathological gambling treatment program.,House,972,H-4218.1,0,0,0,0,Gambling treatmnt/DSHS rules,Bill,B,(Conway),0,0
1,0,2009-10,HB 3156,3156,,,,,2010-03-15,0,0,HB 3156,"By resolution, reintroduced and retained in present status.",0,H Rules C,0,0,2010-02-01,AN ACT Relating to authorizing the department of archaeology and historic preservation to impose a fee for access to certain online report systems;,0,Authorizing the department of archaeology and historic preservation to impose a fee for access to certain online report systems.,House,12003,H-4813.1,0,0,0,0,Archaeology & historic pres.,Bill,B,(Van De Wege),1,0
1,0,2009-10,SHB 3156,3156,,,,,2010-03-15,0,1,SHB 3156,"By resolution, reintroduced and retained in present status.",0,H Rules C,0,0,2010-02-05,AN ACT Relating to authorizing the department of archaeology and historic preservation to impose a fee for access to certain online report systems;,0,Authorizing the department of archaeology and historic preservation to impose a fee for access to certain online report systems.,House,12003,H-5059.1,0,0,0,0,Archaeology & historic pres.,Bill,B,(Van De Wege),1,1
1,0,2009-10,HB 3157,3157,,2009-10,SB 6818,SWays & Means,2010-03-15,0,0,HB 3157,"By resolution, reintroduced and retained in present status.",0,H Finance,0,0,2010-02-01,AN ACT Relating to the state business and occupation tax;,0,Concerning the state business and occupation tax.,House,8222,Z-1114.3,0,1,0,0,State B & O tax,Bill,B,(Hunter),1,0
1,0,2009-10,HB 3158,3158,,,,,2010-03-15,0,0,HB 3158,"By resolution, reintroduced and retained in present status.",0,H Ag & Nat Res,0,0,2010-02-01,AN ACT Relating to prohibiting the sale and use of lead sinkers and jigs;,0,Prohibiting the sale and use of lead sinkers and jigs.,House,2149,H-4654.1,0,0,0,0,Lead sinkers and jigs,Bill,B,(O'Brien),0,0
1,0,2009-10,HB 3159,3159,,,,,2010-03-15,0,0,HB 3159,"By resolution, reintroduced and retained in present status.",0,H Gen Gov Apps,0,0,2010-02-01,AN ACT Relating to authorizing the department of archaeology and historic preservation to impose a fee for access to certain online report systems;,0,Authorizing the department of archaeology and historic preservation to impose a fee for access to certain online report systems.,House,10249,H-4834.1,0,0,0,0,Archaeology & historic pres.,Bill,B,(Takko),1,0
1,0,2009-10,HB 3160,3160,,,,,2010-03-15,0,0,HB 3160,"By resolution, reintroduced and retained in present status.",0,H Ag & Nat Res,0,0,2010-02-01,AN ACT Relating to payments in lieu of taxes for lands owned by the department of fish and wildlife;,0,Concerning payments in lieu of taxes for lands owned by the department of fish and wildlife.,House,5156,H-4568.1,0,0,0,0,Fish & wildlife lands/taxes,Bill,B,(Darneille),0,0
1,0,2009-10,HB 3161,3161,,,,,2010-03-15,0,0,HB 3161,"By resolution, reintroduced and retained in present status.",0,H Finance,0,0,2010-02-01,AN ACT Relating to community reinvestment of oil windfall profits;,1,Concerning community reinvestment of oil windfall profits.,House,10030,H-4078.2,0,0,0,0,Oil windfall profits,Bill,B,(Hasegawa),1,0
1,0,2009-10,HB 3162,3162,,,,,2010-03-15,0,0,HB 3162,"By resolution, reintroduced and retained in present status.",0,H Fin Inst & Ins,0,0,2010-02-01,AN ACT Relating to authorizing the creation of a state bank;,0,Authorizing the creation of a state bank.,House,10030,H-4716.2,0,0,0,0,Creation of a state bank,Bill,B,(Hasegawa),1,0
1,0,2009-10,HB 3163,3163,,2009-10,SB 6815,SRules 3,2010-03-15,0,0,HB 3163,"By resolution, reintroduced and retained in present status.",0,H Commerce/Lab,0,0,2010-02-02,AN ACT Relating to health care benefits for marine employees of the department of transportation;,0,Concerning health care benefits for marine employees of the department of transportation.,House,8209,Z-1229.1,0,1,0,0,DOT marine employee benefits,Bill,B,(Clibborn),0,0
1,0,2009-10,HB 3164,3164,,,,,2010-03-15,0,0,HB 3164,"By resolution, reintroduced and retained in present status.",0,H Ag & Nat Res,0,0,2010-02-02,AN ACT Relating to rainwater harvesting;,0,Reaffirming that households may collect rainwater without a water right.,House,14201,H-4856.1,0,0,0,0,Rainwater harvesting,Bill,B,(Probst),0,0
1,0,2009-10,HB 3165,3165,,2009-10,SB 6826,C 221 L 10,2010-03-15,0,0,HB 3165,"By resolution, reintroduced and retained in present status.",0,H Trans,0,0,2010-02-02,AN ACT Relating to subagent service fees;,1,Increasing certain fees of licensing subagents.,House,2149,H-4873.1,0,0,0,0,Subagent service fees,Bill,B,(O'Brien),1,0
1,0,2009-10,HB 3166,3166,,,,,2010-03-15,0,0,HB 3166,"By resolution, reintroduced and retained in present status.",0,H Education Apps,0,0,2010-02-02,AN ACT Relating to protecting Washington businesses that contract with higher education institutions for goods and services;,0,Regarding Washington businesses that contract with higher education institutions for goods and services.,House,14186,H-4881.1,0,0,0,0,Businesses and higher ed,Bill,B,(Parker),1,0
1,0,2009-10,HB 3167,3167,,,,,2010-03-15,0,0,HB 3167,"By resolution, reintroduced and retained in present status.",0,H HC/Wellness,0,0,2010-02-02,AN ACT Relating to elder placement referrals;,0,Concerning elder placement referrals.,House,8208,H-4868.1,0,0,0,0,Elder placement referrals,Bill,B,(Morrell),1,0
1,0,2009-10,EHB 3168,3168,,,,,2010-03-15,0,1,EHB 3168,"By resolution, reintroduced and retained in present status.",0,H Rules 3C,0,1,2010-02-02,AN ACT Relating to providing taxpayers additional appeal protections for value changes;,1,Providing taxpayers additional appeal protections for value changes.,House,7635,H-4828.1,0,0,0,0,Property value changes,Bill,B,(Orcutt),1,0
1,0,2009-10,HB 3169,3169,,,,,2010-03-15,0,0,HB 3169,"By resolution, reintroduced and retained in present status.",0,H Finance,0,0,2010-02-02,AN ACT Relating to including public utility easements and rights- of-way towards the acreage requirements for the property tax current use valuation programs;,0,Including public utility easements and rights-of-way towards the acreage requirements for the property tax current use valuation programs.,House,7635,H-4932.2,0,0,0,0,Acreage requirements,Bill,B,(Orcutt),0,0
1,0,2009-10,HB 3170,3170,,2009-10,SB 6766,SRules 2,2010-03-15,0,0,HB 3170,"By resolution, reintroduced and retained in present status.",0,H Ag & Nat Res,0,0,2010-02-03,AN ACT Relating to forest fire prevention and suppression;,0,Concerning forest fire prevention and suppression.,House,10249,H-4661.1,0,0,0,0,Forest fires,Bill,B,(Takko),1,0
1,0,2009-10,HB 3171,3171,,2009-10,SB 6404,STransportation,2010-03-15,0,0,HB 3171,"By resolution, reintroduced and retained in present status.",0,H Trans,0,0,2010-02-03,AN ACT Relating to vehicle registration fees collected by subagents under RCW 46.16.0621 and 46.16.070;,1,Concerning vehicle registration fees collected by subagents under RCW 46.16.0621 and 46.16.070.,House,13546,H-4358.1,0,0,0,0,Vehicle regist fees/subagent,Bill,B,(Liias),1,0
1,0,2009-10,HB 3172,3172,,2009-10,SB 6828,SWays & Means,2010-03-15,0,0,HB 3172,"By resolution, reintroduced and retained in present status.",0,H Finance,0,0,2010-02-03,AN ACT Relating to the taxation of lodging;,1,Concerning the taxation of lodging.,House,10032,H-4908.1,0,0,0,0,Taxation of lodging,Bill,B,(Ericks),1,0
1,0,2009-10,HB 3173,3173,,,,,2010-03-15,0,0,HB 3173,"By resolution, reintroduced and retained in present status.",0,H HC/Wellness,0,0,2010-02-03,AN ACT Relating to creating a commission on health care insurance reform;,0,Establishing a commission on health care insurance reform.,House,619,H-4970.1,0,0,0,0,Health insurance reform,Bill,B,(Campbell),0,0
1,0,2009-10,HB 3174,3174,,2009-10,SB 6833,C 222 L 10,2010-03-15,0,1,HB 3174,"By resolution, reintroduced and retained in present status.",0,H Rules C,0,0,2010-02-03,AN ACT Relating to management of funds and accounts by the state treasurer;,0,Addressing the management of funds and accounts by the state treasurer.,House,646,Z-1231.1,0,1,0,0,"State treasurer/funds, accts",Bill,B,(Linville),1,0
0,0,2009-10,HB 3175,3175,,,,,2010-02-18,0,0,HB 3175,1st substitute bill substituted.,0,H subst for,0,0,2010-02-04,AN ACT Relating to transferring the office of minority and women's business enterprises into the department of commerce;,0,Transferring the office of minority and women's business enterprises into the department of commerce.,House,5156,H-4889.1,0,0,0,0,Minority & women's business,Bill,B,(Darneille),1,0
1,0,2009-10,ESHB 3175,3175,,,,,2010-04-12,0,1,ESHB 3175,"By resolution, returned to House Rules Committee for third reading.",0,H Rules 3C,0,1,2010-02-05,AN ACT Relating to transferring the office of minority and women's business enterprises into the department of commerce;,0,Transferring the office of minority and women's business enterprises into the department of commerce.,House,5156,H-5045.1,0,0,0,0,Minority & women's business,Bill,B,(Darneille),1,1
1,0,2009-10,HB 3176,3176,,,,,2010-03-15,0,0,HB 3176,"By resolution, reintroduced and retained in present status.",0,H Finance,0,0,2010-02-04,"AN ACT Relating to increasing state revenues to preserve funding for education, public safety, health care, and safety net services for elderly, disabled, and vulnerable people by preventing abusive tax avoidance transactions, narrowing or eliminating certain tax preferences, and providing equitable tax treatment;",0,"Increasing state revenues to preserve funding for education, public safety, health care, and safety net services for elderly, disabled, and vulnerable people by preventing abusive tax avoidance transactions, narrowing or eliminating certain tax preferences, and providing equitable tax treatment.",House,8222,H-4933.3,0,0,0,0,Increasing state revenues,Bill,B,(Hunter),1,0
1,1,2009-10,HB 3177,3177,,,,,2010-04-12,0,0,HB 3177,Returned to Rules Committee for second reading.,0,H Rules C,0,0,2010-02-05,AN ACT Relating to a new surcharge on certain recorded documents for affordable housing purposes;,1,Concerning funds for certain affordable housing purposes.,House,13161,H-4976.1,0,0,0,0,Affordable housing/funds,Bill,B,(Nelson),1,0
1,0,2009-10,SHB 3177,3177,,,,,2010-04-12,0,1,SHB 3177,Returned to Rules Committee for second reading.,0,H Rules C,0,0,2010-02-18,AN ACT Relating to a new surcharge on certain recorded documents for affordable housing purposes;,1,Concerning funds for certain affordable housing purposes.,House,13161,H-5314.1,0,0,0,0,Affordable housing/funds,Bill,B,(Nelson),1,1
0,0,2009-10,HB 3178,3178,,,,,2010-03-03,0,0,HB 3178,1st substitute bill substituted.,0,H subst for,0,0,2010-02-08,AN ACT Relating to creating efficiencies in the use of technology in state government;,0,Creating efficiencies in the use of technology in state government.,House,14325,H-4951.2,0,0,0,0,State govt technology use,Bill,B,(Carlyle),1,0
1,0,2009-10,ESHB 3178,3178,,,,,2010-04-01,1,1,ESHB 3178,Effective date 6/10/2010**.,1,C 282 L 10,0,1,2010-02-27,AN ACT Relating to creating efficiencies in the use of technology in state government;,0,Creating efficiencies in the use of technology in state government.,House,14325,H-5472.1,0,0,0,0,State govt technology use,Bill,B,(Carlyle),1,1
0,0,2009-10,HB 3179,3179,,,,,2010-02-16,0,0,HB 3179,1st substitute bill substituted.,0,H subst for,0,0,2010-02-08,AN ACT Relating to local excise tax provisions for counties and cities;,0,Revising local excise tax provisions for counties and cities.,House,10039,H-5019.2,0,0,0,0,Local excise tax provisions,Bill,B,(Springer),1,0
1,0,2009-10,ESHB 3179,3179,,,,,2010-03-19,1,1,ESHB 3179,Effective date 6/10/2010.,0,C 127 L 10,0,1,2010-02-09,AN ACT Relating to local excise tax provisions for counties and cities;,1,Concerning local excise tax provisions for counties and cities.,House,10039,H-5102.1,0,0,0,0,Local excise tax provisions,Bill,B,(Springer),1,1
1,1,2009-10,HB 3180,3180,,,,,2010-03-15,0,0,HB 3180,"By resolution, reintroduced and retained in present status.",0,H Ways & Means,0,0,2010-02-08,AN ACT Relating to prioritizing basic education expenditures within the state appropriations process;,0,Prioritizing basic education expenditures within the state appropriations process.,House,5160,H-5032.1,0,0,0,0,Basic education expenditures,Bill,B,(Anderson),0,0
1,0,2009-10,HB 3181,3181,,2009-10,SB 6851,SRules 2,2010-04-12,0,0,HB 3181,Returned to Rules Committee for second reading.,0,H Rules C,0,0,2010-02-09,AN ACT Relating to the clean water act of 2010 funding cleanup of water pollution and other programs necessary for the health and well- being of Washington citizens through an increase in the tax on hazardous substances;,1,Concerning the clean water act of 2010 funding cleanup of water pollution and other programs necessary for the health and well-being of Washington citizens through an increase in the tax on hazardous substances.,House,9207,H-5017.1,0,0,0,0,Clean water act funding,Bill,B,(Ormsby),1,0
1,0,2009-10,SHB 3181,3181,,,,,2010-04-12,0,0,SHB 3181,Returned to Rules Committee for second reading.,0,H Rules C,0,0,2010-02-18,AN ACT Relating to the clean water act of 2010 funding cleanup of water pollution and other programs necessary for the health and well- being of Washington citizens through an increase in the tax on hazardous substances;,1,Concerning the clean water act of 2010 funding cleanup of water pollution and other programs necessary for the health and well-being of Washington citizens through an increase in the tax on hazardous substances.,House,9207,H-5221.2,0,0,0,0,Clean water act funding,Bill,B,(Ormsby),1,1
1,0,2009-10,2SHB 3181,3181,,,,,2010-04-12,0,1,2SHB 3181,Returned to Rules Committee for second reading.,0,H Rules C,0,0,2010-03-01,AN ACT Relating to the clean water act of 2010 funding cleanup of water pollution and other programs necessary for the health and well- being of Washington citizens through an increase in the tax on hazardous substances;,1,Concerning the clean water act of 2010 funding cleanup of water pollution and other programs necessary for the health and well-being of Washington citizens through an increase in the tax on hazardous substances.,House,9207,H-5505.1,0,0,0,0,Clean water act funding,Bill,B,(Ormsby),1,2
0,0,2009-10,HB 3182,3182,,,,,2010-03-04,0,0,HB 3182,1st substitute bill substituted.,0,H subst for,0,0,2010-02-11,AN ACT Relating to state mandates on political subdivisions of the state;,1,Making unfunded mandates optional on local governments.,House,2157,H-5092.1,0,0,0,0,Unfunded mandates/local govt,Bill,B,(Alexander),1,0
1,0,2009-10,ESHB 3182,3182,,,,,2010-04-12,0,1,ESHB 3182,"By resolution, returned to House Rules Committee for third reading.",0,H Rules 3C,0,1,2010-02-27,AN ACT Relating to state mandates on political subdivisions of the state;,0,Making certain unfunded mandates optional for school districts and other political subdivisions.,House,2157,H-5476.1,0,0,0,0,Unfunded mandates,Bill,B,(Alexander),0,1
1,0,2009-10,HB 3183,3183,,,,,2010-03-15,0,0,HB 3183,"By resolution, reintroduced and retained in present status.",0,H Finance,0,0,2010-02-12,AN ACT Relating to excise taxes;,1,Concerning the economic crisis revenue bill.,House,8412,H-5070.2,0,0,0,0,Excise taxes,Bill,B,(Flannigan),1,0
1,0,2009-10,HB 3184,3184,,,,,2010-03-15,0,0,HB 3184,"By resolution, reintroduced and retained in present status.",0,H Finance,0,0,2010-02-13,AN ACT Relating to increasing estate taxes;,0,Increasing estate taxes.,House,1407,H-5126.2,0,0,0,0,Estate taxes,Bill,B,(Chase),1,0
1,0,2009-10,HB 3185,3185,,2009-10,SB 6857,SHighEd&WorkDev,2010-03-15,0,0,HB 3185,"By resolution, reintroduced and retained in present status.",0,H Hi Ed,0,0,2010-02-13,AN ACT Relating to establishing the student financial assistance board by eliminating the higher education coordinating board and transferring its functions to various entities;,0,Establishing the student financial assistance board by eliminating the higher education coordinating board and transferring its functions to various entities.,House,14206,H-5131.1,0,0,0,0,Student financial assist brd,Bill,B,(White),1,0
0,0,2009-10,HB 3186,3186,,,,,2010-03-10,0,0,HB 3186,1st substitute bill substituted.,0,H subst for,0,0,2010-02-13,AN ACT Relating to imposing a tax on home and community based services to fund services for seniors and people with disabilities;,1,Concerning the taxation of community residential services.,House,8286,H-5051.3,0,0,0,0,Comm'ty residential services,Bill,B,(Pettigrew),1,0
1,0,2009-10,ESHB 3186,3186,,,,,2010-04-12,0,1,ESHB 3186,"By resolution, returned to House Rules Committee for third reading.",0,H Rules 3C,0,1,2010-03-01,AN ACT Relating to imposing a tax on home and community based services to fund services for seniors and people with disabilities;,1,Imposing a tax on home and community based services to fund services for seniors and people with disabilities.,House,8286,H-5502.1,0,0,0,0,Home and community services,Bill,B,(Pettigrew),1,1
1,0,2009-10,HB 3187,3187,,,,,2010-03-15,0,0,HB 3187,"By resolution, reintroduced and retained in present status.",0,H Ways & Means,0,0,2010-02-15,AN ACT Relating to medicaid reimbursement for nursing facilities;,0,Concerning medicaid reimbursement of nursing facilities.,House,5157,H-4805.2,0,0,0,0,Nursing facilities/medicaid,Bill,B,(Simpson),0,0
1,0,2009-10,HB 3188,3188,,,,,2010-03-15,0,0,HB 3188,"By resolution, reintroduced and retained in present status.",0,H Rules R,0,0,2010-02-16,"AN ACT Relating to modifying the definitions of ""manufacturing"" and ""research and development"" for tax incentive programs for businesses in rural counties;",1,"Modifying the definitions of ""manufacturing"" and ""research and development"" for tax incentive programs for businesses in rural counties.",House,8222,H-5234.2,0,0,0,0,Rural county businesses,Bill,B,(Hunter),1,0
1,0,2009-10,HB 3189,3189,,,,,2010-03-15,0,0,HB 3189,"By resolution, reintroduced and retained in present status.",0,H Ways & Means,0,0,2010-02-16,AN ACT Relating to alcohol sales in state liquor stores and contract liquor stores;,1,Concerning alcohol sales in state liquor stores and contract liquor stores.,House,2157,H-5250.3,0,0,0,0,Alcohol sales,Bill,B,(Alexander),1,0
1,0,2009-10,HB 3190,3190,,,,,2010-03-15,0,0,HB 3190,"By resolution, reintroduced and retained in present status.",0,H Ways & Means,0,0,2010-02-18,AN ACT Relating to membership in the law enforcement officers' and firefighters' retirement system plan 2 for firefighters employed by the department of corrections at the McNeil Island special commitment center;,0,Authorizing membership in the law enforcement officers' and firefighters' retirement system plan 2 for firefighters employed by the department of corrections at the McNeil Island special commitment center.,House,12001,H-5209.1,0,0,0,0,LEOFF plan 2 membership,Bill,B,(Kelley),1,0
1,0,2009-10,HB 3191,3191,,,,,2010-04-12,0,0,HB 3191,Returned to Rules Committee for second reading.,0,H Rules C,0,0,2010-02-28,"AN ACT Relating to modifying Washington state excise tax laws to create jobs and to preserve funding for education, public safety, health care, and safety net services for elderly, disabled, and vulnerable people.",0,"Relating to modifying Washington state excise tax laws to create jobs and to preserve funding for education, public safety, health care, and safety net services for elderly, disabled, and vulnerable people.",House,8222,H-5455.1,0,0,0,0,Excise tax laws T.O.,Bill,B,(Hunter),0,0
1,0,2009-10,SHB 3191,3191,,,,,2010-04-12,0,1,SHB 3191,Returned to Rules Committee for second reading.,0,H Rules C,0,0,2010-03-02,"AN ACT Relating to modifying Washington state excise tax laws to create jobs and to preserve funding for education, public safety, health care, and safety net services for elderly, disabled, and vulnerable people;",0,"Modifying Washington state excise tax laws to create jobs and to preserve funding for education, public safety, health care, and safety net services for elderly, disabled, and vulnerable people.",House,8222,H-5521.1,0,0,0,0,Excise tax laws,Bill,B,(Hunter),1,1
1,0,2009-10,HB 3192,3192,,,,,2010-03-15,0,0,HB 3192,"By resolution, reintroduced and retained in present status.",0,H Ways & Means,0,0,2010-02-28,AN ACT Relating to employee benefits purchased by the public employees' benefits board;,0,Concerning employee benefits purchased by the public employees' benefits board.,House,1218,H-5446.1,0,0,0,0,Employee benefits/PEBB,Bill,B,(Sullivan),0,0
1,0,2009-10,HB 3193,3193,,,,,2010-04-02,0,1,HB 3193,Returned to Rules Committee for second reading.,0,H Rules C,0,0,2010-02-28,AN ACT Relating to adjusting salary bonuses associated with the national board for professional teaching standards;,0,Adjusting salary bonuses associated with the national board for professional teaching standards.,House,1218,H-5450.1,0,0,0,0,Teacher salary bonuses,Bill,B,(Sullivan),0,0
1,0,2009-10,HB 3194,3194,,,,,2010-03-15,0,0,HB 3194,"By resolution, reintroduced and retained in present status.",0,H Ways & Means,0,0,2010-02-28,AN ACT Relating to fiscal matters;,0,Concerning fiscal matters.,House,646,H-5448.1,0,0,0,0,Fiscal matters,Bill,B,(Linville),0,0
1,0,2009-10,HB 3195,3195,,,,,2010-03-15,0,0,HB 3195,"By resolution, reintroduced and retained in present status.",0,H Ways & Means,0,0,2010-02-28,AN ACT Relating to state pension systems;,0,Concerning state pension systems.,House,646,H-5447.1,0,0,0,0,State pension systems,Bill,B,(Linville),0,0
1,0,2009-10,HB 3196,3196,,,,,2010-03-15,0,0,HB 3196,"By resolution, reintroduced and retained in present status.",0,H Ways & Means,0,0,2010-02-28,AN ACT Relating to revising education programs to implement the 2009-11 operating budget;,0,Revising education programs to implement the 2009-11 operating budget.,House,1218,H-5449.1,0,0,0,0,Education programs/budget,Bill,B,(Sullivan),0,0
1,0,2009-10,HB 3197,3197,,,,,2010-04-27,0,1,HB 3197,Effective date 7/13/2010.,0,C 31 L 10 E1,0,0,2010-02-28,AN ACT Relating to transferring funds from the budget stabilization account to the general fund;,0,Transferring funds from the budget stabilization account to the general fund.,House,1218,H-5437.1,0,0,0,0,Budget stabilization account,Bill,B,(Sullivan),0,0
1,0,2009-10,HB 3198,3198,,,,,2010-03-15,0,0,HB 3198,"By resolution, reintroduced and retained in present status.",0,H Ways & Means,0,0,2010-02-28,AN ACT Relating to containing costs for services to sexually violent predators;,0,Containing costs for services to sexually violent predators.,House,10032,H-5427.1,0,0,0,0,Sexually violent predators,Bill,B,(Ericks),1,0
1,0,2009-10,HB 3199,3199,,,,,2010-03-15,0,0,HB 3199,"By resolution, reintroduced and retained in present status.",0,H Ways & Means,0,0,2010-02-28,AN ACT Relating to transferring and consolidating state agencies and programs;,0,Transferring and consolidating state agencies and programs.,House,5155,H-5445.1,0,0,0,0,State agencies and programs,Bill,B,(Hunt),0,0
1,0,2009-10,HB 3200,3200,,,,,2010-03-15,0,0,HB 3200,"By resolution, reintroduced and retained in present status.",0,H Ways & Means,0,0,2010-02-28,AN ACT Relating to placing limitations on alternative learning experiences in public schools;,0,Placing limitations on alternative learning experiences in public schools.,House,5155,H-5452.1,0,0,0,0,Alternative learning/limits,Bill,B,(Hunt),0,0
0,0,2009-10,HB 3201,3201,,,,,2010-03-10,0,0,HB 3201,1st substitute bill substituted.,0,H subst for,0,0,2010-03-01,AN ACT Relating to fees for treatment services and outreach for children with heritable disorders;,0,Fees for infant screening.,House,8286,H-5395.1,0,0,0,0,Infant disorders screening,Bill,B,(Pettigrew),1,0
1,0,2009-10,SHB 3201,3201,,,,,2010-04-13,1,1,SHB 3201,Effective date 7/13/2010.,0,C 17 L 10 E1,0,0,2010-03-09,AN ACT Relating to fees for treatment services and outreach for children with heritable disorders;,0,Fees for infant screening.,House,8286,H-5664.1,0,0,0,0,Infant disorders screening,Bill,B,(Pettigrew),1,1
1,0,2009-10,HB 3202,3202,,,,,2010-03-15,0,0,HB 3202,"By resolution, reintroduced and retained in present status.",0,H Rules C,0,0,2010-03-01,"AN ACT Relating to revising the medicaid nursing facility payment system by moving rebasing to even years, changing the case mix adjustment cycle to six months, establishing pay for performance, adjusting rates based upon rates of direct care staff turnover, and modifying components related to variable return, operations, property, and finance;",0,Concerning the nursing facility medicaid payment system.,House,1543,H-5027.2,0,0,0,0,Nursing facilities/medicaid,Bill,B,(Cody),1,0
1,0,2009-10,SHB 3202,3202,,,,,2010-03-15,0,1,SHB 3202,"By resolution, reintroduced and retained in present status.",0,H Rules C,0,0,2010-03-09,"AN ACT Relating to revising the medicaid nursing facility payment system by moving rebasing to even years, changing the case mix adjustment cycle to six months, establishing pay for performance, adjusting rates based upon rates of direct care staff turnover, and modifying components related to variable return, operations, property, and finance;",0,Concerning the nursing facility medicaid payment system.,House,1543,H-5665.1,0,0,0,0,Nursing facilities/medicaid,Bill,B,(Cody),0,1
1,0,2009-10,HB 3203,3203,,,,,2010-03-15,0,0,HB 3203,"By resolution, reintroduced and retained in present status.",0,H Ways & Means,0,0,2010-03-01,AN ACT Relating to the authority of the health care authority to offer health coverage plans to nonsubsidized enrollees;,0,Concerning the authority of the health care authority to offer health coverage plans to nonsubsidized enrollees.,House,12068,H-5467.1,0,0,0,0,Health care authority,Bill,B,(Seaquist),0,0
1,0,2009-10,HB 3204,3204,,,,,2010-03-15,0,0,HB 3204,"By resolution, reintroduced and retained in present status.",0,H Finance,0,0,2010-03-01,AN ACT Relating to modifying Washington state excise tax laws;,0,Modifying Washington state excise tax laws.,House,1543,H-5468.1,0,0,0,0,State excise tax laws,Bill,B,(Cody),1,0
1,0,2009-10,HB 3205,3205,,,,,2010-03-15,0,0,HB 3205,"By resolution, reintroduced and retained in present status.",0,H Cap Budget,0,0,2010-03-01,AN ACT Relating to creating jobs by funding construction of energy cost saving improvements to schools and public facilities.,0,Relating to creating jobs by funding construction of energy cost saving improvements to schools and public facilities.,House,630,H-5486.1,0,0,0,0,Creating jobs T.O.,Bill,B,(Dunshee),0,0
1,0,2009-10,HB 3206,3206,,,,,2010-03-15,0,0,HB 3206,"By resolution, reintroduced and retained in present status.",0,H Finance,0,0,2010-03-01,AN ACT Relating to creating the restoring vital state programs act of 2010.,0,Relating to creating the restoring vital state programs act of 2010.,House,8222,H-4465.1,0,0,0,0,Restoring programs T.O.,Bill,B,(Hunter),0,0
1,0,2009-10,HB 3207,3207,,,,,2010-03-15,0,0,HB 3207,"By resolution, reintroduced and retained in present status.",0,H Finance,0,0,2010-03-01,AN ACT Relating to creating the state revenues act of 2010.,0,Relating to creating the state revenues act of 2010.,House,8222,H-4466.1,0,0,0,0,State revenues T.O.,Bill,B,(Hunter),0,0
1,0,2009-10,HB 3208,3208,,,,,2010-03-15,0,0,HB 3208,"By resolution, reintroduced and retained in present status.",0,H Judiciary,0,0,2010-03-01,AN ACT Relating to indemnification agreements involving design professionals;,0,Limiting indemnification agreements involving design professionals.,House,3475,H-5410.1,0,0,0,0,Design professionals,Bill,B,(Haigh),0,0
0,0,2009-10,HB 3209,3209,,,,,2010-03-05,0,0,HB 3209,1st substitute bill substituted.,0,H subst for,0,0,2010-03-01,AN ACT Relating to managing costs of the ferry system;,0,Managing costs of the ferry system.,House,8209,H-5496.1,0,0,0,0,Managing ferry system costs,Bill,B,(Clibborn),0,0
1,1,2009-10,ESHB 3209,3209,,,,,2010-04-01,1,1,ESHB 3209,Effective date 4/1/2010.,1,C 283 L 10,0,1,2010-03-04,AN ACT Relating to managing costs of the ferry system;,0,Managing costs of the ferry system.,House,8209,H-5571.2,0,0,0,0,Managing ferry system costs,Bill,B,(Clibborn),0,1
1,0,2009-10,HB 3210,3210,,2009-10,SB 6887,SWays & Means,2010-03-15,0,0,HB 3210,"By resolution, reintroduced and retained in present status.",0,H Ways & Means,0,0,2010-03-01,AN ACT Relating to delaying the implementation dates for long-term care worker training and certification;,0,Delaying implementation dates for long-term care worker training and certification.,House,1232,H-5168.1,0,0,0,0,Long-term care workers,Bill,B,(Walsh),0,0
1,0,2009-10,HB 3211,3211,,,,,2010-03-15,0,0,HB 3211,"By resolution, reintroduced and retained in present status.",0,H SGTribalAff,0,0,2010-03-06,AN ACT Relating to public records;,0,Limiting the use of text messaging functions on publicly owned wireless devices.,House,13546,H-5573.1,0,0,0,0,Public records/texting,Bill,B,(Liias),0,0
1,0,2009-10,HB 3212,3212,,,,,2010-03-15,0,0,HB 3212,"By resolution, reintroduced and retained in present status.",0,H Fin Inst & Ins,0,0,2010-03-09,AN ACT Relating to licensees under the consumer loan act;,0,Placing a limitation on licensees under the consumer loan act.,House,13161,H-5590.1,0,0,0,0,Consumer loan act/licensees,Bill,B,(Nelson),0,0
1,0,2009-10,HB 3213,3213,,,,,2010-03-15,0,0,HB 3213,"By resolution, reintroduced and retained in present status.",0,H Fin Inst & Ins,0,0,2010-03-09,AN ACT Relating to placing limitations on making small loans;,0,Placing limitations on making small loans.,House,13161,H-5593.1,0,0,0,0,Small loans/limitations,Bill,B,(Nelson),0,0
1,0,2009-10,HB 3214,3214,,,,,2010-03-18,0,0,HB 3214,"First reading, referred to Judiciary.",0,H Judiciary,0,0,2010-03-18,AN ACT Relating to creating an alternative to foreclosure based on shared appreciation;,0,Creating an alternative to foreclosure based on shared appreciation.,House,8215,H-5794.2,0,0,0,0,Foreclosure alternative,Bill,B,(Hudgins),0,0
1,0,2009-10,HB 3215,3215,,,,,2010-03-18,0,0,HB 3215,"First reading, referred to Judiciary.",0,H Judiciary,0,0,2010-03-18,AN ACT Relating to protecting and assisting consumers and homeowners from unfair lending practices and during foreclosure proceedings;,1,Protecting and assisting consumers and homeowners from unfair lending practices and during foreclosure proceedings.,House,8215,H-5422.1,0,0,0,0,Unfair lending & foreclosure,Bill,B,(Hudgins),1,0
1,0,2009-10,HB 3216,3216,,,,,2010-04-02,0,1,HB 3216,Returned to Rules Committee for second reading.,0,H Rules C,0,0,2010-03-18,AN ACT Relating to enhanced 911 emergency communications services;,1,Concerning enhanced 911 emergency communications services.,House,2144,H-5805.1,0,0,0,0,Enhanced 911 services,Bill,B,(Morris),1,0
1,0,2009-10,HB 3217,3217,,,,,2010-04-02,0,0,HB 3217,"First reading, referred to Finance.",0,H Finance,0,0,2010-04-02,AN ACT Relating to a Washington small business taxpayer bill of rights;,0,Providing a Washington small business taxpayer bill of rights.,House,619,H-5836.1,0,0,0,0,Small business taxpayers,Bill,B,(Campbell),0,0
1,0,2009-10,HB 3218,3218,,,,,2010-04-12,0,1,HB 3218,Returned to Rules Committee for second reading.,0,H Rules C,0,0,2010-04-09,AN ACT Relating to boards and commissions;,0,"Correcting technical errors in chapter 7, Laws of 2010 1st sp. sess.",House,8215,H-5839.2,0,0,0,0,Boards and commissions,Bill,B,(Hudgins),0,0
1,0,2009-10,HB 3219,3219,,,,,2010-04-23,0,1,HB 3219,Effective date 7/13/2010*.,1,C 26 L 10 E1,0,0,2010-04-09,AN ACT Relating to technical corrections to the Revised Code of Washington;,0,Making technical corrections to the Revised Code of Washington.,House,11999,Z-1242.1,0,0,0,0,RCW technical corrections,Bill,B,(Goodman),0,0
1,0,2009-10,HB 3220,3220,,,,,2010-04-09,0,0,HB 3220,"First reading, referred to Higher Education.",0,H Hi Ed,0,0,2010-04-09,AN ACT Relating to providing a permanent and stable source of funding for the state community colleges;,0,Providing a permanent and stable source of funding for the state community colleges.,House,10030,H-5833.1,0,0,0,0,Community colleges/funding,Bill,B,(Hasegawa),0,0
1,0,2009-10,HB 3221,3221,,,,,2010-04-12,0,0,HB 3221,"First reading, referred to Finance.",0,H Finance,0,0,2010-04-12,AN ACT Relating to eliminating the business and occupation tax surcharge on real estate brokers;,0,Eliminating the business and occupation tax surcharge on real estate brokers.,House,11999,H-5860.1,0,0,0,0,Real estate brokers B&O tax,Bill,B,(Goodman),0,0
1,0,2009-10,HB 3223,3223,,2009-10,SB 6892,Ssubst for,2010-12-11,0,0,HB 3223,"First reading, referred to Ways & Means.",0,H Ways & Means,0,0,2010-12-11,"AN ACT Relating to establishing a temporary penalty and interest waiver program for certain penalties and interest on delinquent state and local sales and use taxes, state business and occupation taxes, and state public utility taxes;",0,Establishing a temporary penalty and interest waiver program for certain excise taxes administered by the department of revenue.,House,8222,Z-0288.4,0,1,0,0,Tax delinquency waivers,Bill,B,(Hunter),1,0
1,0,2009-10,HB 3224,3224,,,,,2010-12-11,0,0,HB 3224,"First reading, referred to Ways & Means.",0,H Ways & Means,0,0,2010-12-11,AN ACT Relating to the suspension of the child support pass through;,0,Suspending the child support pass through payment.,House,8286,Z-0277.2,0,1,0,0,Child support pass through,Bill,B,(Pettigrew),0,0
1,0,2009-10,HB 3225,3225,,,,,2010-12-14,0,1,HB 3225,Effective date 12/11/2010.,0,C 1 L 10 E2,0,0,2010-12-11,AN ACT Relating to fiscal matters;,0,Making 2009-2011 supplemental operating appropriations.,House,1218,H-0409.2,0,0,0,0,2nd op. supp. budget 2010,Bill,B,(Sullivan),0,0
1,0,2009-10,HJM 4020,4020,,2009-10,SJM 8023,SRules X,2010-03-15,0,0,HJM 4020,"By resolution, reintroduced and retained in present status.",0,H Rules R,0,0,2010-01-11,,0,Petitioning Congress to fully fund forty percent of the costs of the federal Individuals with Disabilities Education Act (IDEA).,House,1570,H-3787.1,0,0,0,0,Funding of IDEA costs,Joint Memorial,JM,(Dickerson),0,0
1,0,2009-10,HJM 4021,4021,,,,,2010-03-15,0,0,HJM 4021,"By resolution, reintroduced and retained in present status.",0,H Fin Inst & Ins,0,0,2010-01-11,,0,Requesting the restriction of executive compensation at financial institutions that received federal bailout funds.,House,1570,H-3800.1,0,0,0,0,Executive compensation,Joint Memorial,JM,(Dickerson),0,0
1,0,2009-10,HJM 4022,4022,,,,,2010-03-15,0,0,HJM 4022,"By resolution, reintroduced and retained in present status.",0,H HC/Wellness,0,0,2010-01-12,,0,Petitioning congress to repeal the antitrust provisions of the McCarran-Ferguson Act.,House,619,H-4223.1,0,0,0,0,McCarran-Ferguson act,Joint Memorial,JM,(Campbell),0,0
1,0,2009-10,HJM 4023,4023,,,,,2010-03-15,0,0,HJM 4023,"By resolution, reintroduced and retained in present status.",0,H Ways & Means,0,0,2010-01-13,,0,Requesting that certain actions be taken to reduce the federal budget deficit.,House,5160,H-3812.2,0,0,0,0,Federal budget deficit,Joint Memorial,JM,(Anderson),0,0
1,0,2009-10,HJM 4024,4024,,,,,2010-03-15,0,0,HJM 4024,"By resolution, reintroduced and retained in present status.",0,H Rules 3C,0,0,2010-01-15,,0,"Concerning a memorial petitioning for the elimination of the term ""mentally retarded"" in federal law.",House,14208,H-4159.2,0,0,0,0,"""Mentally retarded""/fed. law",Joint Memorial,JM,(Angel),0,0
1,0,2009-10,HJM 4025,4025,,2009-10,SJM 8021,SGovtOp & Elect,2010-03-15,0,0,HJM 4025,"By resolution, reintroduced and retained in present status.",0,H Rules 3C,0,0,2010-01-19,,0,Honoring Vietnam veterans.,House,2149,H-4136.1,0,0,0,0,Honoring Vietnam veterans,Joint Memorial,JM,(O'Brien),0,0
1,0,2009-10,HJM 4026,4026,,,,,2010-03-15,0,0,HJM 4026,"By resolution, reintroduced and retained in present status.",0,H Commerce/Lab,0,0,2010-01-22,,0,Urging reformation of the defense base act of 1941.,House,12001,H-4511.2,0,0,0,0,Defense base act of 1941,Joint Memorial,JM,(Kelley),0,0
1,0,2009-10,HJM 4027,4027,,2009-10,SJM 8025,SFiled Sec/St,2010-03-15,0,0,HJM 4027,"By resolution, reintroduced and retained in present status.",0,H Rules 3C,0,0,2010-01-25,,0,Requesting that a retired space shuttle orbiter be transferred to Washington's museum of flight.,House,10030,Z-1210.4,0,0,1,0,Space shuttle orbiter,Joint Memorial,JM,(Hasegawa),0,0
1,0,2009-10,HJM 4028,4028,,,,,2010-03-15,0,0,HJM 4028,"By resolution, reintroduced and retained in present status.",0,H Ecology & Park,0,0,2010-01-26,,0,Requesting comprehensive clean energy jobs and climate legislation.,House,1407,H-4581.1,0,0,0,0,Clean energy jobs & climate,Joint Memorial,JM,(Chase),0,0
1,0,2009-10,HJM 4029,4029,,,,,2010-03-15,0,0,HJM 4029,"By resolution, reintroduced and retained in present status.",0,H Rules R,0,0,2010-01-28,,0,Requesting certain federal entities to actively support certain community bank policies and legislation.,House,8238,H-4775.1,0,0,0,0,Community bank policies,Joint Memorial,JM,(Bailey),0,0
1,0,2009-10,SHJM 4029,4029,,,,,2010-03-15,0,0,SHJM 4029,"By resolution, reintroduced and retained in present status.",0,H Rules R,0,0,2010-01-28,,0,Requesting certain federal entities to actively support certain community bank policies and legislation.,House,8238,H-4820.1,0,0,0,0,Community bank policies,Joint Memorial,JM,(Bailey),0,1
1,0,2009-10,HJM 4030,4030,,,,,2010-03-15,0,0,HJM 4030,"By resolution, reintroduced and retained in present status.",0,H Finance,0,0,2010-02-15,,0,Petitioning to make the state sales tax deduction a permanent federal income tax deduction.,House,13546,H-5196.1,0,0,0,0,State sales tax deduction,Joint Memorial,JM,(Liias),0,0
1,0,2009-10,HJR 4213,4213,,,,,2010-03-15,0,0,HJR 4213,"By resolution, reintroduced and retained in present status.",0,H Pub Safety,0,0,2010-01-11,,0,Adopting the Lakewood Law Enforcement Memorial Act to amend the state Constitution to exempt certain persons charged with a most serious crime from being bailable if proof is evident that the individual is potentially dangerous to other people in the community.,House,14276,H-3777.1,0,0,0,0,Lakewood Law Enf Mem Act,Joint Resolution,JR,(Hope),0,0
1,0,2009-10,HJR 4214,4214,,,,,2010-03-15,0,0,HJR 4214,"By resolution, reintroduced and retained in present status.",0,H Pub Safety,0,0,2010-01-11,,1,Adopting the Lakewood Law Enforcement Memorial Act to amend the state Constitution to exempt certain persons charged with a most serious crime from being bailable if proof is evident that the individual is potentially dangerous to other people in the community.,House,12001,H-3778.1,0,0,0,0,Lakewood Law Enf Mem Act,Joint Resolution,JR,(Kelley),1,0
1,0,2009-10,HJR 4215,4215,,,,,2010-03-15,0,0,HJR 4215,"By resolution, reintroduced and retained in present status.",0,H Tech/En/Com,0,0,2010-01-11,,0,Amending the state Constitution to require that hydroelectric generation be recognized as a renewable resource.,House,9996,H-3629.1,0,0,0,0,Hydroelectric generation,Joint Resolution,JR,(Haler),1,0
1,0,2009-10,HJR 4216,4216,,,,,2010-03-15,0,0,HJR 4216,"By resolution, reintroduced and retained in present status.",0,H Judiciary,0,0,2010-01-11,,0,Eliminating the mandatory retirement age for judges.,House,8212,H-3865.1,0,0,0,0,Retirement age for judges,Joint Resolution,JR,(Moeller),0,0
1,0,2009-10,HJR 4217,4217,,,,,2010-03-15,0,0,HJR 4217,"By resolution, reintroduced and retained in present status.",0,H SGTribalAff,0,0,2010-01-12,,0,Authorizing a regular session of the legislature each odd-numbered year.,House,8240,H-3527.2,0,0,0,0,Legisl session/odd-#'d years,Joint Resolution,JR,(Hinkle),0,0
1,0,2009-10,HJR 4218,4218,,2009-10,SJR 8218,Ssubst for,2010-03-15,0,0,HJR 4218,"By resolution, reintroduced and retained in present status.",0,H Pub Safety,0,0,2010-01-12,,0,Amending the state Constitution so that offenses that may result in a mandatory life sentence upon conviction are not bailable by sufficient sureties.,House,12001,H-4189.1,0,0,0,0,Offenses not bailable,Joint Resolution,JR,(Kelley),0,0
1,0,2009-10,HJR 4219,4219,,,,,2010-03-15,0,0,HJR 4219,"By resolution, reintroduced and retained in present status.",0,H SGTribalAff,0,0,2010-01-14,,0,Amending the state Constitution to prohibit the holding of more than one elected office for certain individuals.,House,10031,H-4259.1,0,0,0,0,Holding two elected offices,Joint Resolution,JR,(Appleton),0,0
0,0,2009-10,HJR 4220,4220,,2009-10,SJR 8224,SJudiciary,2010-02-05,0,0,HJR 4220,1st substitute bill substituted.,0,H subst for,0,0,2010-01-18,,1,Amending the state Constitution so that the provision relating to bailable crimes by sufficient sureties is modified.,House,14276,Z-1188.1,0,0,1,0,Bailable crimes/st. Const.,Joint Resolution,JR,(Hope),1,0
1,0,2009-10,ESHJR 4220,4220,,,,,2010-03-11,1,1,ESHJR 4220,Filed with Secretary of State.,0,H Filed Sec/St,0,1,2010-01-22,,0,Amending the state Constitution so that the provision relating to bailable crimes by sufficient sureties is modified.,House,14276,H-4670.1,0,0,1,0,Bailable crimes/st. Const.,Joint Resolution,JR,(Hope),0,1
1,0,2009-10,HJR 4221,4221,,2009-10,SJR 8219,SWays & Means,2010-03-15,0,0,HJR 4221,"By resolution, reintroduced and retained in present status.",0,H Finance,0,0,2010-01-22,,0,Amending the Constitution to allow an income tax.,House,1407,H-4440.1,0,0,0,0,State income tax,Joint Resolution,JR,(Chase),0,0
1,0,2009-10,HJR 4222,4222,,2009-10,SJR 8225,SFiled Sec/St,2010-03-15,0,0,HJR 4222,"By resolution, reintroduced and retained in present status.",0,H Rules C,0,0,2010-01-25,,0,"Resolving to define ""interest"" in the state Constitution.",House,9207,Z-1219.1,0,1,0,0,"""Interest""/st. Const.",Joint Resolution,JR,(Ormsby),1,0
1,0,2009-10,HJR 4223,4223,,,,,2010-03-15,0,0,HJR 4223,"By resolution, reintroduced and retained in present status.",0,H SGTribalAff,0,0,2010-01-29,,0,Restricting salary increases for legislators under specific circumstances.,House,8240,H-4768.1,0,0,0,0,Legislator salary increases,Joint Resolution,JR,(Hinkle),0,0
1,0,2009-10,HJR 4224,4224,,,,,2010-03-15,0,0,HJR 4224,"By resolution, reintroduced and retained in present status.",0,H Fin Inst & Ins,0,0,2010-02-03,,0,Authorizing a state bank of Washington.,House,10030,H-4717.1,0,0,0,0,State bank of Washington,Joint Resolution,JR,(Hasegawa),0,0
1,0,2009-10,HJR 4225,4225,,,,,2010-03-15,0,0,HJR 4225,"By resolution, reintroduced and retained in present status.",0,H Ways & Means,0,0,2010-02-08,,0,Amending the Constitution to prioritize basic education expenditures within the state appropriations process.,House,5160,H-5033.2,0,0,0,0,Basic education expenditures,Joint Resolution,JR,(Anderson),0,0
1,0,2009-10,HCR 4406,4406,,,,,2010-01-12,0,0,HCR 4406,Filed with Secretary of State.,0,H Filed Sec/St,0,0,2010-01-11,,0,Providing for reintroduction of bills from last session.,House,643,H-4000.1,0,0,0,0,Reintroduction of 2009 bills,Concurrent Resolution,CR,(Kessler),0,0
1,0,2009-10,HCR 4407,4407,,,,,2010-01-12,0,0,HCR 4407,Filed with Secretary of State.,0,H Filed Sec/St,0,0,2010-01-11,,0,Calling for a joint session.,House,643,H-3999.1,0,0,0,0,Joint session,Concurrent Resolution,CR,(Kessler),0,0
1,0,2009-10,HCR 4408,4408,,,,,2010-03-11,0,0,HCR 4408,Filed with Secretary of State.,0,H Filed Sec/St,0,0,2010-03-11,,0,Returning bills to their house of origin.,House,643,H-5679.1,0,0,0,0,"Bills, house of origin",Concurrent Resolution,CR,(Kessler),0,0
1,0,2009-10,HCR 4409,4409,,,,,2010-03-22,0,0,HCR 4409,Filed with Secretary of State.,0,H Filed Sec/St,0,0,2010-03-15,,0,"Specifying the status of bills, memorials, and resolutions for the 2010 first special session of the Sixty-first legislature.",House,643,H-5725.1,0,0,0,0,Special session/bill status,Concurrent Resolution,CR,(Kessler),0,0
1,0,2009-10,HCR 4410,4410,,,,,2010-04-12,0,0,HCR 4410,Filed with Secretary of State.,0,H Filed Sec/St,0,0,2010-04-12,,0,Adjourning sine die.,House,643,H-5866.1,0,0,0,0,Adjourning sine die,Concurrent Resolution,CR,(Kessler),0,0
1,0,2009-10,HR 4654,4654,,,,,2010-01-11,0,0,HR 4654,Adopted.,0,H Adopted,0,0,2010-01-11,,0,Amending House Rules.,House,643,H-4101.1,0,0,0,0,Amending House rules,Resolution,R,(Kessler),0,0
1,0,2009-10,HR 4656,4656,,,,,2010-01-18,0,0,HR 4656,Adopted.,0,H Adopted,0,0,2010-01-18,,0,Celebrating Children's Day.,House,14201,H-4381.1,0,0,0,0,Celebrating Children's Day,Resolution,R,(Probst),0,0
1,0,2009-10,HR 4657,4657,,,,,2010-01-18,0,0,HR 4657,Adopted.,0,H Adopted,0,0,2010-01-18,,0,"Honoring the Reverend Dr. Martin Luther King, Jr.",House,14325,H-4380.1,0,0,0,0,Dr. Martin Luther King,Resolution,R,(Carlyle),0,0
1,0,2009-10,HR 4658,4658,,,,,2010-01-29,0,0,HR 4658,Adopted.,0,H Adopted,0,0,2010-01-29,,0,Honoring Far West Agribusiness Association.,House,14256,H-4244.1,0,0,0,0,Far West Agribusiness Assn,Resolution,R,(Driscoll),0,0
1,0,2009-10,HR 4659,4659,,,,,2010-01-15,0,0,HR 4659,Adopted.,0,H Adopted,0,0,2010-01-15,,0,Recognizing the Seattle Sounders Football Club.,House,8215,H-4385.1,0,0,0,0,Seattle Sounders FC,Resolution,R,(Hudgins),0,0
1,0,2009-10,HR 4660,4660,,,,,2010-01-27,0,0,HR 4660,Adopted.,0,H Adopted,0,0,2010-01-27,,0,Honoring Henry Beauchamp.,House,14211,H-4409.1,0,0,0,0,Honoring Henry Beauchamp,Resolution,R,(Johnson),0,0
1,0,2009-10,HR 4661,4661,,,,,2010-01-22,0,0,HR 4661,Adopted.,0,H Adopted,0,0,2010-01-22,,0,Honoring the Washington national guard.,House,1659,H-4324.1,0,0,0,0,Washington national guard,Resolution,R,(Chopp),0,0
1,0,2009-10,HR 4662,4662,,,,,2010-01-28,0,0,HR 4662,Adopted.,0,H Adopted,0,0,2010-01-28,,0,Celebrating Osteoporosis Awareness and Prevention Month.,House,8238,H-4388.1,0,0,0,0,Osteoporosis Month,Resolution,R,(Bailey),0,0
1,0,2009-10,HR 4663,4663,,,,,2010-01-21,0,0,HR 4663,Adopted.,0,H Adopted,0,0,2010-01-21,,0,Honoring Governor Albert Rosellini.,House,1659,H-4588.1,0,0,0,0,Honoring Governor Rosellini,Resolution,R,(Chopp),0,0
1,0,2009-10,HR 4664,4664,,,,,2010-01-28,0,0,HR 4664,Adopted.,0,H Adopted,0,0,2010-01-28,,0,Recognizing the South Kitsap High School Marching Band.,House,12068,H-4625.1,0,0,0,0,S. Kitsap H.S. marching band,Resolution,R,(Seaquist),0,0
1,0,2009-10,HR 4665,4665,,,,,2010-01-25,0,0,HR 4665,Adopted.,0,H Adopted,0,0,2010-01-25,,0,Amending House Rules.,House,643,H-4648.1,0,0,0,0,Amending House rules,Resolution,R,(Kessler),0,0
1,0,2009-10,HR 4666,4666,,,,,2010-01-25,0,0,HR 4666,Adopted.,0,H Adopted,0,0,2010-01-25,,0,Recognizing civic education.,House,1712,H-4671.1,0,0,0,0,Recognizing civic education,Resolution,R,(Upthegrove),0,0
1,0,2009-10,HR 4667,4667,,,,,2010-02-01,0,0,HR 4667,Adopted.,0,H Adopted,0,0,2010-02-01,,0,Honoring the Adna Pirates.,House,2143,H-4695.1,0,0,0,0,Honoring the Adna Pirates,Resolution,R,(DeBolt),0,0
1,0,2009-10,HR 4668,4668,,,,,2010-02-24,0,0,HR 4668,Adopted.,0,H Adopted,0,0,2010-02-24,,0,Recognizing Bastyr University.,House,11999,H-4626.1,0,0,0,0,Bastyr University,Resolution,R,(Goodman),0,0
1,0,2009-10,HR 4669,4669,,,,,2010-01-28,0,0,HR 4669,Adopted.,0,H Adopted,0,0,2010-01-28,,0,Honoring PEAK leadership program participants.,House,12003,H-4679.1,0,0,0,0,PEAK leadership program,Resolution,R,(Van De Wege),0,0
1,0,2009-10,HR 4670,4670,,,,,2010-01-26,0,0,HR 4670,Adopted.,0,H Adopted,0,0,2010-01-26,,0,Supporting foster children and their participation in extracurricular activities.,House,3487,H-4723.1,0,0,0,0,Foster children,Resolution,R,(Kagi),0,0
1,0,2009-10,HR 4671,4671,,,,,2010-01-28,0,0,HR 4671,Adopted.,0,H Adopted,0,0,2010-01-28,,0,Recognizing the Catholic schools of Washington State.,House,649,H-4694.1,0,0,0,0,Recognizing Catholic schools,Resolution,R,(Quall),0,0
1,0,2009-10,HR 4672,4672,,,,,2010-02-22,0,0,HR 4672,Adopted.,0,H Adopted,0,0,2010-02-22,,0,Honoring Tomás Villanueva.,House,2314,H-4673.1,0,0,0,0,Honoring Tomás Villanueva,Resolution,R,(Kenney),0,0
1,0,2009-10,HR 4673,4673,,,,,2010-01-28,0,0,HR 4673,Adopted.,0,H Adopted,0,0,2010-01-28,,0,Recognizing the City of Mukilteo's commitment to environmental sustainability.,House,13546,H-4672.2,0,0,0,0,City of Mukilteo,Resolution,R,(Liias),0,0
1,0,2009-10,HR 4674,4674,,,,,2010-02-11,0,0,HR 4674,Adopted by Rules Committee.,0,H Adopted/Rule,0,0,2010-02-11,,0,Increasing brain injury awareness.,House,14208,H-4822.1,0,0,0,0,Brain injury awareness,Resolution,R,(Angel),0,0
1,0,2009-10,HR 4675,4675,,,,,2010-02-09,0,0,HR 4675,Adopted by Rules Committee.,0,H Adopted/Rule,0,0,2010-02-09,,0,Honoring John Stockton.,House,9207,H-4849.1,0,0,0,0,Honoring John Stockton,Resolution,R,(Ormsby),0,0
1,0,2009-10,HR 4676,4676,,,,,2010-03-03,0,0,HR 4676,Introduced.,0,H Introduced,0,0,2010-03-03,,0,Honoring Filipino Americans.,House,3469,H-4623.1,0,0,0,0,Honoring Filipino Americans,Resolution,R,(Chandler),0,0
1,0,2009-10,HR 4677,4677,,,,,2010-03-02,0,0,HR 4677,Introduced.,0,H Introduced,0,0,2010-03-02,,0,Recognizing and honoring the United States Navy.,House,8238,H-4823.1,0,0,0,0,United States Navy,Resolution,R,(Bailey),0,0
1,0,2009-10,HR 4678,4678,,,,,2010-02-22,0,0,HR 4678,Adopted.,0,H Adopted,0,0,2010-02-22,,0,Honoring Margaret Colf Hepola.,House,7635,H-4854.3,0,0,0,0,Margaret Colf Hepola,Resolution,R,(Orcutt),0,0
1,0,2009-10,HR 4679,4679,,,,,2010-02-03,0,0,HR 4679,Adopted.,0,H Adopted,0,0,2010-02-03,,0,Honoring the law enforcement officers who have given their lives in service to the people of the state of Washington.,House,1659,H-4949.1,0,0,0,0,Law enforcement officers,Resolution,R,(Chopp),0,0
1,0,2009-10,HR 4680,4680,,,,,2010-02-04,0,0,HR 4680,Adopted.,0,H Adopted,0,0,2010-02-04,,0,Recognizing the 4-H Youth Development Program.,House,643,H-4675.1,0,0,0,0,4-H youth developmnt program,Resolution,R,(Kessler),0,0
1,0,2009-10,HR 4681,4681,,,,,2010-02-09,0,0,HR 4681,Adopted by Rules Committee.,0,H Adopted/Rule,0,0,2010-02-09,,0,Celebrating Motorcycle Safety Awareness Month.,House,14201,H-4997.1,0,0,0,0,Motorcycle safety awareness,Resolution,R,(Probst),0,0
1,0,2009-10,HR 4682,4682,,,,,2010-02-26,0,0,HR 4682,Adopted.,0,H Adopted,0,0,2010-02-26,,0,Honoring Wolf Bauer.,House,649,H-4696.2,0,0,0,0,Honoring Wolf Bauer,Resolution,R,(Quall),0,0
1,0,2009-10,HR 4683,4683,,,,,2010-02-15,0,0,HR 4683,Adopted.,0,H Adopted,0,0,2010-02-15,,0,Celebrating Presidents' Day.,House,15097,H-5112.1,0,0,0,0,Celebrating Presidents' Day,Resolution,R,(Nealey),0,0
1,0,2009-10,HR 4684,4684,,,,,2010-02-25,0,0,HR 4684,Adopted.,0,H Adopted,0,0,2010-02-25,,0,Recognizing the Connell Centennial.,House,13209,H-5109.1,0,0,0,0,Connell Centennial,Resolution,R,(Schmick),0,0
1,0,2009-10,HR 4685,4685,,,,,2010-02-25,0,0,HR 4685,Adopted.,0,H Adopted,0,0,2010-02-25,,0,Honoring the St. John/Endicott High School volleyball team.,House,13209,H-5115.1,0,0,0,0,St. John/Endicott volleyball,Resolution,R,(Schmick),0,0
1,0,2009-10,HR 4686,4686,,,,,2010-02-25,0,0,HR 4686,Adopted.,0,H Adopted,0,0,2010-02-25,,0,Honoring the Colfax High School volleyball team.,House,13209,H-5116.1,0,0,0,0,Colfax H.S. volleyball team,Resolution,R,(Schmick),0,0
1,0,2009-10,HR 4687,4687,,,,,2010-02-25,0,0,HR 4687,Adopted.,0,H Adopted,0,0,2010-02-25,,0,Recognizing and honoring the 1-A state champion Connell High School football team.,House,13209,H-5100.1,0,0,0,0,Connell H.S. football team,Resolution,R,(Schmick),0,0
1,0,2009-10,HR 4688,4688,,,,,2010-02-25,0,0,HR 4688,Adopted.,0,H Adopted,0,0,2010-02-25,,0,Recognizing arts education.,House,643,H-5125.1,0,0,0,0,Recognizing arts education,Resolution,R,(Kessler),0,0
1,0,2009-10,HR 4689,4689,,,,,2010-02-19,0,0,HR 4689,Adopted.,0,H Adopted,0,0,2010-02-19,,0,Recognizing Japanese-American internees and World War II veterans.,House,10030,H-5207.1,0,0,0,0,WWII internees and veterans,Resolution,R,(Hasegawa),0,0
1,0,2009-10,HR 4690,4690,,,,,2010-02-25,0,0,HR 4690,Adopted.,0,H Adopted,0,0,2010-02-25,,0,Recognizing classified school employees.,House,649,H-5111.1,0,0,0,0,Classified school employees,Resolution,R,(Quall),0,0
1,0,2009-10,HR 4691,4691,,,,,2010-02-25,0,0,HR 4691,Adopted.,0,H Adopted,0,0,2010-02-25,,0,Recognizing the Skagit Valley Tulip Festival.,House,2144,H-4848.2,0,0,0,0,Skagit Valley tulip festival,Resolution,R,(Morris),0,0
1,0,2009-10,HR 4692,4692,,,,,2010-03-04,0,0,HR 4692,Adopted.,0,H Adopted,0,0,2010-03-04,,0,Honoring Ann Daley for her distinguished career in service to the people of Washington State.,House,8420,H-4725.1,0,0,0,0,Honoring Ann Daley,Resolution,R,(Wallace),0,0
1,0,2009-10,HR 4694,4694,,,,,2010-03-04,0,0,HR 4694,Adopted.,0,H Adopted,0,0,2010-03-04,,0,Recognizing Apolo Anton Ohno and J.R. Celski.,House,3478,H-5463.2,0,0,0,0,Apolo A. Ohno & J.R. Celski,Resolution,R,(Miloscia),0,0
1,0,2009-10,HR 4695,4695,,,,,2010-03-09,0,0,HR 4695,Adopted.,0,H Adopted,0,0,2010-03-09,,0,Honoring Representative Alex Wood.,House,9207,H-5661.1,0,0,0,0,Representative Alex Wood,Resolution,R,(Ormsby),0,0
1,0,2009-10,HR 4696,4696,,,,,2010-03-09,0,0,HR 4696,Adopted.,0,H Adopted,0,0,2010-03-09,,0,Honoring Representative Deb Wallace.,House,14201,H-5660.1,0,0,0,0,Representative Deb Wallace,Resolution,R,(Probst),0,0
1,0,2009-10,HR 4697,4697,,,,,2010-03-10,0,0,HR 4697,Adopted.,0,H Adopted,0,0,2010-03-10,,0,Honoring Representative Al O'Brien.,House,10032,H-5667.1,0,0,0,0,Representative Al O'Brien,Resolution,R,(Ericks),0,0
1,0,2009-10,HR 4698,4698,,,,,2010-03-10,0,0,HR 4698,Adopted.,0,H Adopted,0,0,2010-03-10,,0,Honoring Representative Dennis Flannigan.,House,5156,H-5676.1,0,0,0,0,Rep. Dennis Flannigan,Resolution,R,(Darneille),0,0
1,0,2009-10,HR 4699,4699,,,,,2010-03-10,0,0,HR 4699,Adopted.,0,H Adopted,0,0,2010-03-10,,0,Honoring Mark Ericks.,House,646,H-5673.1,0,0,0,0,Representative Mark Ericks,Resolution,R,(Linville),0,0
1,0,2009-10,HR 4700,4700,,,,,2010-03-11,0,0,HR 4700,Adopted.,0,H Adopted,0,0,2010-03-11,,0,Honoring Representative Quall.,House,2144,H-5662.1,0,0,0,0,Representative Dave Quall,Resolution,R,(Morris),0,0
1,0,2009-10,HR 4701,4701,,,,,2010-03-10,0,0,HR 4701,Adopted.,0,H Adopted,0,0,2010-03-10,,0,Celebrating Colton High School's girls' basketball state 1B championship.,House,13209,H-5683.1,0,0,0,0,Colton H.S. girls basketball,Resolution,R,(Schmick),0,0
1,0,2009-10,HR 4702,4702,,,,,2010-03-10,0,0,HR 4702,Adopted.,0,H Adopted,0,0,2010-03-10,,0,Recognizing the Colfax High School basketball team.,House,13209,H-5684.1,0,0,0,0,Colfax H.S. basketball team,Resolution,R,(Schmick),0,0
1,0,2009-10,HR 4704,4704,,,,,2010-03-10,0,0,HR 4704,Adopted.,0,H Adopted,0,0,2010-03-10,,0,Recognizing scholar-athletes.,House,8286,H-5691.1,0,0,0,0,Recognizing scholar-athletes,Resolution,R,(Pettigrew),0,0
1,0,2009-10,HR 4705,4705,,,,,2010-03-11,0,0,HR 4705,Adopted.,0,H Adopted,0,0,2010-03-11,,0,Expressing best wishes for the speedy recovery of Washington state patrol trooper Scott Johnson.,House,13546,H-5217.1,0,0,0,0,Trooper Scott Johnson,Resolution,R,(Liias),0,0
1,0,2009-10,HR 4706,4706,,,,,2010-03-11,0,0,HR 4706,Adopted.,0,H Adopted,0,0,2010-03-11,,0,Providing for conducting of interim business.,House,643,H-5700.1,0,0,0,0,Interim business of House,Resolution,R,(Kessler),0,0
1,0,2009-10,HR 4707,4707,,,,,2010-03-18,0,0,HR 4707,Adopted.,0,H Adopted,0,0,2010-03-18,,0,Honoring the River Ridge High School girls' basketball team.,House,5155,H-5781.1,0,0,0,0,River Ridge girls basketball,Resolution,R,(Hunt),0,0
0,0,2009-10,SSB 5041,5041,,,,,2010-02-10,0,1,SSB 5041,1st substitute bill not substituted.,0,S not subst,0,0,2010-01-28,AN ACT Relating to state contracts with veteran-owned businesses;,0,Concerning contracts with veteran-owned businesses.,Senate,10038,S-4274.1,0,0,0,1,Veteran-owned businesses,Bill,B,(Kilmer),0,1
1,0,2009-10,SSB 5046,5046,,,,,2010-03-10,0,0,SSB 5046,Effective date 6/10/2010.,0,C 6 L 10,0,0,2010-01-27,AN ACT Relating to placing symphony musicians under the jurisdiction of the public employment relations commission for purposes of collective bargaining;,0,Placing symphony musicians under the jurisdiction of the public employment relations commission for purposes of collective bargaining.,Senate,644,S-3444.3,0,0,0,0,Symphony musicians,Bill,B,(Kohl-Welles),1,1
1,0,2009-10,2SSB 5208,5208,,,,,2010-03-15,0,0,2SSB 5208,"By resolution, reintroduced and retained in present status.",0,S Rules X,0,0,2010-02-01,AN ACT Relating to punishment for domestic violence offenders;,0,Ensuring punishment for domestic violence offenders.,Senate,8159,S-4196.1,0,1,0,0,Domestic violence offenders,Bill,B,WM(Brandland),0,2
1,0,2009-10,SSB 5237,5237,,,,,2010-03-15,0,0,SSB 5237,"By resolution, reintroduced and retained in present status.",0,S Rules 3,0,0,2010-02-03,AN ACT Relating to an accelerated baccalaureate degree program;,0,Requiring the development of three-year baccalaureate programs.,Senate,655,S-4186.2,0,0,0,0,Three-year baccalaureate deg,Bill,B,(Shin),0,1
1,0,2009-10,SSB 5279,5279,,,,,2010-03-15,0,0,SSB 5279,"By resolution, reintroduced and retained in present status.",0,S Rules X,0,0,2010-01-29,AN ACT Relating to providing safe collection and disposal of unwanted drugs from residential sources through a producer provided and funded product stewardship program;,0,Providing for the safe collection and disposal of unwanted drugs from residential sources through a producer provided and funded product stewardship program.,Senate,2304,S-4341.1,0,0,0,0,Unwanted drug disposal,Bill,B,(Kline),1,1
1,0,2009-10,2SSB 5279,5279,,,,,2010-03-15,0,1,2SSB 5279,"By resolution, reintroduced and retained in present status.",0,S Rules X,0,0,2010-02-09,AN ACT Relating to providing safe collection and disposal of unwanted drugs from residential sources through a producer provided and funded product stewardship program;,0,Providing for the safe collection and disposal of unwanted drugs from residential sources through a producer provided and funded product stewardship program.,Senate,2304,S-4790.1,0,0,0,0,Unwanted drug disposal,Bill,B,WM(Kline),1,2
1,0,2009-10,ESSB 5543,5543,,,,,2010-03-19,1,1,ESSB 5543,Effective date 6/10/2010.,0,C 130 L 10,0,1,2010-02-05,AN ACT Relating to mercury reduction;,0,Reducing the release of mercury into the environment.,Senate,10056,S-4671.1,0,0,0,0,Mercury reduction,Bill,B,(Pridemore),1,1
1,0,2009-10,SSB 5548,5548,,,,,2010-03-15,0,1,SSB 5548,"By resolution, reintroduced and retained in present status.",0,S Rules 3,0,0,2010-02-03,AN ACT Relating to expanding certain public facilities eligible to be credited against the imposition of impact fees;,0,Expanding certain public facilities eligible to be credited against the imposition of impact fees.,Senate,174,S-4429.1,0,0,0,0,Pub facilities & impact fees,Bill,B,TRAN(Haugen),0,1
1,0,2009-10,2SSB 5786,5786,,,,,2010-03-15,0,0,2SSB 5786,"By resolution, reintroduced and retained in present status.",0,S Ways & Means,0,0,2010-02-05,AN ACT Relating to authorizing the creation of cultural access authorities;,0,Concerning cultural access areas.,Senate,143,S-4230.2,0,0,0,0,Cultural access authorities,Bill,B,(Fraser),0,2
0,0,2009-10,3SSB 5786,5786,,,,,0001-01-01,0,0,3SSB 5786,,0,,0,0,2010-02-05,,0,,Senate,143,,0,0,0,0,Cultural access authorities,Bill,B,(Fraser),0,3
1,0,2009-10,SSB 5838,5838,,,,,2010-03-15,0,0,SSB 5838,"By resolution, reintroduced and retained in present status.",0,S Rules X,0,0,2010-02-05,"AN ACT Relating to negligent driving resulting in substantial bodily harm, great bodily harm, or death of a vulnerable user of a public way;",1,"Concerning negligent driving resulting in substantial bodily harm, great bodily harm, or death of a vulnerable user of a public way.",Senate,5141,S-4211.4,0,0,0,0,Negligent driving,Bill,B,(McDermott),1,1
0,0,2009-10,SSB 5912,5912,,,,,2010-02-16,0,0,SSB 5912,2nd substitute bill substituted.,0,S subst for,0,0,2010-02-05,AN ACT Relating to public funding for supreme court campaigns;,0,Concerning public funding for supreme court campaigns.,Senate,12067,S-4706.1,0,0,0,0,Supreme court campaigns,Bill,B,(Oemig),1,1
1,0,2009-10,E2SSB 5912,5912,,,,,2010-03-15,0,1,E2SSB 5912,"By resolution, reintroduced and retained in present status.",0,S Rules 3,0,1,2010-02-09,AN ACT Relating to public funding for supreme court campaigns;,0,Concerning public funding for supreme court campaigns.,Senate,12067,S-4739.1,0,0,0,0,Supreme court campaigns,Bill,B,WM(Oemig),1,2
1,0,2009-10,2SSB 6109,6109,,,,,2010-03-15,0,0,2SSB 6109,"By resolution, reintroduced and retained in present status.",0,S Rules X,0,0,2010-02-09,AN ACT Relating to the Washington state ferries system;,0,Concerning the Washington state ferries system.,Senate,174,S-3892.6,0,0,0,0,State ferries system,Bill,B,TRAN(Haugen),0,2
1,0,2009-10,ESSB 6130,6130,,,,,2010-02-24,1,1,ESSB 6130,Effective date 2/24/2010.,0,C 4 L 10,0,1,2010-02-09,AN ACT Relating to amending provisions related to Initiative No. 960;,0,Amending provisions related to Initiative Measure No. 960.,Senate,337,S-4776.3,0,0,0,0,Initiative measure no. 960,Bill,B,WM(Prentice),1,1
0,0,2009-10,SSB 6142,6142,,,,,0001-01-01,0,0,SSB 6142,,0,,0,0,2010-03-06,,0,,Senate,337,,0,0,0,0,Retirement T.O.,Bill,B,(Prentice),0,1
1,1,2009-10,2ESSB 6143,6143,,,,,2010-04-23,1,1,2ESSB 6143,"Chapter 23, 2010 Laws 1st Special Session.",0,C 23 L 10 E1,0,2,2010-03-06,"AN ACT Relating to modifying excise tax laws to preserve funding for public schools, colleges, and universities, as well as other public systems essential for the safety, health, and security of all Washingtonians;",0,"Modifying excise tax laws to preserve funding for public schools, colleges, and universities, as well as other public systems essential for the safety, health, and security of all Washingtonians.",Senate,337,S-5382.1,0,0,0,0,Excise tax law modifications,Bill,B,WM(Prentice),1,1
1,0,2009-10,SB 6190,6190,,2009-10,HB 2410,HFinance,2010-03-15,0,0,SB 6190,"By resolution, reintroduced and retained in present status.",0,S FI/Hous/Ins,0,0,2010-01-11,AN ACT Relating to requiring full payment of all moneys due under the certificate of delinquency prior to any change of ownership of real property after a certificate of delinquency is issued;,1,Requiring full payment of all moneys due under the certificate of delinquency prior to any change of ownership of real property after a certificate of delinquency is issued.,Senate,6765,S-3394.1,0,0,0,0,Certificates of delinquency,Bill,B,(Berkey),1,0
1,0,2009-10,SB 6191,6191,,2009-10,HB 2406,C 26 L 10,2010-03-15,0,0,SB 6191,"By resolution, reintroduced and retained in present status.",0,S Rules X,0,0,2010-01-11,AN ACT Relating to updating and removing obsolete references from the statutes governing the joint legislative audit and review committee;,0,Concerning the joint legislative audit and review committee.,Senate,2142,S-3415.1,0,0,0,0,Joint leg audit & review com,Bill,B,(Parlette),0,0
0,0,2009-10,SB 6192,6192,,,,,2010-02-16,0,0,SB 6192,1st substitute bill substituted.,0,S subst for,0,0,2010-01-11,AN ACT Relating to the modification of restitution in juvenile cases;,0,Providing for modification of the disposition concerning restitution in juvenile cases.,Senate,11968,S-3289.1,0,0,0,0,Juvenile cases/restitution,Bill,B,(Marr),1,0
1,0,2009-10,SSB 6192,6192,,,,,2010-03-19,1,1,SSB 6192,Effective date 6/10/2010.,0,C 134 L 10,0,0,2010-02-01,AN ACT Relating to the modification of restitution in juvenile cases;,0,Providing for modification of the disposition concerning restitution in juvenile cases.,Senate,11968,S-4250.1,0,0,0,0,Juvenile cases/restitution,Bill,B,(Marr),0,1
1,0,2009-10,SB 6193,6193,,2009-10,HB 2756,Hsubst for,2010-03-15,0,0,SB 6193,"By resolution, reintroduced and retained in present status.",0,S Ways & Means,0,0,2010-01-11,AN ACT Relating to allowing medicare supplement insurance premiums to be deducted from the calculation of disposable income for the purpose of qualifying for senior property tax programs;,0,Allowing medicare supplement insurance premiums to be deducted from the calculation of disposable income for the purpose of qualifying for senior property tax programs.,Senate,11968,S-3422.1,0,0,0,0,Senior property tax programs,Bill,B,(Marr),1,0
1,0,2009-10,SB 6194,6194,,2009-10,HB 2898,HRules 3C,2010-03-15,0,0,SB 6194,"By resolution, reintroduced and retained in present status.",0,S Rules X,0,0,2010-01-11,AN ACT Relating to maintaining the current medicaid nursing facility payment methodology through simplification of the nursing facility medicaid payment system statute;,0,Simplifying medicaid payment for nursing facilities.,Senate,1950,Z-0960.1,0,1,0,0,Medicaid payment/nursing,Bill,B,(Keiser),1,0
1,0,2009-10,SB 6195,6195,,,,,2010-03-15,0,0,SB 6195,"By resolution, reintroduced and retained in present status.",0,S Rules X,0,0,2010-01-11,AN ACT Relating to mailing applications for distributions of excess proceeds from county tax lien foreclosures to the record owner;,1,Mailing applications for distributions of excess proceeds from county tax lien foreclosures to the record owner.,Senate,6765,S-3418.1,0,0,0,0,County tax lien foreclosures,Bill,B,(Berkey),0,0
1,0,2009-10,SB 6196,6196,,2009-10,HB 2403,Hsubst for,2010-03-15,0,1,SB 6196,"By resolution, reintroduced and retained in present status.",0,S Rules 3,0,0,2010-01-11,AN ACT Relating to military leave for public employees;,1,Concerning military leave for public employees.,Senate,12072,Z-0800.2,0,1,0,0,Military leave/pub employees,Bill,B,(Hobbs),1,0
0,0,2009-10,SB 6197,6197,,2009-10,HB 2404,Hsubst for,2010-02-10,0,0,SB 6197,1st substitute bill substituted.,0,S subst for,0,0,2010-01-11,AN ACT Relating to group life insurance;,0,Concerning group life insurance.,Senate,6765,S-3374.1,0,0,0,0,Group life insurance,Bill,B,(Berkey),1,0
1,0,2009-10,SSB 6197,6197,,,,,2010-03-10,0,0,SSB 6197,Effective date 6/10/2010.,0,C 13 L 10,0,0,2010-01-20,AN ACT Relating to group life insurance;,0,Concerning group life insurance.,Senate,6765,S-3795.2,0,0,0,0,Group life insurance,Bill,B,(Berkey),0,1
1,0,2009-10,SB 6198,6198,,2009-10,HB 2419,C 93 L 10,2010-03-15,0,0,SB 6198,"By resolution, reintroduced and retained in present status.",0,S Rules X,0,0,2010-01-11,AN ACT Relating to the exemption to the three-year active transacting requirement for foreign or alien insurer applicants;,0,Modifying the exemption to the three-year active transacting requirement for foreign or alien insurer applicants.,Senate,6765,S-3365.1,0,0,0,0,Foreign and alien insurers,Bill,B,(Berkey),0,0
1,0,2009-10,SB 6199,6199,,2009-10,HB 2423,HLG & Housing,2010-03-15,0,0,SB 6199,"By resolution, reintroduced and retained in present status.",0,S Judiciary,0,0,2010-01-11,AN ACT Relating to the community renewal law;,0,Modifying the community renewal law.,Senate,142,Z-0952.1,0,1,0,0,Community renewal law,Bill,B,(Franklin),1,0
1,0,2009-10,SB 6200,6200,,2009-10,HB 2425,HJudiciary,2010-03-15,0,0,SB 6200,"By resolution, reintroduced and retained in present status.",0,S Judiciary,0,0,2010-01-11,AN ACT Relating to prohibiting the use of eminent domain for economic development;,0,Prohibiting the use of eminent domain for economic development.,Senate,1586,Z-0962.1,0,1,0,0,Eminent domain,Bill,B,(Carrell),0,0
1,0,2009-10,SB 6201,6201,,2009-10,HB 2424,Hsubst for,2010-03-15,0,0,SB 6201,"By resolution, reintroduced and retained in present status.",0,S Judiciary,0,0,2010-01-11,AN ACT Relating to protecting children from sexual exploitation and abuse;,0,Protecting children from sexual exploitation and abuse.,Senate,2304,Z-0762.4,0,1,0,0,Sexual exploitation/children,Bill,B,(Kline),0,0
0,0,2009-10,SB 6202,6202,,2009-10,HB 2426,HPub Safety,2010-02-15,0,0,SB 6202,1st substitute bill substituted.,0,S subst for,0,0,2010-01-11,AN ACT Relating to vulnerable adults;,1,Expanding provisions relating to vulnerable adults.,Senate,171,Z-0767.4,0,1,0,0,Vulnerable adults,Bill,B,(Hargrove),1,0
1,0,2009-10,SSB 6202,6202,,,,,2010-03-19,1,1,SSB 6202,Effective date 6/10/2010.,0,C 133 L 10,0,0,2010-02-05,AN ACT Relating to vulnerable adults;,1,Expanding provisions relating to vulnerable adults.,Senate,171,S-4577.2,0,1,0,0,Vulnerable adults,Bill,B,(Hargrove),1,1
1,0,2009-10,SB 6203,6203,,,,,2010-03-15,0,0,SB 6203,"By resolution, reintroduced and retained in present status.",0,S Judiciary,0,0,2010-01-11,AN ACT Relating to punishment for domestic violence offenders;,1,Ensuring punishment for domestic violence offenders.,Senate,8159,Z-0764.2,0,1,0,0,Domestic violence offenders,Bill,B,(Brandland),1,0
1,0,2009-10,SB 6204,6204,,2009-10,HB 2845,HCommerce/Lab,2010-03-15,0,0,SB 6204,"By resolution, reintroduced and retained in present status.",0,S Rules X,0,0,2010-01-11,AN ACT Relating to privatizing the sale of liquor;,0,Privatizing the sale of liquor.,Senate,394,S-3335.3,0,0,0,0,Privatizing sale of liquor,Bill,B,(Sheldon),1,0
1,0,2009-10,SSB 6204,6204,,,,,2010-03-15,0,0,SSB 6204,"By resolution, reintroduced and retained in present status.",0,S Rules X,0,0,2010-02-05,AN ACT Relating to requesting the liquor control board to consult with the office of financial management and appropriate legislative committees to examine ways to increase efficiency and revenue through the sale of liquor;,0,Requesting the liquor control board to examine ways to increase efficiency and revenue.,Senate,394,S-4361.3,0,0,0,0,Liquor control board,Bill,B,(Sheldon),0,1
0,0,2009-10,SB 6205,6205,,,,,2010-02-12,0,0,SB 6205,1st substitute bill substituted.,0,S subst for,0,0,2010-01-11,AN ACT Relating to portions of state highways better served by merged fire districts under certain circumstances;,0,Concerning portions of state highways better served by merged districts under certain circumstances.,Senate,174,S-3331.1,0,0,0,0,Highways/merged districts,Bill,B,(Haugen),0,0
1,0,2009-10,SSB 6205,6205,,,,,2010-03-15,0,0,SSB 6205,"By resolution, reintroduced and retained in present status.",0,S Rules 3,0,0,2010-01-21,AN ACT Relating to portions of state highways better served by merged fire districts under certain circumstances;,0,Concerning portions of state highways better served by merged districts under certain circumstances.,Senate,174,S-4088.1,0,0,0,0,Highways/merged districts,Bill,B,TRAN(Haugen),0,1
1,0,2009-10,SB 6206,6206,,,,,2010-03-19,1,1,SB 6206,Effective date 6/10/2010.,0,C 137 L 10,0,0,2010-01-11,AN ACT Relating to authorizing extensions of the due dates for filing tax incentive accountability reports and surveys with the department of revenue;,0,Authorizing extensions of the due dates for filing tax incentive accountability reports and surveys with the department of revenue.,Senate,174,S-3334.1,0,0,0,0,Tax incentive accountability,Bill,B,(Haugen),1,0
0,0,2009-10,SB 6207,6207,,2009-10,HB 3109,HTrans,2010-02-10,0,0,SB 6207,1st substitute bill substituted.,0,S subst for,0,0,2010-01-11,AN ACT Relating to allowing local governments to create golf cart zones;,0,Allowing local governments to create golf cart zones.,Senate,174,S-3416.1,0,0,0,0,Golf cart zones/local govts,Bill,B,(Haugen),0,0
1,0,2009-10,SSB 6207,6207,,,,,2010-03-25,1,1,SSB 6207,Effective date 6/10/2010.,1,C 217 L 10,0,0,2010-01-20,AN ACT Relating to allowing local governments to create golf cart zones;,0,Allowing local governments to create golf cart zones.,Senate,174,S-3943.1,0,0,0,0,Golf cart zones/local govts,Bill,B,TRAN(Haugen),0,1
0,0,2009-10,SB 6208,6208,,,,,2010-02-12,0,0,SB 6208,1st substitute bill substituted.,0,S subst for,0,0,2010-01-11,AN ACT Relating to temporary agricultural directional signs on state highway rights-of-way;,0,Concerning temporary agricultural directional signs on state highway rights-of-way.,Senate,174,S-3301.1,0,0,0,0,Temp ag directional signs,Bill,B,(Haugen),0,0
1,0,2009-10,SSB 6208,6208,,,,,2010-03-19,1,1,SSB 6208,Effective date 6/10/2010.,0,C 138 L 10,0,0,2010-01-20,AN ACT Relating to temporary agricultural directional signs;,0,Concerning temporary agricultural directional signs.,Senate,174,S-3635.2,0,0,0,0,Temp ag directional signs,Bill,B,TRAN(Haugen),0,1
1,0,2009-10,SB 6209,6209,,,,,2010-03-12,0,0,SB 6209,Effective date 6/10/2010.,0,C 43 L 10,0,0,2010-01-11,AN ACT Relating to allowing moneys paid to county road funds to be used for park and ride lots;,0,Allowing moneys paid to county road funds to be used for park and ride lots.,Senate,174,S-3312.1,0,0,0,0,Park & ride lots/road funds,Bill,B,(Haugen),0,0
1,0,2009-10,SB 6210,6210,,,,,2010-03-15,0,0,SB 6210,"By resolution, reintroduced and retained in present status.",0,S Rules X,0,0,2010-01-11,AN ACT Relating to the preservation and conservation of agricultural resource lands;,0,Regarding the preservation and conservation of agricultural resource lands.,Senate,174,S-3324.1,0,0,0,0,Agricultural resource lands,Bill,B,(Haugen),1,0
1,0,2009-10,SSB 6210,6210,,,,,2010-03-15,0,0,SSB 6210,"By resolution, reintroduced and retained in present status.",0,S Rules X,0,0,2010-01-29,AN ACT Relating to the preservation and conservation of agricultural resource lands;,0,Regarding the preservation and conservation of agricultural resource lands.,Senate,174,S-4360.1,0,0,0,0,Agricultural resource lands,Bill,B,(Haugen),0,1
0,0,2009-10,SB 6211,6211,,,,,2010-02-05,0,0,SB 6211,1st substitute bill substituted.,0,S subst for,0,0,2010-01-11,AN ACT Relating to creating an agricultural scenic corridor within the scenic and recreational highway system;,0,Creating an agricultural scenic corridor within the scenic and recreational highway system.,Senate,174,S-3294.3,0,0,0,0,Agricultural scenic corridor,Bill,B,(Haugen),0,0
1,0,2009-10,SSB 6211,6211,,,,,2010-03-10,0,0,SSB 6211,Effective date 6/10/2010.,0,C 14 L 10,0,0,2010-01-18,AN ACT Relating to creating an agricultural scenic corridor within the scenic and recreational highway system;,0,Creating an agricultural scenic corridor within the scenic and recreational highway system.,Senate,174,S-3885.1,0,0,0,0,Agricultural scenic corridor,Bill,B,TRAN(Haugen),0,1
1,0,2009-10,SB 6212,6212,,,,,2010-03-15,0,0,SB 6212,"By resolution, reintroduced and retained in present status.",0,S NR/Ocean/Rec,0,0,2010-01-11,AN ACT Relating to permit review for small scale fish enhancement projects;,0,Regarding permit review for small scale fish enhancement projects.,Senate,174,S-3323.1,0,0,0,0,Small scale fish enhancement,Bill,B,(Haugen),1,0
0,0,2009-10,SB 6213,6213,,2009-10,HB 2441,HRules R,2010-02-05,0,0,SB 6213,1st substitute bill substituted.,0,S subst for,0,0,2010-01-11,AN ACT Relating to vehicles at railroad grade crossings;,0,Concerning vehicles at railroad grade crossings.,Senate,174,Z-0822.2,0,0,0,1,Railroad grade crossings,Bill,B,(Haugen),1,0
1,0,2009-10,SSB 6213,6213,,,,,2010-03-10,0,0,SSB 6213,Effective date 6/10/2010.,0,C 15 L 10,0,0,2010-01-20,AN ACT Relating to vehicles at railroad grade crossings;,0,Concerning vehicles at railroad grade crossings.,Senate,174,S-3722.2,0,0,0,1,Railroad grade crossings,Bill,B,TRAN(Haugen),1,1
0,0,2009-10,SB 6214,6214,,2009-10,HB 2442,HRules R,2010-02-10,0,0,SB 6214,1st substitute bill substituted.,0,S subst for,0,0,2010-01-11,AN ACT Relating to restructuring three growth management hearings boards into one board;,1,Restructuring three growth management hearings boards into one board.,Senate,174,Z-0877.2,0,0,0,1,Growth mgmt hearings boards,Bill,B,(Haugen),1,0
1,0,2009-10,SSB 6214,6214,,,,,2010-03-25,1,1,SSB 6214,Effective date 7/1/2010.,0,C 211 L 10,0,0,2010-02-01,AN ACT Relating to restructuring three growth management hearings boards into one board;,1,Restructuring three growth management hearings boards into one board.,Senate,174,S-4016.2,0,0,0,1,Growth mgmt hearings boards,Bill,B,(Haugen),1,1
1,0,2009-10,SB 6215,6215,,,,,2010-03-15,0,0,SB 6215,"By resolution, reintroduced and retained in present status.",0,S Ways & Means,0,0,2010-01-11,"AN ACT Relating to increasing property tax relief for senior citizens, persons retired by reason of disability, and veterans with certain service-connected disabilities;",1,"Increasing property tax relief for senior citizens, persons retired by reason of disability, and veterans with certain service-connected disabilities.",Senate,3481,S-3270.2,0,0,0,0,Property tax relief increase,Bill,B,(Rockefeller),1,0
1,0,2009-10,SB 6216,6216,,2009-10,HB 2578,HSGTribalAff,2010-03-15,0,1,SB 6216,"By resolution, reintroduced and retained in present status.",0,S Rules X,0,0,2010-01-11,AN ACT Relating to disclosure of existing property tax levies on ballot propositions subject to voter approval for levy lid lifts;,0,Concerning the disclosure of existing property tax levies on ballot propositions subject to voter approval for levy lid lifts.,Senate,3481,S-3428.1,0,0,0,0,Existing property tax levies,Bill,B,(Rockefeller),0,0
0,0,2009-10,SB 6217,6217,,2009-10,HB 2528,HRules 3C,2010-02-11,0,0,SB 6217,1st substitute bill substituted.,0,S subst for,0,0,2010-01-11,AN ACT Relating to retroactively applying certain intermediate license law amendments made during the 2009 legislative session;,0,Retroactively applying certain intermediate license law amendments made during the 2009 legislative session.,Senate,3481,S-3412.1,0,0,0,0,Intermediate license law,Bill,B,(Rockefeller),0,0
1,0,2009-10,SSB 6217,6217,,,,,2010-03-15,0,0,SSB 6217,"By resolution, reintroduced and retained in present status.",0,S Rules 3,0,0,2010-01-20,AN ACT Relating to retroactively applying certain intermediate license law amendments made during the 2009 legislative session;,0,Retroactively applying certain intermediate license law amendments made during the 2009 legislative session.,Senate,3481,S-3819.2,0,0,0,0,Intermediate license law,Bill,B,TRAN(Rockefeller),1,1
1,0,2009-10,SB 6218,6218,,2009-10,HB 2451,HRules R,2010-03-18,0,0,SB 6218,Effective date 6/10/2010.,0,C 115 L 10,0,0,2010-01-11,AN ACT Relating to modifying the local option capital asset lending program to authorize state use of certain voter approved excess tax levies to pay financing contracts and to clarify program participants;,0,"Authorizing use of voter approved local excess tax levies to pay financing contracts under the local option capital asset lending program and clarifying which ""other agencies"" may participate in the program.",Senate,143,Z-0946.1,0,1,0,0,Financing contracts payment,Bill,B,(Fraser),1,0
1,0,2009-10,SB 6219,6219,,2009-10,HB 2463,HRules R,2010-03-19,0,0,SB 6219,Effective date 6/10/2010.,0,C 139 L 10,0,0,2010-01-11,AN ACT Relating to funding sources for time certificate of deposit investments;,0,Funding sources for time certificate of deposit investments.,Senate,6765,Z-0944.1,0,1,0,0,Certif of deposit investment,Bill,B,(Berkey),0,0
1,0,2009-10,SB 6220,6220,,2009-10,HB 2452,HRules C,2010-04-13,0,0,SB 6220,Effective date 7/13/2010.,0,C 18 L 10 E1,0,0,2010-01-11,"AN ACT Relating to determination of the terms and conditions of bonds, notes, and other evidences of indebtedness of the state of Washington;",0,"Concerning determination of the terms and conditions of bonds, notes, and other evidences of indebtedness of the state of Washington.",Senate,143,Z-0945.1,0,0,0,1,State indebtedness/evidences,Bill,B,(Fraser),0,0
1,0,2009-10,2ESB 6221,6221,,2009-10,HB 2450,HRules R,2010-03-31,0,1,2ESB 6221,Effective date 7/13/2010.,0,C 10 L 10 E1,0,2,2010-01-11,AN ACT Relating to the clarifying and expanding participation in the Washington state local government investment pool;,1,Concerning clarification and expansion of eligibility to use the state's local government investment pool.,Senate,1603,Z-0943.1,0,1,0,0,Local govt investment pool,Bill,B,(Fairley),1,0
1,0,2009-10,SB 6222,6222,,,,,2010-03-15,0,0,SB 6222,"By resolution, reintroduced and retained in present status.",0,S GovtOp & Elect,0,0,2010-01-11,AN ACT Relating to exempting certain nonconviction data from public inspection and copying under the public records act;,0,Exempting certain nonconviction data from public inspection and copying under the public records act.,Senate,1583,S-3288.1,0,0,0,0,Nonconviction data,Bill,B,(Benton),0,0
1,0,2009-10,SB 6223,6223,,,,,2010-03-15,0,0,SB 6223,"By resolution, reintroduced and retained in present status.",0,S Judiciary,0,0,2010-01-11,AN ACT Relating to the deletion of nonconviction data;,0,Revising timelines for deletion of nonconviction data.,Senate,1583,S-3287.1,0,0,0,0,Nonconviction data/deletion,Bill,B,(Benton),0,0
0,0,2009-10,SB 6224,6224,,2009-10,HB 2443,Hsubst for,2010-02-11,0,0,SB 6224,1st substitute bill substituted.,0,S subst for,0,0,2010-01-11,AN ACT Relating to conforming the uniform controlled substances act to existing state and federal law;,0,Conforming the uniform controlled substances act to existing state and federal law.,Senate,1950,Z-0936.1,0,1,0,0,Controlled substances act,Bill,B,(Keiser),1,0
1,0,2009-10,SSB 6224,6224,,,,,2010-03-15,0,0,SSB 6224,"By resolution, reintroduced and retained in present status.",0,S Rules 3,0,0,2010-01-21,AN ACT Relating to conforming the uniform controlled substances act to existing state and federal law;,0,Conforming the uniform controlled substances act to existing state and federal law.,Senate,1950,S-3901.1,0,1,0,0,Controlled substances act,Bill,B,(Keiser),1,1
1,0,2009-10,SB 6225,6225,,2009-10,HB 2456,HRules 3C,2010-03-15,0,0,SB 6225,"By resolution, reintroduced and retained in present status.",0,S Rules X,0,0,2010-01-11,AN ACT Relating to population thresholds that determine the number of local councilmembers and receipt of local funds;,0,Concerning population thresholds that determine the number of local councilmembers and receipt of local funds.,Senate,652,S-3431.1,0,0,0,0,Local councilmembers & funds,Bill,B,(Schoesler),0,0
1,0,2009-10,SB 6226,6226,,,,,2010-03-15,0,0,SB 6226,"By resolution, reintroduced and retained in present status.",0,S HumServ/Corr,0,0,2010-01-11,AN ACT Relating to truancy petition compliance;,0,Changing provisions relating to truancy petition compliance.,Senate,657,S-3333.1,0,0,0,0,Truancy petition compliance,Bill,B,(Stevens),1,0
1,0,2009-10,SB 6227,6227,,2009-10,HB 2462,HRules 3C,2010-03-10,0,0,SB 6227,Effective date 6/10/2010.,0,C 16 L 10,0,0,2010-01-11,AN ACT Relating to permitting regularly enrolled students in a prescribed course of opticianry to practice under supervision without registering as an apprentice with the department of health;,0,Concerning the practice of opticianry.,Senate,14083,S-3347.1,0,0,0,0,Opticianry students,Bill,B,(Becker),1,0
1,0,2009-10,SB 6228,6228,,2009-10,HB 2460,C 109 L 10,2010-03-15,0,0,SB 6228,"By resolution, reintroduced and retained in present status.",0,S Rules X,0,0,2010-01-11,AN ACT Relating to organic products;,0,Regarding organic products.,Senate,174,Z-0976.1,0,1,0,0,Organic products,Bill,B,(Haugen),1,0
1,0,2009-10,SB 6229,6229,,2009-10,HB 2461,HRules 3C,2010-03-10,0,0,SB 6229,Effective date 6/10/2010.,0,C 17 L 10,0,0,2010-01-11,AN ACT Relating to the dairy inspection program;,0,Extending to 2015 the assessment levied under RCW 15.36.551 to support the dairy inspection program.,Senate,652,Z-0975.1,0,1,0,0,Dairy inspection program,Bill,B,(Schoesler),1,0
1,0,2009-10,SB 6230,6230,,2009-10,HB 2486,Hsubst for,2010-03-15,0,0,SB 6230,"By resolution, reintroduced and retained in present status.",0,S Judiciary,0,0,2010-01-11,AN ACT Relating to costs for the collection of DNA samples;,0,Concerning costs for the collection of DNA samples.,Senate,2304,S-3318.1,0,0,0,0,DNA sample collection costs,Bill,B,(Kline),0,0
0,0,2009-10,SB 6231,6231,,2009-10,HB 2464,Hsubst for,2010-02-08,0,0,SB 6231,1st substitute bill substituted.,0,S subst for,0,0,2010-01-11,"AN ACT Relating to approaching certain emergency, roadside assistance, or police vehicles in emergency zones;",0,"Implementing rules and penalties for drivers when approaching certain emergency, roadside assistance, or police vehicles in emergency zones.",Senate,11968,Z-0938.1,0,1,0,0,Vehicles in emergency zones,Bill,B,(Marr),1,0
1,0,2009-10,SSB 6231,6231,,,,,2010-03-15,0,1,SSB 6231,"By resolution, reintroduced and retained in present status.",0,S Rules 3,0,0,2010-01-21,"AN ACT Relating to approaching certain emergency, roadside assistance, or police vehicles in emergency zones;",1,"Implementing rules and penalties for drivers when approaching certain emergency, roadside assistance, or police vehicles in emergency zones.",Senate,11968,S-4085.1,0,1,0,0,Vehicles in emergency zones,Bill,B,TRAN(Marr),1,1
1,0,2009-10,SB 6232,6232,,2009-10,HB 2466,Hsubst for,2010-03-15,0,0,SB 6232,"By resolution, reintroduced and retained in present status.",0,S Judiciary,0,0,2010-01-11,AN ACT Relating to the regulation of ignition interlock devices;,0,Concerning the regulation of ignition interlock devices by the Washington state patrol.,Senate,1595,Z-0927.1,0,1,0,0,Ignition interlock devices,Bill,B,(Regala),0,0
1,0,2009-10,SB 6233,6233,,2009-10,HB 2465,C 53 L 10,2010-03-15,0,0,SB 6233,"By resolution, reintroduced and retained in present status.",0,S Judiciary,0,0,2010-01-11,AN ACT Relating to breath test instruments approved by the state toxicologist;,0,Concerning breath test instruments approved by the state toxicologist.,Senate,2304,Z-0934.1,0,1,0,0,Breath test instruments,Bill,B,(Kline),1,0
1,0,2009-10,SB 6234,6234,,2009-10,HB 2472,HRules C,2010-03-15,0,1,SB 6234,"By resolution, reintroduced and retained in present status.",0,S Rules X,0,0,2010-01-11,AN ACT Relating to fishery license limitation programs;,0,Regarding the sea urchin and sea cucumber license limitation programs.,Senate,1666,Z-0820.2,0,1,0,0,Sea urchins and cucumbers,Bill,B,(Swecker),1,0
1,0,2009-10,SB 6235,6235,,2009-10,HB 2420,Hsubst for,2010-03-15,0,0,SB 6235,"By resolution, reintroduced and retained in present status.",0,S Rules X,0,0,2010-01-11,AN ACT Relating to the promotion of the industries that rely on the state's working land base;,0,Promoting industries that rely on the state's working land base.,Senate,171,S-3439.1,0,0,0,0,Industries/working land base,Bill,B,(Hargrove),1,0
1,0,2009-10,SSB 6235,6235,,,,,2010-03-15,0,0,SSB 6235,"By resolution, reintroduced and retained in present status.",0,S Rules X,0,0,2010-02-04,AN ACT Relating to the promotion of the industries that rely on the state's working land base;,0,Promoting industries that rely on the state's working land base.,Senate,171,S-4573.1,0,0,0,0,Industries/working land base,Bill,B,(Hargrove),1,1
1,0,2009-10,SB 6236,6236,,2009-10,HB 2481,Hsubst for,2010-03-15,0,0,SB 6236,"By resolution, reintroduced and retained in present status.",0,S NR/Ocean/Rec,0,0,2010-01-11,AN ACT Relating to the department of natural resources authority to enter into forest biomass supply agreements;,0,Authorizing the department of natural resources to enter into forest biomass supply agreements.,Senate,171,Z-1007.1,0,1,0,0,DNR forest biomass agreemnts,Bill,B,(Hargrove),1,0
1,0,2009-10,SB 6237,6237,,2009-10,HB 2480,Hsubst for,2010-03-15,0,0,SB 6237,"By resolution, reintroduced and retained in present status.",0,S Ways & Means,0,0,2010-01-11,AN ACT Relating to implementing certain recommendations of the sustainable recreation work group;,0,Adopting policy recommendations developed by the sustainable recreation work group.,Senate,207,Z-0990.1,0,1,0,0,Sustainable rec work group,Bill,B,(Jacobsen),1,0
1,0,2009-10,SSB 6237,6237,,,,,2010-03-15,0,0,SSB 6237,"By resolution, reintroduced and retained in present status.",0,S Ways & Means,0,0,2010-01-19,AN ACT Relating to implementing certain recommendations of the sustainable recreation work group;,0,Adopting policy recommendations developed by the sustainable recreation work group.,Senate,207,S-3999.2,0,1,0,0,Sustainable rec work group,Bill,B,(Jacobsen),1,1
1,0,2009-10,SB 6238,6238,,2009-10,HB 2483,HRules 3C,2010-03-15,0,1,SB 6238,"By resolution, reintroduced and retained in present status.",0,S Rules X,0,0,2010-01-11,AN ACT Relating to overseas and service voters;,1,Concerning overseas and service voters.,Senate,12072,Z-0982.1,0,1,0,0,Overseas and service voters,Bill,B,(Hobbs),1,0
0,0,2009-10,SSB 6238,6238,,,,,0001-01-01,0,0,SSB 6238,,0,,0,0,2010-02-01,,0,,Senate,12072,,0,1,0,0,Overseas and service voters,Bill,B,(Hobbs),0,1
0,0,2009-10,SB 6239,6239,,,,,2010-02-11,0,0,SB 6239,1st substitute bill substituted.,0,S subst for,0,0,2010-01-11,AN ACT Relating to making technical corrections to gender-based terms;,0,Making technical corrections to gender-based terms.,Senate,644,Z-0919.1,0,0,0,1,Gender-based terms,Bill,B,(Kohl-Welles),0,0
1,0,2009-10,SSB 6239,6239,,,,,2010-03-10,0,0,SSB 6239,Effective date 6/10/2010*.,0,C 8 L 10,0,0,2010-01-19,AN ACT Relating to making technical corrections to gender-based terms;,0,Making technical corrections to gender-based terms.,Senate,644,S-4046.1,0,0,0,1,Gender-based terms,Bill,B,(Kohl-Welles),0,1
1,0,2009-10,ESB 6240,6240,,2009-10,HB 2560,Hsubst for,2010-03-15,0,1,ESB 6240,"By resolution, reintroduced and retained in present status.",0,S Rules 3,0,1,2010-01-11,AN ACT Relating to forming joint underwriting associations;,0,Regulating joint underwriting associations.,Senate,1950,Z-1052.1,0,0,0,1,Joint underwriting assn's,Bill,B,(Keiser),1,0
0,0,2009-10,SSB 6240,6240,,,,,2010-02-09,0,0,SSB 6240,1st substitute bill not substituted.,0,S not subst,0,0,2010-01-28,AN ACT Relating to forming joint underwriting associations;,0,Forming joint underwriting associations.,Senate,1950,S-4349.1,0,0,0,1,Joint underwriting assn's,Bill,B,(Keiser),0,1
0,0,2009-10,SB 6241,6241,,2009-10,HB 2577,Hsubst for,2010-02-15,0,0,SB 6241,1st substitute bill substituted.,0,S subst for,0,0,2010-01-11,AN ACT Relating to creating community facilities districts;,1,Creating community facilities districts.,Senate,10038,S-3305.1,0,0,0,0,Community facilities distr's,Bill,B,(Kilmer),1,0
1,0,2009-10,ESSB 6241,6241,,,,,2010-03-10,0,1,ESSB 6241,Effective date 6/10/2010.,0,C 7 L 10,0,1,2010-02-05,AN ACT Relating to creating community facilities districts;,1,Creating community facilities districts.,Senate,10038,S-4566.1,0,0,0,0,Community facilities distr's,Bill,B,(Kilmer),1,1
1,0,2009-10,SB 6242,6242,,2009-10,HB 2459,HEnv Health,2010-03-15,0,0,SB 6242,"By resolution, reintroduced and retained in present status.",0,S Rules X,0,0,2010-01-11,AN ACT Relating to updating hazardous waste fee provisions;,0,Updating hazardous waste fee provisions.,Senate,10056,Z-0850.2,0,1,0,0,Hazardous waste fees,Bill,B,(Pridemore),1,0
1,0,2009-10,SSB 6242,6242,,,,,2010-03-15,0,0,SSB 6242,"By resolution, reintroduced and retained in present status.",0,S Rules X,0,0,2010-02-05,AN ACT Relating to updating existing hazardous waste fees to reflect a specific price deflator;,0,Updating existing hazardous waste fees to reflect a specific price deflator.,Senate,10056,S-4418.3,0,1,0,0,Hazardous waste fees,Bill,B,(Pridemore),0,1
1,0,2009-10,SB 6243,6243,,2009-10,HB 2467,HRules R,2010-03-25,0,1,SB 6243,Effective date 6/10/2010.,0,C 205 L 10,0,0,2010-01-11,AN ACT Relating to eliminating provisions for filings at locations other than the public disclosure commission;,1,Eliminating provisions for filings at locations other than the public disclosure commission.,Senate,1603,Z-0905.1,0,0,0,1,Pub disclosure comm filings,Bill,B,(Fairley),1,0
0,0,2009-10,SB 6244,6244,,,,,2010-02-15,0,0,SB 6244,1st substitute bill substituted.,0,S subst for,0,0,2010-01-11,AN ACT Relating to defining a green home and an energy efficient home;,0,Defining a green home and an energy efficient home.,Senate,143,S-3417.1,0,0,0,0,Green home/definitions,Bill,B,(Fraser),1,0
1,0,2009-10,ESSB 6244,6244,,,,,2010-03-15,0,1,ESSB 6244,"By resolution, reintroduced and retained in present status.",0,S Rules 3,0,1,2010-02-01,AN ACT Relating to defining a green home and an energy efficient home;,0,Defining a green home and an energy efficient home.,Senate,143,S-3954.3,0,0,0,0,Green home/definitions,Bill,B,(Fraser),1,1
1,0,2009-10,SB 6245,6245,,2009-10,HB 2524,Hsubst for,2010-03-15,0,0,SB 6245,"By resolution, reintroduced and retained in present status.",0,S Rules X,0,0,2010-01-11,AN ACT Relating to prohibited practices of collection agencies;,0,Concerning prohibited practices of collection agencies.,Senate,2304,S-3385.2,0,0,0,0,Collection agencies,Bill,B,(Kline),0,0
1,0,2009-10,SSB 6245,6245,,,,,2010-03-15,0,0,SSB 6245,"By resolution, reintroduced and retained in present status.",0,S Rules X,0,0,2010-02-05,AN ACT Relating to prohibited practices of collection agencies;,0,Concerning prohibited practices of collection agencies.,Senate,2304,S-4606.1,0,0,0,0,Collection agencies,Bill,B,(Kline),0,1
1,0,2009-10,SB 6246,6246,,2009-10,HB 2507,HRules R,2010-03-15,0,0,SB 6246,"By resolution, reintroduced and retained in present status.",0,S Judiciary,0,0,2010-01-11,AN ACT Relating to limitations on asbestos-related liabilities relating to certain mergers or consolidations occurring before 1972;,0,Creating provisions relating to asbestos-related liabilities.,Senate,633,S-2769.1,0,0,0,0,Asbestos-related liabilities,Bill,B,(Eide),0,0
1,0,2009-10,SB 6247,6247,,,,,2010-03-15,0,0,SB 6247,"By resolution, reintroduced and retained in present status.",0,S Hea/L-T Care,0,0,2010-01-11,AN ACT Relating to penalties for violating requirements concerning reporting adverse health events;,0,Reporting adverse health events.,Senate,1950,S-3540.2,0,0,0,0,Adverse health events,Bill,B,(Keiser),1,0
0,0,2009-10,SB 6248,6248,,,,,2010-01-29,0,0,SB 6248,1st substitute bill substituted.,0,S subst for,0,0,2010-01-11,AN ACT Relating to the use of bisphenol A;,0,Concerning the use of bisphenol A.,Senate,1950,S-3534.1,0,0,0,0,Bisphenol A,Bill,B,(Keiser),1,0
1,0,2009-10,SSB 6248,6248,,,,,2010-03-19,1,1,SSB 6248,Effective date 6/10/2010.,0,C 140 L 10,0,0,2010-01-19,AN ACT Relating to the use of bisphenol A;,0,Concerning the use of bisphenol A.,Senate,1950,S-4073.1,0,0,0,0,Bisphenol A,Bill,B,(Keiser),0,1
1,0,2009-10,SB 6249,6249,,,,,2010-03-15,0,0,SB 6249,"By resolution, reintroduced and retained in present status.",0,S EL/K-12,0,0,2010-01-11,AN ACT Relating to kids at hope;,0,Concerning kids at hope.,Senate,142,S-3261.2,0,0,0,0,Kids at hope,Bill,B,(Franklin),1,0
1,0,2009-10,SB 6250,6250,,2009-10,HB 3070,HFinance,2010-03-15,0,0,SB 6250,"By resolution, reintroduced and retained in present status.",0,S Ways & Means,0,0,2010-01-11,AN ACT Relating to fiscal reform;,1,Providing fiscal reform.,Senate,142,S-3371.1,0,0,0,0,Fiscal reform,Bill,B,(Franklin),1,0
0,0,2009-10,SB 6251,6251,,2009-10,HB 2512,Hsubst for,2010-02-16,0,0,SB 6251,1st substitute bill substituted.,0,S subst for,0,0,2010-01-11,AN ACT Relating to nonresident surplus line brokers and insurance producers;,0,Concerning nonresident surplus line brokers and insurance producers.,Senate,1583,Z-1030.1,0,0,0,1,Surplus line brokers,Bill,B,(Benton),1,0
1,0,2009-10,SSB 6251,6251,,,,,2010-03-10,0,0,SSB 6251,Effective date 7/26/2010.,0,C 18 L 10,0,0,2010-01-22,AN ACT Relating to nonresident surplus line brokers and insurance producers;,0,Concerning nonresident surplus line brokers and insurance producers.,Senate,1583,S-4015.2,0,0,0,1,Surplus line brokers,Bill,B,(Benton),1,1
1,0,2009-10,SB 6252,6252,,2009-10,HB 2513,HFin Inst & Ins,2010-03-15,0,0,SB 6252,"By resolution, reintroduced and retained in present status.",0,S Rules X,0,0,2010-01-11,"AN ACT Relating to using credit history, education, and income for insurance purposes;",0,"Using credit history, education, and income for insurance purposes.",Senate,644,Z-1057.1,0,0,0,1,Insurance/credit history,Bill,B,(Kohl-Welles),1,0
1,0,2009-10,SSB 6252,6252,,,,,2010-03-15,0,0,SSB 6252,"By resolution, reintroduced and retained in present status.",0,S Rules X,0,0,2010-02-04,"AN ACT Relating to using credit history, education, and income for insurance purposes;",0,"Using credit history, education, and income for insurance purposes.",Senate,644,S-4504.1,0,0,0,1,Insurance/credit history,Bill,B,(Kohl-Welles),0,1
1,0,2009-10,SB 6253,6253,,2009-10,HB 2585,Hsubst for,2010-03-15,0,0,SB 6253,"By resolution, reintroduced and retained in present status.",0,S Rules X,0,0,2010-01-11,AN ACT Relating to insurance;,0,Concerning insurance.,Senate,1583,Z-0923.4,0,0,0,1,Insurance,Bill,B,(Benton),1,0
1,0,2009-10,SSB 6253,6253,,,,,2010-03-15,0,0,SSB 6253,"By resolution, reintroduced and retained in present status.",0,S Rules X,0,0,2010-01-22,AN ACT Relating to insurance;,0,"Addressing insurance statutes, generally.",Senate,1583,Z-1186.2,0,0,0,1,"Insurance, generally",Bill,B,(Benton),0,1
1,0,2009-10,SB 6254,6254,,2009-10,HB 2526,HFinance,2010-03-15,0,0,SB 6254,"By resolution, reintroduced and retained in present status.",0,S Lab/Comm/CP,0,0,2010-01-11,AN ACT Relating to the tax payment and reporting requirements of small wineries;,0,Concerning the tax payment and reporting requirements of small wineries.,Senate,2304,S-3380.1,0,0,0,0,Small wineries/taxes,Bill,B,(Kline),1,0
1,0,2009-10,SB 6255,6255,,2009-10,HB 2476,HAg & Nat Res,2010-03-15,0,0,SB 6255,"By resolution, reintroduced and retained in present status.",0,S NR/Ocean/Rec,0,0,2010-01-11,"AN ACT Relating to sexually altered, pinioned mute swans;",0,Concerning mute swans.,Senate,10038,S-3463.1,0,0,0,0,Mute swans,Bill,B,(Kilmer),0,0
1,0,2009-10,SB 6256,6256,,2009-10,HB 2541,Hsubst for,2010-03-15,0,0,SB 6256,"By resolution, reintroduced and retained in present status.",0,S NR/Ocean/Rec,0,0,2010-01-11,AN ACT Relating to maximizing the ecosystem services provided by forestry through the promotion of the economic success of the forest products industry;,0,Maintaining a base of forest lands that may be used for commercial forestry.,Senate,207,S-3447.1,0,0,0,0,Commercial forestry land,Bill,B,(Jacobsen),1,0
1,0,2009-10,SB 6257,6257,,,,,2010-03-15,0,0,SB 6257,"By resolution, reintroduced and retained in present status.",0,S Env/Water/Ener,0,0,2010-01-11,AN ACT Relating to water discharge fees;,0,Concerning water discharge fees.,Senate,1577,S-3618.1,0,0,0,0,Water discharge fees,Bill,B,(Honeyford),1,0
1,0,2009-10,SB 6258,6258,,,,,2010-03-15,0,0,SB 6258,"By resolution, reintroduced and retained in present status.",0,S Rules X,0,0,2010-01-11,AN ACT Relating to peak and off-peak electric rates;,0,Directing the utilities and transportation commission to study peak and off-peak electric rates.,Senate,1577,S-3619.1,0,0,0,0,Electric rates study,Bill,B,(Honeyford),1,0
1,0,2009-10,SSB 6258,6258,,,,,2010-03-15,0,0,SSB 6258,"By resolution, reintroduced and retained in present status.",0,S Rules X,0,0,2010-01-28,AN ACT Relating to peak and off-peak electric rates;,0,Directing the utilities and transportation commission to study peak and off-peak electric rates.,Senate,1577,S-4142.1,0,0,0,0,Electric rates study,Bill,B,(Honeyford),0,1
1,0,2009-10,SB 6259,6259,,,,,2010-03-15,0,0,SB 6259,"By resolution, reintroduced and retained in present status.",0,S Lab/Comm/CP,0,0,2010-01-11,AN ACT Relating to craft wine and wineries;,0,Concerning craft wine and wineries.,Senate,2304,S-3278.4,0,0,0,0,Craft wine and wineries,Bill,B,(Kline),0,0
1,0,2009-10,SB 6260,6260,,,,,2010-03-15,0,0,SB 6260,"By resolution, reintroduced and retained in present status.",0,S Lab/Comm/CP,0,0,2010-01-11,AN ACT Relating to methods of payment for purposes of the alcohol beverage control statutes;,0,Concerning methods of payment for purposes of the alcohol beverage control statutes.,Senate,2304,S-3280.4,0,0,0,0,Alcoholic beverages/payment,Bill,B,(Kline),0,0
1,0,2009-10,ESB 6261,6261,,,,,2010-03-19,1,1,ESB 6261,Effective date 6/10/2010.,0,C 135 L 10,0,1,2010-01-11,AN ACT Relating to utility services collections against rental property;,1,Addressing utility services collections against rental property. (REVISED FOR PASSED LEGISLATURE: Addressing utility services collections against residential rental property. ),Senate,11968,S-3377.1,0,0,0,0,Utility services collections,Bill,B,(Marr),0,0
0,0,2009-10,SSB 6261,6261,,,,,2010-02-16,0,0,SSB 6261,1st substitute bill not substituted.,0,S not subst,0,0,2010-02-05,AN ACT Relating to utility services collections against rental property;,0,Addressing utility services collections against rental property.,Senate,11968,S-3990.3,0,0,0,0,Utility services collections,Bill,B,(Marr),0,1
1,0,2009-10,SB 6262,6262,,2009-10,HB 2525,Hsubst for,2010-03-15,0,0,SB 6262,"By resolution, reintroduced and retained in present status.",0,S GovtOp & Elect,0,0,2010-01-11,AN ACT Relating to public facilities districts created by at least two city or county legislative authorities;,1,Concerning public facilities districts created by at least two city or county legislative authorities.,Senate,12072,S-3458.1,0,0,0,0,Public facilities districts,Bill,B,(Hobbs),0,0
1,0,2009-10,ESB 6263,6263,,2009-10,HB 2551,Hsubst for,2010-03-15,0,1,ESB 6263,"By resolution, reintroduced and retained in present status.",0,S Rules 3,0,1,2010-01-11,AN ACT Relating to the establishment of the Washington vaccine association;,0,Establishing the Washington vaccine association.,Senate,1950,S-3609.1,0,0,0,0,WA vaccine association,Bill,B,(Keiser),1,0
0,0,2009-10,SSB 6263,6263,,,,,2010-02-10,0,0,SSB 6263,1st substitute bill not substituted.,0,S not subst,0,0,2010-01-27,AN ACT Relating to the establishment of the Washington vaccine association;,0,Establishing the Washington vaccine association.,Senate,1950,S-4212.1,0,0,0,0,WA vaccine association,Bill,B,(Keiser),1,1
1,0,2009-10,SB 6264,6264,,,,,2010-03-15,0,0,SB 6264,"By resolution, reintroduced and retained in present status.",0,S Rules X,0,0,2010-01-11,AN ACT Relating to licensing dentists;,0,Licensing dentists.,Senate,1950,S-3611.1,0,0,0,0,Licensing dentists,Bill,B,(Keiser),0,0
1,0,2009-10,SB 6265,6265,,,,,2010-03-15,0,0,SB 6265,"By resolution, reintroduced and retained in present status.",0,S Rules 3,0,0,2010-01-11,AN ACT Relating to hospital surveys or audits;,0,Concerning hospital surveys or audits.,Senate,1950,S-3612.1,0,0,0,0,Hospital surveys or audits,Bill,B,(Keiser),0,0
1,0,2009-10,SB 6266,6266,,2009-10,HB 2558,HJudiciary,2010-03-15,0,0,SB 6266,"By resolution, reintroduced and retained in present status.",0,S Rules X,0,0,2010-01-11,AN ACT Relating to service members' civil relief;,0,Concerning service members' civil relief.,Senate,12072,Z-1003.1,0,0,0,0,Service member civil relief,Bill,B,(Hobbs),0,0
1,0,2009-10,SSB 6266,6266,,,,,2010-03-15,0,0,SSB 6266,"By resolution, reintroduced and retained in present status.",0,S Rules X,0,0,2010-02-05,AN ACT Relating to service members' civil relief;,0,Concerning service members' civil relief.,Senate,12072,S-4407.1,0,0,0,0,Service member civil relief,Bill,B,(Hobbs),0,1
0,0,2009-10,SB 6267,6267,,2009-10,HB 2508,HRules R,2010-02-16,0,0,SB 6267,2nd substitute bill substituted.,0,S subst for,0,0,2010-01-11,AN ACT Relating to water right processing improvements;,1,Regarding water right processing improvements.,Senate,3481,Z-0882.3,0,1,0,0,Water right processing,Bill,B,(Rockefeller),1,0
0,0,2009-10,SSB 6267,6267,,,,,2010-02-16,0,0,SSB 6267,2nd substitute bill substituted.,0,S subst for,0,0,2010-02-05,AN ACT Relating to water right processing improvements;,1,Regarding water right processing improvements.,Senate,3481,S-4666.2,0,1,0,0,Water right processing,Bill,B,(Rockefeller),1,1
1,0,2009-10,E2SSB 6267,6267,,,,,2010-04-01,1,1,E2SSB 6267,Effective date 6/10/2010.,1,C 285 L 10,0,1,2010-02-09,AN ACT Relating to water right processing improvements;,1,Regarding water right processing improvements.,Senate,3481,S-4735.1,0,1,0,0,Water right processing,Bill,B,WM(Rockefeller),1,2
1,0,2009-10,SB 6268,6268,,,,,2010-03-15,0,0,SB 6268,"By resolution, reintroduced and retained in present status.",0,S Judiciary,0,0,2010-01-11,AN ACT Relating to the administrative procedure act;,0,Concerning the administrative procedure act.,Senate,142,S-3297.2,0,0,0,0,Administrative procedure act,Bill,B,(Franklin),1,0
1,0,2009-10,SB 6269,6269,,2009-10,HB 2521,C 110 L 10,2010-03-15,0,0,SB 6269,"By resolution, reintroduced and retained in present status.",0,S Rules 3,0,0,2010-01-11,AN ACT Relating to conversion rights upon termination of eligibility for health plan coverage;,0,Addressing conversion rights upon termination of eligibility for health plan coverage.,Senate,1950,Z-1029.1,0,0,0,1,Health plan conversion right,Bill,B,(Keiser),1,0
1,0,2009-10,SB 6270,6270,,2009-10,HB 2522,HHC/Wellness,2010-03-15,0,0,SB 6270,"By resolution, reintroduced and retained in present status.",0,S Hea/L-T Care,0,0,2010-01-11,AN ACT Relating to emergency health care services;,0,Concerning emergency health care services.,Senate,1950,Z-1035.1,0,0,0,1,Emergency health care,Bill,B,(Keiser),0,0
0,0,2009-10,SB 6271,6271,,2009-10,HB 2574,HRules R,2010-02-12,0,0,SB 6271,1st substitute bill substituted.,0,S subst for,0,0,2010-01-11,AN ACT Relating to annexations by cities and code cities located within the boundaries of a regional transit authority;,0,Concerning annexations by cities and code cities located within the boundaries of a regional transit authority.,Senate,1907,S-3413.1,0,0,0,0,Annexations by cities,Bill,B,(Murray),0,0
1,0,2009-10,SSB 6271,6271,,,,,2010-03-10,0,1,SSB 6271,Effective date 6/10/2010.,0,C 19 L 10,0,0,2010-01-20,AN ACT Relating to annexations by cities and code cities located within the boundaries of a regional transit authority;,0,Concerning annexations by cities and code cities located within the boundaries of a regional transit authority.,Senate,1907,S-3981.1,0,0,0,0,Annexations by cities,Bill,B,TRAN(Murray),0,1
1,0,2009-10,SB 6272,6272,,2009-10,HB 2567,HRules 3C,2010-03-15,0,0,SB 6272,"By resolution, reintroduced and retained in present status.",0,S Ways & Means,0,0,2010-01-11,AN ACT Relating to the excise taxation of publicly owned facilities accredited by the association of zoos and aquariums;,0,Concerning the excise taxation of publicly owned facilities accredited by the association of zoos and aquariums.,Senate,644,S-3423.1,0,0,0,0,Zoos & aquariums/excise tax,Bill,B,(Kohl-Welles),1,0
0,0,2009-10,SB 6273,6273,,2009-10,HB 2673,HRules X,2010-02-05,0,0,SB 6273,1st substitute bill substituted.,0,S subst for,0,0,2010-01-11,AN ACT Relating to insurance coverage of the sales tax for prescribed durable medical equipment and mobility enhancing equipment;,0,Concerning insurance coverage of the sales tax for prescribed durable medical equipment and mobility enhancing equipment.,Senate,1666,S-3595.1,0,0,0,0,Durable medical equipment,Bill,B,(Swecker),1,0
1,0,2009-10,SSB 6273,6273,,,,,2010-03-12,0,1,SSB 6273,Effective date 6/10/2010.,0,C 44 L 10,0,0,2010-01-27,AN ACT Relating to insurance coverage of the sales tax for prescribed durable medical equipment and mobility enhancing equipment;,0,Regarding insurance coverage of the sales tax for prescribed durable medical equipment and mobility enhancing equipment.,Senate,1666,S-4087.2,0,0,0,0,Durable medical equipment,Bill,B,(Swecker),0,1
1,0,2009-10,SB 6274,6274,,,,,2010-03-15,0,0,SB 6274,"By resolution, reintroduced and retained in present status.",0,S Rules X,0,0,2010-01-11,AN ACT Relating to establishing a work group to make recommendations to improve trail interactions in Washington state;,1,Establishing the Washington state trail interactions work group.,Senate,207,S-3649.1,0,0,0,0,Trail interactions work grp,Bill,B,(Jacobsen),1,0
1,0,2009-10,SSB 6274,6274,,,,,2010-03-15,0,0,SSB 6274,"By resolution, reintroduced and retained in present status.",0,S Rules X,0,0,2010-01-19,AN ACT Relating to establishing a work group to make recommendations to improve trail interactions in Washington state;,0,Establishing the Washington state trail interactions work group.,Senate,207,S-4074.1,0,0,0,0,Trail interactions work grp,Bill,B,(Jacobsen),0,1
1,0,2009-10,SB 6275,6275,,,,,2010-03-12,0,0,SB 6275,Effective date 6/10/2010.,0,C 45 L 10,0,0,2010-01-11,AN ACT Relating to harbor lines;,0,Regarding harbor lines.,Senate,207,S-3469.1,0,0,0,0,Harbor lines,Bill,B,(Jacobsen),1,0
1,0,2009-10,SB 6276,6276,,,,,2010-03-15,0,0,SB 6276,"By resolution, reintroduced and retained in present status.",0,S HighEd&WorkDev,0,0,2010-01-11,AN ACT Relating to tuition-setting authority at the University of Washington;,0,Granting the University of Washington tuition-setting authority.,Senate,207,S-3657.1,0,0,0,0,U of W tuition-setting,Bill,B,(Jacobsen),1,0
1,0,2009-10,SB 6277,6277,,,,,2010-03-15,0,0,SB 6277,"By resolution, reintroduced and retained in present status.",0,S Rules 3,0,0,2010-01-11,AN ACT Relating to disposition of human remains;,0,Revising the order of vesting for the right to control disposition of human remains.,Senate,1922,S-3322.1,0,0,0,0,Disposition of human remains,Bill,B,(Zarelli),0,0
0,0,2009-10,SSB 6277,6277,,,,,2010-02-16,0,1,SSB 6277,1st substitute bill not substituted.,0,S not subst,0,0,2010-02-05,AN ACT Relating to disposition of human remains;,1,Revising the order of vesting for the right to control disposition of human remains.,Senate,1922,S-4594.2,0,0,0,0,Disposition of human remains,Bill,B,(Zarelli),1,1
1,0,2009-10,SB 6278,6278,,2009-10,HB 2575,Gov vetoed,2010-03-15,0,0,SB 6278,"By resolution, reintroduced and retained in present status.",0,S Ways & Means,0,0,2010-01-11,AN ACT Relating to the expansion of the membership of the capital projects advisory review board;,0,Expanding the membership of the capital projects advisory review board.,Senate,5141,S-3391.1,0,0,0,0,Capital projects review brd,Bill,B,(McDermott),0,0
1,0,2009-10,SB 6279,6279,,2009-10,HB 2573,HRules R,2010-03-15,0,0,SB 6279,Effective date 6/10/2010.,0,C 62 L 10,0,0,2010-01-11,AN ACT Relating to the clarification of regional transit authority facilities as essential public facilities;,0,Clarifying regional transit authority facilities as essential public facilities.,Senate,2304,S-3451.1,0,0,0,0,Regional transit facilities,Bill,B,(Kline),0,0
0,0,2009-10,SB 6280,6280,,,,,2010-02-15,0,0,SB 6280,1st substitute bill substituted.,0,S subst for,0,0,2010-01-11,AN ACT Relating to East Asian medicine practitioners;,0,Concerning East Asian medicine practitioners.,Senate,1907,S-3257.7,0,0,0,0,East Asian medicine,Bill,B,(Murray),1,0
1,0,2009-10,SSB 6280,6280,,,,,2010-04-01,1,1,SSB 6280,Effective date 6/10/2010*.,0,C 286 L 10,0,0,2010-01-28,AN ACT Relating to East Asian medicine practitioners;,0,Concerning East Asian medicine practitioners.,Senate,1907,S-4294.2,0,0,0,0,East Asian medicine,Bill,B,(Murray),1,1
1,0,2009-10,SB 6281,6281,,,,,2010-03-15,0,0,SB 6281,"By resolution, reintroduced and retained in present status.",0,S Judiciary,0,0,2010-01-11,AN ACT Relating to the dissolution of limited liability companies;,0,Addressing the dissolution of limited liability companies.,Senate,8214,Z-1054.3,0,0,0,0,Limited liability companies,Bill,B,(Tom),0,0
1,0,2009-10,SB 6282,6282,,2009-10,HB 2448,HRules C,2010-03-15,0,0,SB 6282,"By resolution, reintroduced and retained in present status.",0,S GovtOp & Elect,0,0,2010-01-11,AN ACT Relating to membership on the Washington citizens' commission on salaries for elected officials;,0,"Changing the definition of ""immediate family"" for purpose of membership on the Washington citizens' commission on salaries for elected officials.",Senate,1603,S-3350.1,0,0,0,0,Elected officials' salaries,Bill,B,(Fairley),1,0
1,0,2009-10,SB 6283,6283,,2009-10,HB 2661,Hsubst for,2010-03-15,0,0,SB 6283,"By resolution, reintroduced and retained in present status.",0,S 2nd RdConsCal,0,0,2010-01-11,AN ACT Relating to the plant operations support program;,0,Regarding the Washington State University extension energy program's plant operations support program.,Senate,3481,Z-1009.1,0,1,0,0,WSU extension energy program,Bill,B,(Rockefeller),1,0
1,0,2009-10,SSB 6283,6283,,,,,2010-03-15,0,0,SSB 6283,"By resolution, reintroduced and retained in present status.",0,S 2nd RdConsCal,0,0,2010-01-28,AN ACT Relating to the plant operations support program;,0,Regarding the Washington State University extension energy program's plant operations support program.,Senate,3481,S-4344.1,0,1,0,0,WSU extension energy program,Bill,B,(Rockefeller),0,1
1,0,2009-10,SB 6284,6284,,,,,2010-03-15,0,0,SB 6284,"By resolution, reintroduced and retained in present status.",0,S GovtOp & Elect,0,0,2010-01-11,AN ACT Relating to Leif Erickson day;,0,Recognizing Leif Erickson day.,Senate,207,S-3352.1,0,0,0,0,Leif Erickson day,Bill,B,(Jacobsen),0,0
1,0,2009-10,SB 6285,6285,,,,,2010-03-15,0,0,SB 6285,"By resolution, reintroduced and retained in present status.",0,S GovtOp & Elect,0,0,2010-01-11,AN ACT Relating to campaign contribution limits for candidates for county office in a noncharter county;,0,Concerning campaign contribution limits for candidates for county office in a noncharter county.,Senate,394,S-3502.1,0,0,0,0,County office candidates,Bill,B,(Sheldon),0,0
0,0,2009-10,SB 6286,6286,,2009-10,HB 2794,HJudiciary,2010-02-09,0,0,SB 6286,1st substitute bill substituted.,0,S subst for,0,0,2010-01-11,AN ACT Relating to the liability and powers of cities and flood control zone districts;,0,Concerning the liability and powers of cities and flood control zone districts.,Senate,2304,S-3521.1,0,0,0,0,Flood control zone districts,Bill,B,(Kline),0,0
1,0,2009-10,ESSB 6286,6286,,,,,2010-03-12,0,1,ESSB 6286,Effective date 6/10/2010.,0,C 46 L 10,0,1,2010-01-28,"AN ACT Relating to the liability and powers of cities, diking districts, and flood control zone districts;",0,"Concerning the liability and powers of cities and flood control zone districts. (REVISED FOR ENGROSSED: Concerning the liability and powers of cities, diking districts, and flood control zone districts. )",Senate,2304,S-4304.1,0,0,0,0,Flood control zone districts,Bill,B,(Kline),0,1
1,0,2009-10,ESB 6287,6287,,2009-10,HB 2611,HRules 3C,2010-03-15,0,1,ESB 6287,Effective date 3/15/2010.,0,C 63 L 10,0,1,2010-01-11,"AN ACT Relating to the disposition of existing voter-approved indebtedness at the time of annexation of a city, partial city, or town to a fire protection district;",0,"Concerning annexation of a city, partial city, or town to a fire protection district.",Senate,143,S-3484.2,0,0,0,0,Annexation to fire district,Bill,B,(Fraser),0,0
1,0,2009-10,SB 6288,6288,,2009-10,HB 2437,HRules 3C,2010-03-12,0,0,SB 6288,Effective date 6/10/2010.,0,C 47 L 10,0,0,2010-01-11,"AN ACT Relating to the authority of counties, cities, and towns to request criminal background checks from the Washington state patrol;",1,"Authorizing counties, cities, and towns to request background checks for certain license applicants and licensees.",Senate,10056,S-3373.1,0,0,0,0,Criminal background checks,Bill,B,(Pridemore),1,0
0,0,2009-10,SB 6289,6289,,2009-10,HB 2744,HRules C,2010-02-12,0,0,SB 6289,1st substitute bill substituted.,0,S subst for,0,0,2010-01-11,AN ACT Relating to protecting lake water quality by reducing phosphorus from lawn fertilizers;,1,Protecting lake water quality by reducing phosphorus from lawn fertilizers.,Senate,10056,S-3472.2,0,0,0,0,Phosphorus in lake water,Bill,B,(Pridemore),1,0
1,0,2009-10,ESSB 6289,6289,,,,,2010-03-15,0,1,ESSB 6289,"By resolution, reintroduced and retained in present status.",0,S Rules 3,0,1,2010-02-01,AN ACT Relating to protecting lake water quality by reducing phosphorus from lawn fertilizers;,1,Protecting lake water quality by reducing phosphorus from lawn fertilizers.,Senate,10056,S-4323.2,0,0,0,0,Phosphorus in lake water,Bill,B,(Pridemore),1,1
1,0,2009-10,SB 6290,6290,,2009-10,HB 2743,HWays & Means,2010-03-15,0,0,SB 6290,"By resolution, reintroduced and retained in present status.",0,S Lab/Comm/CP,0,0,2010-01-11,AN ACT Relating to collective bargaining for certain employees of institutions of higher education and related boards;,0,Addressing collective bargaining for certain employees of institutions of higher education and related boards.,Senate,644,S-3665.1,0,0,0,0,Higher education employees,Bill,B,(Kohl-Welles),1,0
1,0,2009-10,SB 6291,6291,,,,,2010-03-15,0,0,SB 6291,"By resolution, reintroduced and retained in present status.",0,S Judiciary,0,0,2010-01-11,AN ACT Relating to marauding dogs;,0,Concerning marauding dogs.,Senate,8159,S-3309.1,0,0,0,0,Marauding dogs,Bill,B,(Brandland),0,0
1,0,2009-10,SB 6292,6292,,,,,2010-03-15,0,0,SB 6292,"By resolution, reintroduced and retained in present status.",0,S Rules X,0,0,2010-01-11,AN ACT Relating to providing notice of release from involuntary treatment;,1,Providing notice of release from involuntary treatment.,Senate,8159,S-3684.2,0,0,0,0,Involuntary treatmnt release,Bill,B,(Brandland),1,0
1,0,2009-10,SSB 6292,6292,,,,,2010-03-15,0,0,SSB 6292,"By resolution, reintroduced and retained in present status.",0,S Rules X,0,0,2010-02-05,AN ACT Relating to providing notice of release from involuntary treatment;,1,Providing notice of release from involuntary treatment.,Senate,8159,S-4619.1,0,0,0,0,Involuntary treatmnt release,Bill,B,(Brandland),1,1
0,0,2009-10,SB 6293,6293,,,,,2010-02-11,0,0,SB 6293,1st substitute bill substituted.,0,S subst for,0,0,2010-01-11,AN ACT Relating to rendering criminal assistance in the first degree;,1,Changing provisions relating to rendering criminal assistance in the first degree.,Senate,8159,S-3556.1,0,0,0,0,Criminal assistance/1st deg,Bill,B,(Brandland),1,0
1,0,2009-10,SSB 6293,6293,,,,,2010-03-31,1,1,SSB 6293,Effective date 6/10/2010.,0,C 255 L 10,0,0,2010-01-27,AN ACT Relating to rendering criminal assistance in the first degree;,1,Changing provisions relating to rendering criminal assistance in the first degree.,Senate,8159,S-4193.2,0,0,0,0,Criminal assistance/1st deg,Bill,B,(Brandland),1,1
1,0,2009-10,SB 6294,6294,,,,,2010-03-15,0,0,SB 6294,"By resolution, reintroduced and retained in present status.",0,S Transportation,0,0,2010-01-11,"AN ACT Relating to authorizing the use of four-wheel, all-terrain vehicles on highways under certain conditions;",1,"Authorizing the use of four-wheel, all-terrain vehicles on highways under certain conditions.",Senate,1583,S-3400.2,0,0,0,0,4-wheel all-terrain vehicles,Bill,B,(Benton),1,0
1,0,2009-10,SB 6295,6295,,,,,2010-03-15,0,0,SB 6295,"By resolution, reintroduced and retained in present status.",0,S Transportation,0,0,2010-01-11,AN ACT Relating to government entities photographing or recording images of citizens;,0,Concerning government entities photographing or recording images of citizens.,Senate,1583,S-3474.2,0,0,0,0,Photographing citizens,Bill,B,(Benton),0,0
1,0,2009-10,SB 6296,6296,,,,,2010-03-15,0,0,SB 6296,"By resolution, reintroduced and retained in present status.",0,S Transportation,0,0,2010-01-11,AN ACT Relating to quick title transactions for vehicles and vessels;,1,Concerning quick title transactions for vehicles and vessels.,Senate,1583,S-3518.1,0,0,0,0,Quick title/vehicle & vessel,Bill,B,(Benton),1,0
1,0,2009-10,SB 6297,6297,,2009-10,HB 2803,HHC/Wellness,2010-03-15,0,0,SB 6297,Effective date 6/10/2010*.,0,C 65 L 10,0,0,2010-01-11,AN ACT Relating to certification for speech-language pathology assistants;,0,Regarding certification of speech-language pathology assistants.,Senate,142,S-3548.1,0,0,0,0,Speech-language pathology,Bill,B,(Franklin),0,0
0,0,2009-10,SB 6298,6298,,,,,2010-02-15,0,0,SB 6298,1st substitute bill substituted.,0,S subst for,0,0,2010-01-11,AN ACT Relating to the deposit of public funds with credit unions;,0,Authorizing limited deposits of public funds with credit unions.,Senate,6765,S-3617.1,0,0,0,0,Public funds/credit unions,Bill,B,(Berkey),1,0
1,0,2009-10,SSB 6298,6298,,,,,2010-03-12,0,0,SSB 6298,Effective date 7/1/2011.,0,C 36 L 10,0,0,2010-01-28,AN ACT Relating to the deposit of public funds with credit unions;,0,Authorizing limited deposits of public funds with credit unions.,Senate,6765,S-4292.1,0,0,0,0,Public funds/credit unions,Bill,B,(Berkey),1,1
0,0,2009-10,SB 6299,6299,,2009-10,HB 2806,HAg & Nat Res,2010-02-16,0,0,SB 6299,1st substitute bill substituted.,0,S subst for,0,0,2010-01-11,AN ACT Relating to livestock inspection;,0,Regarding livestock inspection.,Senate,652,S-3666.2,0,0,0,0,Livestock inspection,Bill,B,(Schoesler),1,0
1,0,2009-10,SSB 6299,6299,,,,,2010-03-15,0,0,SSB 6299,Effective date 6/10/2010.,0,C 66 L 10,0,0,2010-02-03,AN ACT Relating to animal inspection;,0,Regarding animal inspections.,Senate,652,S-4366.2,0,0,0,0,Animal inspection,Bill,B,(Schoesler),1,1
1,0,2009-10,SB 6300,6300,,2009-10,HB 2510,C 95 L 10,2010-03-15,0,0,SB 6300,"By resolution, reintroduced and retained in present status.",0,S Rules X,0,0,2010-01-12,"AN ACT Relating to authorizing public hospital districts to execute commonly accepted security instruments, as required to participate in federal programs that reduce the costs of financing the construction, rehabilitation, replacing, and equipping of hospitals or other health care facilities;",0,Authorizing public hospital districts to execute security instruments.,Senate,12072,S-3346.1,0,0,0,0,Public hospital districts,Bill,B,(Hobbs),0,0
1,0,2009-10,SB 6301,6301,,,,,2010-03-15,0,0,SB 6301,"By resolution, reintroduced and retained in present status.",0,S Rules X,0,0,2010-01-12,AN ACT Relating to designation of urban growth areas outside the one hundred year floodplain by counties;,0,Concerning the designation of urban growth areas outside the hundred year floodplain by counties.,Senate,1666,S-3596.1,0,0,0,0,Urban growth areas,Bill,B,(Swecker),0,0
1,0,2009-10,SSB 6301,6301,,,,,2010-03-15,0,0,SSB 6301,"By resolution, reintroduced and retained in present status.",0,S Rules X,0,0,2010-02-05,AN ACT Relating to designation of urban growth areas outside the one hundred year floodplain by counties;,0,Concerning the designation of urban growth areas outside the hundred year floodplain by counties.,Senate,1666,S-4699.1,0,0,0,0,Urban growth areas,Bill,B,(Swecker),0,1
1,0,2009-10,SB 6302,6302,,,,,2010-03-15,0,0,SB 6302,"By resolution, reintroduced and retained in present status.",0,S Transportation,0,0,2010-01-12,AN ACT Relating to prohibiting the construction or operation of a light rail or other rail system on the Interstate 90 floating bridge;,0,Prohibiting the construction or operation of a light rail or other rail system on the Interstate 90 floating bridge.,Senate,1666,S-3464.1,0,0,0,0,Light rail/I-90 bridge,Bill,B,(Swecker),0,0
1,0,2009-10,SB 6303,6303,,,,,2010-03-15,0,0,SB 6303,"By resolution, reintroduced and retained in present status.",0,S GovtOp & Elect,0,0,2010-01-12,"AN ACT Relating to the disposition of existing voter-approved indebtedness at the time of annexation of a city, partial city, or town to a fire protection district;",0,"Concerning annexation of a city, partial city, or town to a fire protection district.",Senate,1666,S-3636.1,0,0,0,0,Annexation to fire district,Bill,B,(Swecker),0,0
1,1,2009-10,SB 6304,6304,,,,,2010-03-15,0,0,SB 6304,"By resolution, reintroduced and retained in present status.",0,S Transportation,0,0,2010-01-12,AN ACT Relating to siting of large commercial airports;,0,Regulating siting of large commercial airports.,Senate,1950,S-3737.1,0,0,0,0,Large commercial airports,Bill,B,(Keiser),0,0
1,0,2009-10,SB 6305,6305,,,,,2010-03-15,0,0,SB 6305,"By resolution, reintroduced and retained in present status.",0,S Hea/L-T Care,0,0,2010-01-12,AN ACT Relating to establishing the prescriber education program;,0,Establishing the prescriber education program.,Senate,1950,S-3672.1,0,0,0,0,Prescriber education program,Bill,B,(Keiser),0,0
0,0,2009-10,SB 6306,6306,,,,,2010-02-10,0,0,SB 6306,1st substitute bill substituted.,0,S subst for,0,0,2010-01-12,AN ACT Relating to crop adjusters;,0,Regulating crop adjusters.,Senate,652,Z-1034.2,0,0,0,1,Crop adjusters,Bill,B,(Schoesler),1,0
1,0,2009-10,ESSB 6306,6306,,,,,2010-03-15,0,1,ESSB 6306,Effective date 6/27/2011.,0,C 67 L 10,0,1,2010-01-28,AN ACT Relating to crop adjusters;,0,Regulating crop adjusters.,Senate,652,S-4221.1,0,0,0,1,Crop adjusters,Bill,B,(Schoesler),1,1
1,0,2009-10,SB 6307,6307,,,,,2010-03-15,0,0,SB 6307,"By resolution, reintroduced and retained in present status.",0,S Ways & Means,0,0,2010-01-12,AN ACT Relating to exempting from property taxation that is leased by certain nonprofit organizations from other nonprofit organizations;,0,Exempting from property taxation that is leased by certain nonprofit organizations from other nonprofit organizations.,Senate,3481,S-3599.2,0,0,0,0,Nonprofit orgs/property tax,Bill,B,(Rockefeller),1,0
1,0,2009-10,SB 6308,6308,,2009-10,HB 3114,HPub Safety,2010-03-25,1,1,SB 6308,Effective date 6/10/2010.,0,C 218 L 10,0,0,2010-01-12,AN ACT Relating to controlling computer access by residents of the special commitment center;,0,Controlling computer access by residents of the special commitment center.,Senate,1586,S-3500.2,0,0,0,0,Sp commitment ctr computers,Bill,B,(Carrell),1,0
0,0,2009-10,SB 6309,6309,,2009-10,HB 3110,HJudiciary,2010-02-16,0,0,SB 6309,1st substitute bill substituted.,0,S subst for,0,0,2010-01-12,AN ACT Relating to including persons acquitted by reason of insanity within the slayer statute;,0,Including persons acquitted by reason of insanity within the slayer statute.,Senate,1586,S-3650.1,0,0,0,0,Slayer statute,Bill,B,(Carrell),0,0
1,0,2009-10,SSB 6309,6309,,,,,2010-03-15,0,0,SSB 6309,"By resolution, reintroduced and retained in present status.",0,S Rules 3,0,0,2010-02-04,AN ACT Relating to including persons acquitted by reason of insanity within the slayer statute;,0,Including persons acquitted by reason of insanity within the slayer statute.,Senate,1586,S-4575.1,0,0,0,0,Slayer statute,Bill,B,(Carrell),0,1
1,0,2009-10,SB 6310,6310,,,,,2010-03-15,0,0,SB 6310,"By resolution, reintroduced and retained in present status.",0,S HumServ/Corr,0,0,2010-01-12,AN ACT Relating to criminal defendants who are guilty and mentally ill;,1,Concerning criminal defendants who are guilty and mentally ill.,Senate,1586,S-3510.2,0,0,0,0,Mentally ill defendants,Bill,B,(Carrell),1,0
1,0,2009-10,SB 6311,6311,,2009-10,HB 3113,HPub Safety,2010-03-15,0,0,SB 6311,"By resolution, reintroduced and retained in present status.",0,S Judiciary,0,0,2010-01-12,AN ACT Relating to body armor;,0,Creating a sentence enhancement for body armor.,Senate,1586,S-3620.1,0,0,0,0,Body armor,Bill,B,(Carrell),0,0
1,0,2009-10,SB 6312,6312,,,,,2010-03-15,0,0,SB 6312,"By resolution, reintroduced and retained in present status.",0,S Judiciary,0,0,2010-01-12,AN ACT Relating to the imposition of a minimum bail bond premium fee of ten percent;,0,Imposing a minimum bail bond premium fee of ten percent.,Senate,1586,S-3481.2,0,0,0,0,Bail bond premium fee,Bill,B,(Carrell),0,0
1,0,2009-10,SB 6313,6313,,,,,2010-03-15,0,0,SB 6313,"By resolution, reintroduced and retained in present status.",0,S Judiciary,0,0,2010-01-12,AN ACT Relating to enforcement of outstanding warrants from courts of limited jurisdiction;,0,Authorizing agreements to allow bail bond agencies to execute bench warrants.,Senate,1586,S-3623.1,0,0,0,0,Bail bond agencies,Bill,B,(Carrell),0,0
1,0,2009-10,SB 6314,6314,,,,,2010-03-15,0,0,SB 6314,"By resolution, reintroduced and retained in present status.",0,S HumServ/Corr,0,0,2010-01-12,AN ACT Relating to special detention facilities;,0,Authorizing special detention facilities.,Senate,1586,S-3622.1,0,0,0,0,Special detention facilities,Bill,B,(Carrell),0,0
1,0,2009-10,SB 6315,6315,,2009-10,HB 3117,HHuman Ser,2010-03-15,0,0,SB 6315,"By resolution, reintroduced and retained in present status.",0,S HumServ/Corr,0,0,2010-01-12,AN ACT Relating to limiting alternatives to confinement for certain offenders who violate terms of community custody;,0,Limiting alternatives to confinement for certain offenders who violate terms of community custody.,Senate,1586,S-3668.1,0,0,0,0,Alternatives to confinement,Bill,B,(Carrell),1,0
0,0,2009-10,SB 6316,6316,,2009-10,HB 3115,HHuman Ser,2010-02-11,0,0,SB 6316,2nd substitute bill substituted.,0,S subst for,0,0,2010-01-12,AN ACT Relating to coordination between local law enforcement and the department of corrections;,1,Addressing the coordination between local law enforcement and the department of corrections.,Senate,1586,S-3677.2,0,0,0,0,Law enforcemnt & corrections,Bill,B,(Carrell),1,0
0,0,2009-10,SSB 6316,6316,,,,,2010-02-11,0,0,SSB 6316,2nd substitute bill substituted.,0,S subst for,0,0,2010-02-05,AN ACT Relating to coordination between local law enforcement and the department of corrections;,1,Addressing the coordination between local law enforcement and the department of corrections.,Senate,1586,S-4649.1,0,0,0,0,Law enforcemnt & corrections,Bill,B,(Carrell),1,1
1,0,2009-10,2SSB 6316,6316,,,,,2010-03-15,0,0,2SSB 6316,"By resolution, reintroduced and retained in present status.",0,S Rules 3,0,0,2010-02-09,AN ACT Relating to coordination between local law enforcement and the department of corrections;,1,Addressing the coordination between local law enforcement and the department of corrections.,Senate,1586,S-4791.1,0,0,0,0,Law enforcemnt & corrections,Bill,B,WM(Carrell),1,2
1,0,2009-10,SB 6317,6317,,2009-10,HB 3112,HPub Safety,2010-03-15,0,0,SB 6317,"By resolution, reintroduced and retained in present status.",0,S Judiciary,0,0,2010-01-12,AN ACT Relating to assault of a law enforcement officer or other employee of a law enforcement agency;,0,Concerning assault of a law enforcement officer or other employee of a law enforcement agency.,Senate,1586,S-3675.2,0,0,0,0,Assault of law enf. officer,Bill,B,(Carrell),0,0
1,0,2009-10,SB 6318,6318,,2009-10,HB 3111,HHC/Wellness,2010-03-15,0,0,SB 6318,"By resolution, reintroduced and retained in present status.",0,S Hea/L-T Care,0,0,2010-01-12,AN ACT Relating to hospitals reporting violent injuries;,0,Concerning hospitals reporting violent injuries.,Senate,1586,S-3513.2,0,0,0,0,Hospitals/violent injuries,Bill,B,(Carrell),0,0
1,0,2009-10,SB 6319,6319,,,,,2010-03-15,0,0,SB 6319,"By resolution, reintroduced and retained in present status.",0,S GovtOp & Elect,0,0,2010-01-12,AN ACT Relating to a veteran's preference under the state civil service law;,0,Addressing a veteran's preference under the state civil service law.,Senate,1586,S-3496.1,0,0,0,0,Veterans/state civil service,Bill,B,(Carrell),0,0
1,0,2009-10,SB 6320,6320,,,,,2010-03-15,0,0,SB 6320,"By resolution, reintroduced and retained in present status.",0,S HumServ/Corr,0,0,2010-01-12,AN ACT Relating to access to original birth certificate information for adult adoptees;,0,Addressing disclosure of adoption information.,Senate,8159,S-3271.3,0,0,0,0,Adult adoptees/birth info,Bill,B,(Brandland),0,0
1,0,2009-10,SB 6321,6321,,2009-10,HB 2967,HTrans,2010-03-15,0,0,SB 6321,"By resolution, reintroduced and retained in present status.",0,S Transportation,0,0,2010-01-12,AN ACT Relating to mitigating the impacts of the state route number 520 corridor project on the Washington park arboretum;,1,Mitigating the impacts of the state route number 520 corridor project on the Washington park arboretum.,Senate,207,S-3705.1,0,0,0,0,Washington park arboretum,Bill,B,(Jacobsen),1,0
1,0,2009-10,SB 6322,6322,,2009-10,HB 2398,HRules 3C,2010-03-15,0,0,SB 6322,"By resolution, reintroduced and retained in present status.",0,S Rules X,0,0,2010-01-12,AN ACT Relating to election notices;,1,Modifying election notice provisions.,Senate,5141,S-3410.1,0,0,0,0,Election notices,Bill,B,(McDermott),1,0
1,0,2009-10,SB 6323,6323,,,,,2010-03-15,0,0,SB 6323,"By resolution, reintroduced and retained in present status.",0,S Rules X,0,0,2010-01-12,AN ACT Relating to providing protection for vulnerable adults when domestic violence temporary ex parte protection orders are requested and issued;,0,Providing protection for vulnerable adults when domestic violence temporary ex parte protection orders are requested and issued.,Senate,1666,S-3691.1,0,0,0,0,Vulnerable adults/protection,Bill,B,(Swecker),1,0
1,0,2009-10,SSB 6323,6323,,,,,2010-03-15,0,0,SSB 6323,"By resolution, reintroduced and retained in present status.",0,S Rules X,0,0,2010-02-05,"AN ACT Relating to the service of protection orders on a person with a disability, brain injury, or impairment;",1,"Concerning the service of protection orders on a person with a disability, brain injury, or impairment.",Senate,1666,S-4637.1,0,0,0,0,Service of protection orders,Bill,B,(Swecker),1,1
1,0,2009-10,SB 6324,6324,,,,,2010-03-15,0,0,SB 6324,"By resolution, reintroduced and retained in present status.",0,S GovtOp & Elect,0,0,2010-01-12,AN ACT Relating to creation of a flood district by three or more counties;,0,Concerning creation of a flood district by three or more counties.,Senate,1666,S-3727.1,0,0,0,0,Flood district creation,Bill,B,(Swecker),0,0
1,0,2009-10,SB 6325,6325,,,,,2010-03-15,0,0,SB 6325,"By resolution, reintroduced and retained in present status.",0,S Ways & Means,0,0,2010-01-12,AN ACT Relating to the institute of forest resources;,0,Regarding the institute of forest resources.,Senate,207,S-3763.1,0,0,0,0,Forest resources institute,Bill,B,(Jacobsen),1,0
1,0,2009-10,SSB 6325,6325,,,,,2010-03-15,0,0,SSB 6325,"By resolution, reintroduced and retained in present status.",0,S Ways & Means,0,0,2010-01-26,AN ACT Relating to the stewardship of forest resources;,0,Modifying the duties of the institute of forest resources and creating the timber recovery fund board.,Senate,207,S-4227.1,0,0,0,0,Forest resources stewardship,Bill,B,(Jacobsen),1,1
1,0,2009-10,SB 6326,6326,,2009-10,HB 3066,Hsubst for,2010-03-15,0,0,SB 6326,"By resolution, reintroduced and retained in present status.",0,S Rules 2,0,0,2010-01-12,AN ACT Relating to creating uniformity among annual tax reporting survey provisions;,0,Creating uniformity among annual tax reporting survey provisions.,Senate,12072,S-3443.1,0,0,0,0,Tax reporting surveys,Bill,B,(Hobbs),1,0
1,0,2009-10,SSB 6326,6326,,,,,2010-03-15,0,0,SSB 6326,"By resolution, reintroduced and retained in present status.",0,S Rules 2,0,0,2010-02-04,AN ACT Relating to creating uniformity among annual tax reporting survey provisions;,0,Creating uniformity among annual tax reporting survey provisions.,Senate,12072,S-4481.1,0,0,0,0,Tax reporting surveys,Bill,B,WM(Hobbs),0,1
1,0,2009-10,SB 6327,6327,,2009-10,HB 2517,Hsubst for,2010-03-15,0,1,SB 6327,"By resolution, reintroduced and retained in present status.",0,S Rules X,0,0,2010-01-12,"AN ACT Relating to the exemption of housing authorities from laws governing the construction, alteration, repair, or improvement of property by other public bodies;",0,"Exempting housing authorities from laws governing the construction, alteration, repair, or improvement of property by other public bodies.",Senate,1595,S-3285.2,0,0,0,0,Housing authorities,Bill,B,(Regala),0,0
1,0,2009-10,SSB 6327,6327,,,,,2010-03-15,0,0,SSB 6327,"By resolution, reintroduced and retained in present status.",0,S Rules X,0,0,2010-02-05,AN ACT Relating to the exemption of housing authorities from certain state requirements when certain federal law requirements are applicable;,0,Exempting housing authorities from certain state requirements when certain federal law requirements are applicable.,Senate,1595,S-4300.1,0,0,0,0,Housing authorities,Bill,B,(Regala),0,1
1,0,2009-10,SB 6328,6328,,2009-10,HB 2605,HRules 3C,2010-03-15,0,0,SB 6328,"By resolution, reintroduced and retained in present status.",0,S Rules X,0,0,2010-01-12,AN ACT Relating to billing for anatomic pathology services;,0,Concerning billing for anatomic pathology services.,Senate,11968,S-3721.1,0,0,0,0,Anatomic pathology services,Bill,B,(Marr),0,0
0,0,2009-10,SB 6329,6329,,2009-10,HB 2688,Hsubst for,2010-02-13,0,0,SB 6329,1st substitute bill substituted.,0,S subst for,0,0,2010-01-12,AN ACT Relating to creating a beer and wine tasting endorsement to the grocery store liquor license;,0,Creating a beer and wine tasting endorsement to the grocery store liquor license.,Senate,644,S-3579.1,0,0,0,0,Beer and wine tasting,Bill,B,(Kohl-Welles),1,0
1,0,2009-10,SSB 6329,6329,,,,,2010-03-19,0,1,SSB 6329,Effective date 6/10/2010.,0,C 141 L 10,0,0,2010-01-19,AN ACT Relating to creating a beer and wine tasting endorsement to the grocery store liquor license;,0,Creating a beer and wine tasting endorsement to the grocery store liquor license.,Senate,644,S-4021.1,0,0,0,0,Beer and wine tasting,Bill,B,(Kohl-Welles),1,1
1,0,2009-10,SB 6330,6330,,,,,2010-03-12,0,0,SB 6330,Effective date 6/10/2010.,0,C 48 L 10,0,0,2010-01-12,AN ACT Relating to permitting the placement of human trafficking informational posters in rest areas;,0,Permitting the placement of human trafficking informational posters in rest areas.,Senate,644,S-3515.2,0,0,0,0,Human trafficking posters,Bill,B,(Kohl-Welles),1,0
1,0,2009-10,SB 6331,6331,,2009-10,EHB 2672,C 2 L 10 E1,2010-03-15,0,0,SB 6331,"By resolution, reintroduced and retained in present status.",0,S Ways & Means,0,0,2010-01-12,AN ACT Relating to tax relief for aluminum smelters;,0,Concerning tax relief for aluminum smelters.,Senate,14074,S-3626.1,0,0,0,0,Aluminum smelters/tax relief,Bill,B,(Ranker),1,0
0,0,2009-10,SB 6332,6332,,,,,2010-02-15,0,0,SB 6332,1st substitute bill substituted.,0,S subst for,0,0,2010-01-12,AN ACT Relating to human trafficking;,0,Concerning human trafficking.,Senate,644,S-3600.2,0,0,0,0,Human trafficking,Bill,B,(Kohl-Welles),1,0
1,0,2009-10,SSB 6332,6332,,,,,2010-03-19,1,1,SSB 6332,Effective date 6/10/2010.,0,C 142 L 10,0,0,2010-01-25,AN ACT Relating to human trafficking;,0,Concerning human trafficking.,Senate,644,S-4101.1,0,0,0,0,Human trafficking,Bill,B,(Kohl-Welles),0,1
1,0,2009-10,SB 6333,6333,,,,,2010-03-15,0,0,SB 6333,"By resolution, reintroduced and retained in present status.",0,S Rules X,0,0,2010-01-12,AN ACT Relating to beer and wine tasting at farmers markets;,0,Concerning beer and wine tasting at farmers markets.,Senate,644,S-3563.1,0,0,0,0,Beer & wine tasting,Bill,B,(Kohl-Welles),1,0
1,0,2009-10,SB 6334,6334,,,,,2010-03-15,0,0,SB 6334,"By resolution, reintroduced and retained in present status.",0,S Rules 2,0,0,2010-01-12,AN ACT Relating to unemployment benefits when a person voluntarily terminates employment;,0,Addressing unemployment benefits when a person voluntarily terminates employment.,Senate,644,S-3674.1,0,0,0,0,Unemployment benefits,Bill,B,(Kohl-Welles),1,0
1,0,2009-10,SSB 6334,6334,,,,,2010-03-15,0,0,SSB 6334,"By resolution, reintroduced and retained in present status.",0,S Rules 2,0,0,2010-02-04,AN ACT Relating to unemployment benefits when a person voluntarily terminates employment;,0,Addressing unemployment benefits when a person voluntarily terminates employment.,Senate,644,S-4559.1,0,0,0,0,Unemployment benefits,Bill,B,(Kohl-Welles),0,1
1,0,2009-10,SB 6335,6335,,,,,2010-03-15,0,0,SB 6335,"By resolution, reintroduced and retained in present status.",0,S Ag&RuralEc Dev,0,0,2010-01-12,AN ACT Relating to a property tax exemption for church property used by a nonprofit organization conducting activities related to a farmers market;,0,Concerning a property tax exemption for church property used by a nonprofit organization conducting activities related to a farmers market.,Senate,207,S-3453.1,0,0,0,0,Church property/farmers mrkt,Bill,B,(Jacobsen),1,0
1,0,2009-10,SB 6336,6336,,,,,2010-03-15,0,0,SB 6336,"By resolution, reintroduced and retained in present status.",0,S Transportation,0,0,2010-01-12,AN ACT Relating to biodiesel requirements for ferry fuel;,0,Addressing biodiesel requirements for ferry fuel.,Senate,2168,S-3714.1,0,0,0,0,Biodiesel for ferry fuel,Bill,B,(Kastama),0,0
0,0,2009-10,SB 6337,6337,,,,,2010-02-16,0,0,SB 6337,1st substitute bill substituted.,0,S subst for,0,0,2010-01-12,AN ACT Relating to inmate savings accounts;,0,Concerning inmate savings accounts.,Senate,1595,S-3564.1,0,0,0,0,Inmate savings accounts,Bill,B,(Regala),0,0
1,0,2009-10,SSB 6337,6337,,,,,2010-03-18,0,0,SSB 6337,Effective date 7/1/2010.,0,C 116 L 10,0,0,2010-02-04,AN ACT Relating to inmate savings accounts;,0,Concerning inmate savings accounts.,Senate,1595,S-4492.1,0,0,0,0,Inmate savings accounts,Bill,B,(Regala),0,1
0,0,2009-10,SB 6338,6338,,,,,2010-02-15,0,0,SB 6338,1st substitute bill substituted.,0,S subst for,0,0,2010-01-12,AN ACT Relating to transitional housing for persons at risk of experiencing homelessness;,0,Providing transitional housing for persons at risk of experiencing homelessness.,Senate,1595,S-3575.1,0,0,0,0,Transitional housing,Bill,B,(Regala),0,0
1,0,2009-10,SSB 6338,6338,,,,,2010-03-15,0,0,SSB 6338,"By resolution, reintroduced and retained in present status.",0,S Rules 3,0,0,2010-02-05,AN ACT Relating to intermediate tenancies for persons with criminal backgrounds or substance abuse issues;,0,Concerning intermediate tenancies for persons with criminal backgrounds or substance abuse issues.,Senate,1595,S-4548.2,0,0,0,0,Intermediate tenancies,Bill,B,(Regala),0,1
0,0,2009-10,SB 6339,6339,,2009-10,HB 3033,HFinance,2010-03-08,0,0,SB 6339,1st substitute bill substituted.,0,S subst for,0,0,2010-01-12,AN ACT Relating to a sales and use tax exemption for wax and ceramic materials used to create molds for ferrous and nonferrous investment castings;,0,Concerning  a sales and use tax exemption for wax and ceramic materials used to create molds for ferrous and nonferrous investment castings.,Senate,12072,S-3594.1,0,0,0,0,Wax and ceramic materials,Bill,B,(Hobbs),1,0
1,0,2009-10,SSB 6339,6339,,,,,2010-03-26,0,0,SSB 6339,Effective date 7/1/2010.,0,C 225 L 10,0,0,2010-03-05,AN ACT Relating to a sales and use tax exemption for wax and ceramic materials used to create molds for ferrous and nonferrous investment castings;,0,Concerning  a sales and use tax exemption for wax and ceramic materials used to create molds for ferrous and nonferrous investment castings.,Senate,12072,S-5306.1,0,0,0,0,Wax and ceramic materials,Bill,B,WM(Hobbs),0,1
0,0,2009-10,SB 6340,6340,,2009-10,HB 2767,HPub Safety,2010-02-10,0,0,SB 6340,1st substitute bill substituted.,0,S subst for,0,0,2010-01-12,AN ACT Relating to membership of the Washington state forensic investigations council;,0,Changing the membership of the Washington state forensic investigations council.,Senate,1595,S-3653.1,0,0,0,0,Forensic investigation counc,Bill,B,(Regala),1,0
1,0,2009-10,SSB 6340,6340,,,,,2010-03-19,1,1,SSB 6340,Effective date 6/10/2010.,0,C 143 L 10,0,0,2010-01-27,AN ACT Relating to membership of the Washington state forensic investigations council;,0,Changing the membership of the Washington state forensic investigations council.,Senate,1595,S-4111.1,0,0,0,0,Forensic investigation counc,Bill,B,(Regala),1,1
0,0,2009-10,SB 6341,6341,,2009-10,HB 2863,Hsubst for,2010-02-10,0,0,SB 6341,1st substitute bill substituted.,0,S subst for,0,0,2010-01-12,AN ACT Relating to transferring emergency food assistance programs to the department of agriculture;,0,Transferring emergency food assistance programs to the department of agriculture.,Senate,173,S-3607.2,0,0,0,0,Emer food assistance/ag dept,Bill,B,(Hatfield),1,0
1,0,2009-10,SSB 6341,6341,,,,,2010-03-15,0,0,SSB 6341,Effective date 7/1/2010.,0,C 68 L 10,0,0,2010-01-29,AN ACT Relating to transferring food assistance programs to the department of agriculture;,0,Transferring food assistance programs to the department of agriculture.,Senate,173,S-4247.1,0,0,0,0,Food assistance/dept of ag,Bill,B,(Hatfield),1,1
0,0,2009-10,SB 6342,6342,,2009-10,HB 2720,HRules 3C,2010-02-10,0,0,SB 6342,1st substitute bill substituted.,0,S subst for,0,0,2010-01-12,AN ACT Relating to the Washington soldiers' home;,0,Concerning the Washington soldiers' home.,Senate,1666,Z-0983.1,0,1,0,0,Washington soldiers' home,Bill,B,(Swecker),0,0
1,0,2009-10,SSB 6342,6342,,,,,2010-03-17,1,1,SSB 6342,Effective date 6/10/2010.,0,C 75 L 10,0,0,2010-02-01,AN ACT Relating to the Washington soldiers' home;,0,Concerning the Washington soldiers' home.,Senate,1666,S-4355.1,0,1,0,0,Washington soldiers' home,Bill,B,(Swecker),0,1
0,0,2009-10,SB 6343,6343,,,,,2010-02-15,0,0,SB 6343,1st substitute bill substituted.,0,S subst for,0,0,2010-01-12,AN ACT Relating to the establishment of the Washington food policy council;,0,Establishing the Washington food policy council.,Senate,207,S-3450.3,0,0,0,0,WA food policy council,Bill,B,(Jacobsen),1,0
1,0,2009-10,SSB 6343,6343,,,,,2010-04-02,1,1,SSB 6343,Governor vetoed.,0,Gov vetoed,1,0,2010-02-03,AN ACT Relating to the establishment of the Washington food policy forum;,0,Establishing the Washington food policy forum.,Senate,207,S-4396.2,0,0,0,0,WA food policy forum,Bill,B,(Jacobsen),0,1
0,0,2009-10,SB 6344,6344,,,,,2010-02-10,0,0,SB 6344,1st substitute bill substituted.,0,S subst for,0,0,2010-01-12,AN ACT Relating to city council campaign contribution limits;,0,Establishing contribution limits for city council campaigns.,Senate,1603,S-3482.1,0,0,0,0,City council campaigns,Bill,B,(Fairley),0,0
1,0,2009-10,SSB 6344,6344,,,,,2010-03-25,1,1,SSB 6344,Effective date 6/10/2010.,0,C 206 L 10,0,0,2010-01-28,AN ACT Relating to campaign contribution limits;,0,Concerning campaign contribution limits.,Senate,1603,S-4071.2,0,0,0,0,Campaign contribution limits,Bill,B,(Fairley),0,1
0,0,2009-10,SB 6345,6345,,2009-10,HB 2635,HTrans,2010-02-05,0,0,SB 6345,1st substitute bill substituted.,0,S subst for,0,0,2010-01-12,AN ACT Relating to the use of wireless communications devices while driving;,0,Addressing the use of wireless communications devices while driving.,Senate,633,S-3314.2,0,0,0,0,Wireless communications,Bill,B,(Eide),0,0
1,0,2009-10,SSB 6345,6345,,,,,2010-03-26,0,1,SSB 6345,Effective date 6/10/2010.,0,C 223 L 10,0,0,2010-01-27,AN ACT Relating to the use of wireless communications devices while driving;,1,Addressing the use of wireless communications devices while driving.,Senate,633,S-4147.1,0,0,0,0,Wireless communications,Bill,B,TRAN(Eide),1,1
0,0,2009-10,SB 6346,6346,,2009-10,HB 3079,HTrans,2010-02-10,0,0,SB 6346,1st substitute bill substituted.,0,S subst for,0,0,2010-01-12,AN ACT Relating to expanding the use of certain electric vehicles;,0,Expanding the use of certain electric vehicles.,Senate,14074,S-3519.1,0,0,0,0,Electric vehicles,Bill,B,(Ranker),0,0
1,0,2009-10,SSB 6346,6346,,,,,2010-03-19,1,1,SSB 6346,Effective date 6/10/2010.,0,C 144 L 10,0,0,2010-01-27,AN ACT Relating to expanding the use of certain electric vehicles;,0,Expanding the use of certain electric vehicles.,Senate,14074,S-4092.2,0,0,0,0,Electric vehicles,Bill,B,TRAN(Ranker),0,1
1,0,2009-10,SB 6347,6347,,,,,2010-03-15,0,0,SB 6347,"By resolution, reintroduced and retained in present status.",0,S Rules X,0,0,2010-01-12,AN ACT Relating to seawater desalination;,0,Studying seawater desalination.,Senate,14074,S-3338.1,0,0,0,0,Seawater desalination,Bill,B,(Ranker),1,0
1,0,2009-10,SB 6348,6348,,,,,2010-03-15,0,0,SB 6348,"By resolution, reintroduced and retained in present status.",0,S Rules X,0,0,2010-01-12,AN ACT Relating to prohibited communications of collection agencies and their employees;,0,Prohibiting certain communications of collection agencies and their employees.,Senate,14074,S-3568.1,0,0,0,0,Collection agencies,Bill,B,(Ranker),0,0
1,0,2009-10,SSB 6348,6348,,,,,2010-03-15,0,0,SSB 6348,"By resolution, reintroduced and retained in present status.",0,S Rules X,0,0,2010-01-27,AN ACT Relating to prohibited communications of collection agencies and their employees;,0,Prohibiting certain communications of collection agencies and their employees.,Senate,14074,S-4143.1,0,0,0,0,Collection agencies,Bill,B,(Ranker),0,1
0,0,2009-10,SB 6349,6349,,,,,2010-02-16,0,0,SB 6349,1st substitute bill substituted.,0,S subst for,0,0,2010-01-12,AN ACT Relating to a farm internship program;,0,Establishing a farm internship program.,Senate,14074,S-3742.1,0,0,0,0,Farm internship program,Bill,B,(Ranker),1,0
1,0,2009-10,SSB 6349,6349,,,,,2010-03-22,1,1,SSB 6349,Effective date 6/10/2010.,1,C 160 L 10,0,0,2010-02-04,AN ACT Relating to a farm internship program;,0,Establishing a farm internship program.,Senate,14074,S-4538.2,0,0,0,0,Farm internship program,Bill,B,(Ranker),1,1
0,0,2009-10,SB 6350,6350,,2009-10,HB 3078,HAg & Nat Res,2010-02-12,0,0,SB 6350,1st substitute bill substituted.,0,S subst for,0,0,2010-01-12,"AN ACT Relating to marine waters planning and management, including marine spatial planning;",1,Concerning marine waters management that includes marine spatial planning.,Senate,14074,S-3681.2,0,0,0,0,Marine waters management,Bill,B,(Ranker),1,0
1,0,2009-10,SSB 6350,6350,,,,,2010-03-19,0,1,SSB 6350,Effective date 6/10/2010.,0,C 145 L 10,0,0,2010-02-04,"AN ACT Relating to marine waters planning and management, including marine spatial planning;",1,Concerning marine waters management that includes marine spatial planning.,Senate,14074,S-4518.1,0,0,0,0,Marine waters management,Bill,B,(Ranker),1,1
1,0,2009-10,SB 6351,6351,,2009-10,HB 2732,HWays & Means,2010-03-15,0,0,SB 6351,"By resolution, reintroduced and retained in present status.",0,S Lab/Comm/CP,0,0,2010-01-13,AN ACT Relating to registration of lottery tickets and shares;,0,Allowing internet registration for second chance drawings of nonwinning tickets.,Senate,207,S-3706.1,0,0,0,0,Lottery tickets/internet,Bill,B,(Jacobsen),1,0
1,0,2009-10,SB 6352,6352,,,,,2010-03-15,0,0,SB 6352,"By resolution, reintroduced and retained in present status.",0,S Rules X,0,0,2010-01-13,"AN ACT Relating to modifying provisions on personal property exempt from execution, attachment, and garnishment;",0,"Modifying provisions on personal property exempt from execution, attachment, and garnishment.",Senate,2304,Z-1076.3,0,0,0,0,Exempt personal property,Bill,B,(Kline),1,0
1,0,2009-10,SSB 6352,6352,,,,,2010-03-15,0,0,SSB 6352,"By resolution, reintroduced and retained in present status.",0,S Rules X,0,0,2010-02-02,"AN ACT Relating to modifying provisions on personal property exempt from execution, attachment, and garnishment;",0,"Modifying provisions on personal property exempt from execution, attachment, and garnishment.",Senate,2304,S-4197.2,0,0,0,0,Exempt personal property,Bill,B,(Kline),1,1
1,0,2009-10,SB 6353,6353,,,,,2010-03-15,0,0,SB 6353,"By resolution, reintroduced and retained in present status.",0,S Rules X,0,0,2010-01-13,AN ACT Relating to technical changes concerning receivership statutes;,0,Providing technical changes concerning receivership statutes.,Senate,2304,Z-0809.2,0,0,0,0,Receivership statutes,Bill,B,(Kline),0,0
1,0,2009-10,SB 6354,6354,,,,,2010-03-15,0,0,SB 6354,"By resolution, reintroduced and retained in present status.",0,S NR/Ocean/Rec,0,0,2010-01-13,AN ACT Relating to the regulation of nonindustrial forests;,0,Concerning the regulation of nonindustrial forests.,Senate,1666,S-3748.1,0,0,0,0,Nonindustrial forests,Bill,B,(Swecker),1,0
0,0,2009-10,SB 6355,6355,,2009-10,HB 2655,HRules R,2010-02-12,0,0,SB 6355,1st substitute bill substituted.,0,S subst for,0,0,2010-01-13,AN ACT Relating to expanding the higher education system upon proven demand;,0,Expanding the higher education system upon proven demand.,Senate,10038,S-3578.2,0,0,0,0,Higher education system,Bill,B,(Kilmer),1,0
1,0,2009-10,SSB 6355,6355,,,,,2010-03-29,1,1,SSB 6355,Effective date 6/10/2010.,0,C 245 L 10,0,0,2010-01-29,AN ACT Relating to expanding the higher education system upon proven demand;,0,Expanding the higher education system upon proven demand.,Senate,10038,S-4255.3,0,0,0,0,Higher education system,Bill,B,(Kilmer),0,1
0,0,2009-10,SB 6356,6356,,,,,2010-02-10,0,0,SB 6356,1st substitute bill substituted.,0,S subst for,0,0,2010-01-13,AN ACT Relating to limiting access to law enforcement and emergency equipment and vehicles;,1,Limiting access to law enforcement and emergency equipment and vehicles.,Senate,10038,S-3517.1,0,0,0,0,Access to emergency vehicles,Bill,B,(Kilmer),1,0
1,0,2009-10,SSB 6356,6356,,,,,2010-03-18,1,1,SSB 6356,Effective date 6/10/2010.,0,C 117 L 10,0,0,2010-01-28,AN ACT Relating to limiting access to law enforcement and emergency equipment and vehicles;,0,Limiting access to law enforcement and emergency equipment and vehicles.,Senate,10038,S-4287.2,0,0,0,0,Access to emergency vehicles,Bill,B,TRAN(Kilmer),0,1
0,0,2009-10,SB 6357,6357,,,,,2010-02-11,0,0,SB 6357,1st substitute bill substituted.,0,S subst for,0,0,2010-01-13,AN ACT Relating to policies for the academic recognition of prior experience;,0,Requiring policies for academic recognition of certain life and learning experiences.,Senate,10038,S-3702.1,0,0,0,0,Academic credit/experiences,Bill,B,(Kilmer),1,0
1,0,2009-10,SSB 6357,6357,,,,,2010-03-15,0,0,SSB 6357,Effective date 6/10/2010.,0,C 71 L 10,0,0,2010-01-29,AN ACT Relating to policies for the academic recognition of prior learning;,0,Requiring policies for academic recognition of certain formal and informal learning experiences.,Senate,10038,S-4091.1,0,0,0,0,Academic credit/experiences,Bill,B,(Kilmer),0,1
1,0,2009-10,SB 6358,6358,,,,,2010-03-15,0,0,SB 6358,"By resolution, reintroduced and retained in present status.",0,S HighEd&WorkDev,0,0,2010-01-13,AN ACT Relating to tuition surcharges for students who do not have timely completion of degrees;,0,Regarding tuition surcharges for students who do not have timely completion of degrees.,Senate,10038,S-3571.2,0,0,0,0,Tuition surcharges,Bill,B,(Kilmer),0,0
0,0,2009-10,SB 6359,6359,,2009-10,HB 2634,HRules R,2010-02-15,0,0,SB 6359,1st substitute bill substituted.,0,S subst for,0,0,2010-01-13,AN ACT Relating to promoting efficiencies including institutional coordination and partnerships in the community and technical college system;,0,Promoting efficiencies including institutional coordination and partnerships in the community and technical college system.,Senate,10038,S-3536.1,0,0,0,0,Cmty & tech college system,Bill,B,(Kilmer),1,0
1,0,2009-10,ESSB 6359,6359,,,,,2010-03-29,1,1,ESSB 6359,Effective date 6/10/2010.,0,C 246 L 10,0,1,2010-01-29,AN ACT Relating to promoting efficiencies including institutional coordination and partnerships in the community and technical college system;,0,Promoting efficiencies including institutional coordination and partnerships in the community and technical college system.,Senate,10038,S-4042.3,0,0,0,0,Cmty & tech college system,Bill,B,(Kilmer),0,1
0,0,2009-10,SB 6360,6360,,,,,2010-02-11,0,0,SB 6360,1st substitute bill substituted.,0,S subst for,0,0,2010-01-13,AN ACT Relating to establishing a program to verify the address of registered sex offenders and kidnapping offenders;,0,Establishing a program to verify the address of registered sex offenders and kidnapping offenders.,Senate,171,S-3461.4,0,0,0,0,Verifying offender addresses,Bill,B,(Hargrove),0,0
1,0,2009-10,SSB 6360,6360,,,,,2010-03-15,0,0,SSB 6360,"By resolution, reintroduced and retained in present status.",0,S Rules 3,0,0,2010-01-28,AN ACT Relating to establishing a program to verify the address of registered sex offenders and kidnapping offenders;,0,Establishing a program to verify the address of registered sex offenders and kidnapping offenders.,Senate,171,S-4217.1,0,0,0,0,Verifying offender addresses,Bill,B,(Hargrove),0,1
0,0,2009-10,SB 6361,6361,,2009-10,HB 2817,HRules 3C,2010-02-11,0,0,SB 6361,1st substitute bill substituted.,0,S subst for,0,0,2010-01-13,AN ACT Relating to a person's identifying information submitted in the course of using the electronic statewide unified sex offender notification and registration program for the purpose of receiving notification regarding registered sex offenders;,0,Exempting a person's identifying information from public disclosure when submitted in the course of using the sex offender notification and registration program for the purpose of receiving notification regarding registered sex offenders.,Senate,8159,S-3460.2,0,0,0,0,Sex offender notification,Bill,B,(Brandland),0,0
1,0,2009-10,SSB 6361,6361,,,,,2010-03-31,0,0,SSB 6361,Effective date 6/10/2010.,0,C 266 L 10,0,0,2010-01-28,AN ACT Relating to a person's identifying information submitted in the course of using the electronic statewide unified sex offender notification and registration program for the purpose of receiving notification regarding registered sex offenders;,0,Exempting a person's identifying information from public disclosure when submitted in the course of using the sex offender notification and registration program for the purpose of receiving notification regarding registered sex offenders.,Senate,8159,S-4107.1,0,0,0,0,Sex offender notification,Bill,B,(Brandland),0,1
1,0,2009-10,SB 6362,6362,,,,,2010-03-15,0,0,SB 6362,"By resolution, reintroduced and retained in present status.",0,S Rules X,0,0,2010-01-13,AN ACT Relating to government accountability;,0,Concerning government accountability.,Senate,1922,S-3372.1,0,0,0,0,Government accountability,Bill,B,(Zarelli),1,0
1,0,2009-10,SSB 6362,6362,,,,,2010-03-15,0,0,SSB 6362,"By resolution, reintroduced and retained in present status.",0,S Rules X,0,0,2010-02-05,AN ACT Relating to government accountability;,0,Addressing priorities of government.,Senate,1922,S-4315.1,0,0,0,0,Government accountability,Bill,B,(Zarelli),0,1
0,0,2009-10,SB 6363,6363,,2009-10,HB 2739,Hsubst for,2010-02-12,0,0,SB 6363,1st substitute bill substituted.,0,S subst for,0,0,2010-01-13,AN ACT Relating to the enforcement of certain school or playground crosswalk violations;,1,Concerning the enforcement of certain school or playground crosswalk violations.,Senate,11968,S-3551.1,0,0,0,0,School crosswalk violations,Bill,B,(Marr),1,0
1,0,2009-10,SSB 6363,6363,,,,,2010-03-29,0,0,SSB 6363,Effective date 7/1/2010.,0,C 242 L 10,0,0,2010-02-03,AN ACT Relating to the enforcement of certain school or playground crosswalk violations;,1,Concerning the enforcement of certain school or playground crosswalk violations.,Senate,11968,S-4406.1,0,0,0,0,School crosswalk violations,Bill,B,TRAN(Marr),1,1
0,1,2009-10,SB 6364,6364,,2009-10,HB 2836,Hsubst for,2010-03-10,0,0,SB 6364,1st substitute bill substituted.,0,S subst for,0,0,2010-01-13,AN ACT Relating to the capital budget;,0,Concerning the capital budget.,Senate,143,Z-1139.1,0,0,1,0,Capital supp budget 2010,Bill,B,(Fraser),0,0
1,1,2009-10,ESSB 6364,6364,,,,,2010-03-15,0,1,ESSB 6364,"By resolution, reintroduced and retained in present status.",0,S Rules 3,0,1,2010-03-09,AN ACT Relating to the capital budget;,0,Concerning the capital budget.,Senate,143,S-5457.1,0,0,1,0,Capital supp budget 2010,Bill,B,WM(Fraser),0,1
1,0,2009-10,SB 6365,6365,,,,,2010-03-17,0,0,SB 6365,Effective date 6/10/2010.,0,C 76 L 10,0,0,2010-01-13,AN ACT Relating to motor vehicle emission standards;,0,Exempting the motor vehicles of certain residents who are members of the armed services from the provisions of chapter 70.120A RCW.,Senate,1666,S-3798.1,0,0,0,0,Motor vehicle emissions exem,Bill,B,(Swecker),1,0
1,0,2009-10,SB 6366,6366,,,,,2010-03-15,0,0,SB 6366,"By resolution, reintroduced and retained in present status.",0,S Rules X,0,0,2010-01-13,AN ACT Relating to permits for certain major transportation corridor projects;,1,Concerning permits for certain major transportation corridor projects.,Senate,1666,S-3664.1,0,0,0,0,Transp corridor project,Bill,B,(Swecker),1,0
1,0,2009-10,SSB 6366,6366,,,,,2010-03-15,0,0,SSB 6366,"By resolution, reintroduced and retained in present status.",0,S Rules X,0,0,2010-02-03,AN ACT Relating to permits for certain major transportation corridor projects;,0,Concerning permits for certain major transportation corridor projects.,Senate,1666,S-4401.2,0,0,0,0,Transp corridor project,Bill,B,TRAN(Swecker),0,1
0,0,2009-10,SB 6367,6367,,2009-10,HB 2582,HRules R,2010-02-15,0,0,SB 6367,1st substitute bill substituted.,0,S subst for,0,0,2010-01-13,AN ACT Relating to responses to public records requests;,0,Allowing agencies to direct requesters to their web site for public records.,Senate,173,S-3403.1,0,0,0,0,Agency web sites/pub records,Bill,B,(Hatfield),0,0
1,0,2009-10,SSB 6367,6367,,,,,2010-03-15,0,0,SSB 6367,Effective date 6/10/2010.,0,C 69 L 10,0,0,2010-02-01,AN ACT Relating to responses to public records requests;,0,Allowing agencies to direct requesters to their web site for public records.,Senate,173,S-4382.1,0,0,0,0,Agency web sites/pub records,Bill,B,(Hatfield),0,1
1,0,2009-10,SB 6368,6368,,2009-10,HB 2583,HRules R,2010-03-15,0,0,SB 6368,"By resolution, reintroduced and retained in present status.",0,S GovtOp & Elect,0,0,2010-01-13,AN ACT Relating to conferences regarding public records requests violations;,0,Concerning conferences prior to filing actions alleging a public records request violation.,Senate,173,S-3404.1,0,0,0,0,Pub record request violation,Bill,B,(Hatfield),0,0
1,0,2009-10,SB 6369,6369,,2009-10,EHB 2830,C 87 L 10,2010-03-15,0,1,SB 6369,"By resolution, reintroduced and retained in present status.",0,S 2nd RdConsCal,0,0,2010-01-13,AN ACT Relating to credit union regulatory enforcement powers;,0,Addressing credit union regulatory enforcement powers.,Senate,6765,Z-0848.7,0,0,0,1,Credit union regulation,Bill,B,(Berkey),1,0
1,0,2009-10,SB 6370,6370,,2009-10,EHB 2831,C 88 L 10,2010-03-15,0,1,SB 6370,"By resolution, reintroduced and retained in present status.",0,S Rules X,0,0,2010-01-13,"AN ACT Relating to state-chartered commercial banks, trust companies, savings banks, and their holding companies;",0,"Regulating state-chartered commercial banks, trust companies, savings banks, and their holding companies.",Senate,6765,Z-0885.5,0,0,0,1,Banks and trust companies,Bill,B,(Berkey),1,0
0,0,2009-10,SB 6371,6371,,2009-10,HB 2636,Hsubst for,2010-02-16,0,0,SB 6371,1st substitute bill substituted.,0,S subst for,0,0,2010-01-13,AN ACT Relating to money transmitters;,0,Concerning money transmitters.,Senate,5141,Z-1102.1,0,0,0,1,Money transmitters,Bill,B,(McDermott),1,0
1,0,2009-10,SSB 6371,6371,,,,,2010-03-15,0,0,SSB 6371,Effective date 6/10/2010.,0,C 73 L 10,0,0,2010-01-28,AN ACT Relating to money transmitters;,0,Concerning money transmitters.,Senate,5141,S-4165.1,0,0,0,1,Money transmitters,Bill,B,(McDermott),1,1
1,0,2009-10,SB 6372,6372,,,,,2010-03-15,0,0,SB 6372,"By resolution, reintroduced and retained in present status.",0,S Ag&RuralEc Dev,0,0,2010-01-13,AN ACT Relating to creating a task force to review conservation district functions and operations for the twenty-first century;,1,Creating a task force to review conservation district functions and operations.,Senate,207,S-3772.1,0,0,0,0,Conservation districts,Bill,B,(Jacobsen),1,0
0,0,2009-10,SB 6373,6373,,2009-10,HB 2545,HRules R,2010-02-12,0,0,SB 6373,1st substitute bill substituted.,0,S subst for,0,0,2010-01-13,AN ACT Relating to reporting of emissions of greenhouse gases;,1,Directing the department of ecology to adopt rules requiring entities to report the emissions of greenhouse gases.,Senate,14074,Z-0891.6,0,1,0,0,Greenhouse gas emissions,Bill,B,(Ranker),1,0
1,0,2009-10,SSB 6373,6373,,,,,2010-03-19,1,1,SSB 6373,Effective date 6/10/2010.,0,C 146 L 10,0,0,2010-02-01,AN ACT Relating to reporting of emissions of greenhouse gases;,0,Directing the department of ecology to adopt rules requiring entities to report the emissions of greenhouse gases.,Senate,14074,S-3747.2,0,1,0,0,Greenhouse gas emissions,Bill,B,(Ranker),0,1
0,0,2009-10,SB 6374,6374,,,,,2010-02-10,0,0,SB 6374,1st substitute bill substituted.,0,S subst for,0,0,2010-01-13,AN ACT Relating to fiscal note instructions;,0,Regarding fiscal note instructions.,Senate,10038,S-3735.1,0,0,0,0,Fiscal note instructions,Bill,B,(Kilmer),1,0
1,0,2009-10,SSB 6374,6374,,,,,2010-03-15,0,1,SSB 6374,"By resolution, reintroduced and retained in present status.",0,S Rules 3,0,0,2010-02-09,AN ACT Relating to fiscal note instructions;,0,Regarding fiscal note instructions.,Senate,10038,S-4732.1,0,0,0,0,Fiscal note instructions,Bill,B,WM(Kilmer),1,1
1,0,2009-10,SB 6375,6375,,,,,2010-03-15,0,0,SB 6375,"By resolution, reintroduced and retained in present status.",0,S GovtOp & Elect,0,0,2010-01-13,AN ACT Relating to search and rescue volunteers;,0,Requiring paid leave for state employees engaged in search and rescue activities.,Senate,143,S-3739.1,0,0,0,0,Search & rescue volunteers,Bill,B,(Fraser),1,0
1,0,2009-10,SB 6376,6376,,,,,2010-03-15,0,0,SB 6376,"By resolution, reintroduced and retained in present status.",0,S Lab/Comm/CP,0,0,2010-01-13,AN ACT Relating to contractor licensing;,0,Modifying contractor licensing laws.,Senate,174,S-3667.1,0,0,0,0,Contractor licensing laws,Bill,B,(Haugen),1,0
1,0,2009-10,SB 6377,6377,,,,,2010-03-15,0,0,SB 6377,"By resolution, reintroduced and retained in present status.",0,S Rules X,0,0,2010-01-13,AN ACT Relating to electric vehicle licensing fees;,0,Imposing an additional licensing fee on electric vehicles.,Senate,174,S-3713.1,0,0,0,0,Electr vehicle licensing fee,Bill,B,(Haugen),1,0
1,0,2009-10,SB 6378,6378,,2009-10,HB 2604,HAg & Nat Res,2010-03-15,0,0,SB 6378,"By resolution, reintroduced and retained in present status.",0,S Env/Water/Ener,0,0,2010-01-13,AN ACT Relating to exempting certain diversions of surface waters for agricultural purposes from the permit process;,0,Exempting certain diversions of surface waters for agricultural purposes from the permit process.,Senate,174,S-3311.2,0,0,0,0,Surface water diversions,Bill,B,(Haugen),1,0
1,0,2009-10,SB 6379,6379,,,,,2010-03-22,1,1,SB 6379,Effective date 7/1/2011*.,0,C 161 L 10,0,0,2010-01-13,AN ACT Relating to streamlining and making technical corrections to vehicle and vessel registration and title provisions;,0,Streamlining and making technical corrections to vehicle and vessel registration and title provisions.,Senate,1666,S-3663.1,0,0,0,0,Vehicles & vessels,Bill,B,(Swecker),0,0
0,0,2009-10,SB 6380,6380,,,,,2010-02-11,0,0,SB 6380,1st substitute bill substituted.,0,S subst for,0,0,2010-01-13,AN ACT Relating to the purchase of wetland mitigation bank credits by the department of transportation;,0,Concerning the purchase of wetland mitigation bank credits by the department of transportation.,Senate,174,S-3740.1,0,0,0,0,Wetland mitigation bank,Bill,B,(Haugen),1,0
1,0,2009-10,SSB 6380,6380,,,,,2010-03-15,0,1,SSB 6380,"By resolution, reintroduced and retained in present status.",0,S Rules 3,0,0,2010-01-28,AN ACT Relating to the purchase of wetland mitigation bank credits by the department of transportation;,0,Concerning the purchase of wetland mitigation bank credits by the department of transportation.,Senate,174,S-4298.1,0,0,0,0,Wetland mitigation bank,Bill,B,TRAN(Haugen),1,1
0,1,2009-10,SB 6381,6381,,2009-10,HB 2838,HRules R,2010-02-27,0,0,SB 6381,1st substitute bill substituted.,0,S subst for,0,0,2010-01-13,AN ACT Relating to transportation funding and appropriations;,0,Making 2009-11 supplemental transportation appropriations.,Senate,174,Z-1108.1,0,0,1,0,Trans supp budget 2009-11,Bill,B,(Haugen),0,0
1,1,2009-10,ESSB 6381,6381,,,,,2010-03-30,1,1,ESSB 6381,Effective date 3/30/2010.,1,C 247 L 10,0,1,2010-02-25,AN ACT Relating to transportation funding and appropriations;,0,Making 2009-11 supplemental transportation appropriations.,Senate,174,S-3656.9,0,0,1,0,Trans supp budget 2009-11,Bill,B,TRAN(Haugen),0,1
0,0,2009-10,SB 6382,6382,,,,,2010-01-22,0,0,SB 6382,1st substitute bill substituted.,0,S subst for,0,0,2010-01-13,AN ACT Relating to reducing the cost of state government operations by restricting compensation;,0,Reducing the cost of state government operations by restricting compensation.,Senate,337,Z-1021.2,0,0,1,0,State govt compensation,Bill,B,(Prentice),0,0
1,0,2009-10,SSB 6382,6382,,,,,2010-02-15,1,1,SSB 6382,Effective date 2/15/2010.,0,C 1 L 10,0,0,2010-01-22,AN ACT Relating to reducing the cost of state government operations by restricting compensation;,0,Reducing the cost of state government operations by restricting compensation.,Senate,337,S-4066.1,0,0,1,0,State govt compensation,Bill,B,WM(Prentice),1,1
1,0,2009-10,SB 6383,6383,,2009-10,HB 2736,HSGTribalAff,2010-03-15,0,0,SB 6383,"By resolution, reintroduced and retained in present status.",0,S GovtOp & Elect,0,0,2010-01-13,AN ACT Relating to creating the office of open records;,0,Establishing the office of open records.,Senate,295,Z-1032.1,0,1,0,0,Office of open records,Bill,B,(Morton),1,0
1,0,2009-10,SB 6384,6384,,2009-10,HB 2662,HJudiciary,2010-03-15,0,0,SB 6384,"By resolution, reintroduced and retained in present status.",0,S Rules X,0,0,2010-01-13,AN ACT Relating to conforming certain manufactured/mobile home dispute resolution program definitions with certain manufactured/mobile home landlord-tenant act definitions;,0,Conforming certain manufactured/mobile home dispute resolution program definitions with certain manufactured/mobile home landlord-tenant act definitions.,Senate,6765,S-3526.1,0,0,0,0,Manufactured & mobile homes,Bill,B,(Berkey),0,0
1,0,2009-10,SB 6385,6385,,2009-10,HB 2606,HLG & Housing,2010-03-15,0,0,SB 6385,"By resolution, reintroduced and retained in present status.",0,S FI/Hous/Ins,0,0,2010-01-13,AN ACT Relating to developing certification for manufactured housing community managers;,0,Developing certification for manufactured housing community managers.,Senate,6765,S-3414.2,0,0,0,0,Manufact'd housing/managers,Bill,B,(Berkey),1,0
1,0,2009-10,SB 6386,6386,,2009-10,HB 2598,C 57 L 10,2010-03-15,0,0,SB 6386,"By resolution, reintroduced and retained in present status.",0,S Rules X,0,0,2010-01-13,AN ACT Relating to disposal of dredged riverbed materials from the Mount St. Helen's eruption;,0,Concerning the disposal of dredged riverbed materials from the Mount St. Helen's eruption.,Senate,173,S-3846.1,0,0,0,0,Dredged riverbed materials,Bill,B,(Hatfield),1,0
1,0,2009-10,SB 6387,6387,,,,,2010-03-15,0,0,SB 6387,"By resolution, reintroduced and retained in present status.",0,S Lab/Comm/CP,0,0,2010-01-13,AN ACT Relating to employees of the public employment relations commission in the classification of labor relations adjudicator- mediator;,0,Concerning employees of the public employment relations commission in the classification of labor relations adjudicator-mediator.,Senate,644,Z-1038.1,0,0,0,1,Pub employmnt relations comm,Bill,B,(Kohl-Welles),1,0
1,0,2009-10,SB 6388,6388,,,,,2010-03-15,0,0,SB 6388,"By resolution, reintroduced and retained in present status.",0,S Ways & Means,0,0,2010-01-13,"AN ACT Relating to providing a property tax exemption for property held under lease, sublease, or lease-purchase by a nonprofit organization that provides job training, placement, or preemployment services;",0,"Providing a property tax exemption for property held under lease, sublease, or lease-purchase by a nonprofit organization that provides job training, placement, or preemployment services.",Senate,1595,S-3337.5,0,0,0,0,Property tax exemption,Bill,B,(Regala),1,0
1,0,2009-10,SB 6389,6389,,2009-10,HB 2769,HRules R,2010-03-15,0,0,SB 6389,"By resolution, reintroduced and retained in present status.",0,S 2nd RdConsCal,0,0,2010-01-13,AN ACT Relating to membership and rules of procedure for the criminal justice training commission and related boards;,0,Revising membership and rules of procedure for the criminal justice training commission and related boards.,Senate,8159,Z-0932.1,0,1,0,0,Crim'l justice training comm,Bill,B,(Brandland),1,0
1,0,2009-10,SB 6390,6390,,2009-10,HB 2768,Hsubst for,2010-03-15,0,0,SB 6390,"By resolution, reintroduced and retained in present status.",0,S Judiciary,0,0,2010-01-13,AN ACT Relating to background investigations for peace officers and reserve officers;,1,Requiring background investigations for peace officers and reserve officers as a condition of employment.,Senate,2304,Z-0803.2,0,1,0,0,Peace & reserve officers,Bill,B,(Kline),1,0
1,0,2009-10,SB 6391,6391,,2009-10,HB 2547,Hsubst for,2010-03-15,0,0,SB 6391,"By resolution, reintroduced and retained in present status.",0,S Lab/Comm/CP,0,0,2010-01-13,AN ACT Relating to franchise agreements between new motor vehicle dealers and manufacturers;,0,Concerning franchise agreements between new motor vehicle dealers and manufacturers.,Senate,1950,S-3276.3,0,0,0,0,Motor vehicle franchises,Bill,B,(Keiser),0,0
0,0,2009-10,SB 6392,6392,,2009-10,HB 2929,HRules R,2010-02-16,0,0,SB 6392,1st substitute bill substituted.,0,S subst for,0,0,2010-01-13,AN ACT Relating to the use of revenue generated from tolling the state route number 520 corridor;,0,Clarifying the use of revenue generated from tolling the state route number 520 corridor.,Senate,8214,S-3528.1,0,0,0,0,SR 520 tolling revenue use,Bill,B,(Tom),0,0
1,0,2009-10,ESSB 6392,6392,,,,,2010-03-30,1,1,ESSB 6392,Effective date 6/10/2010.,1,C 248 L 10,0,1,2010-01-27,AN ACT Relating to the use of revenue generated from tolling the state route number 520 corridor;,0,Clarifying the use of revenue generated from tolling the state route number 520 corridor.,Senate,8214,S-4112.1,0,0,0,0,SR 520 tolling revenue use,Bill,B,TRAN(Tom),1,1
0,0,2009-10,SB 6393,6393,,2009-10,HB 2678,Hsubst for,2010-02-11,0,0,SB 6393,1st substitute bill substituted.,0,S subst for,0,0,2010-01-13,AN ACT Relating to modifying distributions of funds by the horse racing commission to nonprofit race meets;,0,Modifying distributions of funds by the horse racing commission to nonprofit race meets.,Senate,5880,Z-0759.2,0,0,0,1,Nonprofit race meets,Bill,B,(Hewitt),1,0
1,0,2009-10,SSB 6393,6393,,,,,2010-03-15,0,0,SSB 6393,"By resolution, reintroduced and retained in present status.",0,S Rules 3,0,0,2010-01-25,AN ACT Relating to modifying distributions of funds by the horse racing commission to nonprofit race meets;,0,Modifying distributions of funds by the horse racing commission to nonprofit race meets.,Senate,5880,S-4077.1,0,0,0,1,Nonprofit race meets,Bill,B,(Hewitt),1,1
1,0,2009-10,SB 6394,6394,,2009-10,HB 2705,HJudiciary,2010-03-15,0,0,SB 6394,"By resolution, reintroduced and retained in present status.",0,S Judiciary,0,0,2010-01-13,AN ACT Relating to the right to control the disposition of human remains;,0,Concerning the right to control the disposition of human remains.,Senate,207,S-3812.1,0,0,0,0,Disposition of human remains,Bill,B,(Jacobsen),0,0
0,0,2009-10,SB 6395,6395,,,,,2010-02-16,0,0,SB 6395,1st substitute bill substituted.,0,S subst for,0,0,2010-01-13,AN ACT Relating to lawsuits aimed at chilling the valid exercise of the constitutional rights of speech and petition;,0,Addressing lawsuits aimed at chilling the valid exercise of the constitutional rights of speech and petition.,Senate,2304,S-3426.3,0,0,0,0,Rights of speech & petition,Bill,B,(Kline),0,0
1,0,2009-10,SSB 6395,6395,,,,,2010-03-18,0,0,SSB 6395,Effective date 6/10/2010.,0,C 118 L 10,0,0,2010-01-25,AN ACT Relating to lawsuits aimed at chilling the valid exercise of the constitutional rights of speech and petition;,0,Addressing lawsuits aimed at chilling the valid exercise of the constitutional rights of speech and petition.,Senate,2304,S-4012.2,0,0,0,0,Rights of speech & petition,Bill,B,(Kline),0,1
1,0,2009-10,SB 6396,6396,,,,,2010-03-15,0,0,SB 6396,"By resolution, reintroduced and retained in present status.",0,S Judiciary,0,0,2010-01-13,AN ACT Relating to banning the sale of assault weapons;,0,Banning the sale of assault weapons.,Senate,2304,S-3284.6,0,0,0,0,Assault weapons,Bill,B,(Kline),0,0
1,0,2009-10,SB 6397,6397,,,,,2010-03-15,0,0,SB 6397,"By resolution, reintroduced and retained in present status.",0,S Rules X,0,0,2010-01-13,AN ACT Relating to viewing sexually explicit depictions of minors on the internet;,1,Addressing the viewing of sexually explicit depictions of minors on the internet.,Senate,2304,S-3643.2,0,0,0,0,Child pornography/internet,Bill,B,(Kline),1,0
1,0,2009-10,SSB 6397,6397,,,,,2010-03-15,0,1,SSB 6397,"By resolution, reintroduced and retained in present status.",0,S Rules X,0,0,2010-02-05,AN ACT Relating to viewing sexually explicit depictions of minors on the internet;,0,Addressing the viewing of sexually explicit depictions of minors on the internet.,Senate,2304,S-4697.1,0,0,0,0,Child pornography/internet,Bill,B,(Kline),0,1
0,0,2009-10,SB 6398,6398,,,,,2010-02-16,0,0,SB 6398,1st substitute bill substituted.,0,S subst for,0,0,2010-01-13,AN ACT Relating to the definition of threat;,0,Adding the definition of threat to malicious harassment provisions.,Senate,2304,S-3761.1,0,0,0,0,Threat/malicious harassment,Bill,B,(Kline),0,0
1,0,2009-10,SSB 6398,6398,,,,,2010-03-18,0,0,SSB 6398,Effective date 6/10/2010.,0,C 119 L 10,0,0,2010-02-02,AN ACT Relating to the definition of threat;,0,Adding the definition of threat to malicious harassment provisions.,Senate,2304,S-4322.1,0,0,0,0,Threat/malicious harassment,Bill,B,(Kline),0,1
1,0,2009-10,SB 6399,6399,,,,,2010-03-15,0,0,SB 6399,"By resolution, reintroduced and retained in present status.",0,S HumServ/Corr,0,0,2010-01-13,AN ACT Relating to the calculation of child support;,0,Concerning the calculation of child support.,Senate,1595,Z-0830.3,0,0,0,0,Child support calculation,Bill,B,(Regala),1,0
1,0,2009-10,SB 6400,6400,,2009-10,HB 2779,HWays & Means,2010-03-15,0,0,SB 6400,"By resolution, reintroduced and retained in present status.",0,S Hea/L-T Care,0,0,2010-01-13,AN ACT Relating to payment for emergency services rendered by nonparticipating providers in hospitals;,0,Concerning emergency services provided by nonparticipating providers in hospitals.,Senate,1950,S-3854.1,0,0,0,0,Nonparticipating providers,Bill,B,(Keiser),1,0
1,0,2009-10,SB 6401,6401,,2009-10,HB 2675,HRules R,2010-03-22,1,1,SB 6401,Effective date 6/10/2010.,0,C 163 L 10,0,0,2010-01-13,"AN ACT Relating to an alternative process for selecting an electrical contractor or a mechanical contractor, or both, for general contractor/construction manager projects;",0,"Concerning an alternative process for selecting an electrical contractor or a mechanical contractor, or both, for general contractor/construction manager projects.",Senate,8159,S-3659.1,0,0,0,0,General contractor projects,Bill,B,(Brandland),0,0
0,0,2009-10,SB 6402,6402,,,,,2010-02-16,0,0,SB 6402,1st substitute bill substituted.,0,S subst for,0,0,2010-01-13,AN ACT Relating to the consolidation of permit exempt wells;,1,Concerning the consolidation of permit exempt wells.,Senate,394,S-3764.1,0,0,0,0,Permit exempt wells,Bill,B,(Sheldon),1,0
1,0,2009-10,ESSB 6402,6402,,,,,2010-03-15,0,1,ESSB 6402,"By resolution, reintroduced and retained in present status.",0,S Rules 3,0,1,2010-02-03,AN ACT Relating to the consolidation of permit exempt wells;,1,Concerning the consolidation of permit exempt wells.,Senate,394,S-4234.4,0,0,0,0,Permit exempt wells,Bill,B,(Sheldon),1,1
0,0,2009-10,SB 6403,6403,,2009-10,HB 2609,HEducation,2010-02-11,0,0,SB 6403,1st substitute bill substituted.,0,S subst for,0,0,2010-01-13,"AN ACT Relating to accountability and support for vulnerable students and dropouts, including prevention, intervention, and reengagement;",0,Regarding accountability and support for vulnerable students and dropouts.,Senate,12073,Z-1092.1,0,0,0,1,Vulnerable students,Bill,B,(Kauffman),1,0
1,0,2009-10,ESSB 6403,6403,,,,,2010-03-29,1,1,ESSB 6403,Effective date 6/10/2010.,1,C 243 L 10,0,1,2010-01-26,"AN ACT Relating to accountability and support for vulnerable students and dropouts, including prevention, intervention, and reengagement;",0,Regarding accountability and support for vulnerable students and dropouts.,Senate,12073,S-4181.2,0,0,0,1,Vulnerable students,Bill,B,EDU(Kauffman),1,1
1,0,2009-10,SB 6404,6404,,2009-10,HB 3171,HTrans,2010-03-15,0,0,SB 6404,"By resolution, reintroduced and retained in present status.",0,S Transportation,0,0,2010-01-13,AN ACT Relating to vehicle registration fees collected by subagents under RCW 46.16.0621 and 46.16.070;,1,Concerning vehicle registration fees collected by subagents under RCW 46.16.0621 and 46.16.070.,Senate,1666,S-3537.1,0,0,0,0,Vehicle regist fees/subagent,Bill,B,(Swecker),1,0
1,0,2009-10,SB 6405,6405,,2009-10,HB 2564,Hsubst for,2010-03-15,0,0,SB 6405,"By resolution, reintroduced and retained in present status.",0,S Rules X,0,0,2010-01-13,AN ACT Relating to escrow agents;,0,Regarding escrow agents.,Senate,6765,Z-1095.1,0,0,0,1,Escrow agents,Bill,B,(Berkey),1,0
1,0,2009-10,SSB 6405,6405,,,,,2010-03-15,0,0,SSB 6405,"By resolution, reintroduced and retained in present status.",0,S Rules X,0,0,2010-01-28,AN ACT Relating to escrow agents;,0,Regarding escrow agents.,Senate,6765,S-4162.1,0,0,0,1,Escrow agents,Bill,B,(Berkey),1,1
1,0,2009-10,SB 6406,6406,,2009-10,HB 2608,C 35 L 10,2010-03-15,0,0,SB 6406,"By resolution, reintroduced and retained in present status.",0,S Rules X,0,0,2010-01-13,AN ACT Relating to licensing residential mortgage loan servicers through the national mortgage licensing service and clarifying the existing authority of the department of financial institutions to regulate residential mortgage loan modification services under the consumer loan act and mortgage broker practices act;,0,Concerning regulation and licensing of residential mortgage loan servicers and services.,Senate,142,Z-1020.1,0,0,0,1,Residential mortgage loaning,Bill,B,(Franklin),1,0
1,0,2009-10,SB 6407,6407,,2009-10,EHB 2519,C 261 L 10,2010-03-15,0,0,SB 6407,"By resolution, reintroduced and retained in present status.",0,S Ways & Means,0,0,2010-01-13,AN ACT Relating to duty-related death benefits for public safety employees;,0,Addressing duty-related death benefits for public safety employees.,Senate,633,Z-1017.2,0,0,0,1,Pub safety employee benefits,Bill,B,(Eide),1,0
1,0,2009-10,SB 6408,6408,,2009-10,HB 2910,HSGTribalAff,2010-03-15,0,0,SB 6408,"By resolution, reintroduced and retained in present status.",0,S Rules X,0,0,2010-01-13,AN ACT Relating to remedies for actions under the public records act;,0,Changing remedies for actions under the public records act.,Senate,1603,S-3545.1,0,0,0,0,Remedies/public records act,Bill,B,(Fairley),0,0
1,0,2009-10,SSB 6408,6408,,,,,2010-03-15,0,0,SSB 6408,"By resolution, reintroduced and retained in present status.",0,S Rules X,0,0,2010-02-01,AN ACT Relating to remedies for actions under the public records act;,0,Changing remedies for actions under the public records act.,Senate,1603,S-4381.1,0,0,0,0,Remedies/public records act,Bill,B,(Fairley),0,1
0,0,2009-10,SB 6409,6409,,,,,2010-03-05,0,0,SB 6409,2nd substitute bill substituted.,0,S subst for,0,0,2010-01-13,AN ACT Relating to creating the Washington investment in excellence account;,0,Creating the Washington investment in excellence account.,Senate,2168,S-3697.1,0,0,0,0,Investmnt in excellence acct,Bill,B,(Kastama),1,0
0,0,2009-10,SSB 6409,6409,,,,,2010-03-05,0,0,SSB 6409,2nd substitute bill substituted.,0,S subst for,0,0,2010-02-03,AN ACT Relating to creating the Washington investment in excellence account;,0,Creating the Washington investment in excellence account.,Senate,2168,S-4386.1,0,0,0,0,Investmnt in excellence acct,Bill,B,(Kastama),1,1
1,0,2009-10,E2SSB 6409,6409,,,,,2010-04-23,0,1,E2SSB 6409,Effective date 7/13/2010.,1,C 27 L 10 E1,0,1,2010-02-24,AN ACT Relating to creating the Washington opportunity pathways account;,0,Creating the Washington opportunity pathways account.,Senate,2168,S-4926.6,0,0,0,0,Opportunity pathways account,Bill,B,WM(Kastama),1,2
1,0,2009-10,SB 6410,6410,,,,,2010-03-15,0,0,SB 6410,"By resolution, reintroduced and retained in present status.",0,S Transportation,0,0,2010-01-13,AN ACT Relating to the amount of a fine issued for an automated traffic safety camera infraction;,0,Requiring that the amount of a fine issued for an automated traffic safety camera infraction not exceed the average amount of fines issued for other parking infractions within the jurisdiction.,Senate,2168,S-3399.1,0,0,0,0,Traffic safety camera infrac,Bill,B,(Kastama),0,0
1,0,2009-10,SB 6411,6411,,,,,2010-03-15,0,0,SB 6411,"By resolution, reintroduced and retained in present status.",0,S Transportation,0,0,2010-01-13,AN ACT Relating to requiring the traffic safety commission to submit a report on certain revenues generated by public and private entities through use of automated traffic safety cameras;,0,Requiring the traffic safety commission to submit a report on certain revenues generated by public and private entities through use of automated traffic safety cameras.,Senate,2168,S-3398.1,0,0,0,0,Traffic safety cameras,Bill,B,(Kastama),0,0
1,0,2009-10,SB 6412,6412,,2009-10,HB 2963,HJudiciary,2010-03-15,0,0,SB 6412,"By resolution, reintroduced and retained in present status.",0,S Rules X,0,0,2010-01-14,AN ACT Relating to medical malpractice closed claim reporting;,0,Concerning medical malpractice closed claim reporting.,Senate,12072,Z-1093.2,0,0,0,1,Medical malpractice reports,Bill,B,(Hobbs),1,0
1,0,2009-10,SSB 6412,6412,,,,,2010-03-15,0,0,SSB 6412,"By resolution, reintroduced and retained in present status.",0,S Rules X,0,0,2010-02-05,AN ACT Relating to medical malpractice closed claim reporting;,0,Concerning medical malpractice closed claim reporting.,Senate,12072,S-4264.1,0,0,0,1,Medical malpractice reports,Bill,B,(Hobbs),0,1
1,0,2009-10,SB 6413,6413,,2009-10,HB 2858,C 61 L 10,2010-03-15,0,0,SB 6413,"By resolution, reintroduced and retained in present status.",0,S Rules X,0,0,2010-01-14,AN ACT Relating to purchasing authority of institutions of higher education with group purchasing organizations;,0,Regarding the purchasing authority of institutions of higher education.,Senate,1603,Z-0884.1,0,0,0,0,Higher education purchasing,Bill,B,(Fairley),1,0
0,0,2009-10,SB 6414,6414,,,,,2010-02-13,0,0,SB 6414,1st substitute bill substituted.,0,S subst for,0,0,2010-01-14,"AN ACT Relating to sex offender registration concerning consistency in registration deadlines, criteria for which a court may relieve a person of the duty to register, the class of felony for a failure to register, when a failure to register will be considered a sex offense, and community custody terms for a failure to register;",0,Modifying sex offender registration provisions.,Senate,1595,S-3590.3,0,0,0,0,Sex offender registration,Bill,B,(Regala),0,0
1,0,2009-10,SSB 6414,6414,,,,,2010-03-31,0,0,SSB 6414,Effective date 6/10/2010.,0,C 267 L 10,0,0,2010-02-04,AN ACT Relating to improving the administration and efficiency of sex and kidnapping offender registration;,1,Improving the administration and efficiency of sex and kidnapping offender registration.,Senate,1595,S-4265.3,0,0,0,0,Offender registration,Bill,B,(Regala),1,1
1,0,2009-10,SB 6415,6415,,2009-10,HB 2520,HJudiciary,2010-03-15,0,0,SB 6415,"By resolution, reintroduced and retained in present status.",0,S Judiciary,0,0,2010-01-14,AN ACT Relating to increasing the number of superior court judges in Yakima county;,0,Increasing the number of superior court judges in Yakima county.,Senate,13199,Z-0940.2,0,0,0,1,Yakima Co. sup. court judges,Bill,B,(King),0,0
0,0,2009-10,SB 6416,6416,,,,,2010-02-16,0,0,SB 6416,1st substitute bill substituted.,0,S subst for,0,0,2010-01-14,AN ACT Relating to relatives in dependency proceedings;,0,Concerning relatives in dependency proceedings.,Senate,361,S-3407.4,0,0,0,0,Dependency proceedings,Bill,B,(Roach),1,0
1,0,2009-10,SSB 6416,6416,,,,,2010-03-11,0,1,SSB 6416,"By resolution, returned to Senate Rules Committee for third reading.",0,S Rules 3,0,0,2010-02-04,AN ACT Relating to relatives in dependency proceedings;,0,Concerning relatives in dependency proceedings.,Senate,361,S-4454.1,0,0,0,0,Dependency proceedings,Bill,B,(Roach),1,1
1,0,2009-10,SB 6417,6417,,,,,2010-03-15,0,0,SB 6417,"By resolution, reintroduced and retained in present status.",0,S HumServ/Corr,0,0,2010-01-14,AN ACT Relating to the placement of children with relatives;,0,Concerning the placement of children with relatives.,Senate,361,S-3408.1,0,0,0,0,Children/placemnt w/relative,Bill,B,(Roach),0,0
1,0,2009-10,SB 6418,6418,,2009-10,HB 2843,HRules R,2010-03-19,0,0,SB 6418,Effective date 6/10/2010.,0,C 136 L 10,0,0,2010-01-14,AN ACT Relating to cities and towns annexed to fire protection districts;,0,Regarding cities and towns annexed to fire protection districts.,Senate,11968,S-3760.1,0,0,0,0,Annexation to fire prot dist,Bill,B,(Marr),0,0
1,0,2009-10,SB 6419,6419,,,,,2010-03-15,0,0,SB 6419,"By resolution, reintroduced and retained in present status.",0,S HumServ/Corr,0,0,2010-01-14,AN ACT Relating to juvenile offender sentencing standards for vehicular homicide;,0,Revising juvenile offender sentencing standards for vehicular homicide.,Senate,2168,S-3429.1,0,0,0,0,Vehicular homicide/juveniles,Bill,B,(Kastama),1,0
1,0,2009-10,SB 6420,6420,,,,,2010-03-15,0,0,SB 6420,"By resolution, reintroduced and retained in present status.",0,S Transportation,0,0,2010-01-14,AN ACT Relating to authorizing various local transportation revenue options in order to cover certain transportation project cost overruns;,0,Authorizing various local transportation revenue options in order to cover certain transportation project cost overruns.,Senate,2168,S-3336.2,0,0,0,0,Local transp revenue options,Bill,B,(Kastama),0,0
1,0,2009-10,SB 6421,6421,,,,,2010-03-15,0,0,SB 6421,"By resolution, reintroduced and retained in present status.",0,S Ways & Means,0,0,2010-01-14,AN ACT Relating to Washington state's energy strategy;,0,Modifying the department of commerce's duties with respect to the state's energy strategy.,Senate,3481,S-3724.1,0,0,0,0,Commerce dept duties/energy,Bill,B,(Rockefeller),1,0
1,0,2009-10,SSB 6421,6421,,,,,2010-03-15,0,0,SSB 6421,"By resolution, reintroduced and retained in present status.",0,S Ways & Means,0,0,2010-02-01,AN ACT Relating to Washington state's energy strategy;,0,Modifying the department of commerce's duties with respect to the state's energy strategy.,Senate,3481,S-4352.2,0,0,0,0,Commerce dept duties/energy,Bill,B,(Rockefeller),1,1
1,0,2009-10,SB 6422,6422,,2009-10,HB 2935,Hsubst for,2010-03-15,0,0,SB 6422,"By resolution, reintroduced and retained in present status.",0,S Rules 2,0,0,2010-01-14,AN ACT Relating to environmental and land use hearings boards;,0,Regarding environmental and land use hearings boards and making more uniform the timelines for filing appeals with those boards.,Senate,1603,Z-1068.2,0,0,1,0,"Hearing brds/envir, land use",Bill,B,(Fairley),1,0
1,0,2009-10,SSB 6422,6422,,,,,2010-03-15,0,0,SSB 6422,"By resolution, reintroduced and retained in present status.",0,S Rules 2,0,0,2010-02-04,AN ACT Relating to environmental and land use hearings boards;,0,Regarding environmental and land use hearings boards and making more uniform the timelines for filing appeals with those boards.,Senate,1603,S-4167.3,0,0,1,0,"Hearing brds/envir, land use",Bill,B,(Fairley),1,1
1,0,2009-10,SB 6423,6423,,,,,2010-03-15,0,0,SB 6423,"By resolution, reintroduced and retained in present status.",0,S Hea/L-T Care,0,0,2010-01-14,AN ACT Relating to residential habilitation services;,0,Concerning residential habilitation services.,Senate,1603,Z-0970.1,0,0,1,0,Residential habilitation,Bill,B,(Fairley),1,0
0,0,2009-10,SB 6424,6424,,2009-10,HB 2773,HFinance,2010-02-15,0,0,SB 6424,1st substitute bill substituted.,0,S subst for,0,0,2010-01-14,AN ACT Relating to local excise tax authorities for counties and cities;,1,Concerning local excise tax authorities for counties and cities.,Senate,1595,Z-1082.2,0,0,1,0,Local excise tax authorities,Bill,B,(Regala),1,0
1,0,2009-10,ESSB 6424,6424,,,,,2010-03-15,0,1,ESSB 6424,"By resolution, reintroduced and retained in present status.",0,S Rules 3,0,1,2010-02-09,AN ACT Relating to local excise tax authorities for counties and cities;,1,Concerning local excise tax authorities for counties and cities.,Senate,1595,S-4728.2,0,0,1,0,Local excise tax authorities,Bill,B,WM(Regala),1,1
1,0,2009-10,SB 6425,6425,,2009-10,HB 2917,HCommerce/Lab,2010-03-15,0,0,SB 6425,"By resolution, reintroduced and retained in present status.",0,S GovtOp & Elect,0,0,2010-01-14,AN ACT Relating to transferring the board of accountancy to the department of licensing;,0,Transferring the board of accountancy to the department of licensing.,Senate,1603,Z-1044.3,0,0,1,0,"Accountancy board, transfer",Bill,B,(Fairley),1,0
0,0,2009-10,SB 6426,6426,,2009-10,HB 2617,Hsubst for,2010-02-10,0,0,SB 6426,1st substitute bill substituted.,0,S subst for,0,0,2010-01-14,AN ACT Relating to eliminating boards and commissions;,0,Eliminating certain boards and commissions.,Senate,337,Z-1070.1,0,0,1,0,Boards and commissions,Bill,B,(Prentice),1,0
1,0,2009-10,ESSB 6426,6426,,,,,2010-03-15,0,1,ESSB 6426,"By resolution, reintroduced and retained in present status.",0,S Rules 3,0,1,2010-02-09,AN ACT Relating to eliminating boards and commissions;,0,Eliminating certain boards and commissions.,Senate,337,S-4731.2,0,0,1,0,Boards and commissions,Bill,B,WM(Prentice),0,1
1,0,2009-10,SB 6427,6427,,2009-10,HB 2686,Hsubst for,2010-03-15,0,0,SB 6427,"By resolution, reintroduced and retained in present status.",0,S Hea/L-T Care,0,0,2010-01-14,AN ACT Relating to fees for dental services that are not covered services under dental insurance or dental health care service contracts;,0,Concerning fees for dental services that are not covered by insurance or contract.,Senate,12072,S-3710.1,0,0,0,0,Dental services not covered,Bill,B,(Hobbs),0,0
1,0,2009-10,SB 6428,6428,,,,,2010-03-15,0,0,SB 6428,"By resolution, reintroduced and retained in present status.",0,S Rules X,0,0,2010-01-14,AN ACT Relating to personal information used to identify a person filing a complaint with an agency;,0,Exempting from disclosure personal information used to identify a person filing a complaint with an agency.,Senate,2304,S-3679.1,0,0,0,0,Complaint filed w/ an agency,Bill,B,(Kline),0,0
1,0,2009-10,SSB 6428,6428,,,,,2010-03-15,0,0,SSB 6428,"By resolution, reintroduced and retained in present status.",0,S Rules X,0,0,2010-02-04,AN ACT Relating to personal information used to identify a person filing a complaint with an agency;,0,Defining investigative agency for the purpose of exempting disclosure of personal information of persons filing complaints with investigative agencies.,Senate,2304,S-4589.1,0,0,0,0,Investigative agency,Bill,B,(Kline),0,1
1,0,2009-10,SB 6429,6429,,,,,2010-03-15,0,0,SB 6429,"By resolution, reintroduced and retained in present status.",0,S Judiciary,0,0,2010-01-14,AN ACT Relating to authorizing use of firearm noise suppression devices by on-duty law enforcement officers;,0,Authorizing use of firearm noise suppression devices by on-duty law enforcement officers.,Senate,8159,S-3615.1,0,0,0,0,Firearm noise suppression,Bill,B,(Brandland),0,0
1,0,2009-10,ESB 6430,6430,,,,,2010-03-15,0,1,ESB 6430,"By resolution, reintroduced and retained in present status.",0,S Rules 3,0,1,2010-01-14,AN ACT Relating to ballot envelopes;,1,Concerning ballot envelopes.,Senate,5141,S-3457.1,0,0,0,0,Ballot envelopes,Bill,B,(McDermott),0,0
1,0,2009-10,SB 6431,6431,,,,,2010-03-15,0,0,SB 6431,"By resolution, reintroduced and retained in present status.",0,S Rules X,0,0,2010-01-14,AN ACT Relating to the use and disclosure of video camera or other recording device data on public transportation facilities;,0,Regulating the use and disclosure of video camera or other recording device data on public transportation facilities.,Senate,174,S-3497.1,0,0,0,0,Video camera data/pub trans,Bill,B,(Haugen),0,0
1,0,2009-10,SSB 6431,6431,,,,,2010-03-15,0,0,SSB 6431,"By resolution, reintroduced and retained in present status.",0,S Rules X,0,0,2010-02-03,AN ACT Relating to the use and disclosure of video camera or other recording device data on public transportation facilities;,0,Regulating the use and disclosure of video camera or other recording device data on public transportation facilities.,Senate,174,S-4053.2,0,0,0,0,Video camera data/pub trans,Bill,B,TRAN(Haugen),0,1
1,0,2009-10,SB 6432,6432,,2009-10,HB 2798,HJudiciary,2010-03-15,0,0,SB 6432,"By resolution, reintroduced and retained in present status.",0,S Judiciary,0,0,2010-01-14,AN ACT Relating to enhanced intelligence in Washington state;,1,Creating the Washington enhanced intelligence act.,Senate,2304,S-3756.1,0,0,0,0,WA enhanced intelligence act,Bill,B,(Kline),1,0
0,0,2009-10,SB 6433,6433,,,,,2010-02-15,0,0,SB 6433,1st substitute bill substituted.,0,S subst for,0,0,2010-01-14,AN ACT Relating to home inspector licensing requirements;,0,Extending the time in which certain experienced home inspectors can apply for licensure without meeting instruction and training requirements.,Senate,1577,S-3547.1,0,0,0,0,Home inspector licensing,Bill,B,(Honeyford),0,0
1,0,2009-10,SSB 6433,6433,,,,,2010-03-15,0,1,SSB 6433,"By resolution, reintroduced and retained in present status.",0,S Rules 3,0,0,2010-02-05,AN ACT Relating to home inspector licensing requirements;,0,Modifying home inspector licensing requirements.,Senate,1577,S-4434.1,0,0,0,0,Home inspector licensing,Bill,B,(Honeyford),1,1
1,0,2009-10,SB 6434,6434,,,,,2010-03-15,0,0,SB 6434,"By resolution, reintroduced and retained in present status.",0,S Lab/Comm/CP,0,0,2010-01-14,AN ACT Relating to requiring the home inspector advisory licensing board to provide for classroom instruction in both eastern and western Washington;,0,Requiring the home inspector advisory licensing board to provide for classroom instruction in both eastern and western Washington.,Senate,1577,S-3658.1,0,0,0,0,Home inspector licensing brd,Bill,B,(Honeyford),0,0
1,0,2009-10,SB 6435,6435,,,,,2010-03-15,0,0,SB 6435,"By resolution, reintroduced and retained in present status.",0,S Rules X,0,0,2010-01-14,AN ACT Relating to electric vehicle infrastructure;,0,Requiring the building code council to adopt rules for installing outlets to charge vehicles.,Senate,1577,S-3783.1,0,0,0,0,Electric vehicles/charging,Bill,B,(Honeyford),0,0
1,1,2009-10,SB 6436,6436,,,,,2010-03-15,0,0,SB 6436,"By resolution, reintroduced and retained in present status.",0,S Env/Water/Ener,0,0,2010-01-14,AN ACT Relating to limitations on withdrawing various waters from additional appropriations;,0,Concerning limitations on withdrawing various waters from additional appropriations.,Senate,1577,S-3781.1,0,0,0,0,Water withdrawal limits,Bill,B,(Honeyford),0,0
1,0,2009-10,SB 6437,6437,,,,,2010-03-15,0,0,SB 6437,"By resolution, reintroduced and retained in present status.",0,S Env/Water/Ener,0,0,2010-01-14,AN ACT Relating to renewable energy;,0,"Modifying definitions applicable to chapter 19.285 RCW, the energy independence act.",Senate,1577,S-3796.1,0,0,0,0,Renewable energy definitions,Bill,B,(Honeyford),0,0
1,0,2009-10,SB 6438,6438,,,,,2010-03-15,0,0,SB 6438,"By resolution, reintroduced and retained in present status.",0,S Lab/Comm/CP,0,0,2010-01-14,AN ACT Relating to the prevailing rate of wage on public works;,0,Regarding the prevailing rate of wage on public works.,Senate,1577,S-3701.1,0,0,0,0,Prevailing wage rate/pub wrk,Bill,B,(Honeyford),0,0
1,0,2009-10,SB 6439,6439,,,,,2010-03-15,0,0,SB 6439,"By resolution, reintroduced and retained in present status.",0,S Env/Water/Ener,0,0,2010-01-14,AN ACT Relating to outdoor wood-fired boilers;,0,Authorizing the use of outdoor wood-fired boilers.,Senate,1577,S-3797.1,0,0,0,0,Outdoor wood-fired boilers,Bill,B,(Honeyford),0,0
1,0,2009-10,SB 6440,6440,,,,,2010-03-15,0,0,SB 6440,"By resolution, reintroduced and retained in present status.",0,S Rules X,0,0,2010-01-14,AN ACT Relating to adding fire protection services to the seller disclosure form;,0,Adding fire protection services to the seller disclosure form.,Senate,1577,S-3741.1,0,0,0,0,Seller disclosure form,Bill,B,(Honeyford),0,0
1,0,2009-10,SB 6441,6441,,,,,2010-03-15,0,0,SB 6441,"By resolution, reintroduced and retained in present status.",0,S Env/Water/Ener,0,0,2010-01-14,AN ACT Relating to the energy independence act;,0,Modifying the energy independence act.,Senate,295,S-3853.1,0,0,0,0,Energy independence act,Bill,B,(Morton),0,0
1,0,2009-10,SB 6442,6442,,,,,2010-03-15,0,0,SB 6442,"By resolution, reintroduced and retained in present status.",0,S Rules X,0,0,2010-01-14,AN ACT Relating to eliminating the prevent or reduce owner-occupied foreclosure program account;,0,Eliminating the prevent or reduce owner-occupied foreclosure program account.,Senate,6765,S-3791.1,0,0,0,0,Owner-occupied foreclosure,Bill,B,(Berkey),0,0
1,0,2009-10,SB 6443,6443,,,,,2010-03-15,0,0,SB 6443,"By resolution, reintroduced and retained in present status.",0,S Ways & Means,0,0,2010-01-14,AN ACT Relating to the taxation of cigarettes and other tobacco products;,0,Concerning the taxation of cigarettes and other tobacco products.,Senate,1950,S-3773.1,0,0,0,0,Cigarette & tobacco taxation,Bill,B,(Keiser),1,0
0,1,2009-10,SB 6444,6444,,2009-10,HB 2824,HRules R,2010-02-27,0,0,SB 6444,1st substitute bill substituted.,0,S subst for,0,0,2010-01-14,AN ACT Relating to fiscal matters;,0,Making 2010 operating supplemental appropriations.,Senate,337,Z-1104.3,0,0,1,0,Operating supp budget 2010,Bill,B,(Prentice),0,0
1,1,2009-10,ESSB 6444,6444,,,,,2010-05-04,1,1,ESSB 6444,Effective date 5/4/2010.,1,C 37 L 10 E1,0,1,2010-02-27,AN ACT Relating to fiscal matters;,0,Making 2010 supplemental operating appropriations.,Senate,337,S-4999.3,0,0,1,0,Operating supp budget 2010,Bill,B,WM(Prentice),0,1
1,0,2009-10,SB 6445,6445,,,,,2010-03-15,0,0,SB 6445,"By resolution, reintroduced and retained in present status.",0,S GovtOp & Elect,0,0,2010-01-14,AN ACT Relating to allowing impact fees to be used for all fire protection facilities;,0,Allowing impact fees to be used for all fire protection facilities.,Senate,337,S-3591.1,0,0,0,0,Fire protection facilities,Bill,B,(Prentice),0,0
1,0,2009-10,SB 6446,6446,,,,,2010-03-15,0,0,SB 6446,"By resolution, reintroduced and retained in present status.",0,S HumServ/Corr,0,0,2010-01-14,"AN ACT Relating to the period of time during which a licensed overnight youth shelter, or an organization whose stated mission is to provide services to homeless or runaway youth and their families, must provide notification to parents of runaway youth;",0,"Addressing the period of time during which a licensed overnight youth shelter, or an organization whose stated mission is to provide services to homeless or runaway youth and their families, must provide notification to parents of runaway youth.",Senate,644,S-3577.1,0,0,0,0,Overnight youth shelters,Bill,B,(Kohl-Welles),0,0
1,0,2009-10,SB 6447,6447,,2009-10,HB 2639,HHC/Wellness,2010-03-15,0,0,SB 6447,"By resolution, reintroduced and retained in present status.",0,S Lab/Comm/CP,0,0,2010-01-14,AN ACT Relating to exempting pipe tobacco from restrictions on shipping tobacco to consumers in Washington;,0,Exempting pipe tobacco from restrictions on shipping tobacco to consumers in Washington.,Senate,644,S-3480.1,0,0,0,0,Pipe tobacco,Bill,B,(Kohl-Welles),0,0
1,0,2009-10,SB 6448,6448,,2009-10,HB 3037,HAg & Nat Res,2010-03-15,0,0,SB 6448,"By resolution, reintroduced and retained in present status.",0,S Rules 2,0,0,2010-01-14,AN ACT Relating to providing the department of fish and wildlife authority to improve permitting of hydraulic projects;,1,Concerning permitting of hydraulic projects.,Senate,207,S-3733.1,0,0,0,0,Hydraulic project permitting,Bill,B,(Jacobsen),1,0
1,0,2009-10,SSB 6448,6448,,,,,2010-03-15,0,1,SSB 6448,"By resolution, reintroduced and retained in present status.",0,S Rules 2,0,0,2010-02-04,AN ACT Relating to providing the department of fish and wildlife authority to improve permitting of hydraulic projects;,1,Concerning permitting of hydraulic projects.,Senate,207,S-4586.1,0,0,0,0,Hydraulic project permitting,Bill,B,(Jacobsen),1,1
0,0,2009-10,SB 6449,6449,,,,,2010-02-15,0,0,SB 6449,1st substitute bill substituted.,0,S subst for,0,0,2010-01-14,AN ACT Relating to signature gatherers;,0,Regarding signature gatherers for petitions.,Senate,5141,S-3638.1,0,0,0,0,Petition signature gatherers,Bill,B,(McDermott),1,0
1,0,2009-10,ESSB 6449,6449,,,,,2010-03-15,0,1,ESSB 6449,"By resolution, reintroduced and retained in present status.",0,S Rules 3,0,1,2010-02-04,AN ACT Relating to signature gatherers;,0,Regarding signature gatherers for petitions.,Senate,5141,S-4392.1,0,0,0,0,Petition signature gatherers,Bill,B,(McDermott),1,1
1,0,2009-10,SB 6450,6450,,,,,2010-03-12,0,0,SB 6450,Effective date 6/10/2010.,0,C 49 L 10,0,0,2010-01-14,AN ACT Relating to requiring the department of licensing to establish continuing education requirements for court reporters;,0,Requiring the department of licensing to establish continuing education requirements for court reporters.,Senate,633,S-3298.2,0,0,0,0,Court reporters,Bill,B,(Eide),1,0
1,0,2009-10,SB 6451,6451,,,,,2010-03-15,0,0,SB 6451,"By resolution, reintroduced and retained in present status.",0,S Rules X,0,0,2010-01-14,AN ACT Relating to installation of residential fire sprinkler systems;,0,Concerning the installation of residential fire sprinkler systems.,Senate,12073,S-3527.1,0,0,0,0,Fire sprinkler systems,Bill,B,(Kauffman),1,0
1,0,2009-10,SSB 6451,6451,,,,,2010-03-15,0,0,SSB 6451,"By resolution, reintroduced and retained in present status.",0,S Rules X,0,0,2010-02-01,AN ACT Relating to installation of residential fire sprinkler systems;,0,Concerning the installation of residential fire sprinkler systems.,Senate,12073,S-4356.1,0,0,0,0,Fire sprinkler systems,Bill,B,(Kauffman),0,1
1,0,2009-10,SB 6452,6452,,2009-10,HB 2837,HHC/Wellness,2010-03-15,0,0,SB 6452,"By resolution, reintroduced and retained in present status.",0,S Hea/L-T Care,0,0,2010-01-14,AN ACT Relating to limited service pregnancy centers;,0,Concerning limited service pregnancy centers.,Senate,8214,S-3845.1,0,0,0,0,Ltd service pregnancy ctrs,Bill,B,(Tom),1,0
1,0,2009-10,SB 6453,6453,,2009-10,HB 2492,HRules 3C,2010-03-12,0,0,SB 6453,Effective date 6/10/2010.,0,C 50 L 10,0,0,2010-01-14,"AN ACT Relating to shared leave for members of the law enforcement officers' and firefighters' retirement system, plan 2;",0,"Addressing shared leave for members of the law enforcement officers' and firefighters' retirement system, plan 2.",Senate,12072,Z-1016.1,0,0,0,1,LEOFF plan 2 shared leave,Bill,B,(Hobbs),1,0
1,0,2009-10,SB 6454,6454,,2009-10,HB 2596,Hsubst for,2010-03-15,0,0,SB 6454,"By resolution, reintroduced and retained in present status.",0,S Rules X,0,0,2010-01-14,AN ACT Relating to defining child advocacy centers for the multidisciplinary investigation of child abuse and implementation of county protocols;,0,Defining child advocacy centers for the multidisciplinary investigation of child abuse and implementation of county protocols.,Senate,8159,S-3869.1,0,0,0,0,Child advocacy centers,Bill,B,(Brandland),0,0
1,0,2009-10,SSB 6454,6454,,,,,2010-03-15,0,0,SSB 6454,"By resolution, reintroduced and retained in present status.",0,S Rules X,0,0,2010-02-04,AN ACT Relating to defining child advocacy centers for the multidisciplinary investigation of child abuse and implementation of county protocols;,0,Defining child advocacy centers for the multidisciplinary investigation of child abuse and implementation of county protocols.,Senate,8159,S-4455.1,0,0,0,0,Child advocacy centers,Bill,B,(Brandland),0,1
1,0,2009-10,SB 6455,6455,,,,,2010-03-15,0,0,SB 6455,"By resolution, reintroduced and retained in present status.",0,S Transportation,0,0,2010-01-14,AN ACT Relating to liability for damage to property owned by the department of transportation;,0,Concerning liability for damage to property owned by the department of transportation.,Senate,174,S-3832.1,0,0,0,0,Damage to DOT property,Bill,B,(Haugen),1,0
1,0,2009-10,SB 6456,6456,,2009-10,HB 2646,HCommerce/Lab,2010-03-15,0,0,SB 6456,"By resolution, reintroduced and retained in present status.",0,S Rules X,0,0,2010-01-14,"AN ACT Relating to improving administration of wage complaints by defining the limitations period for administrative wage claims through the department of labor and industries, tolling the civil statute of limitations, increasing minimum penalties for violators, creating and affecting waiver of penalties for repeat violators and those with a business practice of disregard for wage law, and providing for wage law violation liability for successor businesses;",0,Improving administration of wage complaints.,Senate,2304,S-3708.1,0,0,0,0,Wage complaints,Bill,B,(Kline),1,0
1,0,2009-10,SSB 6456,6456,,,,,2010-03-15,0,0,SSB 6456,"By resolution, reintroduced and retained in present status.",0,S Rules X,0,0,2010-02-04,"AN ACT Relating to improving administration of wage complaints by defining the limitations period for administrative wage claims through the department of labor and industries, clarifying the requirements for the department to extend the time period for wage complaint investigations, revising the department's bond authority, tolling the civil statute of limitations, increasing minimum penalties for violators, creating and affecting waiver of penalties for repeat willful violators, and providing for wage law violation liability for successor businesses;",0,Improving administration of wage complaints.,Senate,2304,S-4343.2,0,0,0,0,Wage complaints,Bill,B,(Kline),1,1
1,0,2009-10,SB 6457,6457,,2009-10,HB 2844,HFinance,2010-03-15,0,0,SB 6457,"By resolution, reintroduced and retained in present status.",0,S Ways & Means,0,0,2010-01-14,AN ACT Relating to excise tax relief for nuclear fuel assemblies;,0,Concerning excise tax relief for nuclear fuel assemblies.,Senate,1574,S-3784.1,0,0,0,0,Nuclear fuel assemblies,Bill,B,(Delvin),0,0
1,0,2009-10,SB 6458,6458,,,,,2010-03-15,0,0,SB 6458,"By resolution, reintroduced and retained in present status.",0,S Env/Water/Ener,0,0,2010-01-14,AN ACT Relating to minimum renewable fuel content requirements;,0,Concerning minimum renewable fuel content requirements.,Senate,14074,S-3637.2,0,0,0,0,Renewable fuel content,Bill,B,(Ranker),1,0
0,0,2009-10,SB 6459,6459,,,,,2010-02-15,0,0,SB 6459,1st substitute bill substituted.,0,S subst for,0,0,2010-01-14,AN ACT Relating to the inspection of rental properties;,0,Concerning the inspection of rental properties.,Senate,12072,S-3750.1,0,0,0,0,Rental property inspection,Bill,B,(Hobbs),0,0
1,0,2009-10,SSB 6459,6459,,,,,2010-03-19,1,1,SSB 6459,Effective date 6/10/2010.,0,C 148 L 10,0,0,2010-02-05,AN ACT Relating to the inspection of rental properties;,1,Concerning the inspection of rental properties.,Senate,12072,S-3991.2,0,0,0,0,Rental property inspection,Bill,B,(Hobbs),1,1
1,0,2009-10,SB 6460,6460,,,,,2010-03-15,0,0,SB 6460,"By resolution, reintroduced and retained in present status.",0,S Rules X,0,0,2010-01-14,AN ACT Relating to preparation charges for condominium resale certificates;,0,Increasing the charge limit for the preparation of condominium resale certificates.,Senate,11968,S-3711.1,0,0,0,0,Condo resale certificates,Bill,B,(Marr),0,0
1,0,2009-10,SB 6461,6461,,,,,2010-03-15,0,0,SB 6461,"By resolution, reintroduced and retained in present status.",0,S Rules X,0,0,2010-01-14,AN ACT Relating to immunity from liability for civil damages for firefighters;,0,Providing limited immunity for firefighters providing emergency services.,Senate,1577,S-3745.1,0,0,0,0,Firefighter limited immunity,Bill,B,(Honeyford),0,0
1,0,2009-10,ESB 6462,6462,,,,,2010-03-15,0,1,ESB 6462,"By resolution, reintroduced and retained in present status.",0,S Rules 3,0,1,2010-01-14,AN ACT Relating to firefighter duties;,0,Addressing the duties of a firefighter at the scene of a wildfire beyond the boundaries of the firefighter's district.,Senate,1577,S-3779.1,0,0,0,0,Firefighter duties/wildfire,Bill,B,(Honeyford),0,0
1,0,2009-10,SB 6463,6463,,,,,2010-03-15,0,0,SB 6463,"By resolution, reintroduced and retained in present status.",0,S GovtOp & Elect,0,0,2010-01-14,AN ACT Relating to property access during forest fires;,0,Authorizing property access during forest fires.,Senate,1577,S-3881.1,0,0,0,0,Forest fires/property access,Bill,B,(Honeyford),0,0
1,0,2009-10,SB 6464,6464,,,,,2010-03-15,0,0,SB 6464,"By resolution, reintroduced and retained in present status.",0,S Env/Water/Ener,0,0,2010-01-14,AN ACT Relating to clarifying when a water right is relinquished;,0,Clarifying when a water right is relinquished.,Senate,1666,S-3805.1,0,0,0,0,Water right relinquishment,Bill,B,(Swecker),0,0
1,0,2009-10,SB 6465,6465,,,,,2010-03-15,0,0,SB 6465,"By resolution, reintroduced and retained in present status.",0,S Transportation,0,0,2010-01-14,AN ACT Relating to commercial activity at state-owned safety rest areas;,0,Authorizing certain commercial activity at state-owned safety rest areas.,Senate,655,S-3303.1,0,0,0,0,State-owned safety rest area,Bill,B,(Shin),0,0
1,0,2009-10,SB 6466,6466,,2009-10,HB 3133,HTrans,2010-03-15,0,0,SB 6466,"By resolution, reintroduced and retained in present status.",0,S Rules X,0,0,2010-01-14,AN ACT Relating to advertising on school buses;,0,Authorizing advertising on school buses.,Senate,655,S-3652.1,0,0,0,0,Advertising on school buses,Bill,B,(Shin),1,0
1,0,2009-10,SSB 6466,6466,,,,,2010-03-15,0,0,SSB 6466,"By resolution, reintroduced and retained in present status.",0,S Rules X,0,0,2010-01-28,AN ACT Relating to advertising on school buses;,0,Authorizing advertising on school buses.,Senate,655,S-4001.4,0,0,0,0,Advertising on school buses,Bill,B,EDU(Shin),1,1
1,0,2009-10,SB 6467,6467,,,,,2010-03-12,0,0,SB 6467,Effective date 6/10/2010.,0,C 51 L 10,0,0,2010-01-14,AN ACT Relating to honorary degrees for students who were ordered into internment camps;,0,Authorizing honorary degrees for students who were ordered into internment camps.,Senate,655,S-3765.1,0,0,0,0,Honorary degrees,Bill,B,(Shin),0,0
0,0,2009-10,SB 6468,6468,,,,,2010-02-12,0,0,SB 6468,1st substitute bill substituted.,0,S subst for,0,0,2010-01-14,AN ACT Relating to coordinating the weatherization and structural rehabilitation of residential structures;,0,Coordinating the weatherization and structural rehabilitation of residential structures.,Senate,12073,S-3505.2,0,0,0,0,Weatherization/residential,Bill,B,(Kauffman),1,0
1,0,2009-10,ESSB 6468,6468,,,,,2010-04-01,1,1,ESSB 6468,Effective date 6/10/2010.,0,C 287 L 10,0,1,2010-02-04,AN ACT Relating to coordinating the weatherization and structural rehabilitation of residential structures;,0,Coordinating the weatherization and structural rehabilitation of residential structures.,Senate,12073,S-4510.1,0,0,0,0,Weatherization/residential,Bill,B,(Kauffman),1,1
1,0,2009-10,SB 6469,6469,,,,,2010-03-15,0,0,SB 6469,"By resolution, reintroduced and retained in present status.",0,S Rules X,0,0,2010-01-14,AN ACT Relating to filling vacancies on the racial disproportionality advisory committee;,0,Filling vacancies on the racial disproportionality advisory committee.,Senate,12073,S-3793.1,0,0,0,0,Racial dispr. advisory comm,Bill,B,(Kauffman),0,0
1,0,2009-10,SSB 6469,6469,,,,,2010-03-15,0,0,SSB 6469,"By resolution, reintroduced and retained in present status.",0,S Rules X,0,0,2010-02-04,AN ACT Relating to filling vacancies on the racial disproportionality advisory committee;,0,Filling vacancies on the racial disproportionality advisory committee.,Senate,12073,S-4456.1,0,0,0,0,Racial dispr. advisory comm,Bill,B,(Kauffman),0,1
0,0,2009-10,SB 6470,6470,,,,,2010-02-16,0,0,SB 6470,1st substitute bill substituted.,0,S subst for,0,0,2010-01-14,AN ACT Relating to the burdens of proof required in dependency matters affecting Indian children;,0,Addressing the burdens of proof required in dependency matters affecting Indian children.,Senate,12073,S-3608.1,0,0,0,0,Indian children/dependency,Bill,B,(Kauffman),0,0
1,0,2009-10,SSB 6470,6470,,,,,2010-04-01,1,1,SSB 6470,Effective date 6/10/2010.,0,C 288 L 10,0,0,2010-02-04,AN ACT Relating to the burdens of proof required in dependency matters affecting Indian children;,0,Addressing the burdens of proof required in dependency matters affecting Indian children.,Senate,12073,S-4334.2,0,0,0,0,Indian children/dependency,Bill,B,(Kauffman),1,1
1,0,2009-10,SB 6471,6471,,2009-10,HB 2527,Hsubst for,2010-03-15,0,0,SB 6471,"By resolution, reintroduced and retained in present status.",0,S Rules X,0,0,2010-01-14,AN ACT Relating to the energy facility site evaluation council;,0,Regarding the energy facility site evaluation council.,Senate,143,S-3427.5,0,0,0,0,Energy facil site eval counc,Bill,B,(Fraser),1,0
1,0,2009-10,SSB 6471,6471,,,,,2010-03-15,0,0,SSB 6471,"By resolution, reintroduced and retained in present status.",0,S Rules X,0,0,2010-02-03,AN ACT Relating to the energy facility site evaluation council;,0,Regarding the energy facility site evaluation council.,Senate,143,S-4422.1,0,0,0,0,Energy facil site eval counc,Bill,B,(Fraser),1,1
1,0,2009-10,SB 6472,6472,,,,,2010-03-15,0,0,SB 6472,"By resolution, reintroduced and retained in present status.",0,S GovtOp & Elect,0,0,2010-01-14,AN ACT Relating to citizenship;,0,Concerning citizenship.,Senate,657,S-3435.1,0,0,0,0,Citizenship,Bill,B,(Stevens),0,0
1,0,2009-10,SB 6473,6473,,,,,2010-03-15,0,0,SB 6473,"By resolution, reintroduced and retained in present status.",0,S Judiciary,0,0,2010-01-14,AN ACT Relating to the right to protection;,0,Recognizing the right to protection.,Senate,657,S-3436.1,0,0,0,0,Right to protection,Bill,B,(Stevens),0,0
1,0,2009-10,SB 6474,6474,,,,,2010-03-15,0,0,SB 6474,"By resolution, reintroduced and retained in present status.",0,S Transportation,0,0,2010-01-14,"AN ACT Relating to the verification that applicants for driver's licenses, permits, and identicards are lawfully within the United States;",0,"Verifying that applicants for drivers' licenses, permits, and identicards are lawfully within the United States.",Senate,657,S-3376.1,0,0,0,0,Applicants/lawfully in U.S.,Bill,B,(Stevens),0,0
1,0,2009-10,SB 6475,6475,,,,,2010-03-15,0,0,SB 6475,"By resolution, reintroduced and retained in present status.",0,S Judiciary,0,0,2010-01-14,"AN ACT Relating to exempting a firearm, a firearm accessory, or ammunition manufactured and retained in Washington from federal regulation under the commerce clause of the Constitution of the United States;",0,"Exempting a firearm, a firearm accessory, or ammunition manufactured and retained in Washington from federal regulation under the commerce clause of the Constitution of the United States.",Senate,657,S-3817.1,0,0,0,0,Firearms/fed regulation exem,Bill,B,(Stevens),0,0
0,0,2009-10,SB 6476,6476,,,,,2010-02-13,0,0,SB 6476,1st substitute bill substituted.,0,S subst for,0,0,2010-01-14,AN ACT Relating to sex crimes involving minors;,1,Revising provisions relating to sex crimes involving minors.,Senate,657,S-3755.1,0,0,0,0,Sex crimes involving minors,Bill,B,(Stevens),1,0
1,0,2009-10,ESSB 6476,6476,,,,,2010-04-01,1,1,ESSB 6476,Effective date 6/10/2010*.,1,C 289 L 10,0,1,2010-02-05,AN ACT Relating to sex crimes involving minors;,0,Revising provisions relating to sex crimes involving minors.,Senate,657,S-4632.2,0,0,0,0,Sex crimes involving minors,Bill,B,(Stevens),0,1
1,0,2009-10,SB 6477,6477,,,,,2010-03-15,0,0,SB 6477,"By resolution, reintroduced and retained in present status.",0,S Env/Water/Ener,0,0,2010-01-14,AN ACT Relating to express legislative authorization for any greenhouse gas or motor vehicle fuel economy program;,0,Requiring express legislative authorization for a greenhouse gas or motor vehicle fuel economy program.,Senate,657,S-3520.1,0,0,0,0,"Greenhouse gas programs, etc",Bill,B,(Stevens),0,0
1,0,2009-10,SB 6478,6478,,,,,2010-03-15,0,0,SB 6478,"By resolution, reintroduced and retained in present status.",0,S HumServ/Corr,0,0,2010-01-15,AN ACT Relating to planning for the discontinuation of discharge of vulnerable populations from state institutions into homelessness;,0,Planning for the discontinuation of discharge of vulnerable populations from state institutions into homelessness.,Senate,1595,S-3717.2,0,0,0,0,Discharge of vulnerable,Bill,B,(Regala),1,0
1,0,2009-10,SB 6479,6479,,,,,2010-03-15,0,0,SB 6479,"By resolution, reintroduced and retained in present status.",0,S GovtOp & Elect,0,0,2010-01-15,AN ACT Relating to standing when filing a petition with a growth management hearings board;,0,Determining who has standing when filing a petition with a growth management hearings board.,Senate,295,S-3542.1,0,0,0,0,Growth mgmt board petitions,Bill,B,(Morton),0,0
1,0,2009-10,SB 6480,6480,,2009-10,HB 2925,Hsubst for,2010-03-15,0,0,SB 6480,"By resolution, reintroduced and retained in present status.",0,S GovtOp & Elect,0,0,2010-01-15,AN ACT Relating to impact payments of a municipally owned hydroelectric facility;,1,Concerning impact payments of a municipally owned hydroelectric facility.,Senate,295,S-3746.1,0,0,0,0,Hydroelectric facilities,Bill,B,(Morton),0,0
1,0,2009-10,SB 6481,6481,,,,,2010-03-25,1,1,SB 6481,Effective date 6/10/2010.,0,C 219 L 10,0,0,2010-01-15,AN ACT Relating to clarifying which local governments have jurisdiction over conversion-related forest practices;,0,Clarifying which local governments have jurisdiction over conversion-related forest practices.,Senate,295,S-3582.1,0,0,0,0,Forest practice jurisdiction,Bill,B,(Morton),0,0
1,0,2009-10,SB 6482,6482,,,,,2010-03-15,0,0,SB 6482,"By resolution, reintroduced and retained in present status.",0,S GovtOp & Elect,0,0,2010-01-15,AN ACT Relating to fire protection firms;,0,Concerning fire protection firms.,Senate,171,S-3405.4,0,0,0,0,Fire protection firms,Bill,B,(Hargrove),1,0
1,0,2009-10,SB 6483,6483,,,,,2010-03-15,0,0,SB 6483,"By resolution, reintroduced and retained in present status.",0,S NR/Ocean/Rec,0,0,2010-01-15,AN ACT Relating to promoting natural wildlife management planning;,0,Regarding natural wildlife planning management.,Senate,171,S-3456.1,0,0,0,0,Natural wildlife management,Bill,B,(Hargrove),1,0
1,0,2009-10,SB 6484,6484,,,,,2010-03-15,0,0,SB 6484,"By resolution, reintroduced and retained in present status.",0,S HumServ/Corr,0,0,2010-01-15,AN ACT Relating to civil judgments for assault;,0,Authorizing civil judgements for assault.,Senate,5880,S-3449.2,0,0,0,0,Civil judgments for assault,Bill,B,(Hewitt),0,0
0,0,2009-10,SB 6485,6485,,,,,2010-02-13,0,0,SB 6485,1st substitute bill substituted.,0,S subst for,0,0,2010-01-15,AN ACT Relating to craft distilleries;,0,Modifying craft distillery provisions.,Senate,11968,S-3743.1,0,0,0,0,Craft distilleries,Bill,B,(Marr),0,0
1,0,2009-10,SSB 6485,6485,,,,,2010-04-01,1,1,SSB 6485,Effective date 6/10/2010.,0,C 290 L 10,0,0,2010-02-04,AN ACT Relating to craft distilleries;,0,Modifying craft distillery provisions.,Senate,11968,S-4487.1,0,0,0,0,Craft distilleries,Bill,B,(Marr),0,1
1,0,2009-10,SB 6486,6486,,,,,2010-03-15,0,0,SB 6486,"By resolution, reintroduced and retained in present status.",0,S Hea/L-T Care,0,0,2010-01-15,AN ACT Relating to vaccination of health care workers;,0,Requiring hospitals to adopt policies concerning vaccination of health care workers.,Senate,1907,S-3362.2,0,0,0,0,Vaccination/hospital workers,Bill,B,(Murray),0,0
1,0,2009-10,SB 6487,6487,,2009-10,HB 2815,HHC/Wellness,2010-03-18,0,0,SB 6487,Effective date 6/10/2010.,0,C 121 L 10,0,0,2010-01-15,AN ACT Relating to repealing the expiration of the fair payment for chiropractic services requirement;,0,Repealing the expiration of the fair payment for chiropractic services requirement.,Senate,142,S-3863.1,0,0,0,0,Chiropractic service/payment,Bill,B,(Franklin),1,0
1,0,2009-10,SB 6488,6488,,,,,2010-03-15,0,0,SB 6488,"By resolution, reintroduced and retained in present status.",0,S Ways & Means,0,0,2010-01-15,AN ACT Relating to school levies;,0,Regarding school levies.,Senate,12067,Z-1080.3,0,0,1,0,School levies,Bill,B,(Oemig),1,0
1,0,2009-10,SSB 6488,6488,,,,,2010-03-15,0,0,SSB 6488,"By resolution, reintroduced and retained in present status.",0,S Ways & Means,0,0,2010-01-26,AN ACT Relating to school levies;,0,Regarding school levies.,Senate,12067,S-4271.1,0,0,1,0,School levies,Bill,B,EDU(Oemig),1,1
1,0,2009-10,SB 6489,6489,,,,,2010-03-15,0,0,SB 6489,"By resolution, reintroduced and retained in present status.",0,S Rules X,0,0,2010-01-15,AN ACT Relating to the energy efficiency code;,0,Adding products to the energy efficiency code.,Senate,12067,S-3855.1,0,0,0,0,Energy efficiency code,Bill,B,(Oemig),1,0
1,0,2009-10,SSB 6489,6489,,,,,2010-03-15,0,0,SSB 6489,"By resolution, reintroduced and retained in present status.",0,S Rules X,0,0,2010-02-05,AN ACT Relating to the energy efficiency code;,0,Regarding uniform television energy efficiency standards.,Senate,12067,S-4693.1,0,0,0,0,Energy efficiency code,Bill,B,(Oemig),1,1
1,0,2009-10,SB 6490,6490,,,,,2010-03-15,0,0,SB 6490,"By resolution, reintroduced and retained in present status.",0,S Rules X,0,0,2010-01-15,AN ACT Relating to driver's and vehicle licenses;,0,Changing provisions regulating driver's and vehicle licenses.,Senate,2304,S-3292.2,0,0,0,0,Driver's & vehicle licenses,Bill,B,(Kline),1,0
1,0,2009-10,SSB 6490,6490,,,,,2010-03-15,0,0,SSB 6490,"By resolution, reintroduced and retained in present status.",0,S Rules X,0,0,2010-02-05,AN ACT Relating to driver's and vehicle licenses;,1,Changing provisions regulating driver's and vehicle licenses.,Senate,2304,S-4390.3,0,0,0,0,Driver's & vehicle licenses,Bill,B,(Kline),1,1
1,0,2009-10,SB 6491,6491,,2009-10,HB 2849,HEducation Apps,2010-03-15,0,0,SB 6491,"By resolution, reintroduced and retained in present status.",0,S EL/K-12,0,0,2010-01-15,"AN ACT Relating to transferring the state school for the blind, the Washington state center for childhood deafness and hearing loss, and the associated boards of trustees to the office of the superintendent of public instruction;",0,Transferring the state school for the blind and the state center for childhood deafness and hearing loss to the office of the superintendent of public instruction.,Senate,12067,Z-1014.1,0,0,1,0,Sch. for blind/deafness ctr.,Bill,B,(Oemig),1,0
1,0,2009-10,SB 6492,6492,,2009-10,HB 2555,Hsubst for,2010-03-15,0,0,SB 6492,"By resolution, reintroduced and retained in present status.",0,S Rules X,0,0,2010-01-15,"AN ACT Relating to authorizing the department of labor and industries to issue subpoenas, but only with respect to enforcement of chapter 19.28 RCW;",0,Authorizing the department of labor and industries to issue subpoenas to enforce production of information related to electricians and electrical installations.,Senate,12073,S-3558.1,0,0,0,0,L & I subpoenas/electricians,Bill,B,(Kauffman),1,0
1,0,2009-10,SSB 6492,6492,,,,,2010-03-15,0,0,SSB 6492,"By resolution, reintroduced and retained in present status.",0,S Rules X,0,0,2010-02-04,"AN ACT Relating to authorizing the department of labor and industries to issue subpoenas, but only with respect to enforcement of chapter 19.28 RCW;",0,Authorizing the department of labor and industries to issue subpoenas to enforce production of information related to electricians and electrical installations.,Senate,12073,S-4353.1,0,0,0,0,L & I subpoenas/electricians,Bill,B,(Kauffman),0,1
1,0,2009-10,SB 6493,6493,,2009-10,HB 2919,HWays & Means,2010-03-15,0,0,SB 6493,"By resolution, reintroduced and retained in present status.",0,S Ways & Means,0,0,2010-01-15,"AN ACT Relating to a study of disability benefit options for plan 2 and plan 3 members of the public employees' retirement system, the teachers' retirement system, and the school employees' retirement system;",0,"Requiring a study of disability benefit options for plan 2 and plan 3 members of the public employees' retirement system, the teachers' retirement system, and the school employees' retirement system.",Senate,652,Z-1053.1,0,0,0,1,"PERS, TRS, SERS plans 2 & 3",Bill,B,(Schoesler),1,0
1,0,2009-10,SB 6494,6494,,,,,2010-03-15,0,0,SB 6494,"By resolution, reintroduced and retained in present status.",0,S Rules X,0,0,2010-01-15,AN ACT Relating to the state board of health rules that impact school districts;,0,Regarding state board of health rules that impact school districts.,Senate,8214,S-3768.2,0,0,0,0,St. board of health/schools,Bill,B,(Tom),1,0
1,0,2009-10,SSB 6494,6494,,,,,2010-03-15,0,0,SSB 6494,"By resolution, reintroduced and retained in present status.",0,S Rules X,0,0,2010-02-05,AN ACT Relating to the state board of health rules that impact school districts;,0,Regarding health rules that pertain to school facilities.,Senate,8214,S-4705.1,0,0,0,0,St. board of health/schools,Bill,B,EDU(Tom),0,1
1,0,2009-10,SB 6495,6495,,2009-10,HB 2664,HHuman Ser,2010-03-15,0,0,SB 6495,"By resolution, reintroduced and retained in present status.",0,S Ways & Means,0,0,2010-01-15,AN ACT Relating to supported living vendor rates;,0,Concerning supported living vendor rates.,Senate,12072,S-3466.1,0,0,0,0,Supportd living vendor rates,Bill,B,(Hobbs),0,0
1,0,2009-10,SB 6496,6496,,2009-10,HB 2788,HHC/Wellness,2010-03-15,0,0,SB 6496,"By resolution, reintroduced and retained in present status.",0,S Hea/L-T Care,0,0,2010-01-15,AN ACT Relating to estimates for health care fees and charges;,0,Exempting ambulances and aid vehicles from the requirement to post notices about estimates for health care fees and charges.,Senate,268,S-3491.1,0,0,0,0,Health care charges/notices,Bill,B,(McCaslin),0,0
1,0,2009-10,SB 6497,6497,,2009-10,HB 2796,HHC/Wellness,2010-03-15,0,1,SB 6497,"By resolution, reintroduced and retained in present status.",0,S 2nd RdConsCal,0,0,2010-01-15,AN ACT Relating to information on direct practices that the office of the insurance commissioner must gather and report to the legislature;,0,Concerning direct practices.,Senate,1950,Z-1179.1,0,0,0,1,Direct practices information,Bill,B,(Keiser),1,0
1,0,2009-10,SB 6498,6498,,,,,2010-03-15,0,0,SB 6498,"By resolution, reintroduced and retained in present status.",0,S Rules X,0,0,2010-01-15,AN ACT Relating to committing a robbery within and against a pharmacy;,1,Modifying robbery in the first degree provisions to include committing a robbery within and against a pharmacy.,Senate,8159,S-3351.1,0,0,0,0,Robbery 1st deg. in pharmacy,Bill,B,(Brandland),1,0
1,0,2009-10,SSB 6498,6498,,,,,2010-03-15,0,0,SSB 6498,"By resolution, reintroduced and retained in present status.",0,S Rules X,0,0,2010-02-03,AN ACT Relating to committing a robbery within and against a pharmacy;,0,Including pharmacies in robbery in the first degree provisions.,Senate,8159,S-4324.4,0,0,0,0,Robbery 1st deg./pharmacy,Bill,B,(Brandland),0,1
0,0,2009-10,SB 6499,6499,,2009-10,HB 2897,HRules C,2010-02-16,0,0,SB 6499,1st substitute bill substituted.,0,S subst for,0,0,2010-01-15,"AN ACT Relating to the administration, collection, use, and enforcement of tolls;",0,"Concerning the administration, collection, use, and enforcement of tolls.",Senate,1907,Z-1171.1,0,1,0,0,"Tolls: collection, use, etc.",Bill,B,(Murray),1,0
1,0,2009-10,ESSB 6499,6499,,,,,2010-03-30,0,1,ESSB 6499,Effective date 6/10/2010**.,0,C 249 L 10,0,1,2010-02-09,"AN ACT Relating to the administration, collection, use, and enforcement of tolls;",1,"Concerning the administration, collection, use, and enforcement of tolls.",Senate,1907,S-4076.4,0,1,0,0,"Tolls: collection, use, etc.",Bill,B,TRAN(Murray),1,1
1,0,2009-10,SB 6500,6500,,2009-10,HB 2747,Hsubst for,2010-03-15,0,0,SB 6500,"By resolution, reintroduced and retained in present status.",0,S Rules X,0,0,2010-01-15,AN ACT Relating to the use of restraints on pregnant women or youth;,1,Limiting the use of restraints on pregnant women or youth.,Senate,143,S-3807.2,0,0,0,0,Use of restraints,Bill,B,(Fraser),1,0
1,0,2009-10,SSB 6500,6500,,,,,2010-03-15,0,1,SSB 6500,"By resolution, reintroduced and retained in present status.",0,S Rules X,0,0,2010-02-05,AN ACT Relating to the use of restraints on pregnant women or youth;,0,Limiting the use of restraints on pregnant women or youth.,Senate,143,S-4266.2,0,0,0,0,Use of restraints,Bill,B,(Fraser),0,1
1,0,2009-10,SB 6501,6501,,2009-10,HB 2877,C 41 L 10,2010-03-15,0,0,SB 6501,"By resolution, reintroduced and retained in present status.",0,S Rules X,0,0,2010-01-15,AN ACT Relating to authorizing payment of regulated company stock in lieu of a portion of salary for educational employees;,0,Authorizing payment of regulated company stock in lieu of a portion of salary for educational employees.,Senate,10056,S-3835.1,0,0,0,0,Educational employees/stock,Bill,B,(Pridemore),0,0
1,0,2009-10,SB 6502,6502,,2009-10,HB 2670,Hsubst for,2010-03-15,0,0,SB 6502,"By resolution, reintroduced and retained in present status.",0,S Rules 2,0,0,2010-01-15,AN ACT Relating to restoring the school district levy base;,0,Restoring the school district levy base.,Senate,8214,S-3800.1,0,0,0,0,School district levy base,Bill,B,(Tom),1,0
1,0,2009-10,SSB 6502,6502,,,,,2010-03-15,0,0,SSB 6502,"By resolution, reintroduced and retained in present status.",0,S Rules 2,0,0,2010-02-04,AN ACT Relating to restoring the school district levy base;,0,Restoring the school district levy base.,Senate,8214,S-4592.1,0,0,0,0,School district levy base,Bill,B,WM(Tom),0,1
0,0,2009-10,SB 6503,6503,,,,,2010-01-22,0,0,SB 6503,1st substitute bill substituted.,0,S subst for,0,0,2010-01-15,AN ACT Relating to the operations of state agencies;,0,Closing state agencies on specified dates.,Senate,337,S-3790.1,0,0,0,0,Closing state agencies,Bill,B,(Prentice),1,0
1,0,2009-10,ESSB 6503,6503,,,,,2010-04-27,1,1,ESSB 6503,Effective date 4/27/2010.,1,C 32 L 10 E1,0,1,2010-01-22,AN ACT Relating to the operations of state agencies;,0,Closing state agencies on specified dates.,Senate,337,S-4156.1,0,0,0,0,Closing state agencies,Bill,B,WM(Prentice),1,1
0,0,2009-10,SB 6504,6504,,2009-10,HB 2770,HPub Safety,2010-02-13,0,0,SB 6504,2nd substitute bill substituted.,0,S subst for,0,0,2010-01-15,AN ACT Relating to reducing crime victims' compensation benefits and eligibility;,0,Reducing crime victims' compensation benefits and eligibility.,Senate,171,Z-1106.1,0,1,0,0,Crime victims' comp benefits,Bill,B,(Hargrove),1,0
0,0,2009-10,SSB 6504,6504,,,,,2010-02-13,0,0,SSB 6504,2nd substitute bill substituted.,0,S subst for,0,0,2010-02-05,AN ACT Relating to the crime victims' compensation program;,0,Modifying provisions of the crime victims' compensation program.,Senate,171,S-4615.2,0,1,0,0,Crime victims' compensation,Bill,B,(Hargrove),1,1
1,0,2009-10,E2SSB 6504,6504,,,,,2010-03-18,1,1,E2SSB 6504,Effective date 6/10/2010*.,0,C 122 L 10,0,1,2010-02-09,AN ACT Relating to the crime victims' compensation program;,0,Modifying provisions of the crime victims' compensation program.,Senate,171,S-4792.1,0,1,0,0,Crime victims' compensation,Bill,B,WM(Hargrove),1,2
1,0,2009-10,SB 6505,6505,,,,,2010-03-15,0,0,SB 6505,"By resolution, reintroduced and retained in present status.",0,S Transportation,0,0,2010-01-15,"AN ACT Relating to the authorization, administration, and collection of tolls on the state route number 99 Alaskan Way viaduct corridor;",0,"Concerning the authorization, administration, and collection of tolls on the state route number 99 Alaskan Way viaduct corridor.",Senate,2168,S-3396.1,0,0,0,0,SR 99 Alaskan Way tolls,Bill,B,(Kastama),1,0
1,0,2009-10,SB 6506,6506,,,,,2010-03-15,0,0,SB 6506,"By resolution, reintroduced and retained in present status.",0,S Transportation,0,0,2010-01-15,"AN ACT Relating to the authorization, administration, and collection of tolls on the Interstate 90 floating bridge corridor;",0,"Addressing the authorization, administration, and collection of tolls on the Interstate 90 floating bridge corridor.",Senate,2168,S-3384.1,0,0,0,0,I-90 floating bridge tolls,Bill,B,(Kastama),1,0
1,0,2009-10,SB 6507,6507,,2009-10,HB 2704,Hsubst for,2010-03-15,0,0,SB 6507,"By resolution, reintroduced and retained in present status.",0,S GovtOp & Elect,0,0,2010-01-15,AN ACT Relating to transferring the Washington main street program to the department of archaeology and historic preservation;,0,Transferring the Washington main street program to the department of archaeology and historic preservation.,Senate,12072,S-3861.1,0,0,0,0,WA main street program,Bill,B,(Hobbs),0,0
0,0,2009-10,SB 6508,6508,,,,,2010-02-13,0,1,SB 6508,1st substitute bill substituted.,0,S subst for,0,0,2010-01-15,AN ACT Relating to changing the class of persons entitled to recoveries under a wrongful death action or survival action;,1,Changing the class of persons entitled to recoveries under a wrongful death action or survival action.,Senate,1603,S-3874.1,0,0,0,0,Wrongful death & survival,Bill,B,(Fairley),1,0
1,0,2009-10,2ESSB 6508,6508,,,,,2010-03-11,0,1,2ESSB 6508,Returned to Senate Rules 3.,0,S Rules 3,0,2,2010-02-04,AN ACT Relating to wrongful death or survival actions by changing the class of persons entitled to recoveries and by limiting the liability of state and local agencies or political subdivisions in those recoveries;,1,Changing the class of persons entitled to recoveries under a wrongful death action or survival action.,Senate,1603,S-4410.1,0,0,0,0,Wrongful death & survival,Bill,B,(Fairley),1,1
1,0,2009-10,SB 6509,6509,,2009-10,HB 2822,HHi Ed,2010-03-15,0,0,SB 6509,"By resolution, reintroduced and retained in present status.",0,S HighEd&WorkDev,0,0,2010-01-15,AN ACT Relating to modifying the budget recommendations developed by the higher education coordinating board to include recommendations on tuition and fees;,0,Modifying the budget recommendations developed by the higher education coordinating board to include recommendations on tuition and fees.,Senate,655,S-3546.1,0,0,0,0,Higher ed coord brd/budget,Bill,B,(Shin),0,0
0,0,2009-10,SB 6510,6510,,,,,2010-02-16,0,0,SB 6510,1st substitute bill substituted.,0,S subst for,0,0,2010-01-15,AN ACT Relating to the extension of state route number 166;,0,Extending state route number 166.,Senate,10038,S-3833.1,0,0,0,0,State route 166 extension,Bill,B,(Kilmer),1,0
1,0,2009-10,SSB 6510,6510,,,,,2010-03-17,0,0,SSB 6510,Effective date 6/10/2010.,0,C 77 L 10,0,0,2010-02-09,AN ACT Relating to the extension of state route number 166;,0,Extending state route number 166.,Senate,10038,S-4703.1,0,0,0,0,State route 166 extension,Bill,B,TRAN(Kilmer),0,1
1,0,2009-10,SB 6511,6511,,2009-10,HB 2834,HRules R,2010-03-15,0,0,SB 6511,"By resolution, reintroduced and retained in present status.",0,S Ways & Means,0,0,2010-01-15,AN ACT Relating to gang and hate group activity on school grounds and at school activities;,0,Regarding gang and hate group activity at schools and school activities.,Senate,12072,Z-0998.1,0,0,0,1,Gangs & hate groups/schools,Bill,B,(Hobbs),0,0
1,0,2009-10,SSB 6511,6511,,,,,2010-03-15,0,0,SSB 6511,"By resolution, reintroduced and retained in present status.",0,S Ways & Means,0,0,2010-02-05,AN ACT Relating to gang activity on school grounds and at school activities;,0,Regarding gang activity at schools and school activities.,Senate,12072,S-4574.2,0,0,0,1,Gang activity at schools,Bill,B,EDU(Hobbs),0,1
1,0,2009-10,SB 6512,6512,,2009-10,HB 2835,HEducation,2010-03-15,0,0,SB 6512,"By resolution, reintroduced and retained in present status.",0,S Rules X,0,0,2010-01-15,AN ACT Relating to school safety zones;,1,Increasing school safety.,Senate,15419,Z-0999.3,0,0,0,1,School safety zones,Bill,B,(Gordon),1,0
1,0,2009-10,SSB 6512,6512,,,,,2010-03-15,0,0,SSB 6512,"By resolution, reintroduced and retained in present status.",0,S Rules X,0,0,2010-02-05,AN ACT Relating to school safety zones;,1,Increasing school safety.,Senate,15419,S-4616.1,0,0,0,1,School safety zones,Bill,B,EDU(Gordon),1,1
1,0,2009-10,SB 6513,6513,,2009-10,HB 2860,HPub Safety,2010-03-15,0,0,SB 6513,"By resolution, reintroduced and retained in present status.",0,S Judiciary,0,0,2010-01-15,AN ACT Relating to intimidating a peace officer;,0,Prohibiting the intimidation of a peace officer.,Senate,1574,S-3866.1,0,0,0,0,Intimidating a peace officer,Bill,B,(Delvin),0,0
1,0,2009-10,SB 6514,6514,,2009-10,HB 2487,Hsubst for,2010-03-15,0,0,SB 6514,"By resolution, reintroduced and retained in present status.",0,S Judiciary,0,0,2010-01-15,AN ACT Relating to increasing costs for administering a deferred prosecution;,0,Increasing costs for administering a deferred prosecution.,Senate,337,S-3320.1,0,0,0,0,Deferred prosecution costs,Bill,B,(Prentice),0,0
0,0,2009-10,SB 6515,6515,,2009-10,HB 2658,Hsubst for,2010-02-10,0,0,SB 6515,2nd substitute bill substituted.,0,S subst for,0,0,2010-01-15,"AN ACT Relating to refocusing the mission of the department of commerce, including transferring programs;",0,"Refocusing the department of commerce, including transferring programs.",Senate,2168,Z-1027.1,0,1,0,0,Refocusing dept. of commerce,Bill,B,(Kastama),1,0
0,0,2009-10,SSB 6515,6515,,,,,2010-02-10,0,0,SSB 6515,2nd substitute bill substituted.,0,S subst for,0,0,2010-02-05,"AN ACT Relating to refocusing the mission of the department of commerce, including transferring programs;",0,"Refocusing the department of commerce, including transferring programs.",Senate,2168,S-4643.2,0,1,0,0,Refocusing dept. of commerce,Bill,B,(Kastama),1,1
1,0,2009-10,2SSB 6515,6515,,,,,2010-03-15,0,1,2SSB 6515,"By resolution, reintroduced and retained in present status.",0,S Rules 3,0,0,2010-02-09,"AN ACT Relating to refocusing the mission of the department of commerce, including transferring programs;",0,"Refocusing the department of commerce, including transferring programs.",Senate,2168,S-4788.1,0,1,0,0,Refocusing dept. of commerce,Bill,B,WM(Kastama),1,2
1,0,2009-10,SB 6516,6516,,,,,2010-03-15,0,0,SB 6516,"By resolution, reintroduced and retained in present status.",0,S Ways & Means,0,0,2010-01-15,"AN ACT Relating to plan membership default provisions in the public employees' retirement system, the teachers' retirement system, and the school employees' retirement system;",0,"Modifying plan membership default provisions in the public employees' retirement system, the teachers' retirement system, and the school employees' retirement system.",Senate,12072,S-3550.1,0,0,0,0,"PERS, TRS, and SERS",Bill,B,(Hobbs),1,0
1,0,2009-10,SB 6517,6517,,2009-10,HB 2867,Hsubst for,2010-03-15,0,0,SB 6517,"By resolution, reintroduced and retained in present status.",0,S EL/K-12,0,0,2010-01-15,AN ACT Relating to early learning;,0,Promoting early learning.,Senate,564,Z-1089.3,0,0,1,0,Early learning,Bill,B,(McAuliffe),1,0
1,0,2009-10,SB 6518,6518,,2009-10,HB 2893,Hsubst for,2010-03-15,0,0,SB 6518,"By resolution, reintroduced and retained in present status.",0,S Rules 2,0,0,2010-01-15,AN ACT Relating to school levies;,0,Changing school levy provisions.,Senate,12067,S-3532.1,0,0,0,0,School levies,Bill,B,(Oemig),1,0
1,0,2009-10,SSB 6518,6518,,,,,2010-03-15,0,1,SSB 6518,"By resolution, reintroduced and retained in present status.",0,S Rules 2,0,0,2010-01-26,AN ACT Relating to school levies;,0,Changing school levy provisions.,Senate,12067,S-4272.1,0,0,0,0,School levies,Bill,B,EDU(Oemig),0,1
1,0,2009-10,2SSB 6518,6518,,,,,2010-03-15,0,1,2SSB 6518,"By resolution, reintroduced and retained in present status.",0,S Rules 2,0,0,2010-03-09,AN ACT Relating to school levies;,0,Changing school levy provisions.,Senate,12067,S-5456.1,0,0,0,0,School levies,Bill,B,WM(Oemig),0,2
1,0,2009-10,SB 6519,6519,,,,,2010-03-15,0,0,SB 6519,"By resolution, reintroduced and retained in present status.",0,S EL/K-12,0,0,2010-01-15,AN ACT Relating to streamlining the Becca bill process for middle and high school students;,0,Streamlining Becca bill provisions for middle and high school students.,Senate,564,S-3530.2,0,0,0,0,Becca bill process,Bill,B,(McAuliffe),1,0
0,0,2009-10,SB 6520,6520,,2009-10,HB 2891,HRules R,2010-02-13,0,0,SB 6520,1st substitute bill substituted.,0,S subst for,0,0,2010-01-15,AN ACT Relating to providing a one-year extension for completion of recommendations under RCW 36.70A.5601 conducted by the William D. Ruckelshaus Center;,0,Extending time to complete recommendations under RCW 36.70A.5601 conducted by the William D. Ruckelshaus Center.,Senate,173,S-3603.2,0,0,0,0,William D. Ruckelshaus Ctr,Bill,B,(Hatfield),1,0
1,0,2009-10,SSB 6520,6520,,,,,2010-03-25,1,1,SSB 6520,Effective date 6/10/2010.,0,C 203 L 10,0,0,2010-01-29,AN ACT Relating to providing a one-year extension for completion of recommendations under RCW 36.70A.5601 conducted by the William D. Ruckelshaus Center;,0,Extending time to complete recommendations under RCW 36.70A.5601 conducted by the William D. Ruckelshaus Center.,Senate,173,S-4363.1,0,0,0,0,William D. Ruckelshaus Ctr,Bill,B,(Hatfield),0,1
0,0,2009-10,SB 6521,6521,,,,,2010-02-15,0,0,SB 6521,1st substitute bill substituted.,0,S subst for,0,0,2010-01-15,AN ACT Relating to retaining productive farmland;,0,Requiring state agencies to use an agriculture impact statement.,Senate,174,S-3771.2,0,0,0,0,Agriculture impact statement,Bill,B,(Haugen),1,0
1,0,2009-10,SSB 6521,6521,,,,,2010-03-15,0,1,SSB 6521,"By resolution, reintroduced and retained in present status.",0,S Rules 3,0,0,2010-01-27,AN ACT Relating to retaining productive farmland;,0,Requiring state agencies to use an agriculture impact statement.,Senate,174,S-4215.2,0,0,0,0,Agriculture impact statement,Bill,B,(Haugen),1,1
0,0,2009-10,SB 6522,6522,,,,,2010-02-16,0,0,SB 6522,1st substitute bill substituted.,0,S subst for,0,0,2010-01-15,AN ACT Relating to establishing the accountable care organization pilot projects;,0,Establishing the accountable care organization pilot projects.,Senate,3479,S-3789.1,0,0,0,0,Accountable care projects,Bill,B,(Pflug),1,0
1,0,2009-10,ESSB 6522,6522,,,,,2010-03-25,0,1,ESSB 6522,Effective date 6/10/2010.,0,C 220 L 10,0,1,2010-02-03,AN ACT Relating to establishing the accountable care organization pilot projects;,0,Establishing the accountable care organization pilot projects.,Senate,3479,S-4411.1,0,0,0,0,Accountable care projects,Bill,B,(Pflug),1,1
1,0,2009-10,SB 6523,6523,,,,,2010-03-15,0,0,SB 6523,"By resolution, reintroduced and retained in present status.",0,S Hea/L-T Care,0,0,2010-01-15,AN ACT Relating to the apple health community care demonstration waiver;,0,Concerning the apple health community care demonstration waiver.,Senate,3479,S-3787.1,0,0,0,0,Apple health community care,Bill,B,(Pflug),1,0
0,0,2009-10,SB 6524,6524,,2009-10,HB 2648,HRules C,2010-02-16,0,0,SB 6524,1st substitute bill substituted.,0,S subst for,0,0,2010-01-15,"AN ACT Relating to unemployment insurance penalties and contribution rates for employers who are not ""qualified employers"";",0,"Addressing unemployment insurance penalties and contribution rates for employers who are not ""qualified employers.""",Senate,13199,Z-0832.2,0,1,0,0,Unemployment insurance rates,Bill,B,(King),1,0
1,0,2009-10,SSB 6524,6524,,,,,2010-03-15,0,0,SSB 6524,Effective date 6/10/2010*.,0,C 72 L 10,0,0,2010-01-28,"AN ACT Relating to unemployment insurance penalties and contribution rates for employers who are not ""qualified employers"";",0,"Addressing unemployment insurance penalties and contribution rates for employers who are not ""qualified employers.""",Senate,13199,S-4176.1,0,1,0,0,Unemployment insurance rates,Bill,B,(King),1,1
1,0,2009-10,SB 6525,6525,,2009-10,HB 2649,Hsubst for,2010-03-15,0,0,SB 6525,"By resolution, reintroduced and retained in present status.",0,S 2nd RdConsCal,0,0,2010-01-15,"AN ACT Relating to correcting references in RCW 50.29.021(2)(c)(i), (c)(ii), and (3)(e), RCW 50.29.062(2)(b)(i)(B) and (2)(b)(iii), and RCW 50.29.063(1)(b) and (2)(a)(ii) to unemployment insurance statutes concerning employer experience rating accounts and contribution rates;",0,"Correcting references in RCW 50.29.021(2)(c)(i), (c)(ii), and (3)(e), RCW 50.29.062(2)(b)(i)(B) and (2)(b)(iii), and RCW 50.29.063(1)(b) and (2)(a)(ii) to unemployment insurance statutes concerning employer experience rating accounts and contribution rates.",Senate,644,Z-0833.4,0,1,0,0,Unemployment insurance/RCW,Bill,B,(Kohl-Welles),0,0
1,0,2009-10,SSB 6525,6525,,,,,2010-03-15,0,0,SSB 6525,"By resolution, reintroduced and retained in present status.",0,S 2nd RdConsCal,0,0,2010-01-28,"AN ACT Relating to correcting references in RCW 50.29.021(2)(c)(i), (c)(ii), and (3)(e), RCW 50.29.062(2)(b)(i)(B) and (2)(b)(iii), and RCW 50.29.063(1)(b) and (2)(a)(ii) to unemployment insurance statutes concerning employer experience rating accounts and contribution rates;",0,"Correcting references in RCW 50.29.021(2)(c)(i), (c)(ii), and (3)(e), RCW 50.29.062(2)(b)(i)(B) and (2)(b)(iii), and RCW 50.29.063(1)(b) and (2)(a)(ii) to unemployment insurance statutes concerning employer experience rating accounts and contribution rates.",Senate,644,S-4177.1,0,1,0,0,Unemployment insurance/RCW,Bill,B,(Kohl-Welles),0,1
1,0,2009-10,SB 6526,6526,,2009-10,HB 2647,HCommerce/Lab,2010-03-15,0,0,SB 6526,"By resolution, reintroduced and retained in present status.",0,S Rules 2G,0,0,2010-01-15,AN ACT Relating to allowing certain individuals to seek part-time employment while maintaining eligibility for unemployment insurance in order to qualify for the unemployment insurance modernization incentive provisions of the American recovery and reinvestment act of 2009;,0,Allowing certain individuals to seek part-time employment while maintaining eligibility for unemployment insurance in order to qualify for the unemployment insurance modernization incentive provisions of the American recovery and reinvestment act of 2009.,Senate,644,Z-1124.1,0,1,0,0,Unemployment insurance,Bill,B,(Kohl-Welles),1,0
1,0,2009-10,SB 6527,6527,,,,,2010-03-15,0,0,SB 6527,"By resolution, reintroduced and retained in present status.",0,S GovtOp & Elect,0,0,2010-01-15,AN ACT Relating to notifying the secretary of state when a person summoned for jury service does not meet the qualifications of a juror;,0,Notifying the secretary of state when a person summoned for jury service does not meet the qualifications of a juror.,Senate,361,S-3559.1,0,0,0,0,Jurors/unqualified persons,Bill,B,(Roach),0,0
1,0,2009-10,SB 6528,6528,,,,,2010-03-15,0,0,SB 6528,"By resolution, reintroduced and retained in present status.",0,S Rules X,0,0,2010-01-15,AN ACT Relating to the Washington soldiers' home;,0,Concerning the Washington soldiers' home.,Senate,361,S-3477.1,0,0,0,0,Washington soldiers' home,Bill,B,(Roach),0,0
1,0,2009-10,SB 6529,6529,,,,,2010-03-15,0,0,SB 6529,"By resolution, reintroduced and retained in present status.",0,S GovtOp & Elect,0,0,2010-01-15,AN ACT Relating to increasing access to public records;,0,Increasing public access to public records.,Senate,361,S-3736.1,0,0,0,0,Access to public records,Bill,B,(Roach),0,0
1,0,2009-10,SB 6530,6530,,,,,2010-03-15,0,0,SB 6530,"By resolution, reintroduced and retained in present status.",0,S GovtOp & Elect,0,0,2010-01-15,AN ACT Relating to increasing access to public records;,0,Increasing access to public records.,Senate,361,S-3355.1,0,0,0,0,Access to public records,Bill,B,(Roach),1,0
1,0,2009-10,SB 6531,6531,,,,,2010-03-15,0,0,SB 6531,"By resolution, reintroduced and retained in present status.",0,S Judiciary,0,0,2010-01-15,AN ACT Relating to kidnapping of a child;,0,Modifying kidnapping provisions.,Senate,361,S-3549.1,0,0,0,0,Kidnapping of a child,Bill,B,(Roach),0,0
1,0,2009-10,SB 6532,6532,,,,,2010-03-15,0,0,SB 6532,"By resolution, reintroduced and retained in present status.",0,S Ways & Means,0,0,2010-01-15,AN ACT Relating to holding consumers harmless for balance bills generated when emergency services are rendered by nonparticipating providers in participating hospitals;,0,Concerning payment for emergency services.,Senate,3479,S-3910.1,0,0,0,0,Nonparticipating providers,Bill,B,(Pflug),1,0
1,0,2009-10,SSB 6532,6532,,,,,2010-03-15,0,0,SSB 6532,"By resolution, reintroduced and retained in present status.",0,S Ways & Means,0,0,2010-02-03,AN ACT Relating to holding consumers harmless for balance bills generated when emergency services are rendered by nonparticipating providers in participating hospitals;,0,Concerning payment for emergency services.,Senate,3479,S-4436.2,0,0,0,0,Nonparticipating providers,Bill,B,(Pflug),0,1
0,0,2009-10,SB 6533,6533,,,,,2010-02-16,0,0,SB 6533,1st substitute bill substituted.,0,S subst for,0,0,2010-01-15,AN ACT Relating to granting high school credit for learning experiences;,0,Granting high school credit for learning experiences.,Senate,361,S-3488.1,0,0,0,0,High sch. credit/experiences,Bill,B,(Roach),1,0
1,0,2009-10,ESSB 6533,6533,,,,,2010-03-15,0,1,ESSB 6533,"By resolution, reintroduced and retained in present status.",0,S Rules 3,0,1,2010-02-05,AN ACT Relating to granting high school credit for learning experiences;,0,Granting high school credit for learning experiences.,Senate,361,S-4704.1,0,0,0,0,High sch. credit/experiences,Bill,B,EDU(Roach),0,1
1,0,2009-10,SB 6534,6534,,,,,2010-03-15,0,0,SB 6534,"By resolution, reintroduced and retained in present status.",0,S Lab/Comm/CP,0,0,2010-01-15,AN ACT Relating to the minimum hourly wage;,0,Regarding the minimum hourly wage.,Senate,3430,S-3389.1,0,0,0,0,Minimum hourly wage,Bill,B,(Holmquist),0,0
1,0,2009-10,SB 6535,6535,,2009-10,HB 2669,HHC/Wellness,2010-03-15,0,0,SB 6535,"By resolution, reintroduced and retained in present status.",0,S Hea/L-T Care,0,0,2010-01-15,AN ACT Relating to adopting the Washington state health care freedom act of 2010;,0,Adopting the Washington state health care freedom act of 2010 concerning health care services.,Senate,3430,S-3758.1,0,0,0,0,Health care freedom act,Bill,B,(Holmquist),0,0
1,1,2009-10,SB 6536,6536,,,,,2010-03-15,0,0,SB 6536,"By resolution, reintroduced and retained in present status.",0,S Env/Water/Ener,0,0,2010-01-15,AN ACT Relating to limitations on withdrawing various waters from additional appropriations;,0,Regarding the withdrawal of waters of the state from additional appropriations.,Senate,3430,S-3794.1,0,0,0,0,Water withdrawal limitations,Bill,B,(Holmquist),0,0
1,0,2009-10,SB 6537,6537,,,,,2010-03-15,0,0,SB 6537,"By resolution, reintroduced and retained in present status.",0,S EDev/Trd/Innov,0,0,2010-01-15,AN ACT Relating to eligibility criteria for community economic revitalization board financial assistance;,0,Concerning eligibility for community economic revitalization board financial assistance.,Senate,3430,S-3723.1,0,0,0,0,Econ revitalization board,Bill,B,(Holmquist),0,0
0,0,2009-10,SB 6538,6538,,,,,2010-02-16,0,0,SB 6538,1st substitute bill substituted.,0,S subst for,0,0,2010-01-18,AN ACT Relating to the definition of small groups for insurance purposes;,0,Defining small groups for insurance purposes.,Senate,1950,S-3891.1,0,0,0,0,Small groups/insurance,Bill,B,(Keiser),0,0
1,0,2009-10,ESSB 6538,6538,,,,,2010-04-01,1,1,ESSB 6538,Effective date 6/10/2010**.,0,C 292 L 10,0,1,2010-02-05,AN ACT Relating to the definition of small groups for insurance purposes;,0,Defining small groups for insurance purposes.,Senate,1950,S-4675.1,0,0,0,0,Small groups/insurance,Bill,B,(Keiser),1,1
1,0,2009-10,SB 6539,6539,,,,,2010-03-15,0,0,SB 6539,"By resolution, reintroduced and retained in present status.",0,S Rules X,0,0,2010-01-18,AN ACT Relating to treatment for behavioral health disorders;,0,Facilitating treatment for behavioral health disorders.,Senate,8159,S-3926.1,0,0,0,0,Behavioral health disorders,Bill,B,(Brandland),0,0
1,0,2009-10,SSB 6539,6539,,,,,2010-03-15,0,0,SSB 6539,"By resolution, reintroduced and retained in present status.",0,S Rules X,0,0,2010-02-04,AN ACT Relating to treatment for behavioral health disorders;,0,Facilitating treatment for behavioral health disorders.,Senate,8159,S-4466.1,0,0,0,0,Behavioral health disorders,Bill,B,(Brandland),1,1
1,0,2009-10,SB 6540,6540,,2009-10,HB 2902,HRules R,2010-03-18,0,0,SB 6540,Effective date 6/10/2010.,0,C 101 L 10,0,0,2010-01-18,AN ACT Relating to the combined fund drive;,0,Transferring the combined fund drive from the department of personnel to the secretary of state.,Senate,1603,Z-1148.1,0,1,0,0,Combined fund drive,Bill,B,(Fairley),1,0
1,0,2009-10,SB 6541,6541,,2009-10,HB 2754,HWays & Means,2010-03-15,0,0,SB 6541,"By resolution, reintroduced and retained in present status.",0,S Ways & Means,0,0,2010-01-18,AN ACT Relating to creating the Washington voluntary retirement accounts program;,0,Creating the Washington voluntary retirement accounts program.,Senate,12067,S-3785.1,0,0,0,0,Voluntary retirement accts,Bill,B,(Oemig),1,0
1,0,2009-10,SB 6542,6542,,,,,2010-03-15,0,0,SB 6542,"By resolution, reintroduced and retained in present status.",0,S GovtOp & Elect,0,0,2010-01-18,AN ACT Relating to limiting changes to commissioner districts during commissioner elections and election filing periods;,0,Limiting changes to commissioner districts during commissioner elections and election filing periods.,Senate,652,S-3876.1,0,0,0,0,Commissioner districts,Bill,B,(Schoesler),0,0
1,0,2009-10,SB 6543,6543,,2009-10,HB 3095,HRules 3C,2010-03-17,0,0,SB 6543,Effective date 6/10/2010.,0,C 78 L 10,0,0,2010-01-18,AN ACT Relating to the Washington tree fruit research commission;,0,Modifying the powers of the Washington tree fruit research commission.,Senate,173,S-3680.1,0,0,0,0,Tree fruit research comm,Bill,B,(Hatfield),0,0
0,0,2009-10,SB 6544,6544,,,,,2010-02-16,0,0,SB 6544,1st substitute bill substituted.,0,S subst for,0,0,2010-01-18,AN ACT Relating to time limitation for approval of plats;,0,Extending the time limitations for approval of plats.,Senate,6765,S-3509.1,0,0,0,0,Plat approval time limits,Bill,B,(Berkey),0,0
1,0,2009-10,SSB 6544,6544,,,,,2010-03-17,0,0,SSB 6544,Effective date 6/10/2010.,0,C 79 L 10,0,0,2010-02-05,AN ACT Relating to time limitation for approval of plats;,0,Extending the time limitations for approval of plats.,Senate,6765,S-4433.1,0,0,0,0,Plat approval time limits,Bill,B,(Berkey),0,1
1,0,2009-10,SB 6545,6545,,,,,2010-03-15,0,0,SB 6545,"By resolution, reintroduced and retained in present status.",0,S Rules X,0,0,2010-01-18,AN ACT Relating to the international wildland urban interface code;,0,Adopting the international wildland urban interface code.,Senate,10056,S-3529.1,0,0,0,0,Wildland urban interface,Bill,B,(Pridemore),0,0
1,0,2009-10,SB 6546,6546,,2009-10,HB 2862,HRules R,2010-03-17,0,0,SB 6546,Effective date 3/17/2010.,0,C 80 L 10,0,0,2010-01-18,AN ACT Relating to membership in the public employees' retirement system;,0,Allowing the state director of fire protection to refuse membership in the public employees' retirement system.,Senate,10056,S-3473.1,0,0,0,0,PERS/dir. of fire protection,Bill,B,(Pridemore),0,0
1,1,2009-10,SB 6547,6547,,2009-10,EHB 2561,C 35 L 10 E1,2010-03-15,0,0,SB 6547,"By resolution, reintroduced and retained in present status.",0,S Ways & Means,0,0,2010-01-18,AN ACT Relating to creating jobs by funding construction of energy cost saving improvements to public facilities;,0,Funding construction of energy cost saving improvements to public facilities.,Senate,10038,S-3695.1,0,0,0,0,Energy cost savings & jobs,Bill,B,(Kilmer),1,0
0,0,2009-10,SB 6548,6548,,,,,2010-02-11,0,0,SB 6548,1st substitute bill substituted.,0,S subst for,0,0,2010-01-18,AN ACT Relating to offenders on parole or probation;,0,Suspending the parole or probation of an offender who is charged with a new felony offense in certain conditions.,Senate,171,S-3678.2,0,0,0,0,"Suspending parole, probation",Bill,B,(Hargrove),0,0
1,0,2009-10,SSB 6548,6548,,,,,2010-03-31,1,1,SSB 6548,Effective date 6/10/2010*.,0,C 258 L 10,0,0,2010-02-05,AN ACT Relating to offenders on parole or probation;,1,Suspending the parole or probation of an offender who is charged with a new felony offense in certain conditions.,Senate,171,S-4627.1,0,0,0,0,"Suspending parole, probation",Bill,B,(Hargrove),1,1
1,0,2009-10,SB 6549,6549,,,,,2010-03-15,0,0,SB 6549,"By resolution, reintroduced and retained in present status.",0,S HumServ/Corr,0,0,2010-01-18,AN ACT Relating to the establishment of the psychiatric security review board to supervise persons acquitted by reason of insanity;,1,Providing for the establishment of the psychiatric security review board to supervise persons acquitted by reason of insanity.,Senate,171,S-3614.1,0,0,0,0,Psychiatric security rev brd,Bill,B,(Hargrove),1,0
0,0,2009-10,SB 6550,6550,,2009-10,HB 2781,HWays & Means,2010-02-11,0,0,SB 6550,1st substitute bill substituted.,0,S subst for,0,0,2010-01-18,"AN ACT Relating to imposing a sanction for offenders who violate sentence conditions by committing an assault against a law enforcement officer, employee of a law enforcement agency, or department of corrections employee;",1,"Imposing a sanction for offenders who violate sentence conditions by committing an assault against a law enforcement officer, employee of a law enforcement agency, or department of corrections employee.",Senate,171,Z-1161.1,0,1,0,0,Assault against law officer,Bill,B,(Hargrove),1,0
1,0,2009-10,SSB 6550,6550,,,,,2010-03-15,0,0,SSB 6550,"By resolution, reintroduced and retained in present status.",0,S Rules 3,0,0,2010-02-05,"AN ACT Relating to imposing a sanction for offenders who violate sentence conditions by committing an assault against a law enforcement officer, employee of a law enforcement agency, or department of corrections employee;",1,"Imposing a sanction for offenders who violate sentence conditions by committing an assault against a law enforcement officer, employee of a law enforcement agency, or department of corrections employee.",Senate,171,S-4657.1,0,1,0,0,Assault against law officer,Bill,B,(Hargrove),1,1
1,0,2009-10,SB 6551,6551,,2009-10,HB 2758,Hsubst for,2010-03-15,0,0,SB 6551,"By resolution, reintroduced and retained in present status.",0,S Rules X,0,0,2010-01-18,AN ACT Relating to documenting wholesale sales for excise tax purposes;,0,Documenting wholesale sales for excise tax purposes.,Senate,8214,Z-0867.4,0,1,0,0,Wholesale sales/excise tax,Bill,B,(Tom),1,0
1,0,2009-10,SSB 6551,6551,,,,,2010-03-15,0,0,SSB 6551,"By resolution, reintroduced and retained in present status.",0,S Rules X,0,0,2010-02-04,AN ACT Relating to documenting wholesale sales for excise tax purposes;,0,Documenting wholesale sales for excise tax purposes.,Senate,8214,S-4497.1,0,1,0,0,Wholesale sales/excise tax,Bill,B,WM(Tom),0,1
1,0,2009-10,SB 6552,6552,,2009-10,HB 2620,Hsubst for,2010-03-15,0,0,SB 6552,"By resolution, reintroduced and retained in present status.",0,S Rules X,0,0,2010-01-18,AN ACT Relating to excise taxation of certain products and services provided or furnished electronically;,1,Concerning excise taxation of certain products and services provided or furnished electronically.,Senate,8214,Z-0872.4,0,1,0,0,Excise taxation,Bill,B,(Tom),1,0
1,0,2009-10,SSB 6552,6552,,,,,2010-03-15,0,0,SSB 6552,"By resolution, reintroduced and retained in present status.",0,S Rules X,0,0,2010-02-04,AN ACT Relating to excise taxation of certain products and services provided or furnished electronically;,0,Concerning excise taxation of certain products and services provided or furnished electronically.,Senate,8214,S-4498.1,0,1,0,0,Excise taxation,Bill,B,WM(Tom),0,1
1,0,2009-10,SB 6553,6553,,2009-10,HB 2915,HEducation Apps,2010-03-15,0,0,SB 6553,"By resolution, reintroduced and retained in present status.",0,S Ways & Means,0,0,2010-01-18,AN ACT Relating to high school mathematics and science graduation requirements;,0,Regarding mathematics and science high school graduation requirements.,Senate,564,Z-1058.2,0,0,0,1,Math & science/graduation,Bill,B,(McAuliffe),1,0
1,0,2009-10,SSB 6553,6553,,,,,2010-03-15,0,0,SSB 6553,"By resolution, reintroduced and retained in present status.",0,S Ways & Means,0,0,2010-02-05,AN ACT Relating to high school mathematics and science graduation requirements;,0,Regarding mathematics and science high school graduation requirements.,Senate,564,S-4391.2,0,0,0,1,Math & science/graduation,Bill,B,EDU(McAuliffe),0,1
1,0,2009-10,SB 6554,6554,,,,,2010-03-15,0,0,SB 6554,"By resolution, reintroduced and retained in present status.",0,S Ways & Means,0,0,2010-01-18,AN ACT Relating to extending the Washington biodiversity council;,0,Extending the Washington biodiversity council.,Senate,207,S-3868.2,0,0,0,0,Biodiversity council,Bill,B,(Jacobsen),1,0
1,0,2009-10,SSB 6554,6554,,,,,2010-03-15,0,0,SSB 6554,"By resolution, reintroduced and retained in present status.",0,S Ways & Means,0,0,2010-02-03,AN ACT Relating to extending the Washington biodiversity council;,0,Extending the Washington biodiversity council.,Senate,207,S-4536.1,0,0,0,0,Biodiversity council,Bill,B,(Jacobsen),0,1
1,0,2009-10,SB 6555,6555,,2009-10,HB 2918,HRules 3C,2010-03-17,0,0,SB 6555,Effective date 6/10/2010.,0,C 81 L 10,0,0,2010-01-18,AN ACT Relating to removing state route number 908 from the state highway system;,0,Removing state route number 908 from the state highway system.,Senate,8214,Z-0951.1,0,0,0,1,State route number 908,Bill,B,(Tom),1,0
0,0,2009-10,SB 6556,6556,,2009-10,HB 2980,HRules C,2010-02-15,0,0,SB 6556,1st substitute bill substituted.,0,S subst for,0,0,2010-01-18,AN ACT Relating to changing fees for certain types of agricultural burning;,1,Changing the fees for certain types of agricultural burning.,Senate,173,S-3948.1,0,0,0,0,Agricultural burning fees,Bill,B,(Hatfield),1,0
1,0,2009-10,SSB 6556,6556,,,,,2010-03-15,0,0,SSB 6556,Effective date 6/10/2010.,0,C 70 L 10,0,0,2010-01-27,AN ACT Relating to changing fees for certain types of agricultural burning;,1,Changing the fees for certain types of agricultural burning.,Senate,173,S-4233.1,0,0,0,0,Agricultural burning fees,Bill,B,(Hatfield),1,1
0,0,2009-10,SB 6557,6557,,2009-10,HB 3018,HEnv Health,2010-02-12,0,0,SB 6557,1st substitute bill substituted.,0,S subst for,0,0,2010-01-18,AN ACT Relating to limiting the use of certain substances in brake friction material;,0,Limiting the use of copper and other substances in vehicle brake pads.,Senate,14074,Z-1156.1,0,1,0,0,Vehicle brake material,Bill,B,(Ranker),1,0
1,0,2009-10,SSB 6557,6557,,,,,2010-03-19,1,1,SSB 6557,Effective date 6/10/2010.,0,C 147 L 10,0,0,2010-02-04,AN ACT Relating to limiting the use of certain substances in brake friction material;,0,Limiting the use of certain substances in brake friction material.,Senate,14074,S-4610.3,0,1,0,0,Brake friction material,Bill,B,(Ranker),0,1
0,0,2009-10,SB 6558,6558,,,,,2010-02-12,0,0,SB 6558,1st substitute bill substituted.,0,S subst for,0,0,2010-01-18,AN ACT Relating to timelines for the issuance of final orders applicable to railroad crossing petitions;,0,Addressing timelines for the issuance of final orders applicable to railroad crossing petitions.,Senate,174,S-3893.2,0,0,0,0,Railroad crossing petitions,Bill,B,(Haugen),0,0
1,0,2009-10,SSB 6558,6558,,,,,2010-03-17,0,0,SSB 6558,Effective date 6/10/2010.,0,C 82 L 10,0,0,2010-02-03,AN ACT Relating to petitions for administrative review of railroad crossing closures;,0,Concerning petitions for administrative review of railroad crossing closures.,Senate,174,S-4282.1,0,0,0,0,Railroad crossing petitions,Bill,B,TRAN(Haugen),0,1
1,0,2009-10,SB 6559,6559,,,,,2010-03-15,0,0,SB 6559,"By resolution, reintroduced and retained in present status.",0,S Rules X,0,0,2010-01-18,AN ACT Relating to operation of anaerobic digesters under the Washington right to farm act;,0,Protecting operation of anaerobic digesters under the Washington right to farm act.,Senate,174,S-3325.3,0,0,0,0,Anaerobic digesters,Bill,B,(Haugen),0,0
1,0,2009-10,SB 6560,6560,,2009-10,HB 2899,HFinance,2010-03-15,0,0,SB 6560,"By resolution, reintroduced and retained in present status.",0,S Ways & Means,0,0,2010-01-18,AN ACT Relating to state tax incentives to encourage the redevelopment of port district property;,0,Concerning state tax incentives to encourage the redevelopment of port district property.,Senate,5141,S-3905.1,0,0,0,0,Port district property,Bill,B,(McDermott),1,0
0,0,2009-10,SB 6561,6561,,,,,2010-02-13,0,0,SB 6561,2nd substitute bill substituted.,0,S subst for,0,0,2010-01-18,AN ACT Relating to restricting access to juvenile offender records;,0,Restricting access to juvenile offender records.,Senate,171,S-3929.2,0,0,0,0,Juvenile offender records,Bill,B,(Hargrove),1,0
0,0,2009-10,SSB 6561,6561,,,,,2010-02-13,0,0,SSB 6561,2nd substitute bill substituted.,0,S subst for,0,0,2010-02-05,AN ACT Relating to restricting access to juvenile offender records;,0,Restricting access to juvenile offender records.,Senate,171,S-4669.1,0,0,0,0,Juvenile offender records,Bill,B,(Hargrove),1,1
1,0,2009-10,E2SSB 6561,6561,,,,,2010-03-22,1,1,E2SSB 6561,Effective date 6/10/2010.,0,C 150 L 10,0,1,2010-02-09,AN ACT Relating to restricting access to juvenile offender records;,1,Restricting access to juvenile offender records.,Senate,171,S-4749.1,0,0,0,0,Juvenile offender records,Bill,B,WM(Hargrove),1,2
0,0,2009-10,SB 6562,6562,,2009-10,HB 2946,HHi Ed,2010-02-15,0,0,SB 6562,2nd substitute bill substituted.,0,S subst for,0,0,2010-01-18,AN ACT Relating to tuition-setting authority at institutions of higher education;,0,Regarding tuition-setting authority at institutions of higher education.,Senate,10038,Z-1158.2,0,0,0,0,Tuition-setting authority,Bill,B,(Kilmer),1,0
0,0,2009-10,SSB 6562,6562,,,,,2010-02-15,0,0,SSB 6562,2nd substitute bill substituted.,0,S subst for,0,0,2010-02-05,AN ACT Relating to higher education accountability and access;,0,Regarding higher education accountability and access.,Senate,10038,S-4416.3,0,0,0,0,Higher education access,Bill,B,(Kilmer),0,1
1,0,2009-10,E2SSB 6562,6562,,,,,2010-03-15,0,1,E2SSB 6562,"By resolution, reintroduced and retained in present status.",0,S Rules 3,0,1,2010-02-09,AN ACT Relating to higher education accountability and access;,0,Regarding higher education accountability and access.,Senate,10038,S-4787.1,0,0,0,0,Higher education access,Bill,B,WM(Kilmer),1,2
1,0,2009-10,SB 6563,6563,,2009-10,HB 2706,Hsubst for,2010-03-15,0,0,SB 6563,"By resolution, reintroduced and retained in present status.",0,S Hea/L-T Care,0,0,2010-01-18,AN ACT Relating to exemption from immunization;,0,Concerning exemption from immunization.,Senate,1950,Z-0977.2,0,0,1,0,Immunization exemption,Bill,B,(Keiser),1,0
1,0,2009-10,SB 6564,6564,,,,,2010-03-15,0,0,SB 6564,"By resolution, reintroduced and retained in present status.",0,S Judiciary,0,0,2010-01-18,"AN ACT Relating to regulating arrests, searches, and seizures by federal employees;",0,"Regulating arrests, searches, and seizures by federal employees.",Senate,657,S-3433.1,0,0,0,0,Arrests by federal employees,Bill,B,(Stevens),0,0
1,0,2009-10,SB 6565,6565,,,,,2010-03-15,0,0,SB 6565,"By resolution, reintroduced and retained in present status.",0,S Judiciary,0,0,2010-01-18,AN ACT Relating to crimes involving the identity of an entity or person;,0,Addressing crimes that involve the identity of an entity or person.,Senate,657,S-3437.1,0,0,0,0,Crimes/identity of entity,Bill,B,(Stevens),0,0
1,0,2009-10,SB 6566,6566,,,,,2010-03-15,0,0,SB 6566,"By resolution, reintroduced and retained in present status.",0,S Judiciary,0,0,2010-01-18,AN ACT Relating to criminal offenses involving animals or natural resources;,0,Prohibiting terrorist acts against animal and natural resource facilities.,Senate,657,S-3291.2,0,0,0,0,Acts against animal facility,Bill,B,(Stevens),0,0
1,0,2009-10,SB 6567,6567,,,,,2010-03-15,0,0,SB 6567,"By resolution, reintroduced and retained in present status.",0,S Judiciary,0,0,2010-01-18,AN ACT Relating to collecting biological samples for DNA analysis from illegal aliens;,0,Collecting biological samples for DNA analysis from illegal aliens.,Senate,657,S-3696.1,0,0,0,0,Illegal aliens/DNA samples,Bill,B,(Stevens),0,0
1,0,2009-10,SB 6568,6568,,,,,2010-03-15,0,0,SB 6568,"By resolution, reintroduced and retained in present status.",0,S FI/Hous/Ins,0,0,2010-01-18,AN ACT Relating to minimum notification requirements for property and casualty insurance policy changes;,0,Establishing minimum notification requirements for property and casualty insurance policy changes.,Senate,657,S-3585.1,0,0,0,0,Property & casualty policies,Bill,B,(Stevens),0,0
1,0,2009-10,SB 6569,6569,,,,,2010-03-15,0,0,SB 6569,"By resolution, reintroduced and retained in present status.",0,S Judiciary,0,0,2010-01-18,AN ACT Relating to unlawful aliens;,0,Regarding unlawful aliens.,Senate,657,S-3692.1,0,0,0,0,Unlawful aliens,Bill,B,(Stevens),0,0
0,0,2009-10,SB 6570,6570,,,,,2010-02-12,0,0,SB 6570,1st substitute bill substituted.,0,S subst for,0,0,2010-01-18,AN ACT Relating to accommodating certain private transportation providers at designated transit only lanes on public highways;,1,Accommodating certain private transportation providers at designated transit only lanes on public highways.,Senate,174,S-3820.1,0,0,0,0,Highway transit only lanes,Bill,B,(Haugen),1,0
1,0,2009-10,SSB 6570,6570,,,,,2010-03-15,0,0,SSB 6570,"By resolution, reintroduced and retained in present status.",0,S Rules 3,0,0,2010-02-05,AN ACT Relating to allowing certain private transportation providers to use certain public transportation facilities;,1,Allowing certain private transportation providers to use certain public transportation facilities.,Senate,174,S-4331.2,0,0,0,0,Private transp providers,Bill,B,TRAN(Haugen),1,1
1,0,2009-10,SB 6571,6571,,2009-10,HB 2954,Hsubst for,2010-03-15,0,0,SB 6571,"By resolution, reintroduced and retained in present status.",0,S Ways & Means,0,0,2010-01-18,"AN ACT Relating to license fees for nursing homes, boarding homes, and adult family homes;",0,"Concerning license fees for nursing homes, boarding homes, and adult family homes.",Senate,337,Z-1125.1,0,1,0,0,Nursing & boarding home fees,Bill,B,(Prentice),1,0
0,0,2009-10,SB 6572,6572,,,,,2010-03-10,0,0,SB 6572,1st substitute bill substituted.,0,S subst for,0,0,2010-01-18,AN ACT Relating to eliminating accounts;,0,Eliminating certain accounts.,Senate,8214,Z-1075.1,0,1,0,0,Eliminating accounts,Bill,B,(Tom),1,0
1,0,2009-10,SSB 6572,6572,,,,,2010-03-29,0,0,SSB 6572,Effective date 7/1/2010.,1,C 9 L 10 E1,0,0,2010-02-04,AN ACT Relating to eliminating accounts;,0,Eliminating certain accounts.,Senate,8214,S-4335.1,0,1,0,0,Eliminating accounts,Bill,B,WM(Tom),0,1
1,0,2009-10,SB 6573,6573,,2009-10,HB 3077,HFinance,2010-03-15,0,0,SB 6573,"By resolution, reintroduced and retained in present status.",0,S Ways & Means,0,0,2010-01-18,AN ACT Relating to repealing the sales tax exemption for coal used at a coal-fired thermal generation facility;,0,Repealing the sales tax exemption for coal used at a coal-fired thermal generation facility.,Senate,12067,S-3673.1,0,0,0,0,Coal-fired thermal facility,Bill,B,(Oemig),1,0
1,0,2009-10,SB 6574,6574,,,,,2010-03-15,0,0,SB 6574,"By resolution, reintroduced and retained in present status.",0,S Lab/Comm/CP,0,0,2010-01-18,AN ACT Relating to authorizing issuance of subpoenas for purposes of agency investigations of underground economy activity;,0,Authorizing issuance of subpoenas for purposes of agency investigations of underground economy activity.,Senate,644,S-3730.2,0,0,0,0,Underground economy activity,Bill,B,(Kohl-Welles),1,0
0,0,2009-10,SB 6575,6575,,2009-10,HB 2826,HWays & Means,2010-02-15,0,0,SB 6575,2nd substitute bill substituted.,0,S subst for,0,0,2010-01-18,AN ACT Relating to recommendations of the joint legislative task force on the underground economy;,0,Concerning the recommendations of the joint legislative task force on the underground economy.,Senate,644,S-3808.3,0,0,0,0,Underground economy,Bill,B,(Kohl-Welles),1,0
0,0,2009-10,SSB 6575,6575,,,,,2010-02-15,0,0,SSB 6575,2nd substitute bill substituted.,0,S subst for,0,0,2010-02-04,AN ACT Relating to recommendations of the joint legislative task force on the underground economy;,1,Concerning the recommendations of the joint legislative task force on the underground economy.,Senate,644,S-4130.3,0,0,0,0,Underground economy,Bill,B,(Kohl-Welles),1,1
1,0,2009-10,2SSB 6575,6575,,,,,2010-04-01,1,1,2SSB 6575,Governor vetoed.,0,Gov vetoed,1,0,2010-02-09,AN ACT Relating to recommendations of the joint legislative task force on the underground economy;,1,Concerning the recommendations of the joint legislative task force on the underground economy.,Senate,644,S-4757.1,0,0,0,0,Underground economy,Bill,B,WM(Kohl-Welles),1,2
1,0,2009-10,SB 6576,6576,,,,,2010-03-15,0,0,SB 6576,"By resolution, reintroduced and retained in present status.",0,S Ways & Means,0,0,2010-01-18,AN ACT Relating to limiting the business and occupation tax deduction for dues and fees to certain nonprofits exempt from federal income tax;,0,Limiting the business and occupation tax deduction for dues and fees to certain nonprofits exempt from federal income tax.,Senate,644,S-3557.2,0,0,0,0,Dues & fees B&O tx deduction,Bill,B,(Kohl-Welles),1,0
0,0,2009-10,SB 6577,6577,,,,,2010-02-12,0,0,SB 6577,1st substitute bill substituted.,0,S subst for,0,0,2010-01-18,AN ACT Relating to modifying the statewide transportation system policy goals;,0,Modifying the statewide transportation system policy goals.,Senate,2168,S-3792.1,0,0,0,0,Transportation policy goals,Bill,B,(Kastama),0,0
1,0,2009-10,SSB 6577,6577,,,,,2010-03-15,0,1,SSB 6577,Effective date 6/10/2010.,0,C 74 L 10,0,0,2010-01-28,AN ACT Relating to modifying the transportation system policy goals;,0,Modifying the transportation system policy goals.,Senate,2168,S-4314.1,0,0,0,0,Transportation policy goals,Bill,B,TRAN(Kastama),0,1
0,0,2009-10,SB 6578,6578,,,,,2010-03-08,0,0,SB 6578,2nd substitute bill substituted.,0,S subst for,0,0,2010-01-18,AN ACT Relating to the creation of an optional multiagency permitting team;,0,Creating an optional multiagency permitting team.,Senate,1666,S-3931.2,0,0,0,0,Multiagency permitting team,Bill,B,(Swecker),1,0
0,1,2009-10,SSB 6578,6578,,,,,2010-03-08,0,0,SSB 6578,2nd substitute bill substituted.,0,S subst for,0,0,2010-02-05,AN ACT Relating to the creation of optional multiagency permitting teams;,0,Concerning the creation of optional multiagency permitting teams.,Senate,1666,S-4600.2,0,0,0,0,Multiagency permitting teams,Bill,B,(Swecker),1,1
1,0,2009-10,2SSB 6578,6578,,,,,2010-03-22,0,1,2SSB 6578,Effective date 3/22/2010.,0,C 162 L 10,0,0,2010-03-07,AN ACT Relating to the creation of optional multiagency permitting teams;,0,Concerning the creation of optional multiagency permitting teams.,Senate,1666,S-5381.1,0,0,0,0,Multiagency permitting teams,Bill,B,WM(Swecker),1,2
0,0,2009-10,SB 6579,6579,,,,,2010-02-15,0,0,SB 6579,2nd substitute bill substituted.,0,S subst for,0,0,2010-01-18,"AN ACT Relating to improving the efficiency, accountability, and quality within state information systems;",0,"Improving the efficiency, accountability, and quality within state information systems.",Senate,1666,S-3703.1,0,0,0,0,State information systems,Bill,B,(Swecker),1,0
0,0,2009-10,SSB 6579,6579,,,,,2010-02-15,0,0,SSB 6579,2nd substitute bill substituted.,0,S subst for,0,0,2010-02-03,"AN ACT Relating to improving the efficiency, accountability, and quality within state information systems;",0,"Improving the efficiency, accountability, and quality within state information systems.",Senate,1666,S-4527.1,0,0,0,0,State information systems,Bill,B,(Swecker),1,1
1,0,2009-10,E2SSB 6579,6579,,,,,2010-03-15,0,1,E2SSB 6579,"By resolution, reintroduced and retained in present status.",0,S Rules 3,0,1,2010-02-08,"AN ACT Relating to improving the efficiency, accountability, and quality within state information systems;",0,"Improving the efficiency, accountability, and quality within state information systems.",Senate,1666,S-4717.1,0,0,0,0,State information systems,Bill,B,WM(Swecker),1,2
0,0,2009-10,SB 6580,6580,,,,,2010-02-12,0,0,SB 6580,1st substitute bill substituted.,0,S subst for,0,0,2010-01-18,AN ACT Relating to creating the local bridge restoration and replacement account;,0,Creating the local bridge restoration and replacement account.,Senate,1666,S-3825.1,0,0,0,0,Bridge replacement account,Bill,B,(Swecker),0,0
1,0,2009-10,SSB 6580,6580,,,,,2010-03-15,0,0,SSB 6580,"By resolution, reintroduced and retained in present status.",0,S Rules 3,0,0,2010-02-01,AN ACT Relating to creating the local bridge restoration and replacement account;,0,Creating the local bridge restoration and replacement account.,Senate,1666,S-4362.1,0,0,0,0,Bridge replacement account,Bill,B,TRAN(Swecker),0,1
1,0,2009-10,SB 6581,6581,,,,,2010-03-15,0,0,SB 6581,"By resolution, reintroduced and retained in present status.",0,S Env/Water/Ener,0,0,2010-01-18,AN ACT Relating to expanding the role of water conservancy boards;,1,Authorizing water conservancy boards to do a final examination of a project.,Senate,1666,S-3887.2,0,0,0,0,Water conservancy boards,Bill,B,(Swecker),1,0
0,0,2009-10,SSB 6581,6581,,,,,0001-01-01,0,0,SSB 6581,,0,,0,0,2010-03-10,,0,,Senate,1666,,0,0,0,0,Water conservancy boards,Bill,B,(Swecker),0,1
0,0,2009-10,SB 6582,6582,,2009-10,HB 2766,HHC/Wellness,2010-02-16,0,0,SB 6582,1st substitute bill substituted.,0,S subst for,0,0,2010-01-18,AN ACT Relating to credentialing as a nursing assistant;,0,Concerning nursing assistant credentialing.,Senate,1950,S-3753.1,0,0,0,0,Nursing assistant credential,Bill,B,(Keiser),1,0
1,0,2009-10,ESSB 6582,6582,,,,,2010-03-23,1,1,ESSB 6582,Effective date 6/10/2010.,0,C 169 L 10,0,1,2010-02-05,AN ACT Relating to credentialing as a nursing assistant;,0,Concerning nursing assistant credentialing.,Senate,1950,S-4579.1,0,0,0,0,Nursing assistant credential,Bill,B,(Keiser),1,1
1,0,2009-10,SB 6583,6583,,,,,2010-03-15,0,0,SB 6583,"By resolution, reintroduced and retained in present status.",0,S GovtOp & Elect,0,0,2010-01-18,AN ACT Relating to the duties of the director of financial management with respect to certain audits and investigations;,0,Requiring the director of financial management to take corrective action in response to certain audits and investigations.,Senate,1586,S-3956.1,0,0,0,0,Dir. of financial management,Bill,B,(Carrell),0,0
0,0,2009-10,SB 6584,6584,,2009-10,HB 2895,HHC/Wellness,2010-02-16,0,0,SB 6584,1st substitute bill substituted.,0,S subst for,0,0,2010-01-18,AN ACT Relating to applying the prohibition against unfair practices by insurers and their remedies and penalties to the state health care authority;,0,Applying the prohibition against unfair practices by insurers and their remedies and penalties to the state health care authority.,Senate,143,S-3670.1,0,0,0,0,State health care authority,Bill,B,(Fraser),1,0
1,0,2009-10,SSB 6584,6584,,,,,2010-04-01,0,0,SSB 6584,Effective date 6/10/2010.,0,C 293 L 10,0,0,2010-02-03,AN ACT Relating to monitoring customer complaints and appeals and reporting them to the legislature;,0,Monitoring and reporting customer complaints and appeals to the state health care authority.,Senate,143,S-4412.1,0,0,0,0,State health care authority,Bill,B,(Fraser),1,1
1,0,2009-10,SB 6585,6585,,,,,2010-03-15,0,0,SB 6585,"By resolution, reintroduced and retained in present status.",0,S Lab/Comm/CP,0,0,2010-01-18,AN ACT Relating to defining individuals eligible for benefits under workers' compensation and unemployment insurance;,0,Defining individuals eligible for benefits under workers' compensation and unemployment insurance.,Senate,3430,S-3775.2,0,0,0,0,Workers' comp & unemployment,Bill,B,(Holmquist),1,0
1,0,2009-10,SB 6586,6586,,,,,2010-03-15,0,0,SB 6586,"By resolution, reintroduced and retained in present status.",0,S Rules X,0,0,2010-01-18,AN ACT Relating to membership on the state building code council;,0,Regarding membership on the state building code council.,Senate,3430,S-3809.3,0,0,0,0,State building code council,Bill,B,(Holmquist),0,0
1,0,2009-10,SSB 6586,6586,,,,,2010-03-15,0,0,SSB 6586,"By resolution, reintroduced and retained in present status.",0,S Rules X,0,0,2010-02-01,AN ACT Relating to membership on the state building code council;,0,Regarding membership on the state building code council.,Senate,3430,S-4354.1,0,0,0,0,State building code council,Bill,B,(Holmquist),0,1
1,0,2009-10,SB 6587,6587,,2009-10,HB 2920,HCommerce/Lab,2010-03-15,0,0,SB 6587,"By resolution, reintroduced and retained in present status.",0,S Lab/Comm/CP,0,0,2010-01-18,AN ACT Relating to limiting employer contribution rates for unemployment insurance purposes;,0,Limiting employer contribution rates for unemployment insurance purposes.,Senate,3430,S-3848.2,0,0,0,0,Unemployment insurance,Bill,B,(Holmquist),0,0
1,0,2009-10,SB 6588,6588,,,,,2010-03-15,0,0,SB 6588,"By resolution, reintroduced and retained in present status.",0,S GovtOp & Elect,0,0,2010-01-18,AN ACT Relating to limiting the holding of more than one elected position;,0,Limiting the holding of more than one elected position.,Senate,1603,S-3726.1,0,0,0,0,Elected positions/limits,Bill,B,(Fairley),0,0
1,0,2009-10,SB 6589,6589,,2009-10,HB 2753,Hsubst for,2010-03-15,0,0,SB 6589,"By resolution, reintroduced and retained in present status.",0,S Ways & Means,0,0,2010-01-18,AN ACT Relating to the creation of a workforce housing program;,0,Creating a workforce housing program.,Senate,12073,S-3902.1,0,0,0,0,Workforce housing program,Bill,B,(Kauffman),1,0
0,0,2009-10,SB 6590,6590,,,,,2010-02-16,0,0,SB 6590,1st substitute bill substituted.,0,S subst for,0,0,2010-01-18,AN ACT Relating to law enforcement officer conduct;,0,Requiring law enforcement officers to be honest and truthful.,Senate,2304,S-3906.2,0,0,0,0,Law enf officer conduct,Bill,B,(Kline),0,0
1,0,2009-10,SSB 6590,6590,,,,,2010-04-01,1,1,SSB 6590,Effective date 6/10/2010.,0,C 294 L 10,0,0,2010-02-05,AN ACT Relating to law enforcement officer conduct;,0,Stating the policy that law enforcement personnel be truthful and honest in the conduct of official business.,Senate,2304,S-4681.1,0,0,0,0,Law enf officer conduct,Bill,B,(Kline),1,1
0,0,2009-10,SB 6591,6591,,,,,2010-02-10,0,0,SB 6591,1st substitute bill substituted.,0,S subst for,0,0,2010-01-18,AN ACT Relating to complaints filed with the human rights commission;,0,Revising the procedure for complaints filed with the human rights commission.,Senate,2304,S-3969.1,0,0,0,0,Human rights commission,Bill,B,(Kline),1,0
1,0,2009-10,SSB 6591,6591,,,,,2010-03-17,0,0,SSB 6591,Effective date 6/10/2010.,0,C 85 L 10,0,0,2010-02-04,AN ACT Relating to complaints filed with the human rights commission;,0,Revising the procedure for complaints filed with the human rights commission.,Senate,2304,S-4576.1,0,0,0,0,Human rights commission,Bill,B,(Kline),1,1
1,0,2009-10,SB 6592,6592,,2009-10,HB 2825,HWays & Means,2010-03-15,0,0,SB 6592,"By resolution, reintroduced and retained in present status.",0,S Ways & Means,0,0,2010-01-18,AN ACT Relating to transferring the administration of the voluntary firefighters' and reserve officers' relief and pension system to the department of retirement systems;,0,Transferring the administration of the voluntary firefighters' and reserve officers' relief and pension system to the department of retirement systems.,Senate,337,Z-1074.1,0,0,1,0,Relief & pension transfer,Bill,B,(Prentice),1,0
1,0,2009-10,SB 6593,6593,,2009-10,HB 2741,HRules C,2010-03-29,1,1,SB 6593,Effective date 7/1/2010.,0,C 233 L 10,0,0,2010-01-18,AN ACT Relating to the transfer of the administration of the infant and toddler early intervention program from the department of social and health services to the department of early learning;,0,Transferring the administration of the infant and toddler early intervention program from the department of social and health services to the department of early learning.,Senate,15419,S-3842.1,0,0,0,0,Infant & toddler program,Bill,B,(Gordon),1,0
1,0,2009-10,SB 6594,6594,,,,,2010-03-15,0,0,SB 6594,"By resolution, reintroduced and retained in present status.",0,S HighEd&WorkDev,0,0,2010-01-18,AN ACT Relating to commercializing research at state universities;,0,Regarding commercializing research at state universities.,Senate,10038,S-3912.1,0,0,0,0,Research at st. universities,Bill,B,(Kilmer),0,0
1,0,2009-10,SB 6595,6595,,,,,2010-03-15,0,0,SB 6595,"By resolution, reintroduced and retained in present status.",0,S Ways & Means,0,0,2010-01-18,AN ACT Relating to community empowerment zone applications and requirements;,1,Regarding applications and requirements for community empowerment zones.,Senate,10038,S-3766.1,0,0,0,0,Community empowerment zones,Bill,B,(Kilmer),1,0
1,0,2009-10,SB 6596,6596,,,,,2010-03-15,0,0,SB 6596,"By resolution, reintroduced and retained in present status.",0,S EL/K-12,0,0,2010-01-18,AN ACT Relating to education;,0,Authorizing innovation partnership schools.,Senate,2168,S-3875.1,0,0,0,0,Innovation partnrshp schools,Bill,B,(Kastama),0,0
1,0,2009-10,SB 6597,6597,,,,,2010-03-15,0,0,SB 6597,"By resolution, reintroduced and retained in present status.",0,S EL/K-12,0,0,2010-01-18,AN ACT Relating to high school graduation requirements;,0,Making a completed application to a postsecondary education program a requirement for high school graduation.,Senate,2168,S-3719.1,0,0,0,0,High school graduation req's,Bill,B,(Kastama),0,0
1,0,2009-10,SB 6598,6598,,,,,2010-03-15,0,0,SB 6598,"By resolution, reintroduced and retained in present status.",0,S EDev/Trd/Innov,0,0,2010-01-18,AN ACT Relating to requiring leadership in energy and environmental design standards for certain excise tax credit eligibility;,1,Requiring LEED standards for certain excise tax credit eligibility.,Senate,2168,S-3690.1,0,0,0,0,LEED standards/tax credits,Bill,B,(Kastama),1,0
1,0,2009-10,SB 6599,6599,,,,,2010-03-15,0,0,SB 6599,"By resolution, reintroduced and retained in present status.",0,S EDev/Trd/Innov,0,0,2010-01-18,AN ACT Relating to requiring high performance building standards for eligibility for certain tax incentives;,1,Requiring high performance building standards for eligibility for certain tax incentives.,Senate,2168,S-3689.2,0,0,0,0,High perfrmnce building stds,Bill,B,(Kastama),1,0
1,0,2009-10,SB 6600,6600,,,,,2010-03-15,0,0,SB 6600,"By resolution, reintroduced and retained in present status.",0,S Lab/Comm/CP,0,0,2010-01-19,AN ACT Relating to funding and providing workforce training grants;,0,Funding and providing workforce training grants.,Senate,171,S-3847.1,0,0,0,0,Workforce training grants,Bill,B,(Hargrove),0,0
1,0,2009-10,SB 6601,6601,,2009-10,HB 2759,Hsubst for,2010-03-15,0,0,SB 6601,"By resolution, reintroduced and retained in present status.",0,S Rules 2G,0,0,2010-01-19,AN ACT Relating to adjusting local school finance related to nonresident students enrolled in online learning;,0,Adjusting local school finance related to nonresident students enrolled in online learning.,Senate,12067,S-3940.1,0,0,0,0,Online learning/nonresidents,Bill,B,(Oemig),1,0
1,0,2009-10,SB 6602,6602,,2009-10,HB 2850,HLG & Housing,2010-03-15,0,0,SB 6602,"By resolution, reintroduced and retained in present status.",0,S EDev/Trd/Innov,0,0,2010-01-19,AN ACT Relating to local conservation area financing;,0,Concerning local conservation area financing.,Senate,10038,S-3860.1,0,0,0,0,Local conserv area financing,Bill,B,(Kilmer),0,0
0,0,2009-10,SB 6603,6603,,,,,2010-02-12,0,0,SB 6603,1st substitute bill substituted.,0,S subst for,0,0,2010-01-19,AN ACT Relating to land uses adjacent to general aviation airports;,0,Concerning land uses adjacent to general aviation airports.,Senate,11968,S-3862.1,0,0,0,0,General aviation airports,Bill,B,(Marr),0,0
1,0,2009-10,ESSB 6603,6603,,,,,2010-03-15,0,1,ESSB 6603,"By resolution, reintroduced and retained in present status.",0,S Rules 3,0,1,2010-02-05,AN ACT Relating to land uses adjacent to general aviation airports;,0,Concerning land uses adjacent to general aviation airports.,Senate,11968,S-4618.1,0,0,0,0,General aviation airports,Bill,B,TRAN(Marr),1,1
0,0,2009-10,SB 6604,6604,,,,,2010-02-10,0,0,SB 6604,1st substitute bill substituted.,0,S subst for,0,0,2010-01-19,AN ACT Relating to flexibility in the education system;,0,Providing flexibility in the education system.,Senate,12072,S-3330.2,0,0,0,0,Education system flexibility,Bill,B,(Hobbs),1,0
1,0,2009-10,ESSB 6604,6604,,,,,2010-03-29,1,1,ESSB 6604,Effective date 6/10/2010.,0,C 244 L 10,0,1,2010-02-05,AN ACT Relating to flexibility in the education system;,0,Providing flexibility in the education system. (REVISED FOR PASSED LEGISLATURE: Regarding student learning plans. ),Senate,12072,S-4408.5,0,0,0,0,Student learning plans,Bill,B,EDU(Hobbs),0,1
1,0,2009-10,SB 6605,6605,,2009-10,HB 2628,HJudiciary,2010-03-15,0,0,SB 6605,"By resolution, reintroduced and retained in present status.",0,S GovtOp & Elect,0,0,2010-01-19,"AN ACT Relating to the disposition of remains of persons who died while serving on active duty in any branch of the United States armed forces, United States reserve forces, or national guard;",0,"Authorizing persons designated by the decedent to direct disposition, if the decedent died while serving on active duty in any branch of the United States armed forces, United States reserve forces, or national guard.",Senate,12072,S-3877.1,0,0,0,0,Disposition of remains,Bill,B,(Hobbs),0,0
1,0,2009-10,SB 6606,6606,,2009-10,HB 3020,HGen Gov Apps,2010-03-15,0,0,SB 6606,"By resolution, reintroduced and retained in present status.",0,S GovtOp & Elect,0,0,2010-01-19,AN ACT Relating to eliminating the public printer and transferring print functions to the department of information services;,0,Eliminating the public printer and transferring print functions to the department of information services.,Senate,1666,Z-1059.2,0,0,1,0,Eliminating public printer,Bill,B,(Swecker),1,0
1,0,2009-10,SB 6607,6607,,,,,2010-03-15,0,0,SB 6607,"By resolution, reintroduced and retained in present status.",0,S Rules X,0,0,2010-01-19,AN ACT Relating to premium changes and annual deductible periods for individual health coverage;,0,Concerning premiums for individual health coverage.,Senate,12072,S-3693.2,0,0,0,0,Individual health coverage,Bill,B,(Hobbs),0,0
1,0,2009-10,SSB 6607,6607,,,,,2010-03-15,0,0,SSB 6607,"By resolution, reintroduced and retained in present status.",0,S Rules X,0,0,2010-02-05,AN ACT Relating to premium changes and annual deductible periods for individual health coverage;,0,Concerning premiums for individual health coverage.,Senate,12072,S-4438.1,0,0,0,0,Individual health coverage,Bill,B,(Hobbs),0,1
1,0,2009-10,SB 6608,6608,,2009-10,HB 2523,HJudiciary,2010-03-15,0,0,SB 6608,"By resolution, reintroduced and retained in present status.",0,S Judiciary,0,0,2010-01-19,AN ACT Relating to garnishment;,0,Concerning garnishment.,Senate,12072,S-3402.2,0,0,0,0,Garnishment,Bill,B,(Hobbs),0,0
0,0,2009-10,SB 6609,6609,,2009-10,HB 2985,HFinance,2010-03-08,0,0,SB 6609,2nd substitute bill substituted.,0,S subst for,0,0,2010-01-19,AN ACT Relating to infrastructure financing for local governments;,1,Concerning infrastructure financing for local governments.,Senate,2168,S-3911.1,0,0,0,0,Local govt infrastructure,Bill,B,(Kastama),1,0
0,0,2009-10,SSB 6609,6609,,,,,2010-03-08,0,0,SSB 6609,2nd substitute bill substituted.,0,S subst for,0,0,2010-01-28,AN ACT Relating to infrastructure financing for local governments;,0,Concerning infrastructure financing for local governments.,Senate,2168,S-4333.1,0,0,0,0,Local govt infrastructure,Bill,B,(Kastama),1,1
1,0,2009-10,E2SSB 6609,6609,,,,,2010-03-22,0,1,E2SSB 6609,Effective date 6/10/2010.,0,C 164 L 10,0,1,2010-03-05,AN ACT Relating to infrastructure financing for local governments;,1,Concerning infrastructure financing for local governments.,Senate,2168,S-5303.1,0,0,0,0,Local govt infrastructure,Bill,B,WM(Kastama),1,2
1,0,2009-10,ESB 6610,6610,,2009-10,HB 2932,HRules C,2010-03-31,1,1,ESB 6610,Effective date 6/10/2010.,0,C 263 L 10,0,1,2010-01-19,AN ACT Relating to improving procedures relating to the commitment of persons found not guilty by reason of insanity;,1,Concerning the assessment and treatment of certain persons with mental illnesses. (REVISED FOR ENGROSSED: Improving procedures relating to the commitment of persons found not guilty by reason of insanity. ),Senate,171,Z-1185.2,0,0,1,0,Persons w/ mental illnesses,Bill,B,(Hargrove),1,0
0,0,2009-10,SSB 6610,6610,,,,,2010-02-13,0,0,SSB 6610,1st substitute bill not substituted.,0,S not subst,0,0,2010-02-05,AN ACT Relating to improving procedures relating to the commitment of persons found not guilty by reason of insanity;,1,Improving procedures relating to the commitment of persons found not guilty by reason of insanity.,Senate,171,S-4523.3,0,0,1,0,Commitment procedures,Bill,B,(Hargrove),1,1
0,0,2009-10,SB 6611,6611,,2009-10,HB 2992,HRules C,2010-02-12,0,0,SB 6611,1st substitute bill substituted.,0,S subst for,0,0,2010-01-19,AN ACT Relating to extending the deadlines for the review and evaluation of comprehensive land use plan and development regulations for three years;,1,Extending the deadlines for the review and evaluation of comprehensive land use plan and development regulations for three years.,Senate,10056,Z-1160.1,0,1,0,0,Comprehensive land use plan,Bill,B,(Pridemore),1,0
1,0,2009-10,SSB 6611,6611,,,,,2010-03-25,1,1,SSB 6611,Effective date 6/10/2010.,0,C 216 L 10,0,0,2010-02-05,AN ACT Relating to extending the deadlines for the review and evaluation of comprehensive land use plan and development regulations for three years and addressing the timing for adopting certain subarea plans;,1,Extending the deadlines for the review and evaluation of comprehensive land use plan and development regulations for three years and addressing the timing for adopting certain subarea plans.,Senate,10056,S-4701.1,0,1,0,0,Comprehensive land use plan,Bill,B,(Pridemore),0,1
1,0,2009-10,SB 6612,6612,,2009-10,HB 2959,HRules R,2010-03-15,0,0,SB 6612,"By resolution, reintroduced and retained in present status.",0,S Rules X,0,0,2010-01-19,AN ACT Relating to child fatality review in child welfare cases;,0,Concerning child fatality reviews in child welfare cases.,Senate,171,Z-0964.2,0,1,0,0,Child fatality reviews,Bill,B,(Hargrove),1,0
1,0,2009-10,SSB 6612,6612,,,,,2010-03-15,0,0,SSB 6612,"By resolution, reintroduced and retained in present status.",0,S Rules X,0,0,2010-02-01,AN ACT Relating to child fatality review in child welfare cases;,0,Concerning child fatality reviews in child welfare cases.,Senate,171,S-4276.2,0,1,0,0,Child fatality reviews,Bill,B,(Hargrove),0,1
1,0,2009-10,SB 6613,6613,,2009-10,HB 3014,Hsubst for,2010-03-15,0,0,SB 6613,"By resolution, reintroduced and retained in present status.",0,S Ways & Means,0,0,2010-01-19,AN ACT Relating to modifying the sales and use tax deferral program for investment projects in rural counties;,1,Modifying the sales and use tax deferral program for investment projects in rural counties.,Senate,2168,Z-1116.3,0,0,1,0,Rural co. investmnt projects,Bill,B,(Kastama),1,0
1,0,2009-10,SSB 6613,6613,,,,,2010-03-15,0,0,SSB 6613,"By resolution, reintroduced and retained in present status.",0,S Ways & Means,0,0,2010-02-05,AN ACT Relating to modifying the sales and use tax deferral program for investment projects in rural counties;,1,Modifying the sales and use tax deferral program for investment projects in rural counties.,Senate,2168,S-4674.1,0,0,1,0,Rural co. investmnt projects,Bill,B,(Kastama),1,1
0,0,2009-10,SB 6614,6614,,2009-10,HB 2951,HFinance,2010-03-08,0,0,SB 6614,1st substitute bill substituted.,0,S subst for,0,0,2010-01-19,AN ACT Relating to clarifying the applicability of business and occupation tax to conservation programs with the Bonneville power administration;,0,Clarifying the applicability of business and occupation tax to conservation programs with the Bonneville power administration.,Senate,10056,S-3823.1,0,0,0,0,Bonneville power admin,Bill,B,(Pridemore),1,0
1,0,2009-10,SSB 6614,6614,,,,,2010-04-01,0,0,SSB 6614,Effective date 6/10/2010.,0,C 295 L 10,0,0,2010-03-05,AN ACT Relating to clarifying the applicability of business and occupation tax to conservation programs with the Bonneville power administration;,0,Clarifying the applicability of business and occupation tax to conservation programs with the Bonneville power administration.,Senate,10056,S-5304.1,0,0,0,0,Bonneville power admin,Bill,B,WM(Pridemore),0,1
1,0,2009-10,SB 6615,6615,,,,,2010-03-15,0,0,SB 6615,"By resolution, reintroduced and retained in present status.",0,S Lab/Comm/CP,0,0,2010-01-19,AN ACT Relating to providing support for parks and recreation;,0,Providing support for parks and recreation.,Senate,207,S-3804.2,0,0,0,0,Parks and recreation support,Bill,B,(Jacobsen),1,0
1,0,2009-10,SB 6616,6616,,2009-10,HB 2618,HTrans,2010-03-15,0,0,SB 6616,"By resolution, reintroduced and retained in present status.",0,S Transportation,0,0,2010-01-19,AN ACT Relating to the regulation and preservation of urban streets through a local option street maintenance utility and allowing the imposition of a charge;,1,Concerning the regulation and preservation of urban streets through a local option street maintenance utility and allowing the imposition of a charge.,Senate,207,S-3837.1,0,0,0,0,Regulation of urban streets,Bill,B,(Jacobsen),1,0
1,0,2009-10,SB 6617,6617,,,,,2010-03-15,0,0,SB 6617,"By resolution, reintroduced and retained in present status.",0,S Ways & Means,0,0,2010-01-19,AN ACT Relating to waiver of penalties and interest on the first half of property tax payments;,1,Concerning the waiver of penalties and interest on the first half of property tax payments.,Senate,1595,S-3865.1,0,0,0,0,Property tax payments,Bill,B,(Regala),1,0
1,0,2009-10,SB 6618,6618,,,,,2010-03-15,0,0,SB 6618,"By resolution, reintroduced and retained in present status.",0,S Judiciary,0,0,2010-01-19,AN ACT Relating to creating the family friendly court grant program;,0,Creating the family friendly court grant program.,Senate,1595,S-3907.1,0,0,0,0,Family friendly court grant,Bill,B,(Regala),1,0
1,0,2009-10,SB 6619,6619,,2009-10,HB 2996,C 100 L 10,2010-03-15,0,0,SB 6619,"By resolution, reintroduced and retained in present status.",0,S Rules X,0,0,2010-01-19,AN ACT Relating to record check information;,0,Including approved private schools in the superintendent of public instruction's record check information rules.,Senate,564,S-3801.1,0,0,0,0,OSPI record check info rules,Bill,B,(McAuliffe),1,0
1,0,2009-10,SB 6620,6620,,,,,2010-03-15,0,0,SB 6620,"By resolution, reintroduced and retained in present status.",0,S Rules X,0,0,2010-01-19,AN ACT Relating to recognizing successful schools and school districts by providing school district flexibility while maintaining the school district's governance authority and control of recognized schools;,0,Recognizing successful schools and school districts by providing flexibility for schools.,Senate,564,S-3598.2,0,0,0,0,School district flexibility,Bill,B,(McAuliffe),0,0
1,0,2009-10,SSB 6620,6620,,,,,2010-03-15,0,0,SSB 6620,"By resolution, reintroduced and retained in present status.",0,S Rules X,0,0,2010-02-05,AN ACT Relating to recognizing successful schools and school districts by providing school district flexibility while maintaining the school district's governance authority and control of recognized schools;,0,Recognizing successful schools and school districts by providing flexibility for schools.,Senate,564,S-4080.3,0,0,0,0,School district flexibility,Bill,B,EDU(McAuliffe),0,1
0,0,2009-10,SB 6621,6621,,2009-10,HB 3013,HWays & Means,2010-02-15,0,0,SB 6621,1st substitute bill substituted.,0,S subst for,0,0,2010-01-19,"AN ACT Relating to transferring service credit and contributions into the Washington state patrol retirement system by members who served as commercial vehicle enforcement officers and who became commissioned officers in the Washington state patrol prior to July 1, 2000;",0,"Transferring service credit and contributions into the Washington state patrol retirement system by members who served as commercial vehicle enforcement officers and who became commissioned officers in the Washington state patrol prior to July 1, 2000.",Senate,1574,S-3963.1,0,0,0,0,State patrol retirement,Bill,B,(Delvin),1,0
1,0,2009-10,ESSB 6621,6621,,,,,2010-03-15,0,1,ESSB 6621,"By resolution, reintroduced and retained in present status.",0,S Rules 3,0,1,2010-02-04,"AN ACT Relating to transferring service credit and contributions into the Washington state patrol retirement system by members who served as communications officers or commercial vehicle enforcement officers and who became commissioned officers in the Washington state patrol prior to July 1, 2000;",0,"Transferring service credit and contributions into the Washington state patrol retirement system by members who served as communication officers or commercial vehicle enforcement officers who became commissioned officers in the Washington state patrol prior to July 1, 2000.",Senate,1574,S-4508.1,0,0,0,0,State patrol retirement,Bill,B,TRAN(Delvin),1,1
1,0,2009-10,SB 6622,6622,,,,,2010-03-15,0,0,SB 6622,"By resolution, reintroduced and retained in present status.",0,S Ways & Means,0,0,2010-01-19,AN ACT Relating to mitigating damage to crops from migratory waterfowl;,0,Mitigating damage to crops caused by migrating waterfowl.,Senate,174,S-4024.1,0,0,0,0,Migratory waterfowl damage,Bill,B,(Haugen),1,0
1,0,2009-10,SSB 6622,6622,,,,,2010-03-15,0,0,SSB 6622,"By resolution, reintroduced and retained in present status.",0,S Ways & Means,0,0,2010-02-03,AN ACT Relating to mitigating damage to crops from migratory waterfowl;,1,Mitigating damage to crops caused by migrating waterfowl.,Senate,174,S-4537.1,0,0,0,0,Migratory waterfowl damage,Bill,B,(Haugen),1,1
1,0,2009-10,SB 6623,6623,,,,,2010-03-15,0,0,SB 6623,"By resolution, reintroduced and retained in present status.",0,S Hea/L-T Care,0,0,2010-01-19,AN ACT Relating to persons with developmental disabilities;,0,Concerning persons with developmental disabilities.,Senate,1603,S-3841.1,0,0,0,0,Persons w/ dev. disabilities,Bill,B,(Fairley),1,0
1,0,2009-10,SB 6624,6624,,2009-10,HB 3032,Hsubst for,2010-03-15,0,0,SB 6624,"By resolution, reintroduced and retained in present status.",0,S Rules X,0,0,2010-01-19,AN ACT Relating to defining normal wear and tear for a motor vehicle for the purpose of a service contract;,0,Defining normal wear and tear for a motor vehicle for the purpose of a service contract.,Senate,6765,S-3986.1,0,0,0,0,Normal wear & tear/vehicles,Bill,B,(Berkey),0,0
1,0,2009-10,SSB 6624,6624,,,,,2010-03-15,0,0,SSB 6624,"By resolution, reintroduced and retained in present status.",0,S Rules X,0,0,2010-02-05,AN ACT Relating to defining normal wear and tear for a motor vehicle for the purpose of a service contract;,0,Defining normal wear and tear for a motor vehicle for the purpose of a service contract.,Senate,6765,S-4214.2,0,0,0,0,Normal wear & tear/vehicles,Bill,B,(Berkey),0,1
1,0,2009-10,SB 6625,6625,,,,,2010-03-15,0,0,SB 6625,"By resolution, reintroduced and retained in present status.",0,S HighEd&WorkDev,0,0,2010-01-19,AN ACT Relating to tuition and financial aid at institutions of higher education;,0,Changing higher education tuition and financial aid provisions.,Senate,1922,S-3602.3,0,0,0,0,Tuition & financial aid,Bill,B,(Zarelli),0,0
1,0,2009-10,SB 6626,6626,,2009-10,HB 2991,HGen Gov Apps,2010-03-15,0,0,SB 6626,"By resolution, reintroduced and retained in present status.",0,S GovtOp & Elect,0,0,2010-01-19,AN ACT Relating to merging the department of printing into the department of general administration;,0,Merging the functions of the public printer into the department of general administration.,Senate,1577,S-3749.1,0,0,0,0,Dept. of printing/into GA,Bill,B,(Honeyford),1,0
1,0,2009-10,SB 6627,6627,,2009-10,HB 2757,HHC/Wellness,2010-03-17,0,0,SB 6627,Effective date 6/10/2010.,0,C 83 L 10,0,0,2010-01-19,AN ACT Relating to authorizing Washington pharmacies to fill prescriptions written by advanced registered nurse practitioners in other states or in certain provinces of Canada;,0,Authorizing Washington pharmacies to fill prescriptions written by advanced registered nurse practitioners in other states or in certain provinces of Canada.,Senate,11968,S-3375.1,0,0,0,0,Prescriptions by ARNPs,Bill,B,(Marr),1,0
1,0,2009-10,SB 6628,6628,,,,,2010-03-15,0,0,SB 6628,"By resolution, reintroduced and retained in present status.",0,S HumServ/Corr,0,0,2010-01-19,AN ACT Relating to expenditures for works of art;,0,Concerning expenditures for works of art.,Senate,1586,S-3998.1,0,0,0,0,Expenditures for art works,Bill,B,(Carrell),0,0
0,0,2009-10,SB 6629,6629,,,,,2010-02-10,0,0,SB 6629,1st substitute bill substituted.,0,S subst for,0,0,2010-01-19,AN ACT Relating to highly capable students;,0,Convening a working group to make recommendations defining a basic education program for highly capable students.,Senate,12067,S-3973.1,0,0,0,0,Highly capable students,Bill,B,(Oemig),1,0
1,0,2009-10,SSB 6629,6629,,,,,2010-03-15,0,0,SSB 6629,"By resolution, reintroduced and retained in present status.",0,S Rules 3,0,0,2010-02-04,AN ACT Relating to highly capable students;,0,Convening a working group to make recommendations defining a basic education program for highly capable students.,Senate,12067,S-4625.1,0,0,0,0,Highly capable students,Bill,B,EDU(Oemig),0,1
1,0,2009-10,SB 6630,6630,,,,,2010-03-15,0,0,SB 6630,"By resolution, reintroduced and retained in present status.",0,S Rules X,0,0,2010-01-19,AN ACT Relating to updating references to the Washington assessment of student learning to be statewide assessments;,0,Updating references to the Washington assessment of student learning.,Senate,12067,S-4019.1,0,0,0,0,Updating WASL references,Bill,B,(Oemig),0,0
1,0,2009-10,SB 6631,6631,,,,,2010-03-15,0,0,SB 6631,"By resolution, reintroduced and retained in present status.",0,S GovtOp & Elect,0,0,2010-01-19,AN ACT Relating to property tax payment dates;,1,Concerning property tax payment dates.,Senate,655,S-3769.2,0,0,0,0,Property tax payment dates,Bill,B,(Shin),1,0
1,0,2009-10,SB 6632,6632,,2009-10,HB 2982,HFinance,2010-03-15,0,0,SB 6632,"By resolution, reintroduced and retained in present status.",0,S Ways & Means,0,0,2010-01-19,AN ACT Relating to providing tax incentives for manufacturers of electronic testing and measurement devices;,0,Providing tax incentives for manufacturers of electronic testing and measurement devices.,Senate,655,Z-1085.1,0,1,0,0,Electronic testing devices,Bill,B,(Shin),1,0
1,0,2009-10,SB 6633,6633,,,,,2010-03-15,0,0,SB 6633,"By resolution, reintroduced and retained in present status.",0,S Transportation,0,0,2010-01-19,AN ACT Relating to breast cancer awareness special license plates;,0,Creating a breast cancer awareness special license plate.,Senate,1603,S-3886.1,0,0,0,0,Breast cancer license plates,Bill,B,(Fairley),1,0
0,0,2009-10,SB 6634,6634,,,,,2010-02-16,0,0,SB 6634,1st substitute bill substituted.,0,S subst for,0,0,2010-01-19,AN ACT Relating to establishing civil penalties for failure to comply with dairy nutrient management recordkeeping requirements;,0,Establishing civil penalties for failure to comply with dairy nutrient management recordkeeping requirements.,Senate,14074,S-3928.1,0,0,0,0,Dairy nutrient mgmt records,Bill,B,(Ranker),1,0
1,0,2009-10,SSB 6634,6634,,,,,2010-03-17,0,0,SSB 6634,Effective date 6/10/2010*.,0,C 84 L 10,0,0,2010-01-29,AN ACT Relating to establishing civil penalties for failure to comply with dairy nutrient management recordkeeping requirements;,0,Establishing civil penalties for failure to comply with dairy nutrient management recordkeeping requirements.,Senate,14074,S-4263.2,0,0,0,0,Dairy nutrient mgmt records,Bill,B,(Ranker),1,1
1,0,2009-10,SB 6635,6635,,,,,2010-03-15,0,0,SB 6635,"By resolution, reintroduced and retained in present status.",0,S Env/Water/Ener,0,0,2010-01-19,AN ACT Relating to the appraisal of green buildings;,0,Concerning the appraisal of green buildings.,Senate,143,S-3383.1,0,0,0,0,Appraisal of green buildings,Bill,B,(Fraser),1,0
1,0,2009-10,SB 6636,6636,,2009-10,HB 3102,HFinance,2010-03-15,0,0,SB 6636,"By resolution, reintroduced and retained in present status.",0,S Ways & Means,0,0,2010-01-19,"AN ACT Relating to studying Washington's fiscal resources, structure, and needs;",0,"Studying Washington's fiscal resources, structure, and needs.",Senate,142,S-3369.1,0,0,0,0,Fiscal resource & need study,Bill,B,(Franklin),0,0
1,0,2009-10,SB 6637,6637,,2009-10,HB 3101,HFinance,2010-03-15,0,0,SB 6637,"By resolution, reintroduced and retained in present status.",0,S Ways & Means,0,0,2010-01-19,AN ACT Relating to increasing the small business credit for the business and occupation tax;,0,Increasing the small business credit for the business and occupation tax.,Senate,142,S-3895.1,0,0,0,0,Small business tax credit,Bill,B,(Franklin),1,0
1,0,2009-10,SB 6638,6638,,2009-10,HB 2950,HCommerce/Lab,2010-03-15,0,0,SB 6638,"By resolution, reintroduced and retained in present status.",0,S Lab/Comm/CP,0,0,2010-01-19,AN ACT Relating to workers' compensation reform;,0,Addressing workers' compensation reform.,Senate,3430,S-3941.1,0,0,0,0,Workers' compensation reform,Bill,B,(Holmquist),0,0
0,0,2009-10,SB 6639,6639,,2009-10,HB 3045,HRules R,2010-02-15,0,0,SB 6639,1st substitute bill substituted.,0,S subst for,0,0,2010-01-20,AN ACT Relating to creating alternatives to total confinement for nonviolent offenders with minor children;,0,Creating alternatives to total confinement for nonviolent offenders with minor children.,Senate,618,Z-1169.2,0,1,0,0,Confinement alternatives,Bill,B,(Brown),1,0
1,0,2009-10,SSB 6639,6639,,,,,2010-03-26,1,1,SSB 6639,Effective date 6/10/2010.,0,C 224 L 10,0,0,2010-02-05,AN ACT Relating to creating alternatives to total confinement for nonviolent offenders with minor children;,0,Creating alternatives to total confinement for nonviolent offenders with minor children.,Senate,618,S-4602.1,0,1,0,0,Confinement alternatives,Bill,B,(Brown),0,1
1,0,2009-10,SB 6640,6640,,2009-10,HB 3016,Hsubst for,2010-03-15,0,0,SB 6640,"By resolution, reintroduced and retained in present status.",0,S HumServ/Corr,0,0,2010-01-20,"AN ACT Relating to updating provisions concerning the modification, review, and adjustment of child support orders to improve access to justice and to ensure compliance with federal requirements;",0,"Updating provisions concerning the modification, review, and adjustment of child support orders to improve access to justice and to ensure compliance with federal requirements.",Senate,171,Z-0956.4,0,1,0,0,Child support orders,Bill,B,(Hargrove),1,0
1,0,2009-10,SB 6641,6641,,2009-10,HB 3009,HAg & Nat Res,2010-03-15,0,0,SB 6641,"By resolution, reintroduced and retained in present status.",0,S Rules X,0,0,2010-01-20,AN ACT Relating to forest practices applications leading to conversion of land for development purposes;,0,Concerning forest practices applications leading to conversion of land for development purposes.,Senate,207,S-4040.1,0,0,0,0,Land conversion/development,Bill,B,(Jacobsen),0,0
1,0,2009-10,SSB 6641,6641,,,,,2010-03-15,0,0,SSB 6641,"By resolution, reintroduced and retained in present status.",0,S Rules X,0,0,2010-02-03,AN ACT Relating to forest practices applications leading to conversion of land for development purposes;,0,Concerning forest practices applications leading to conversion of land for development purposes.,Senate,207,S-4346.2,0,0,0,0,Land conversion/development,Bill,B,(Jacobsen),0,1
1,0,2009-10,SB 6642,6642,,2009-10,HB 2961,Hsubst for,2010-03-15,0,0,SB 6642,"By resolution, reintroduced and retained in present status.",0,S Judiciary,0,0,2010-01-20,"AN ACT Relating to establishing a statewide electronic tracking system for the nonprescription sales of ephedrine, pseudoephedrine, and phenylpropanolamine;",0,"Establishing a statewide electronic tracking system for the nonprescription sales of ephedrine, pseudoephedrine, and phenylpropanolamine.",Senate,1574,S-4007.1,0,0,0,0,"Tracking ephedrine, etc.",Bill,B,(Delvin),0,0
1,0,2009-10,ESB 6643,6643,,,,,2010-03-15,0,1,ESB 6643,"By resolution, reintroduced and retained in present status.",0,S Rules 3,0,1,2010-01-20,AN ACT Relating to second-class school districts and compliance reports;,0,Regarding compliance reports for second-class school districts.,Senate,652,S-3900.1,0,0,0,0,2nd-class school districts,Bill,B,(Schoesler),1,0
0,0,2009-10,SB 6644,6644,,,,,2010-02-16,0,0,SB 6644,1st substitute bill substituted.,0,S subst for,0,0,2010-01-20,AN ACT Relating to falconry;,0,Concerning the possession and capture of birds of prey.,Senate,207,S-3934.3,0,0,0,0,Falconry,Bill,B,(Jacobsen),1,0
1,0,2009-10,SSB 6644,6644,,,,,2010-03-15,0,1,SSB 6644,"By resolution, reintroduced and retained in present status.",0,S Rules 3,0,0,2010-02-03,AN ACT Relating to falconry;,0,Regarding falconry.,Senate,207,S-4424.1,0,0,0,0,Falconry,Bill,B,(Jacobsen),1,1
1,0,2009-10,SB 6645,6645,,,,,2010-03-15,0,0,SB 6645,"By resolution, reintroduced and retained in present status.",0,S Ways & Means,0,0,2010-01-20,AN ACT Relating to creating and paying for business and occupation tax exemptions for new businesses;,0,Creating and paying for business and occupation tax exemptions for new businesses.,Senate,1922,S-3993.1,0,0,0,0,New businesses/B&O exemption,Bill,B,(Zarelli),0,0
1,0,2009-10,SB 6646,6646,,,,,2010-03-15,0,0,SB 6646,"By resolution, reintroduced and retained in present status.",0,S Ways & Means,0,0,2010-01-20,AN ACT Relating to business and occupation tax credits for job creation;,0,Concerning business and occupation tax credits for job creation.,Senate,10038,Z-1134.2,0,0,1,0,Job creation B&O tax credits,Bill,B,(Kilmer),1,0
1,0,2009-10,SSB 6646,6646,,,,,2010-03-15,0,0,SSB 6646,"By resolution, reintroduced and retained in present status.",0,S Ways & Means,0,0,2010-02-05,AN ACT Relating to business and occupation tax credits for job creation;,0,Concerning business and occupation tax credits for job creation.,Senate,10038,S-4677.1,0,0,1,0,Job creation B&O tax credits,Bill,B,(Kilmer),1,1
0,0,2009-10,SB 6647,6647,,,,,2010-02-12,0,0,SB 6647,1st substitute bill substituted.,0,S subst for,0,0,2010-01-20,AN ACT Relating to protecting jobs of members of the civil air patrol while acting in an emergency service operation;,0,Addressing the employment status of members of the civil air patrol while acting in an emergency service operation.,Senate,1577,S-3774.2,0,0,0,0,Civil air patrol/emergencies,Bill,B,(Honeyford),0,0
1,0,2009-10,SSB 6647,6647,,,,,2010-03-23,1,1,SSB 6647,Effective date 6/10/2010.,0,C 170 L 10,0,0,2010-02-04,AN ACT Relating to protecting jobs of members of the civil air patrol while acting in an emergency service operation;,0,Protecting jobs of members of the civil air patrol while acting in an emergency service operation.,Senate,1577,S-4351.1,0,0,0,0,Civil air patrol/emergencies,Bill,B,(Honeyford),1,1
1,0,2009-10,SB 6648,6648,,,,,2010-03-15,0,0,SB 6648,"By resolution, reintroduced and retained in present status.",0,S Ways & Means,0,0,2010-01-20,AN ACT Relating to protecting and assisting consumers and homeowners from unfair lending practices and during foreclosure proceedings;,1,Protecting and assisting consumers and homeowners from unfair lending practices and during foreclosure proceedings.,Senate,2304,S-3918.1,0,0,0,0,Unfair lending & foreclosure,Bill,B,(Kline),1,0
1,0,2009-10,SSB 6648,6648,,,,,2010-03-15,0,0,SSB 6648,"By resolution, reintroduced and retained in present status.",0,S Ways & Means,0,0,2010-02-05,AN ACT Relating to protecting and assisting consumers and homeowners from unfair lending practices and during foreclosure proceedings;,1,Protecting and assisting consumers and homeowners from unfair lending practices and during foreclosure proceedings.,Senate,2304,S-4541.3,0,0,0,0,Unfair lending & foreclosure,Bill,B,(Kline),1,1
0,0,2009-10,SB 6649,6649,,,,,2010-02-12,0,0,SB 6649,1st substitute bill substituted.,0,S subst for,0,0,2010-01-20,AN ACT Relating to driving record abstracts;,0,Streamlining the content and release requirements of driving record abstracts.,Senate,13199,S-3975.1,0,0,0,0,Driving record abstracts,Bill,B,(King),0,0
1,0,2009-10,SSB 6649,6649,,,,,2010-03-11,0,1,SSB 6649,On Concurrence Calendar.  Referred to Senate Rules 3.,0,S Rules 3,0,0,2010-02-01,AN ACT Relating to driving record abstracts;,0,Streamlining the content and release requirements of driving record abstracts.,Senate,13199,S-4172.2,0,0,0,0,Driving record abstracts,Bill,B,TRAN(King),0,1
1,0,2009-10,SB 6650,6650,,,,,2010-03-15,0,0,SB 6650,"By resolution, reintroduced and retained in present status.",0,S Transportation,0,0,2010-01-20,AN ACT Relating to financial viability and impact review of certain transportation projects;,0,Concerning financial viability and impact review of certain transportation projects.,Senate,1907,S-3959.1,0,0,0,0,Transportation projects,Bill,B,(Murray),0,0
1,0,2009-10,SB 6651,6651,,,,,2010-03-15,0,0,SB 6651,"By resolution, reintroduced and retained in present status.",0,S Transportation,0,0,2010-01-20,AN ACT Relating to an impact plan on the state route number 520 bridge replacement and HOV project;,0,Requiring the preparation of an impact plan on the state route number 520 bridge replacement and HOV project.,Senate,1907,S-3960.1,0,0,0,0,SR 520 bridge & HOV project,Bill,B,(Murray),0,0
1,0,2009-10,SB 6652,6652,,,,,2010-03-15,0,0,SB 6652,"By resolution, reintroduced and retained in present status.",0,S Transportation,0,0,2010-01-20,AN ACT Relating to establishing rules for certain railroad activities;,0,Establishing rules for certain railroad activities.,Senate,13199,S-3647.1,0,0,0,0,Railroad activities,Bill,B,(King),1,0
1,0,2009-10,SB 6653,6653,,2009-10,HB 2402,Hsubst for,2010-03-15,0,0,SB 6653,"By resolution, reintroduced and retained in present status.",0,S Ways & Means,0,0,2010-01-20,AN ACT Relating to a property tax exemption for property owned by a nonprofit organization and used for the purpose of a farmers market;,1,Concerning a property tax exemption for property owned by a nonprofit organization and used for the purpose of a farmers market.,Senate,207,S-4060.1,0,0,0,0,Farmers market/property tax,Bill,B,(Jacobsen),1,0
1,0,2009-10,SB 6654,6654,,,,,2010-03-15,0,0,SB 6654,"By resolution, reintroduced and retained in present status.",0,S Rules X,0,0,2010-01-20,AN ACT Relating to removing and streamlining certain transportation and motor vehicle reports;,0,Removing and streamlining certain transportation and motor vehicle reports.,Senate,394,S-4038.1,0,0,0,0,Trans and vehicle reports,Bill,B,(Sheldon),0,0
1,0,2009-10,SSB 6654,6654,,,,,2010-03-15,0,0,SSB 6654,"By resolution, reintroduced and retained in present status.",0,S Rules X,0,0,2010-02-03,AN ACT Relating to removing and streamlining certain transportation and motor vehicle reports;,0,Removing and streamlining certain transportation and motor vehicle reports.,Senate,394,S-4261.1,0,0,0,0,Trans and vehicle reports,Bill,B,TRAN(Sheldon),0,1
1,0,2009-10,SB 6655,6655,,,,,2010-03-15,0,0,SB 6655,"By resolution, reintroduced and retained in present status.",0,S EL/K-12,0,0,2010-01-20,AN ACT Relating to the running start program;,0,Regarding the running start program.,Senate,5141,S-3572.3,0,0,0,0,Running start program,Bill,B,(McDermott),1,0
0,0,2009-10,SB 6656,6656,,2009-10,HB 2853,HTech/En/Com,2010-02-15,0,0,SB 6656,1st substitute bill substituted.,0,S subst for,0,0,2010-01-20,AN ACT Relating to implementing energy conservation programs;,0,Authorizing a local financing tool to fund energy efficiency upgrades and removing financial barriers to implementing energy conservation programs.,Senate,1907,S-3859.1,0,0,0,0,Energy conservation programs,Bill,B,(Murray),0,0
1,0,2009-10,ESSB 6656,6656,,,,,2010-03-15,0,1,ESSB 6656,"By resolution, reintroduced and retained in present status.",0,S Rules 3,0,1,2010-02-04,"AN ACT Relating to implementing a pilot program for energy conservation services for cities and towns located wholly within the electric service territories of Tacoma public utilities, Seattle city light, and Puget Sound energy;",0,Implementing a pilot program for energy conservation services.,Senate,1907,S-4368.4,0,0,0,0,Energy conservation services,Bill,B,(Murray),0,1
1,0,2009-10,SB 6657,6657,,,,,2010-03-15,0,0,SB 6657,"By resolution, reintroduced and retained in present status.",0,S GovtOp & Elect,0,0,2010-01-20,AN ACT Relating to ethics for legislative employees;,0,Concerning ethics for legislative employees.,Senate,1583,S-3084.1,0,0,0,0,Legislative employee ethics,Bill,B,(Benton),0,0
0,0,2009-10,SB 6658,6658,,2009-10,HB 3104,HTech/En/Com,2010-02-16,0,0,SB 6658,1st substitute bill substituted.,0,S subst for,0,0,2010-01-20,AN ACT Relating to modifying community solar project provisions for investment cost recovery incentives;,0,Modifying community solar project provisions for investment cost recovery incentives.,Senate,3481,S-4035.1,0,0,0,0,Community solar projects,Bill,B,(Rockefeller),0,0
1,0,2009-10,ESSB 6658,6658,,,,,2010-03-25,1,1,ESSB 6658,Effective date 6/10/2010.,0,C 202 L 10,0,1,2010-02-04,AN ACT Relating to modifying community solar project provisions for investment cost recovery incentives;,0,Modifying community solar project provisions for investment cost recovery incentives.,Senate,3481,S-4457.4,0,0,0,0,Community solar projects,Bill,B,(Rockefeller),1,1
1,0,2009-10,SB 6659,6659,,2009-10,EHB 3023,HRules 3C,2010-03-15,0,0,SB 6659,"By resolution, reintroduced and retained in present status.",0,S Env/Water/Ener,0,0,2010-01-20,AN ACT Relating to consolidating the state's pollution liability insurance agency within the department of ecology;,0,Consolidating the pollution liability insurance agency within the department of ecology.,Senate,143,Z-1197.1,0,0,0,1,Pollution liability agency,Bill,B,(Fraser),1,0
1,0,2009-10,SB 6660,6660,,2009-10,HB 2923,HHC/Wellness,2010-03-15,0,0,SB 6660,"By resolution, reintroduced and retained in present status.",0,S Hea/L-T Care,0,0,2010-01-20,AN ACT Relating to license renewals;,0,Concerning license renewals.,Senate,12072,S-3978.1,0,0,0,0,License renewals,Bill,B,(Hobbs),0,0
1,0,2009-10,SB 6661,6661,,,,,2010-03-15,0,0,SB 6661,"By resolution, reintroduced and retained in present status.",0,S EDev/Trd/Innov,0,0,2010-01-20,"AN ACT Relating to modifying local excise taxes in counties that have pledged lodging tax revenues for the payment of bonds prior to June 26, 1975;",1,"Modifying local excise taxes in counties that have pledged lodging tax revenues for the payment of bonds prior to June 26, 1975.",Senate,1907,S-3560.1,0,0,0,0,Local excise taxes/counties,Bill,B,(Murray),1,0
0,0,2009-10,SB 6662,6662,,,,,2010-02-16,0,0,SB 6662,1st substitute bill substituted.,0,S subst for,0,0,2010-01-20,AN ACT Relating to developing a curriculum for a career track for home care aides;,0,Regarding developing a curriculum for a career track for home care aides.,Senate,10038,S-3295.3,0,0,0,0,Home care aides curriculum,Bill,B,(Kilmer),1,0
1,0,2009-10,SSB 6662,6662,,,,,2010-03-15,0,0,SSB 6662,"By resolution, reintroduced and retained in present status.",0,S Rules 3,0,0,2010-02-05,AN ACT Relating to developing a curriculum for a career track for home care aides;,0,Regarding developing a curriculum for a career track for home care aides.,Senate,10038,S-4208.3,0,0,0,0,Home care aides curriculum,Bill,B,(Kilmer),1,1
1,0,2009-10,SB 6663,6663,,,,,2010-03-15,0,0,SB 6663,"By resolution, reintroduced and retained in present status.",0,S Rules X,0,0,2010-01-20,AN ACT Relating to tanning facilities;,1,Regulating tanning facilities.,Senate,644,S-3479.2,0,0,0,0,Tanning facilities,Bill,B,(Kohl-Welles),1,0
1,0,2009-10,SSB 6663,6663,,,,,2010-03-15,0,1,SSB 6663,"By resolution, reintroduced and retained in present status.",0,S Rules X,0,0,2010-02-05,AN ACT Relating to tanning facilities;,1,Regulating tanning facilities.,Senate,644,S-4621.1,0,0,0,0,Tanning facilities,Bill,B,(Kohl-Welles),1,1
1,0,2009-10,SB 6664,6664,,,,,2010-03-15,0,0,SB 6664,"By resolution, reintroduced and retained in present status.",0,S Judiciary,0,0,2010-01-20,AN ACT Relating to bail for persons in custody;,1,Concerning bail for persons in custody.,Senate,644,S-4037.1,0,0,0,0,Bail for persons in custody,Bill,B,(Kohl-Welles),1,0
1,0,2009-10,SB 6665,6665,,,,,2010-03-15,0,0,SB 6665,"By resolution, reintroduced and retained in present status.",0,S Rules X,0,0,2010-01-20,AN ACT Relating to changing the initiative filing fee;,0,Changing the initiative filing fee.,Senate,644,S-4008.1,0,0,0,0,Initiative filing fee,Bill,B,(Kohl-Welles),1,0
1,0,2009-10,SSB 6665,6665,,,,,2010-03-15,0,0,SSB 6665,"By resolution, reintroduced and retained in present status.",0,S Rules X,0,0,2010-02-01,AN ACT Relating to changing the initiative and referendum filing fees;,0,Changing the initiative and referendum filing fees.,Senate,644,S-4137.1,0,0,0,0,Initiative & ref. filing fee,Bill,B,(Kohl-Welles),1,1
1,0,2009-10,SB 6666,6666,,,,,2010-03-15,0,0,SB 6666,"By resolution, reintroduced and retained in present status.",0,S Rules X,0,0,2010-01-20,AN ACT Relating to statutory construction;,0,Addressing statutory construction.,Senate,3479,S-4064.1,0,0,0,0,Statutory construction,Bill,B,(Pflug),0,0
1,0,2009-10,SSB 6666,6666,,,,,2010-03-15,0,0,SSB 6666,"By resolution, reintroduced and retained in present status.",0,S Rules X,0,0,2010-02-05,AN ACT Relating to statutory construction;,0,Addressing statutory construction.,Senate,3479,S-4712.1,0,0,0,0,Statutory construction,Bill,B,(Pflug),0,1
0,1,2009-10,SB 6667,6667,,,,,2010-02-13,0,0,SB 6667,2nd substitute bill substituted.,0,S subst for,0,0,2010-01-20,AN ACT Relating to business assistance programs;,0,Concerning business assistance programs.,Senate,12073,S-4028.1,0,0,0,0,Business assistance programs,Bill,B,(Kauffman),1,0
0,1,2009-10,SSB 6667,6667,,,,,2010-02-13,0,0,SSB 6667,2nd substitute bill substituted.,0,S subst for,0,0,2010-02-03,AN ACT Relating to business assistance programs;,0,Concerning business assistance programs.,Senate,12073,S-4526.1,0,0,0,0,Business assistance programs,Bill,B,(Kauffman),1,1
1,0,2009-10,2SSB 6667,6667,,,,,2010-03-22,1,1,2SSB 6667,Effective date 6/10/2010.,0,C 165 L 10,0,0,2010-02-09,AN ACT Relating to business assistance programs;,0,Concerning business assistance programs.,Senate,12073,S-4726.1,0,0,0,0,Business assistance programs,Bill,B,WM(Kauffman),1,2
1,0,2009-10,SB 6668,6668,,,,,2010-03-15,0,0,SB 6668,"By resolution, reintroduced and retained in present status.",0,S Rules X,0,0,2010-01-20,AN ACT Relating to eligibility requirements for the early childhood education and assistance program;,0,Regarding eligibility requirements for the  early childhood education and assistance program.,Senate,12073,S-3966.1,0,0,0,0,Early childhood program,Bill,B,(Kauffman),1,0
1,0,2009-10,SB 6669,6669,,,,,2010-03-15,0,0,SB 6669,"By resolution, reintroduced and retained in present status.",0,S Rules X,0,0,2010-01-20,AN ACT Relating to the small business development center;,0,Concerning the small business development center.,Senate,2168,S-3752.1,0,0,0,0,Small business devel center,Bill,B,(Kastama),1,0
1,0,2009-10,SSB 6669,6669,,,,,2010-03-15,0,0,SSB 6669,"By resolution, reintroduced and retained in present status.",0,S Rules X,0,0,2010-02-05,AN ACT Relating to the small business development center;,0,Concerning the small business development center.,Senate,2168,S-4708.1,0,0,0,0,Small business devel center,Bill,B,(Kastama),1,1
1,0,2009-10,2SSB 6669,6669,,,,,2010-03-15,0,0,2SSB 6669,"By resolution, reintroduced and retained in present status.",0,S Rules X,0,0,2010-02-09,AN ACT Relating to the small business development center;,0,Concerning the small business development center.,Senate,2168,S-4786.1,0,0,0,0,Small business devel center,Bill,B,WM(Kastama),1,2
1,0,2009-10,SB 6670,6670,,,,,2010-03-15,0,0,SB 6670,"By resolution, reintroduced and retained in present status.",0,S Rules X,0,0,2010-01-20,AN ACT Relating to group medical insurance for nontraditional groups;,0,Regarding group medical insurance for nontraditional groups.,Senate,2142,S-3840.2,0,0,0,0,Group medical insurance,Bill,B,(Parlette),0,0
1,0,2009-10,SSB 6670,6670,,,,,2010-03-15,0,0,SSB 6670,"By resolution, reintroduced and retained in present status.",0,S Rules X,0,0,2010-02-05,AN ACT Relating to group medical insurance for nontraditional groups;,0,Regarding group medical insurance for nontraditional groups.,Senate,2142,S-4562.1,0,0,0,0,Group medical insurance,Bill,B,(Parlette),0,1
1,0,2009-10,SB 6671,6671,,,,,2010-03-15,0,0,SB 6671,"By resolution, reintroduced and retained in present status.",0,S Rules X,0,0,2010-01-20,AN ACT Relating to emergency departments that are not physically connected to a hospital;,0,Concerning emergency departments that are not physically connected to a hospital.,Senate,3479,S-3958.1,0,0,0,0,Emergency departments,Bill,B,(Pflug),1,0
1,0,2009-10,SSB 6671,6671,,,,,2010-03-15,0,0,SSB 6671,"By resolution, reintroduced and retained in present status.",0,S Rules X,0,0,2010-02-05,AN ACT Relating to emergency departments that are not physically connected to a hospital;,0,Concerning freestanding emergency rooms.,Senate,3479,S-4673.1,0,0,0,0,Freestanding emergency rooms,Bill,B,(Pflug),0,1
1,0,2009-10,SB 6672,6672,,2009-10,HB 3034,HTech/En/Com,2010-03-15,0,0,SB 6672,"By resolution, reintroduced and retained in present status.",0,S Rules X,0,0,2010-01-21,AN ACT Relating to modifying the energy independence act;,0,Modifying the energy independence act.,Senate,3481,S-4075.1,0,0,0,0,Energy independence act,Bill,B,(Rockefeller),0,0
1,0,2009-10,SSB 6672,6672,,,,,2010-03-15,0,0,SSB 6672,"By resolution, reintroduced and retained in present status.",0,S Rules X,0,0,2010-02-05,AN ACT Relating to modifying the energy independence act;,0,Modifying the energy independence act.,Senate,3481,S-4644.2,0,0,0,0,Energy independence act,Bill,B,(Rockefeller),0,1
0,0,2009-10,SB 6673,6673,,,,,2010-02-11,0,0,SB 6673,1st substitute bill substituted.,0,S subst for,0,0,2010-01-21,AN ACT Relating to bail practices and procedures;,0,Appointing a task force to study bail practices and procedures.,Senate,2304,S-3997.1,0,0,0,0,Bail practices task force,Bill,B,(Kline),0,0
1,0,2009-10,SSB 6673,6673,,,,,2010-03-31,1,1,SSB 6673,Effective date 6/10/2010.,0,C 256 L 10,0,0,2010-02-05,AN ACT Relating to bail practices and procedures;,1,Appointing a task force to study bail practices and procedures.,Senate,2304,S-4146.3,0,0,0,0,Bail practices task force,Bill,B,(Kline),1,1
0,0,2009-10,SB 6674,6674,,,,,2010-02-13,0,0,SB 6674,1st substitute bill substituted.,0,S subst for,0,0,2010-01-21,AN ACT Relating to agreements to indemnify against liability for negligence involving motor carriers;,0,Regulating indemnification agreements involving motor carrier transportation contracts.,Senate,2304,S-3306.1,0,0,0,0,Motor carrier liability,Bill,B,(Kline),0,0
1,0,2009-10,SSB 6674,6674,,,,,2010-03-18,0,0,SSB 6674,Effective date 6/10/2010.,0,C 120 L 10,0,0,2010-02-03,AN ACT Relating to agreements to indemnify against liability for negligence involving motor carriers;,0,Regulating indemnification agreements involving motor carrier transportation contracts.,Senate,2304,S-4565.1,0,0,0,0,Motor carrier liability,Bill,B,(Kline),0,1
0,0,2009-10,SB 6675,6675,,2009-10,HB 2983,HFinance,2010-03-10,0,0,SB 6675,2nd substitute bill substituted.,0,S subst for,0,0,2010-01-21,AN ACT Relating to creating the Washington global health technologies and product development competitiveness program and allowing certain tax credits for program contributions;,0,Creating the Washington global health technologies and product development competitiveness program and allowing certain tax credits for program contributions.,Senate,1907,S-3994.1,0,0,0,0,Global health program,Bill,B,(Murray),1,0
0,0,2009-10,SSB 6675,6675,,,,,2010-03-10,0,0,SSB 6675,2nd substitute bill substituted.,0,S subst for,0,0,2010-02-04,AN ACT Relating to creating the Washington global health technologies and product development competitiveness program and allowing certain tax credits for program contributions;,0,Creating the Washington global health technologies and product development competitiveness program and allowing certain tax credits for program contributions.,Senate,1907,S-4435.1,0,0,0,0,Global health program,Bill,B,(Murray),1,1
1,0,2009-10,2SSB 6675,6675,,,,,2010-04-05,1,1,2SSB 6675,Effective date 7/13/2010.,0,C 13 L 10 E1,0,0,2010-03-09,AN ACT Relating to creating the Washington global health technologies and product development competitiveness program and allowing certain tax credits for program contributions;,0,Creating the Washington global health technologies and product development competitiveness program and allowing certain tax credits for program contributions.,Senate,1907,S-5451.1,0,0,0,0,Global health program,Bill,B,WM(Murray),1,2
1,0,2009-10,SB 6676,6676,,,,,2010-03-15,0,0,SB 6676,"By resolution, reintroduced and retained in present status.",0,S Rules X,0,0,2010-01-21,AN ACT Relating to changes in vessel designations on Dungeness crab-coastal fishery licenses;,0,Concerning changes in vessel designations on Dungeness crab-coastal fishery licenses.,Senate,173,S-3977.1,0,0,0,0,Dungeness crab licenses,Bill,B,(Hatfield),1,0
1,0,2009-10,SSB 6676,6676,,,,,2010-03-15,0,0,SSB 6676,"By resolution, reintroduced and retained in present status.",0,S Rules X,0,0,2010-02-03,AN ACT Relating to changes in vessel designations on Dungeness crab-coastal fishery licenses;,0,Concerning changes in vessel designations on Dungeness crab-coastal fishery licenses.,Senate,173,S-4535.1,0,0,0,0,Dungeness crab licenses,Bill,B,(Hatfield),0,1
1,0,2009-10,SB 6677,6677,,2009-10,HB 2964,HEcology & Park,2010-03-15,0,0,SB 6677,"By resolution, reintroduced and retained in present status.",0,S Env/Water/Ener,0,0,2010-01-21,AN ACT Relating to oil spill contingency plan requirements;,0,Concerning oil spill contingency plan requirements.,Senate,3481,S-4006.1,0,0,0,0,Oil spill contingency plan,Bill,B,(Rockefeller),1,0
0,1,2009-10,SB 6678,6678,,,,,2010-02-13,0,0,SB 6678,2nd substitute bill substituted.,0,S subst for,0,0,2010-01-21,AN ACT Relating to the creation of entities to address the long- range impact of opportunities and changes in the aerospace industry;,0,Concerning the creation of entities to address the long-range impact of opportunities and changes in the aerospace industry.,Senate,12072,S-3919.2,0,0,0,0,Aerospace industry,Bill,B,(Hobbs),1,0
0,1,2009-10,SSB 6678,6678,,,,,2010-02-13,0,0,SSB 6678,2nd substitute bill substituted.,0,S subst for,0,0,2010-02-03,AN ACT Relating to the creation of entities to address the long- range impact of opportunities and changes in the aerospace industry;,0,Concerning the creation of entities to address the long-range impact of opportunities and changes in the aerospace industry.,Senate,12072,S-4337.2,0,0,0,0,Aerospace industry,Bill,B,(Hobbs),0,1
1,0,2009-10,2SSB 6678,6678,,,,,2010-04-12,0,0,2SSB 6678,"By resolution, returned to Senate Rules Committee for third reading.",0,S Rules 3,0,0,2010-02-09,AN ACT Relating to the creation of entities to address the long- range impact of opportunities and changes in the aerospace industry;,0,Concerning the creation of entities to address the long-range impact of opportunities and changes in the aerospace industry.,Senate,12072,S-4748.1,0,0,0,0,Aerospace industry,Bill,B,WM(Hobbs),1,2
0,1,2009-10,SB 6679,6679,,,,,2010-02-13,0,0,SB 6679,2nd substitute bill substituted.,0,S subst for,0,0,2010-01-21,AN ACT Relating to the small business export finance assistance center;,0,Concerning the small business export finance assistance center.,Senate,12073,S-4029.2,0,0,0,0,Export finance assist center,Bill,B,(Kauffman),1,0
0,1,2009-10,SSB 6679,6679,,,,,2010-02-13,0,0,SSB 6679,2nd substitute bill substituted.,0,S subst for,0,0,2010-02-03,AN ACT Relating to the small business export finance assistance center;,0,Concerning the small business export finance assistance center.,Senate,12073,S-4525.1,0,0,0,0,Export finance assist center,Bill,B,(Kauffman),0,1
1,0,2009-10,2SSB 6679,6679,,,,,2010-03-22,1,1,2SSB 6679,Effective date 6/10/2010.,0,C 166 L 10,0,0,2010-02-09,AN ACT Relating to the small business export finance assistance center;,0,Concerning the small business export finance assistance center.,Senate,12073,S-4725.2,0,0,0,0,Export finance assist center,Bill,B,WM(Kauffman),1,2
1,0,2009-10,SB 6680,6680,,,,,2010-03-15,0,0,SB 6680,"By resolution, reintroduced and retained in present status.",0,S Ways & Means,0,0,2010-01-21,AN ACT Relating to authorizing local excise taxes for criminal justice purposes;,1,Authorizing counties to impose local sales and use taxes for criminal justice purposes.,Senate,171,S-4069.2,0,0,0,0,Taxes for criminal justice,Bill,B,(Hargrove),1,0
1,0,2009-10,SSB 6680,6680,,,,,2010-03-15,0,0,SSB 6680,"By resolution, reintroduced and retained in present status.",0,S Ways & Means,0,0,2010-02-05,AN ACT Relating to authorizing local excise taxes for criminal justice purposes;,0,Authorizing local excise taxes for criminal justice purposes.,Senate,171,S-4668.1,0,0,0,0,Taxes for criminal justice,Bill,B,(Hargrove),0,1
1,0,2009-10,SB 6681,6681,,2009-10,HB 2997,Hsubst for,2010-03-15,0,0,SB 6681,"By resolution, reintroduced and retained in present status.",0,S Hea/L-T Care,0,0,2010-01-21,AN ACT Relating to determining the appropriate date of a small employer group's composition for purposes of setting health benefit plan premium rates;,0,Concerning the size of a small employer's group for purposes of health benefit plans.,Senate,1950,S-4045.1,0,0,0,0,Small employer's group,Bill,B,(Keiser),0,0
1,0,2009-10,SB 6682,6682,,2009-10,HB 2784,HTech/En/Com,2010-03-15,0,0,SB 6682,"By resolution, reintroduced and retained in present status.",0,S Env/Water/Ener,0,0,2010-01-21,AN ACT Relating to a baseload renewable power facility;,0,Concerning baseload renewable power facilities.,Senate,2168,S-3826.1,0,0,0,0,Baseload renewable power,Bill,B,(Kastama),0,0
1,0,2009-10,SB 6683,6683,,,,,2010-03-15,0,1,SB 6683,"By resolution, reintroduced and retained in present status.",0,S Rules X,0,0,2010-01-21,"AN ACT Relating to sending renewal notices for licenses, registrations, and permits via electronic means;",0,"Concerning the transmittal of renewal notices for licenses, registrations, and permits via electronic means.",Senate,8214,S-3984.2,0,0,0,0,Electronic renewal notices,Bill,B,(Tom),1,0
1,0,2009-10,SB 6684,6684,,2009-10,HB 3027,HRules R,2010-03-15,0,0,SB 6684,"By resolution, reintroduced and retained in present status.",0,S Ways & Means,0,0,2010-01-21,AN ACT Relating to the governance and financing of the Washington state convention and trade center.,0,Regarding the governance and financing of the Washington state convention and trade center.,Senate,1907,S-4033.1,0,0,0,0,Convention & trade ctr T.O.,Bill,B,(Murray),0,0
1,0,2009-10,SB 6685,6685,,,,,2010-03-15,0,0,SB 6685,"By resolution, reintroduced and retained in present status.",0,S Rules X,0,0,2010-01-21,AN ACT Relating to posting information on public agencies' web sites;,0,"Requiring public agencies, special purpose districts, and municipalities to post certain information on their web sites.",Senate,361,S-4081.1,0,0,0,0,Public information/web sites,Bill,B,(Roach),0,0
1,0,2009-10,SSB 6685,6685,,,,,2010-03-15,0,1,SSB 6685,"By resolution, reintroduced and retained in present status.",0,S Rules X,0,0,2010-02-01,AN ACT Relating to posting information on public agencies' web sites;,0,"Requiring public agencies, special purpose districts, and municipalities to post certain information on their web sites.",Senate,361,S-4357.1,0,0,0,0,Public information/web sites,Bill,B,(Roach),0,1
0,0,2009-10,2SSB 6685,6685,,,,,0001-01-01,0,0,2SSB 6685,,0,,0,0,2010-02-01,,0,,Senate,361,,0,0,0,0,Public information/web sites,Bill,B,(Roach),0,2
0,0,2009-10,SB 6686,6686,,,,,2010-02-15,0,0,SB 6686,1st substitute bill substituted.,0,S subst for,0,0,2010-01-21,AN ACT Relating to municipal court judges and commissioners;,1,Changing the election and appointment provisions for municipal court judges.,Senate,15419,Z-0995.1,0,0,0,1,Municipal court judges,Bill,B,(Gordon),0,0
1,0,2009-10,SSB 6686,6686,,,,,2010-03-15,0,0,SSB 6686,"By resolution, reintroduced and retained in present status.",0,S Rules 3,0,0,2010-02-05,AN ACT Relating to municipal court judges and commissioners;,0,Changing the election and appointment provisions for municipal court judges.,Senate,15419,S-4486.1,0,0,0,1,Municipal court judges,Bill,B,(Gordon),0,1
1,0,2009-10,SB 6687,6687,,,,,2010-03-15,0,0,SB 6687,"By resolution, reintroduced and retained in present status.",0,S HighEd&WorkDev,0,0,2010-01-21,AN ACT Relating to student members on the boards of trustees for community colleges and the state board for community and technical colleges;,0,Regarding student members on boards of trustees of community colleges and the state board for community and technical colleges.,Senate,1583,S-4082.1,0,0,0,0,Trustee brds/student members,Bill,B,(Benton),0,0
0,0,2009-10,SB 6688,6688,,,,,2010-02-10,0,0,SB 6688,1st substitute bill substituted.,0,S subst for,0,0,2010-01-21,AN ACT Relating to filling vacancies in nonpartisan local elective office;,0,Concerning filling vacancies in nonpartisan elective office.,Senate,1603,S-3932.2,0,0,0,0,Nonpartisan elective office,Bill,B,(Fairley),0,0
1,0,2009-10,SSB 6688,6688,,,,,2010-03-25,1,1,SSB 6688,Effective date 6/10/2010.,0,C 207 L 10,0,0,2010-02-04,AN ACT Relating to filling vacancies in nonpartisan local elective office;,0,Concerning filling vacancies in nonpartisan elective office.,Senate,1603,S-4499.2,0,0,0,0,Nonpartisan elective office,Bill,B,(Fairley),0,1
1,0,2009-10,SB 6689,6689,,2009-10,HB 2702,HSGTribalAff,2010-03-15,0,0,SB 6689,"By resolution, reintroduced and retained in present status.",0,S Rules X,0,0,2010-01-21,AN ACT Relating to ballot title information;,0,Concerning ballot title information.,Senate,10056,S-3262.4,0,0,0,0,Ballot title information,Bill,B,(Pridemore),0,0
1,0,2009-10,SB 6690,6690,,2009-10,HB 2569,HRules C,2010-03-15,0,0,SB 6690,"By resolution, reintroduced and retained in present status.",0,S NR/Ocean/Rec,0,0,2010-01-21,AN ACT Relating to accessing land for outdoor recreation;,0,Regarding access to information for outdoor recreation and wildlife viewing opportunities.,Senate,10056,S-3421.1,0,0,0,0,Outdoor recreation info,Bill,B,(Pridemore),1,0
1,0,2009-10,SB 6691,6691,,,,,2010-03-15,0,0,SB 6691,"By resolution, reintroduced and retained in present status.",0,S Env/Water/Ener,0,0,2010-01-21,AN ACT Relating to providing forest derived biomass tax incentives;,0,Providing forest derived biomass tax incentives.,Senate,10056,S-3392.1,0,0,0,0,Forest derived biomass/tax,Bill,B,(Pridemore),0,0
0,0,2009-10,SB 6692,6692,,,,,2010-02-12,0,0,SB 6692,1st substitute bill substituted.,0,S subst for,0,0,2010-01-21,AN ACT Relating to allowing certain counties to participate and enter into ownership agreements for electric generating facilities powered by biomass;,0,Allowing certain counties to participate and enter into ownership agreements for electric generating facilities powered by biomass.,Senate,10056,S-3356.2,0,0,0,0,Electric generation/biomass,Bill,B,(Pridemore),0,0
1,0,2009-10,SSB 6692,6692,,,,,2010-03-22,1,1,SSB 6692,Effective date 6/10/2010.,0,C 167 L 10,0,0,2010-02-01,AN ACT Relating to allowing certain counties to participate and enter into ownership agreements for electric generating facilities powered by biomass;,0,Allowing certain counties to participate and enter into ownership agreements for electric generating facilities powered by biomass.,Senate,10056,S-4397.1,0,0,0,0,Electric generation/biomass,Bill,B,(Pridemore),0,1
1,1,2009-10,SB 6693,6693,,2009-10,HB 2436,Hsubst for,2010-03-15,0,0,SB 6693,"By resolution, reintroduced and retained in present status.",0,S Rules 2,0,0,2010-01-21,AN ACT Relating to vehicle license fraud;,0,Concerning vehicle license fraud.,Senate,10056,S-3470.1,0,0,0,0,Vehicle license fraud,Bill,B,(Pridemore),0,0
1,1,2009-10,SSB 6693,6693,,,,,2010-03-15,0,0,SSB 6693,"By resolution, reintroduced and retained in present status.",0,S Rules 2,0,0,2010-02-05,AN ACT Relating to vehicle license fraud;,0,Concerning vehicle license fraud.,Senate,10056,S-4561.1,0,0,0,0,Vehicle license fraud,Bill,B,TRAN(Pridemore),1,1
1,0,2009-10,SB 6694,6694,,2009-10,HB 2623,Hsubst for,2010-03-15,0,0,SB 6694,"By resolution, reintroduced and retained in present status.",0,S FI/Hous/Ins,0,0,2010-01-21,AN ACT Relating to the foreclosure of residential real property;,1,Regulating the foreclosure of residential real property.,Senate,15419,Z-1163.1,0,0,0,0,Residential foreclosure,Bill,B,(Gordon),1,0
1,0,2009-10,SB 6695,6695,,2009-10,HB 3063,HRules R,2010-03-15,0,0,SB 6695,"By resolution, reintroduced and retained in present status.",0,S Rules X,0,0,2010-01-21,AN ACT Relating to the leave sharing program;,0,Establishing the number of days of shared leave an employee is eligible to receive.,Senate,143,S-3914.1,0,0,0,0,Leave sharing program,Bill,B,(Fraser),1,0
0,0,2009-10,SB 6696,6696,,,,,2010-02-11,0,0,SB 6696,2nd substitute bill substituted.,0,S subst for,0,0,2010-01-21,AN ACT Relating to education reform;,0,Regarding education reform.,Senate,564,Z-1087.3,0,0,1,0,Education reform,Bill,B,(McAuliffe),1,0
0,0,2009-10,SSB 6696,6696,,,,,2010-02-11,0,0,SSB 6696,2nd substitute bill substituted.,0,S subst for,0,0,2010-02-05,AN ACT Relating to education reform;,0,Regarding education reform.,Senate,564,S-4404.2,0,0,1,0,Education reform,Bill,B,EDU(McAuliffe),1,1
1,0,2009-10,E2SSB 6696,6696,,,,,2010-03-29,1,1,E2SSB 6696,Effective date 6/10/2010.,0,C 235 L 10,0,1,2010-02-09,AN ACT Relating to education reform;,0,Regarding education reform.,Senate,564,S-4754.1,0,0,1,0,Education reform,Bill,B,WM(McAuliffe),0,2
1,0,2009-10,SB 6697,6697,,,,,2010-03-15,0,0,SB 6697,"By resolution, reintroduced and retained in present status.",0,S Rules X,0,0,2010-01-21,AN ACT Relating to suffocation;,1,Concerning suffocation.,Senate,174,S-3499.2,0,0,0,0,Suffocation,Bill,B,(Haugen),1,0
1,0,2009-10,SSB 6697,6697,,,,,2010-03-15,0,0,SSB 6697,"By resolution, reintroduced and retained in present status.",0,S Rules X,0,0,2010-02-05,AN ACT Relating to suffocation;,0,Concerning suffocation.,Senate,174,S-4715.1,0,0,0,0,Suffocation,Bill,B,(Haugen),0,1
0,0,2009-10,SB 6698,6698,,,,,2010-02-15,0,0,SB 6698,1st substitute bill substituted.,0,S subst for,0,0,2010-01-21,AN ACT Relating to the acquisition of nonprofit hospitals;,0,Concerning the acquisition of nonprofit hospitals.,Senate,1950,S-4078.1,0,0,0,0,Nonprofit hospitals,Bill,B,(Keiser),0,0
1,0,2009-10,SSB 6698,6698,,,,,2010-04-12,0,0,SSB 6698,"By resolution, returned to Senate Rules Committee for third reading.",0,S Rules 3,0,0,2010-02-05,AN ACT Relating to the acquisition of nonprofit hospitals;,0,Concerning the acquisition of nonprofit hospitals.,Senate,1950,S-4676.1,0,0,0,0,Nonprofit hospitals,Bill,B,(Keiser),1,1
1,0,2009-10,SB 6699,6699,,,,,2010-03-15,0,0,SB 6699,"By resolution, reintroduced and retained in present status.",0,S Lab/Comm/CP,0,0,2010-01-21,AN ACT Relating to the rating system for workers' compensation insurance;,0,Establishing dates for rate setting and notice under the rating system for workers' compensation insurance.,Senate,14083,S-4025.1,0,0,0,0,Workers' comp rating system,Bill,B,(Becker),0,0
1,0,2009-10,SB 6700,6700,,,,,2010-03-15,0,0,SB 6700,"By resolution, reintroduced and retained in present status.",0,S Rules X,0,0,2010-01-21,AN ACT Relating to naming or renaming state ferry vessels;,0,Authorizing the naming or renaming of state ferry vessels.,Senate,394,S-4055.1,0,0,0,0,Naming state ferry vessels,Bill,B,(Sheldon),0,0
1,0,2009-10,SB 6701,6701,,,,,2010-03-15,0,1,SB 6701,"By resolution, reintroduced and retained in present status.",0,S Rules X,0,0,2010-01-22,AN ACT Relating to real property warranties;,0,Addressing real property warranties.,Senate,2304,S-4047.2,0,0,0,0,Real property warranties,Bill,B,(Kline),0,0
1,0,2009-10,SSB 6701,6701,,,,,2010-03-15,0,1,SSB 6701,"By resolution, reintroduced and retained in present status.",0,S Rules X,0,0,2010-02-01,AN ACT Relating to real property warranties;,0,Addressing real property warranties.,Senate,2304,S-4367.1,0,0,0,0,Real property warranties,Bill,B,(Kline),0,1
0,0,2009-10,SB 6702,6702,,2009-10,HB 3029,HWays & Means,2010-02-13,0,0,SB 6702,2nd substitute bill substituted.,0,S subst for,0,0,2010-01-22,AN ACT Relating to providing education programs for juveniles in adult jails;,1,Providing education programs for juveniles in adult jails.,Senate,2304,Z-1201.1,0,0,0,1,Juveniles in adult jails,Bill,B,(Kline),1,0
0,0,2009-10,SSB 6702,6702,,,,,2010-02-13,0,0,SSB 6702,2nd substitute bill substituted.,0,S subst for,0,0,2010-02-05,AN ACT Relating to providing education programs for juveniles in adult jails;,1,Providing education programs for juveniles in adult jails.,Senate,2304,S-4588.1,0,0,0,1,Juveniles in adult jails,Bill,B,EDU(Kline),1,1
1,0,2009-10,2SSB 6702,6702,,,,,2010-03-26,1,1,2SSB 6702,Effective date 6/10/2010.,0,C 226 L 10,0,0,2010-02-09,AN ACT Relating to providing education programs for juveniles in adult jails;,1,Providing education programs for juveniles in adult jails.,Senate,2304,S-4798.1,0,0,0,1,Juveniles in adult jails,Bill,B,WM(Kline),1,2
1,0,2009-10,SB 6703,6703,,,,,2010-03-15,0,0,SB 6703,"By resolution, reintroduced and retained in present status.",0,S Rules X,0,0,2010-01-22,AN ACT Relating to online nursing programs;,0,Regarding online nursing programs.,Senate,142,S-3944.1,0,0,0,0,Online nursing programs,Bill,B,(Franklin),0,0
1,0,2009-10,SB 6704,6704,,,,,2010-03-15,0,0,SB 6704,"By resolution, reintroduced and retained in present status.",0,S HumServ/Corr,0,0,2010-01-22,AN ACT Relating to modifying general assistance and medical care services provisions;,0,Concerning general assistance and medical care services.,Senate,171,Z-1107.2,0,1,0,0,Gen assistance & med care,Bill,B,(Hargrove),0,0
1,0,2009-10,SB 6705,6705,,,,,2010-03-15,0,0,SB 6705,"By resolution, reintroduced and retained in present status.",0,S EDev/Trd/Innov,0,0,2010-01-22,AN ACT Relating to modifying business and occupation tax credits;,0,Modifying business and occupation tax credits.,Senate,2168,S-4013.2,0,0,0,0,B & O tax credits,Bill,B,(Kastama),1,0
0,0,2009-10,SB 6706,6706,,,,,2010-02-13,0,0,SB 6706,1st substitute bill substituted.,0,S subst for,0,0,2010-01-22,AN ACT Relating to commercialization of research at state universities;,0,Concerning the commercialization of research at state universities.,Senate,1907,S-3968.2,0,0,0,0,Research at st. universities,Bill,B,(Murray),1,0
1,0,2009-10,SSB 6706,6706,,,,,2010-04-05,1,1,SSB 6706,Effective date 7/13/2010.,0,C 14 L 10 E1,0,0,2010-02-03,AN ACT Relating to commercialization of research at state universities;,0,Concerning the commercialization of research at state universities.,Senate,1907,S-4529.1,0,0,0,0,Research at st. universities,Bill,B,(Murray),1,1
1,0,2009-10,SB 6707,6707,,,,,2010-03-15,0,0,SB 6707,"By resolution, reintroduced and retained in present status.",0,S HumServ/Corr,0,0,2010-01-22,AN ACT Relating to youth school dropout and crime prevention;,0,Addressing youth school dropout reduction and crime prevention.,Senate,655,S-3972.3,0,0,0,0,School dropout reduction,Bill,B,(Shin),0,0
1,0,2009-10,SB 6708,6708,,2009-10,HB 2989,HRules 3C,2010-03-15,0,0,SB 6708,"By resolution, reintroduced and retained in present status.",0,S Hea/L-T Care,0,0,2010-01-22,AN ACT Relating to respiratory care practitioners;,0,Concerning respiratory care practitioners.,Senate,10056,S-3315.1,0,0,0,0,Respiratory care,Bill,B,(Pridemore),0,0
1,0,2009-10,SB 6709,6709,,2009-10,HB 2799,HPub Safety,2010-03-15,0,1,SB 6709,"By resolution, reintroduced and retained in present status.",0,S Rules X,0,0,2010-01-22,AN ACT Relating to legal financial obligations;,1,Waiving the imposition of legal financial obligations in certain circumstances.,Senate,8159,S-4095.1,0,0,0,0,Legal financial obligations,Bill,B,(Brandland),1,0
1,0,2009-10,SB 6710,6710,,2009-10,HB 3048,Hsubst for,2010-03-15,0,0,SB 6710,"By resolution, reintroduced and retained in present status.",0,S Hea/L-T Care,0,0,2010-01-22,AN ACT Relating to administration of the medicaid program;,0,Concerning administration of the medicaid program.,Senate,1950,Z-1208.1,0,0,1,0,Medicaid administration,Bill,B,(Keiser),1,0
1,0,2009-10,SB 6711,6711,,2009-10,HB 2971,HFinance,2010-03-15,0,0,SB 6711,"By resolution, reintroduced and retained in present status.",0,S Ways & Means,0,0,2010-01-22,AN ACT Relating to limiting tax preferences that have been the subject of administrative or judicial appeals;,0,Limiting tax preferences that have been the subject of administrative or judicial appeals.,Senate,337,Z-1152.4,0,1,0,0,Limiting tax preferences,Bill,B,(Prentice),1,0
0,0,2009-10,SB 6712,6712,,2009-10,HB 3053,HRules C,2010-03-10,0,0,SB 6712,1st substitute bill substituted.,0,S subst for,0,0,2010-01-22,"AN ACT Relating to extending expiring tax incentives for certain clean alternative fuel vehicles, producers of certain biofuels, and federal aviation regulation part 145 certificated repair stations;",1,"Extending expiring tax incentives for certain clean alternative fuel vehicles, producers of certain biofuels, and federal aviation regulation part 145 certificated repair stations.",Senate,12072,Z-1145.1,0,1,0,0,Extending tax incentives,Bill,B,(Hobbs),1,0
1,0,2009-10,SSB 6712,6712,,,,,2010-03-31,0,1,SSB 6712,Effective date 7/13/2010.,0,C 11 L 10 E1,0,0,2010-03-09,"AN ACT Relating to extending expiring tax incentives for certain clean alternative fuel vehicles, producers of certain biofuels, and federal aviation regulation part 145 certificated repair stations;",0,"Extending expiring tax incentives for certain clean alternative fuel vehicles, producers of certain biofuels, and federal aviation regulation part 145 certificated repair stations.",Senate,12072,S-5452.1,0,1,0,0,Extending tax incentives,Bill,B,WM(Hobbs),1,1
1,0,2009-10,SB 6713,6713,,2009-10,HB 2972,HFinance,2010-03-15,0,0,SB 6713,"By resolution, reintroduced and retained in present status.",0,S Ways & Means,0,0,2010-01-22,AN ACT Relating to increasing revenues by eliminating and narrowing preferential tax treatment;,1,Increasing revenues by eliminating and narrowing preferential tax treatment.,Senate,8214,Z-1153.3,0,1,0,0,Preferential tax treatment,Bill,B,(Tom),1,0
1,0,2009-10,SB 6714,6714,,2009-10,HB 2970,HFinance,2010-03-15,0,0,SB 6714,"By resolution, reintroduced and retained in present status.",0,S Ways & Means,0,0,2010-01-22,AN ACT Relating to addressing tax avoidance;,0,Addressing tax avoidance.,Senate,8214,Z-1112.2,0,1,0,0,Tax avoidance,Bill,B,(Tom),1,0
1,0,2009-10,SB 6715,6715,,2009-10,HB 3060,Hsubst for,2010-03-15,0,0,SB 6715,"By resolution, reintroduced and retained in present status.",0,S Rules X,0,0,2010-01-22,AN ACT Relating to surplus line coverage;,0,Modifying surplus line coverage provisions.,Senate,6765,S-4018.1,0,0,0,0,Surplus line coverage,Bill,B,(Berkey),0,0
1,0,2009-10,SSB 6715,6715,,,,,2010-03-15,0,0,SSB 6715,"By resolution, reintroduced and retained in present status.",0,S Rules X,0,0,2010-01-28,AN ACT Relating to surplus line coverage;,0,Modifying surplus line coverage provisions.,Senate,6765,S-4312.1,0,0,0,0,Surplus line coverage,Bill,B,(Berkey),0,1
1,0,2009-10,SB 6716,6716,,2009-10,HB 2735,C 180 L 10,2010-03-15,0,0,SB 6716,"By resolution, reintroduced and retained in present status.",0,S HumServ/Corr,0,0,2010-01-22,AN ACT Relating to the representation of children in dependency matters;,0,Encouraging the need for representation of children in dependency matters.,Senate,5141,S-4056.1,0,0,0,0,Children/dependency matters,Bill,B,(McDermott),0,0
1,0,2009-10,SB 6717,6717,,2009-10,HB 3049,HHuman Ser,2010-03-15,0,0,SB 6717,"By resolution, reintroduced and retained in present status.",0,S HumServ/Corr,0,0,2010-01-22,AN ACT Relating to administrative review of public assistance decisions;,0,Concerning administrative review of public assistance decisions.,Senate,337,Z-1212.1,0,1,0,0,Public assistance decisions,Bill,B,(Prentice),1,0
1,0,2009-10,SB 6718,6718,,2009-10,HB 2728,HPub Safety,2010-03-15,0,0,SB 6718,"By resolution, reintroduced and retained in present status.",0,S HumServ/Corr,0,0,2010-01-22,AN ACT Relating to the definition of criminal act for crime victims compensation purposes;,0,Changing the definition of criminal act for crime victims compensation purposes.,Senate,12072,S-3878.1,0,0,0,0,"Criminal act, definition",Bill,B,(Hobbs),0,0
1,0,2009-10,SB 6719,6719,,,,,2010-03-15,0,0,SB 6719,"By resolution, reintroduced and retained in present status.",0,S Rules X,0,0,2010-01-22,AN ACT Relating to special occasion licenses;,0,Concerning special occasion licenses.,Senate,1907,S-4030.1,0,0,0,0,Special occasion licenses,Bill,B,(Murray),0,0
1,0,2009-10,SB 6720,6720,,,,,2010-03-15,0,0,SB 6720,"By resolution, reintroduced and retained in present status.",0,S Rules 3,0,0,2010-01-22,AN ACT Relating to providing an optional tool for cities to use for programmatic environmental impact review;,0,Providing an optional tool for cities to use for programmatic environmental impact review.,Senate,143,S-4094.2,0,0,0,0,Environmental impact review,Bill,B,(Fraser),0,0
0,0,2009-10,SB 6721,6721,,,,,2010-02-13,0,0,SB 6721,1st substitute bill substituted.,0,S subst for,0,0,2010-01-22,AN ACT Relating to tax statute clarifications and technical corrections;,0,Concerning tax statute clarifications and technical corrections.,Senate,652,S-3925.1,0,0,0,0,Tax statute clarifications,Bill,B,(Schoesler),1,0
1,0,2009-10,SSB 6721,6721,,,,,2010-04-12,0,0,SSB 6721,"By resolution, returned to Senate Rules Committee for third reading.",0,S Rules 3,0,0,2010-02-09,AN ACT Relating to tax statute clarifications and technical corrections;,1,Concerning tax statute clarifications and technical corrections.,Senate,652,S-4409.1,0,0,0,0,Tax statute clarifications,Bill,B,WM(Schoesler),1,1
1,0,2009-10,SB 6722,6722,,2009-10,HB 2422,Hsubst for,2010-03-15,0,0,SB 6722,"By resolution, reintroduced and retained in present status.",0,S HumServ/Corr,0,0,2010-01-22,AN ACT Relating to escape or disappearance notification requirements;,0,Changing escape or disappearance notification requirements.,Senate,652,S-4126.1,0,0,0,0,Escape notification,Bill,B,(Schoesler),0,0
1,0,2009-10,SB 6723,6723,,,,,2010-03-15,0,0,SB 6723,"By resolution, reintroduced and retained in present status.",0,S Ways & Means,0,0,2010-01-22,AN ACT Relating to studying the elimination of property tax on personal property;,1,Studying the elimination of property tax on personal property.,Senate,652,S-4096.1,0,0,0,0,Personal property/tax,Bill,B,(Schoesler),1,0
0,0,2009-10,SB 6724,6724,,2009-10,HB 3081,HSGTribalAff,2010-02-15,0,0,SB 6724,1st substitute bill substituted.,0,S subst for,0,0,2010-01-22,AN ACT Relating to allowing employees of a school district or educational service district to share leave with employees in another agency;,0,Allowing employees of a school district or educational service district to share leave with employees in another agency.,Senate,10038,S-3964.2,0,0,0,0,Sharing leave/another agency,Bill,B,(Kilmer),0,0
1,0,2009-10,ESSB 6724,6724,,,,,2010-03-23,1,1,ESSB 6724,Effective date 3/23/2010.,0,C 168 L 10,0,1,2010-02-04,AN ACT Relating to the leave sharing program;,1,Allowing employees of a school district or educational service district to share leave with employees in another agency. (REVISED FOR ENGROSSED: Addressing the shared leave program. ),Senate,10038,S-4584.1,0,0,0,0,Shared leave program,Bill,B,(Kilmer),1,1
1,0,2009-10,SB 6725,6725,,,,,2010-03-15,0,0,SB 6725,"By resolution, reintroduced and retained in present status.",0,S Judiciary,0,0,2010-01-22,AN ACT Relating to the protection of public policy;,0,Protecting employees from retaliation for conduct that promotes public policy.,Senate,2304,S-3304.2,0,0,0,0,Protection of public policy,Bill,B,(Kline),1,0
0,0,2009-10,SB 6726,6726,,2009-10,HB 3062,HRules C,2010-02-15,0,0,SB 6726,1st substitute bill substituted.,0,S subst for,0,0,2010-01-22,AN ACT Relating to making the governor the public employer of language access providers;,0,Making the governor the public employer of language access providers.,Senate,11968,S-4115.1,0,0,0,0,Language access providers,Bill,B,(Marr),1,0
1,0,2009-10,ESSB 6726,6726,,,,,2010-04-01,1,1,ESSB 6726,Effective date 6/10/2010.,1,C 296 L 10,0,1,2010-02-05,AN ACT Relating to making the governor the public employer of language access providers;,0,Making the governor the public employer of language access providers.,Senate,11968,S-4608.1,0,0,0,0,Language access providers,Bill,B,(Marr),1,1
0,0,2009-10,2SSB 6726,6726,,,,,2010-02-15,0,1,2SSB 6726,1st substitute bill substituted.,0,S subst for,0,0,2010-02-09,AN ACT Relating to language access providers;,0,Establishing a work group on language access services.,Senate,11968,S-4795.1,0,0,0,0,Language access services,Bill,B,WM(Marr),0,2
0,0,2009-10,SB 6727,6727,,,,,2010-02-15,0,0,SB 6727,1st substitute bill substituted.,0,S subst for,0,0,2010-01-22,AN ACT Relating to health sciences and services authorities;,1,Concerning health sciences and services authorities.,Senate,11968,S-3970.1,0,0,0,0,Health sciences and services,Bill,B,(Marr),1,0
1,0,2009-10,SSB 6727,6727,,,,,2010-04-27,1,1,SSB 6727,Effective date 7/13/2010.,0,C 33 L 10 E1,0,0,2010-02-09,AN ACT Relating to health sciences and services authorities;,1,Concerning health sciences and services authorities.,Senate,11968,S-4752.1,0,0,0,0,Health sciences and services,Bill,B,WM(Marr),1,1
1,0,2009-10,SB 6728,6728,,2009-10,HB 2546,Hsubst for,2010-03-15,0,0,SB 6728,"By resolution, reintroduced and retained in present status.",0,S Lab/Comm/CP,0,0,2010-01-22,AN ACT Relating to classroom training for electrical trainees;,0,Concerning classroom training for electrical trainees.,Senate,15419,S-4070.1,0,0,0,0,Electrical trainee training,Bill,B,(Gordon),0,0
1,0,2009-10,SB 6729,6729,,,,,2010-03-15,0,0,SB 6729,"By resolution, reintroduced and retained in present status.",0,S Rules X,0,0,2010-01-22,AN ACT Relating to notices to shareholders of annual or special meetings;,0,Addressing the contents of notices to shareholders of annual or special meetings.,Senate,143,S-3962.1,0,0,0,0,Shareholder notices/meetings,Bill,B,(Fraser),0,0
1,0,2009-10,SSB 6729,6729,,,,,2010-03-15,0,0,SSB 6729,"By resolution, reintroduced and retained in present status.",0,S Rules X,0,0,2010-02-05,AN ACT Relating to notices to shareholders of annual or special meetings;,0,Addressing the contents of notices to shareholders of annual or special meetings.,Senate,143,S-4664.1,0,0,0,0,Shareholder notices/meetings,Bill,B,(Fraser),0,1
0,0,2009-10,SB 6730,6730,,,,,2010-02-11,0,0,SB 6730,1st substitute bill substituted.,0,S subst for,0,0,2010-01-22,AN ACT Relating to child welfare;,0,Concerning child welfare.,Senate,14083,S-4039.1,0,0,0,0,Child welfare,Bill,B,(Becker),0,0
1,0,2009-10,SSB 6730,6730,,,,,2010-03-11,0,1,SSB 6730,On Concurrence Calendar.  Referred to Senate Rules 3.,0,S Rules 3,0,0,2010-02-05,AN ACT Relating to implementing recommendations made by the office of the family and children's ombudsman in its 2009 Colville investigation by requiring the department of social and health services to notify parents the relatives that have been considered as a placement resource;,1,Concerning child welfare.,Senate,14083,S-4547.2,0,0,0,0,Child welfare,Bill,B,(Becker),1,1
1,0,2009-10,SB 6731,6731,,,,,2010-03-15,0,0,SB 6731,"By resolution, reintroduced and retained in present status.",0,S HighEd&WorkDev,0,0,2010-01-22,AN ACT Relating to the establishment of the Washington trade corps fellowship program;,0,Establishing the Washington trade corps fellowship program.,Senate,655,S-4050.1,0,0,0,0,Trade corps fellowship prog,Bill,B,(Shin),1,0
1,0,2009-10,SB 6732,6732,,2009-10,HB 3061,C 213 L 10,2010-03-15,0,0,SB 6732,"By resolution, reintroduced and retained in present status.",0,S Rules X,0,0,2010-01-25,AN ACT Relating to claims of insolvent self-insurers under industrial insurance;,0,Addressing claims of insolvent self-insurers under industrial insurance.,Senate,644,S-3897.1,0,0,0,0,Industrial insurance,Bill,B,(Kohl-Welles),0,0
0,0,2009-10,SB 6733,6733,,,,,2010-02-15,0,1,SB 6733,1st substitute bill substituted.,0,S subst for,0,0,2010-01-25,AN ACT Relating to allocating responsibility for court-related costs of involuntary commitment proceedings;,0,Allocating responsibility for court-related costs of involuntary commitment proceedings.,Senate,13199,S-4118.1,0,0,0,0,Involuntary commitment costs,Bill,B,(King),0,0
1,0,2009-10,ESSB 6733,6733,,,,,2010-03-15,0,1,ESSB 6733,"By resolution, reintroduced and retained in present status.",0,S Rules 3,0,1,2010-02-05,AN ACT Relating to allocating responsibility for court-related costs of involuntary commitment proceedings;,0,Creating a task force to review allocation of court-related involuntary commitment costs. (REVISED FOR ENGROSSED: Creating a work group to review allocation of court-related involuntary commitment costs. ),Senate,13199,S-4709.1,0,0,0,0,Involuntary commitment costs,Bill,B,(King),1,1
1,0,2009-10,SB 6734,6734,,,,,2010-03-15,0,0,SB 6734,"By resolution, reintroduced and retained in present status.",0,S Ways & Means,0,0,2010-01-25,AN ACT Relating to modifying interest rate and penalty provisions in the current use program;,0,Modifying interest rate and penalty provisions in the current use program.,Senate,13199,S-3554.2,0,0,0,0,Current use program,Bill,B,(King),0,0
1,0,2009-10,SB 6735,6735,,,,,2010-03-15,0,0,SB 6735,"By resolution, reintroduced and retained in present status.",0,S FI/Hous/Ins,0,0,2010-01-25,AN ACT Relating to condominium association liens;,0,Concerning condominium association liens.,Senate,8214,S-4117.1,0,0,0,0,Condominium assoc. liens,Bill,B,(Tom),0,0
1,0,2009-10,SB 6736,6736,,,,,2010-03-15,0,0,SB 6736,"By resolution, reintroduced and retained in present status.",0,S Ways & Means,0,0,2010-01-25,AN ACT Relating to modifying state expenditure limitations;,0,Modifying state expenditure limitations.,Senate,8214,S-3455.2,0,0,0,0,State expenditure limit,Bill,B,(Tom),0,0
0,0,2009-10,SB 6737,6737,,,,,2010-02-15,0,0,SB 6737,1st substitute bill substituted.,0,S subst for,0,0,2010-01-25,AN ACT Relating to providing an exemption from property tax for aircraft used to provide air ambulance services for nonprofits;,0,Providing an exemption from property tax for aircraft used to provide air ambulance services for nonprofits.,Senate,11968,S-4100.1,0,0,0,0,Air ambulance tax exemption,Bill,B,(Marr),1,0
1,0,2009-10,ESSB 6737,6737,,,,,2010-03-31,1,1,ESSB 6737,Effective date 7/13/2010.,0,C 12 L 10 E1,0,1,2010-02-09,AN ACT Relating to providing an exemption from property tax for aircraft used to provide air ambulance services;,0,Providing an exemption from property tax for aircraft used to provide air ambulance services for nonprofits. (REVISED FOR ENGROSSED: Providing an exemption from property tax for aircraft used to provide air ambulance services. ),Senate,11968,S-4737.1,0,0,0,0,Air ambulance tax exemption,Bill,B,WM(Marr),1,1
1,0,2009-10,SB 6738,6738,,,,,2010-03-15,0,0,SB 6738,"By resolution, reintroduced and retained in present status.",0,S Rules X,0,0,2010-01-25,AN ACT Relating to the sale of surplus salmon from state hatcheries;,0,Concerning the sale of surplus salmon from state hatcheries.,Senate,10038,S-3976.1,0,0,0,0,State salmon hatcheries,Bill,B,(Kilmer),1,0
1,0,2009-10,SSB 6738,6738,,,,,2010-03-15,0,1,SSB 6738,"By resolution, reintroduced and retained in present status.",0,S Rules X,0,0,2010-02-04,AN ACT Relating to the sale of surplus salmon from state hatcheries;,0,Concerning the sale of surplus salmon from state hatcheries.,Senate,10038,S-4631.1,0,0,0,0,State salmon hatcheries,Bill,B,(Kilmer),0,1
1,0,2009-10,SB 6739,6739,,2009-10,HB 2730,HJudiciary,2010-03-15,0,0,SB 6739,"By resolution, reintroduced and retained in present status.",0,S Judiciary,0,0,2010-01-25,AN ACT Relating to hit and run provisions;,1,Modifying hit and run provisions.,Senate,12072,S-3879.1,0,0,0,0,Hit and run provisions,Bill,B,(Hobbs),1,0
1,0,2009-10,SB 6740,6740,,2009-10,HB 2746,HEducation Apps,2010-03-15,0,0,SB 6740,"By resolution, reintroduced and retained in present status.",0,S Ways & Means,0,0,2010-01-25,AN ACT Relating to a comprehensive K-12 education policy;,0,Concerning a comprehensive K-12 education policy.,Senate,12072,S-4049.1,0,0,0,0,K-12 education policy,Bill,B,(Hobbs),1,0
1,0,2009-10,SSB 6740,6740,,,,,2010-03-15,0,0,SSB 6740,"By resolution, reintroduced and retained in present status.",0,S Ways & Means,0,0,2010-02-05,AN ACT Relating to the local funding working group;,0,Concerning a comprehensive K-12 education policy.,Senate,12072,S-4683.2,0,0,0,0,K-12 education policy,Bill,B,EDU(Hobbs),0,1
1,0,2009-10,SB 6741,6741,,,,,2010-03-15,0,0,SB 6741,"By resolution, reintroduced and retained in present status.",0,S GovtOp & Elect,0,0,2010-01-25,AN ACT Relating to special meetings notice under the open public meetings act;,0,Regarding special meetings notice under the open public meetings act.,Senate,3481,S-4153.1,0,0,0,0,Special meetings notice,Bill,B,(Rockefeller),0,0
1,0,2009-10,SB 6742,6742,,,,,2010-03-15,0,0,SB 6742,"By resolution, reintroduced and retained in present status.",0,S Rules X,0,0,2010-01-25,AN ACT Relating to calculating average final compensation under the public employees' retirement system;,0,Calculating average final compensation under the public employees' retirement system.,Senate,10056,S-3988.1,0,0,0,0,PERS avg final compensation,Bill,B,(Pridemore),1,0
1,0,2009-10,SB 6743,6743,,2009-10,HB 3096,HSGTribalAff,2010-03-15,0,0,SB 6743,"By resolution, reintroduced and retained in present status.",0,S Rules X,0,0,2010-01-25,AN ACT Relating to archaeological investigations on private land;,0,Regarding field investigations on privately owned lands.,Senate,5141,S-4136.1,0,0,0,0,Archaeological investigation,Bill,B,(McDermott),0,0
1,0,2009-10,SSB 6743,6743,,,,,2010-03-15,0,0,SSB 6743,"By resolution, reintroduced and retained in present status.",0,S Rules X,0,0,2010-02-05,AN ACT Relating to archaeological investigations on private land;,0,Regarding field investigations on privately owned lands.,Senate,5141,S-4593.1,0,0,0,0,Archaeological investigation,Bill,B,(McDermott),0,1
1,0,2009-10,SB 6744,6744,,,,,2010-03-15,0,0,SB 6744,"By resolution, reintroduced and retained in present status.",0,S Lab/Comm/CP,0,0,2010-01-25,AN ACT Relating to prohibiting the liquor control board from increasing the markup of any liquor product;,0,Prohibiting the liquor control board from increasing the markup of any liquor product.,Senate,13199,S-3828.1,0,0,0,0,Markup of liquor products,Bill,B,(King),0,0
1,0,2009-10,SB 6745,6745,,2009-10,HB 2470,HRules 3C,2010-03-18,0,0,SB 6745,Effective date 6/10/2010*.,0,C 123 L 10,0,0,2010-01-25,AN ACT Relating to veterinary technician licenses;,0,Concerning veterinary technician licenses.,Senate,394,S-3561.1,0,0,0,0,Veterinary technicians,Bill,B,(Sheldon),0,0
1,0,2009-10,SB 6746,6746,,2009-10,HB 2584,HCommerce/Lab,2010-03-15,0,0,SB 6746,"By resolution, reintroduced and retained in present status.",0,S Lab/Comm/CP,0,0,2010-01-25,AN ACT Relating to community and technical college collective bargaining for nontenured faculty;,0,Regarding the scope of collective bargaining for nontenured faculty at community and technical colleges.,Senate,207,S-4090.1,0,0,0,0,Comm & tech college faculty,Bill,B,(Jacobsen),1,0
0,0,2009-10,SB 6747,6747,,2009-10,HB 3122,HRules R,2010-02-12,0,0,SB 6747,1st substitute bill substituted.,0,S subst for,0,0,2010-01-25,AN ACT Relating to cost recovery for the natural heritage program;,0,Authorizing the department of natural resources to recover costs for data delivery services provided under the natural heritage program.,Senate,207,Z-1209.1,0,1,0,0,Natural heritage program/DNR,Bill,B,(Jacobsen),1,0
1,0,2009-10,SSB 6747,6747,,,,,2010-03-15,0,1,SSB 6747,"By resolution, reintroduced and retained in present status.",0,S Rules 3,0,0,2010-02-09,AN ACT Relating to cost recovery for the natural heritage program;,0,Authorizing the department of natural resources to recover costs for data delivery services provided under the natural heritage program.,Senate,207,S-4740.2,0,1,0,0,Natural heritage program/DNR,Bill,B,WM(Jacobsen),1,1
1,0,2009-10,SB 6748,6748,,,,,2010-04-12,0,0,SB 6748,Referred to Rules.,0,S Rules 2,0,0,2010-01-25,AN ACT Relating to the business and occupation taxation of newspaper-labeled supplements;,0,Concerning the business and occupation taxation of newspaper-labeled supplements.,Senate,8214,S-3645.2,0,0,0,0,Newspaper-labeled supplement,Bill,B,(Tom),1,0
0,0,2009-10,SB 6749,6749,,,,,2010-02-16,0,0,SB 6749,1st substitute bill substituted.,0,S subst for,0,0,2010-01-25,AN ACT Relating to the transfer of commercial real estate;,0,Concerning the transfer of commercial real estate.,Senate,143,S-3836.1,0,0,0,0,Commercial real estate,Bill,B,(Fraser),0,0
1,0,2009-10,SSB 6749,6749,,,,,2010-03-15,0,0,SSB 6749,Effective date 6/10/2010.,0,C 64 L 10,0,0,2010-02-04,AN ACT Relating to the transfer of commercial real estate;,0,Concerning the transfer of commercial real estate.,Senate,143,S-4607.1,0,0,0,0,Commercial real estate,Bill,B,(Fraser),0,1
1,0,2009-10,SB 6750,6750,,2009-10,HB 2933,Hsubst for,2010-03-15,0,0,SB 6750,"By resolution, reintroduced and retained in present status.",0,S EDev/Trd/Innov,0,0,2010-01-25,AN ACT Relating to modifying sales and use tax provisions for the local infrastructure financing tool program;,0,Modifying sales and use tax provisions for the local infrastructure financing tool program.,Senate,564,S-4154.1,0,0,0,0,Local infrastructure,Bill,B,(McAuliffe),0,0
1,0,2009-10,SB 6751,6751,,2009-10,HB 3021,HWays & Means,2010-03-15,0,0,SB 6751,"By resolution, reintroduced and retained in present status.",0,S Ways & Means,0,0,2010-01-25,AN ACT Relating to establishing the medicaid nursing facility quality assurance trust fund;,0,Establishing the medicaid nursing facility quality assurance trust fund.,Senate,142,S-3716.1,0,0,0,0,Medicaid nursing facilities,Bill,B,(Franklin),1,0
1,0,2009-10,SB 6752,6752,,,,,2010-03-15,0,0,SB 6752,"By resolution, reintroduced and retained in present status.",0,S GovtOp & Elect,0,0,2010-01-25,AN ACT Relating to signatures on an initiative or referendum petition;,0,Concerning signatures on an initiative or referendum petition.,Senate,361,S-3987.1,0,0,0,0,Initiative & ref. petitions,Bill,B,(Roach),0,0
1,0,2009-10,SB 6753,6753,,,,,2010-03-15,0,0,SB 6753,"By resolution, reintroduced and retained in present status.",0,S GovtOp & Elect,0,0,2010-01-25,AN ACT Relating to valuation of residential real property;,0,Revising standards for valuation of residential real property.,Senate,361,S-3971.1,0,0,0,0,Residential real property,Bill,B,(Roach),0,0
1,0,2009-10,ESB 6754,6754,,2009-10,HB 2418,HSGTribalAff,2010-03-15,0,1,ESB 6754,"By resolution, reintroduced and retained in present status.",0,S Rules 3,0,1,2010-01-25,AN ACT Relating to signature petitions;,0,Making the names and addresses of persons signing initiative or referendum petitions public records.,Senate,5141,S-4190.1,0,0,0,0,Signature petitions,Bill,B,(McDermott),0,0
1,0,2009-10,SB 6755,6755,,2009-10,HB 3098,HEducation,2010-03-15,0,0,SB 6755,"By resolution, reintroduced and retained in present status.",0,S EL/K-12,0,0,2010-01-25,AN ACT Relating to the creation of the coordinated school health public-private partnership;,0,Creating a coordinated school health public-private partnership.,Senate,644,S-4123.1,0,0,0,0,School health partnership,Bill,B,(Kohl-Welles),1,0
1,0,2009-10,SB 6756,6756,,,,,2010-03-15,0,0,SB 6756,"By resolution, reintroduced and retained in present status.",0,S Hea/L-T Care,0,0,2010-01-25,AN ACT Relating to requiring insurance benefits with wellness incentives for public employees;,0,Requiring insurance benefits with wellness incentives for public employees.,Senate,8214,S-3516.2,0,0,0,0,Public employee wellness,Bill,B,(Tom),0,0
1,0,2009-10,SB 6757,6757,,,,,2010-03-15,0,0,SB 6757,"By resolution, reintroduced and retained in present status.",0,S Ways & Means,0,0,2010-01-25,AN ACT Relating to the designation and support of projects of statewide significance;,1,Concerning the designation and support of projects of statewide significance.,Senate,143,Z-1192.2,0,0,1,0,Projects of statewide signif,Bill,B,(Fraser),1,0
1,0,2009-10,SSB 6757,6757,,,,,2010-03-15,0,0,SSB 6757,"By resolution, reintroduced and retained in present status.",0,S Ways & Means,0,0,2010-02-03,AN ACT Relating to the designation and support of projects of statewide significance;,0,Concerning the designation and support of projects of statewide significance.,Senate,143,S-4524.1,0,0,1,0,Projects of statewide signif,Bill,B,(Fraser),0,1
1,0,2009-10,SB 6758,6758,,2009-10,HB 2956,Hsubst for,2010-03-15,0,0,SB 6758,"By resolution, reintroduced and retained in present status.",0,S Ways & Means,0,0,2010-01-25,AN ACT Relating to a hospital safety net assessment for increased hospital payments to improve health care access for the citizens of Washington;,0,Concerning hospital safety net assessment.,Senate,1950,Z-1172.1,0,0,1,0,Hospital safety net,Bill,B,(Keiser),1,0
0,0,2009-10,SB 6759,6759,,,,,2010-02-15,0,0,SB 6759,1st substitute bill substituted.,0,S subst for,0,0,2010-01-25,AN ACT Relating to a plan for a voluntary program of early learning within the overall program of basic education;,0,Requiring a plan for a voluntary program of early learning as a part of basic education.,Senate,12073,S-4129.2,0,0,0,0,Early learning prog/basic ed,Bill,B,(Kauffman),0,0
1,0,2009-10,SSB 6759,6759,,,,,2010-03-29,1,1,SSB 6759,Effective date 6/10/2010.,0,C 234 L 10,0,0,2010-02-04,AN ACT Relating to a plan for a voluntary program of early learning;,0,Requiring a plan for a voluntary program of early learning. (REVISED FOR PASSED LEGISLATURE: Regarding development of a plan for a voluntary program of early learning. ),Senate,12073,S-4417.2,0,0,0,0,Voluntary early learning,Bill,B,EDU(Kauffman),1,1
0,0,2009-10,SB 6760,6760,,,,,2010-02-11,0,0,SB 6760,2nd substitute bill substituted.,0,S subst for,0,0,2010-01-25,AN ACT Relating to the basic education instructional allocation distribution formula;,0,Regarding the basic education instructional allocation distribution formula.,Senate,12067,S-3605.4,0,0,0,0,Basic education allocation,Bill,B,(Oemig),0,0
0,0,2009-10,SSB 6760,6760,,,,,2010-02-11,0,0,SSB 6760,2nd substitute bill substituted.,0,S subst for,0,0,2010-02-04,AN ACT Relating to the basic education instructional allocation distribution formula;,0,Regarding the basic education instructional allocation distribution formula.,Senate,12067,S-4557.2,0,0,0,0,Basic education allocation,Bill,B,EDU(Oemig),1,1
1,0,2009-10,2SSB 6760,6760,,,,,2010-03-15,0,1,2SSB 6760,"By resolution, reintroduced and retained in present status.",0,S Rules 3,0,0,2010-02-09,AN ACT Relating to the basic education instructional allocation distribution formula;,0,Regarding the basic education instructional allocation distribution formula.,Senate,12067,S-4799.1,0,0,0,0,Basic education allocation,Bill,B,WM(Oemig),0,2
1,0,2009-10,SB 6761,6761,,,,,2010-03-15,0,0,SB 6761,"By resolution, reintroduced and retained in present status.",0,S Ways & Means,0,0,2010-01-25,AN ACT Relating to the recommendations of the quality education council;,0,Regarding the recommendations of the quality education council.,Senate,564,S-4023.3,0,0,0,0,Quality education council,Bill,B,(McAuliffe),0,0
1,0,2009-10,SSB 6761,6761,,,,,2010-03-15,0,0,SSB 6761,"By resolution, reintroduced and retained in present status.",0,S Ways & Means,0,0,2010-02-04,AN ACT Relating to the recommendations of the quality education council;,0,Regarding the recommendations of the quality education council.,Senate,564,S-4428.2,0,0,0,0,Quality education council,Bill,B,EDU(McAuliffe),1,1
1,0,2009-10,ESB 6762,6762,,,,,2010-03-15,0,1,ESB 6762,"By resolution, reintroduced and retained in present status.",0,S Rules 3,0,1,2010-01-25,AN ACT Relating to compliance with the state environmental policy act;,0,Regarding compliance with the state environmental policy act in the consideration of cumulative impacts and the assumption of lead agency status when the same agency is the sponsor of the project.,Senate,143,S-4098.1,0,0,0,0,SEPA compliance,Bill,B,(Fraser),1,0
1,0,2009-10,SB 6763,6763,,,,,2010-03-15,0,0,SB 6763,"By resolution, reintroduced and retained in present status.",0,S Ways & Means,0,0,2010-01-25,AN ACT Relating to restricting the sales and use tax exemptions for machinery and equipment used in the generation of renewable energy to local electric utilities or persons contracting with local electric utilities;,1,Restricting the sales and use tax exemptions for machinery and equipment used in the generation of renewable energy to local electric utilities or persons contracting with local electric utilities.,Senate,3481,S-4166.1,0,0,0,0,Machinery & equipment/tax,Bill,B,(Rockefeller),1,0
1,0,2009-10,ESB 6764,6764,,,,,2010-03-19,1,1,ESB 6764,Effective date 6/10/2010.,0,C 149 L 10,0,1,2010-01-25,AN ACT Relating to accrual of interest on judgments founded on tortious conduct;,0,Regarding accrual of interest on judgments founded on tortious conduct.,Senate,15419,S-4065.3,0,0,0,0,Judgments/tortious conduct,Bill,B,(Gordon),1,0
1,0,2009-10,SB 6765,6765,,,,,2010-03-15,0,0,SB 6765,"By resolution, reintroduced and retained in present status.",0,S Transportation,0,0,2010-01-25,AN ACT Relating to vehicle combinations that may be operated on public highways;,0,Increasing the maximum number of vehicles allowed for vehicle combinations that may be operated on public highways.,Senate,1666,S-4160.1,0,0,0,0,Highway vehicle combinations,Bill,B,(Swecker),0,0
1,0,2009-10,SB 6766,6766,,2009-10,HB 3170,HAg & Nat Res,2010-04-12,0,0,SB 6766,Referred to Rules.,0,S Rules 2,0,0,2010-01-26,AN ACT Relating to forest fire prevention and suppression;,0,Concerning forest fire prevention and suppression.,Senate,171,S-4102.2,0,0,0,0,Forest fires,Bill,B,(Hargrove),1,0
1,0,2009-10,SSB 6766,6766,,,,,2010-04-12,0,0,SSB 6766,Referred to Rules.,0,S Rules 2,0,0,2010-02-04,AN ACT Relating to forest fire prevention and suppression;,1,Concerning forest fire prevention and suppression.,Senate,171,S-4572.1,0,0,0,0,Forest fires,Bill,B,(Hargrove),1,1
1,0,2009-10,2SSB 6766,6766,,,,,2010-04-12,0,1,2SSB 6766,Referred to Rules.,0,S Rules 2,0,0,2010-03-18,AN ACT Relating to forest fire prevention and suppression;,0,Concerning forest fire prevention and suppression.,Senate,171,S-5551.1,0,0,0,0,Forest fires,Bill,B,WM(Hargrove),1,2
1,0,2009-10,SB 6767,6767,,,,,2010-03-15,0,0,SB 6767,"By resolution, reintroduced and retained in present status.",0,S FI/Hous/Ins,0,0,2010-01-26,AN ACT Relating to residential mortgage loan modification disclosure;,0,Concerning residential mortgage loan modification disclosure.,Senate,6765,S-4157.1,0,0,0,0,Residential mortgage loans,Bill,B,(Berkey),0,0
1,0,2009-10,SB 6768,6768,,,,,2010-03-15,0,0,SB 6768,"By resolution, reintroduced and retained in present status.",0,S Rules X,0,0,2010-01-26,AN ACT Relating to allowing county treasurers to use electronic bill presentment and payment that includes an automatic electronic payment option for property taxes;,1,Allowing county treasurers to use electronic bill presentment and payment that includes an automatic electronic payment option for property taxes.,Senate,10056,S-4144.2,0,0,0,0,County treasurers/prop taxes,Bill,B,(Pridemore),1,0
1,0,2009-10,SSB 6768,6768,,,,,2010-03-15,0,0,SSB 6768,"By resolution, reintroduced and retained in present status.",0,S Rules X,0,0,2010-02-05,AN ACT Relating to allowing county treasurers to use electronic bill presentment and payment that includes an automatic electronic payment option for property taxes;,1,Allowing county treasurers to use electronic bill presentment and payment that includes an automatic electronic payment option for property taxes.,Senate,10056,S-4691.1,0,0,0,0,County treasurers/prop taxes,Bill,B,(Pridemore),1,1
1,0,2009-10,SB 6769,6769,,,,,2010-03-15,0,0,SB 6769,"By resolution, reintroduced and retained in present status.",0,S Transportation,0,0,2010-01-26,AN ACT Relating to highway emergency projects;,0,Concerning highway emergency projects.,Senate,657,S-3888.1,0,0,0,0,Highway emergency projects,Bill,B,(Stevens),0,0
1,0,2009-10,SB 6770,6770,,,,,2010-03-15,0,0,SB 6770,"By resolution, reintroduced and retained in present status.",0,S Transportation,0,0,2010-01-26,AN ACT Relating to prioritizing existing funding for special safety corridor projects;,0,Prioritizing existing funding for special safety corridor projects.,Senate,657,S-3890.1,0,0,0,0,Special safety corridor acct,Bill,B,(Stevens),0,0
1,0,2009-10,SB 6771,6771,,,,,2010-03-15,0,0,SB 6771,"By resolution, reintroduced and retained in present status.",0,S Transportation,0,0,2010-01-26,AN ACT Relating to prioritizing existing funding for special safety corridor projects;,0,Prioritizing existing funding for special safety corridor projects.,Senate,657,S-3889.1,0,0,0,0,Special safety corridor acct,Bill,B,(Stevens),0,0
1,0,2009-10,SB 6772,6772,,2009-10,HB 3071,HJudiciary,2010-03-15,0,0,SB 6772,"By resolution, reintroduced and retained in present status.",0,S Rules X,0,0,2010-01-26,AN ACT Relating to service of notice requirements under the residential landlord-tenant act;,0,Modifying service of notice requirements under the residential landlord-tenant act.,Senate,1583,S-4110.1,0,0,0,0,Service of notice,Bill,B,(Benton),0,0
1,0,2009-10,SB 6773,6773,,,,,2010-03-15,0,0,SB 6773,"By resolution, reintroduced and retained in present status.",0,S Hea/L-T Care,0,0,2010-01-26,AN ACT Relating to wound care management in occupational therapy;,0,Including wound care management in occupational therapy.,Senate,1950,S-4135.2,0,0,0,0,Occup. therapy wound care,Bill,B,(Keiser),0,0
0,0,2009-10,SB 6774,6774,,,,,2010-02-10,0,0,SB 6774,1st substitute bill substituted.,0,S subst for,0,0,2010-01-26,AN ACT Relating to transportation benefit district governance;,0,Addressing transportation benefit district governance.,Senate,11968,S-4140.1,0,0,0,0,Transp benefit districts,Bill,B,(Marr),0,0
1,0,2009-10,ESSB 6774,6774,,,,,2010-03-30,0,1,ESSB 6774,Effective date 6/10/2010.,0,C 250 L 10,0,1,2010-02-04,AN ACT Relating to transportation benefit districts;,0,Concerning transportation benefit districts.,Senate,11968,S-4430.2,0,0,0,0,Transp benefit districts,Bill,B,TRAN(Marr),0,1
1,0,2009-10,SB 6775,6775,,,,,2010-03-15,0,0,SB 6775,"By resolution, reintroduced and retained in present status.",0,S Rules X,0,0,2010-01-26,AN ACT Relating to creating a task force to study and report on the state's workers' compensation system;,0,Creating a task force to study and report on the state's workers' compensation system.,Senate,644,S-4155.2,0,0,0,0,Workers' compensation system,Bill,B,(Kohl-Welles),1,0
1,0,2009-10,SSB 6775,6775,,,,,2010-03-15,0,0,SSB 6775,"By resolution, reintroduced and retained in present status.",0,S Rules X,0,0,2010-02-05,AN ACT Relating to creating a task force to study and report on the state's workers' compensation system;,0,Creating a task force to study and report on the state's workers' compensation system.,Senate,644,S-4660.1,0,0,0,0,Workers' compensation system,Bill,B,(Kohl-Welles),0,1
1,0,2009-10,ESB 6776,6776,,,,,2010-03-11,0,1,ESB 6776,On Concurrence Calendar.  Referred to Senate Rules 3.,0,S Rules 3,0,1,2010-01-26,AN ACT Relating to creating the joint work group on small forest landowner sustainability;,0,Creating the joint work group on small forest landowner sustainability.,Senate,207,S-4138.1,0,0,0,0,Small forest landowners,Bill,B,(Jacobsen),0,0
1,0,2009-10,SB 6777,6777,,2009-10,HB 3017,HHHS Apps,2010-03-15,0,0,SB 6777,"By resolution, reintroduced and retained in present status.",0,S Ways & Means,0,0,2010-01-26,AN ACT Relating to modifying state payments for in-home care;,0,Modifying state payments for in-home care.,Senate,1603,S-4206.1,0,0,0,0,State in-home care payments,Bill,B,(Fairley),1,0
0,0,2009-10,SB 6778,6778,,2009-10,HB 3025,HEducation,2010-02-15,0,0,SB 6778,1st substitute bill substituted.,0,S subst for,0,0,2010-01-27,AN ACT Relating to establishing an alternative route to a high school diploma;,0,Establishing an alternative route to a high school diploma.,Senate,564,S-4175.1,0,0,0,0,H.S. diploma/alternative,Bill,B,(McAuliffe),0,0
1,0,2009-10,ESSB 6778,6778,,,,,2010-03-15,0,1,ESSB 6778,"By resolution, reintroduced and retained in present status.",0,S Rules 3,0,1,2010-02-05,AN ACT Relating to establishing an alternative route to a high school diploma;,0,Establishing an alternative route to a high school diploma.,Senate,564,S-4549.1,0,0,0,0,H.S. diploma/alternative,Bill,B,EDU(McAuliffe),0,1
1,0,2009-10,SB 6779,6779,,,,,2010-03-15,0,0,SB 6779,"By resolution, reintroduced and retained in present status.",0,S Judiciary,0,0,2010-01-27,AN ACT Relating to pretrial release or detention;,1,Concerning pretrial release or detention.,Senate,2304,Z-1217.1,0,0,1,0,Pretrial release & detention,Bill,B,(Kline),1,0
1,0,2009-10,SB 6780,6780,,,,,2010-03-15,0,0,SB 6780,"By resolution, reintroduced and retained in present status.",0,S Ways & Means,0,0,2010-01-27,AN ACT Relating to community living for persons with developmental disabilities;,0,Concerning community living for persons with developmental disabilities.,Senate,1950,S-4244.1,0,0,0,0,Persons w/ dev disabilities,Bill,B,(Keiser),1,0
1,0,2009-10,SSB 6780,6780,,,,,2010-03-15,0,0,SSB 6780,"By resolution, reintroduced and retained in present status.",0,S Ways & Means,0,0,2010-02-05,AN ACT Relating to community living for persons with developmental disabilities;,0,Concerning community living for persons with disabilities.,Senate,1950,S-4642.1,0,0,0,0,Persons w/ dev disabilities,Bill,B,(Keiser),1,1
1,0,2009-10,SB 6781,6781,,2009-10,HB 3015,HRules C,2010-03-15,0,0,SB 6781,"By resolution, reintroduced and retained in present status.",0,S Hea/L-T Care,0,0,2010-01-27,AN ACT Relating to establishing an interstate compact for the sale and issue of health benefit plans;,0,Establishing the interstate health insurance compact act.,Senate,1950,S-4192.1,0,0,0,0,Interstate compact/insurance,Bill,B,(Keiser),0,0
1,0,2009-10,SB 6782,6782,,2009-10,HB 2550,HRules X,2010-03-15,0,0,SB 6782,"By resolution, reintroduced and retained in present status.",0,S Judiciary,0,0,2010-01-27,AN ACT Relating to abatement of nuisances involving criminal street gang activity;,0,Concerning abatement of nuisances involving criminal street gang activity.,Senate,13199,S-4185.1,0,0,0,0,Criminal street gang activty,Bill,B,(King),0,0
1,0,2009-10,SB 6783,6783,,2009-10,HB 2415,HWays & Means,2010-03-15,0,0,SB 6783,"By resolution, reintroduced and retained in present status.",0,S Judiciary,0,0,2010-01-27,AN ACT Relating to criminal street gangs;,0,Concerning criminal street gangs.,Senate,13199,S-4184.1,0,0,0,0,Criminal street gangs,Bill,B,(King),0,0
1,0,2009-10,SB 6784,6784,,2009-10,HB 2413,HJudiciary,2010-03-15,0,0,SB 6784,"By resolution, reintroduced and retained in present status.",0,S Judiciary,0,0,2010-01-27,AN ACT Relating to property used to facilitate a criminal street gang-related offense;,0,Concerning property used to facilitate a criminal street gang-related offense.,Senate,13199,S-4182.1,0,0,0,0,Criminal street gang offense,Bill,B,(King),0,0
1,0,2009-10,SB 6785,6785,,2009-10,HB 2414,Hsubst for,2010-03-15,0,0,SB 6785,"By resolution, reintroduced and retained in present status.",0,S Judiciary,0,0,2010-01-27,AN ACT Relating to abatement of nuisances involving criminal street gang activity;,0,Authorizing abatement of nuisances involving criminal street gang activity.,Senate,13199,S-4183.1,0,0,0,0,Criminal street gang activty,Bill,B,(King),0,0
1,1,2009-10,SB 6786,6786,,,,,2010-03-15,0,0,SB 6786,"By resolution, reintroduced and retained in present status.",0,S GovtOp & Elect,0,0,2010-01-27,AN ACT Relating to restructuring state government;,0,Creating a commission to restructure state government.,Senate,2168,S-4258.2,0,0,0,0,Restructuring state govt,Bill,B,(Kastama),1,0
1,0,2009-10,SB 6787,6787,,,,,2010-03-15,0,0,SB 6787,"By resolution, reintroduced and retained in present status.",0,S Judiciary,0,0,2010-01-27,AN ACT Relating to the pretrial detention of the accused who may receive a life sentence or face a charge of a capital offense;,0,Concerning the pretrial detention of the accused who may receive a life sentence or face a charge of a capital offense.,Senate,1586,S-4187.1,0,0,0,0,Pretrial detention,Bill,B,(Carrell),0,0
0,0,2009-10,SB 6788,6788,,2009-10,HB 3046,Hsubst for,2010-02-15,0,0,SB 6788,1st substitute bill substituted.,0,S subst for,0,0,2010-01-27,AN ACT Relating to dissolving the assets and affairs of a nonprofit corporation;,0,Addressing the dissolution of the assets and affairs of a nonprofit corporation.,Senate,618,S-3942.2,0,0,0,0,Nonprofit corporations,Bill,B,(Brown),0,0
1,0,2009-10,SSB 6788,6788,,,,,2010-03-15,0,0,SSB 6788,"By resolution, reintroduced and retained in present status.",0,S Rules 3,0,0,2010-02-05,AN ACT Relating to dissolving the assets and affairs of a nonprofit corporation;,0,Addressing the dissolution of the assets and affairs of a nonprofit corporation.,Senate,618,S-4700.1,0,0,0,0,Nonprofit corporations,Bill,B,(Brown),0,1
0,0,2009-10,SB 6789,6789,,2009-10,HB 3147,HRules C,2010-03-16,0,0,SB 6789,1st substitute bill substituted.,0,S subst for,0,0,2010-01-27,AN ACT Relating to sales and use tax exemptions for certain equipment and infrastructure contained in data centers;,0,Concerning sales and use tax exemptions for certain equipment and infrastructure contained in data centers.,Senate,337,Z-1215.1,0,1,0,0,Equipment in data centers,Bill,B,(Prentice),1,0
1,0,2009-10,ESSB 6789,6789,,,,,2010-03-25,0,1,ESSB 6789,Effective date 4/1/2010.,0,C 1 L 10 E1,0,1,2010-03-09,AN ACT Relating to sales and use tax exemptions for certain equipment and infrastructure contained in data centers;,0,Concerning sales and use tax exemptions for certain equipment and infrastructure contained in data centers.,Senate,337,S-5007.2,0,1,0,0,Equipment in data centers,Bill,B,WM(Prentice),1,1
0,1,2009-10,SB 6790,6790,,,,,2010-02-16,0,0,SB 6790,2nd substitute bill substituted.,0,S subst for,0,0,2010-01-27,AN ACT Relating to providing regional economic development services;,1,Providing regional economic development services.,Senate,2168,S-4168.1,0,0,0,0,Regional econ development,Bill,B,(Kastama),1,0
0,1,2009-10,SSB 6790,6790,,,,,2010-02-16,0,0,SSB 6790,2nd substitute bill substituted.,0,S subst for,0,0,2010-02-04,AN ACT Relating to cluster and innovation partnership zone grants;,0,Concerning cluster and innovation partnership zone grants.,Senate,2168,S-4601.2,0,0,0,0,Innovation partnership zones,Bill,B,(Kastama),1,1
1,0,2009-10,2SSB 6790,6790,,,,,2010-03-15,0,1,2SSB 6790,"By resolution, reintroduced and retained in present status.",0,S Rules 3,0,0,2010-02-09,AN ACT Relating to cluster and innovation partnership zone grants;,1,Concerning cluster and innovation partnership zone grants.,Senate,2168,S-4727.1,0,0,0,0,Innovation partnership zones,Bill,B,WM(Kastama),1,2
1,0,2009-10,SB 6791,6791,,2009-10,HB 3076,Hsubst for,2010-03-15,0,0,SB 6791,"By resolution, reintroduced and retained in present status.",0,S Rules X,0,0,2010-01-28,AN ACT Relating to evaluations of persons under the involuntary treatment act;,1,Concerning the involuntary treatment act.,Senate,171,Z-1207.2,0,0,1,0,Involuntary treatment act,Bill,B,(Hargrove),1,0
1,0,2009-10,SSB 6791,6791,,,,,2010-03-15,0,1,SSB 6791,"By resolution, reintroduced and retained in present status.",0,S Rules X,0,0,2010-02-05,AN ACT Relating to evaluations of persons under the involuntary treatment act;,0,Concerning the involuntary treatment act.,Senate,171,S-4502.1,0,0,1,0,Involuntary treatment act,Bill,B,(Hargrove),0,1
1,0,2009-10,SB 6792,6792,,,,,2010-03-15,0,0,SB 6792,"By resolution, reintroduced and retained in present status.",0,S Rules X,0,0,2010-01-28,AN ACT Relating to extending the agribusiness purposes exemption for certain commercial driver's license applicants;,0,Extending the agribusiness purposes exemption for certain commercial driver's license applicants.,Senate,173,S-4257.1,0,0,0,0,Driver license/agribusiness,Bill,B,(Hatfield),0,0
1,0,2009-10,SSB 6792,6792,,,,,2010-03-15,0,0,SSB 6792,"By resolution, reintroduced and retained in present status.",0,S Rules X,0,0,2010-02-05,AN ACT Relating to extending the agribusiness purposes exemption for certain commercial driver's license applicants;,0,Extending the agribusiness purposes exemption for certain commercial driver's license applicants.,Senate,173,S-4698.1,0,0,0,0,Driver license/agribusiness,Bill,B,(Hatfield),0,1
1,0,2009-10,SB 6793,6793,,,,,2010-03-15,0,0,SB 6793,"By resolution, reintroduced and retained in present status.",0,S Rules X,0,0,2010-01-28,AN ACT Relating to unemployment benefits and taxes.,0,Relating to unemployment benefits and taxes.,Senate,644,S-4072.1,0,0,0,0,Unemployment benefits T.O.,Bill,B,(Kohl-Welles),0,0
1,0,2009-10,SB 6794,6794,,,,,2010-03-15,0,0,SB 6794,"By resolution, reintroduced and retained in present status.",0,S Rules X,0,0,2010-01-28,AN ACT Relating to coordination of natural resource landowner incentive programs by the conservation commission;,0,Directing the state conservation commission to work with other agencies for implementation of agricultural landowner incentive programs.,Senate,174,S-4286.3,0,0,0,0,Ag landowner incentive progs,Bill,B,(Haugen),1,0
1,0,2009-10,SSB 6794,6794,,,,,2010-03-15,0,1,SSB 6794,"By resolution, reintroduced and retained in present status.",0,S Rules X,0,0,2010-02-05,AN ACT Relating to coordination of natural resource landowner incentive programs by the conservation commission;,0,Directing the state conservation commission to work with other agencies for implementation of agricultural landowner incentive programs.,Senate,174,S-4689.1,0,0,0,0,Ag landowner incentive progs,Bill,B,(Haugen),0,1
1,0,2009-10,SB 6795,6795,,2009-10,HB 3130,HHuman Ser,2010-03-15,0,0,SB 6795,"By resolution, reintroduced and retained in present status.",0,S Hea/L-T Care,0,0,2010-01-28,AN ACT Relating to electronic timekeeping for home care agencies;,0,Concerning electronic timekeeping for home care agencies.,Senate,564,S-4252.1,0,0,0,0,Home care timekeeping,Bill,B,(McAuliffe),0,0
1,0,2009-10,SB 6796,6796,,,,,2010-03-15,0,0,SB 6796,"By resolution, reintroduced and retained in present status.",0,S Ways & Means,0,0,2010-01-28,AN ACT Relating to assessing a business and occupation tax surcharge on automatic teller fees in excess of one dollar and fifty cents;,0,Assessing a business and occupation tax surcharge on automatic teller fees in excess of one dollar and fifty cents.,Senate,15419,S-4283.1,0,0,0,0,Automatic teller fees/B&O tx,Bill,B,(Gordon),1,0
1,0,2009-10,SB 6797,6797,,,,,2010-03-15,0,0,SB 6797,"By resolution, reintroduced and retained in present status.",0,S Rules X,0,0,2010-01-28,AN ACT Relating to voters' pamphlets;,1,Concerning voters' pamphlets.,Senate,8214,S-4321.2,0,0,0,0,Voters' pamphlets,Bill,B,(Tom),1,0
1,0,2009-10,SSB 6797,6797,,,,,2010-03-15,0,0,SSB 6797,"By resolution, reintroduced and retained in present status.",0,S Rules X,0,0,2010-02-05,AN ACT Relating to voters' pamphlets;,1,Concerning voters' pamphlets.,Senate,8214,S-4694.1,0,0,0,0,Voters' pamphlets,Bill,B,(Tom),1,1
1,0,2009-10,SB 6798,6798,,,,,2010-03-15,0,0,SB 6798,"By resolution, reintroduced and retained in present status.",0,S Rules X,0,0,2010-01-28,AN ACT Relating to implementing recommendations of the achievement gap oversight and accountability committee;,0,Implementing the recommendations of the achievement gap oversight and accountability committee.,Senate,12073,S-4259.1,0,0,0,0,Achievement gap committee,Bill,B,(Kauffman),1,0
1,0,2009-10,SSB 6798,6798,,,,,2010-03-15,0,0,SSB 6798,"By resolution, reintroduced and retained in present status.",0,S Rules X,0,0,2010-02-05,AN ACT Relating to implementing recommendations of the achievement gap oversight and accountability committee;,0,Implementing the recommendations of the achievement gap oversight and accountability committee.,Senate,12073,S-4680.1,0,0,0,0,Achievement gap committee,Bill,B,EDU(Kauffman),1,1
1,0,2009-10,2SSB 6798,6798,,,,,2010-03-15,0,0,2SSB 6798,"By resolution, reintroduced and retained in present status.",0,S Rules X,0,0,2010-02-09,AN ACT Relating to implementing recommendations of the achievement gap oversight and accountability committee;,0,Implementing the recommendations of the achievement gap oversight and accountability committee.,Senate,12073,S-4800.1,0,0,0,0,Achievement gap committee,Bill,B,WM(Kauffman),0,2
1,0,2009-10,SB 6799,6799,,,,,2010-03-15,0,0,SB 6799,"By resolution, reintroduced and retained in present status.",0,S Lab/Comm/CP,0,0,2010-01-28,AN ACT Relating to introducing private competition in industrial insurance coverage;,0,Introducing private competition in industrial insurance coverage.,Senate,1577,S-4048.2,0,0,0,0,Industrial insurance,Bill,B,(Honeyford),0,0
1,0,2009-10,SB 6800,6800,,,,,2010-03-15,0,0,SB 6800,"By resolution, reintroduced and retained in present status.",0,S Rules X,0,0,2010-01-28,AN ACT Relating to discrimination in public schools;,0,Regarding discrimination in public schools.,Senate,2304,S-4281.1,0,0,0,0,Public school discrimination,Bill,B,(Kline),0,0
1,0,2009-10,SSB 6800,6800,,,,,2010-03-15,0,0,SSB 6800,"By resolution, reintroduced and retained in present status.",0,S Rules X,0,0,2010-02-05,AN ACT Relating to discrimination in public schools;,0,Regarding discrimination in public schools.,Senate,2304,S-4662.2,0,0,0,0,Public school discrimination,Bill,B,EDU(Kline),1,1
1,0,2009-10,SB 6801,6801,,2009-10,HB 2694,C 25 L 10 E1,2010-03-15,0,0,SB 6801,"By resolution, reintroduced and retained in present status.",0,S HighEd&WorkDev,0,0,2010-01-29,AN ACT Relating to a bachelor of science in nursing program at the University Center;,0,Regarding a bachelor of science in nursing program at the University Center.,Senate,12072,S-4251.1,0,0,0,0,BS in nursing/University Ctr,Bill,B,(Hobbs),0,0
1,0,2009-10,SB 6802,6802,,,,,2010-03-15,0,0,SB 6802,"By resolution, reintroduced and retained in present status.",0,S Rules X,0,0,2010-01-29,AN ACT Relating to adopting a sustainability groundwater policy;,0,Adopting a sustainability groundwater policy.,Senate,3481,S-4036.2,0,0,0,0,Groundwater sustainability,Bill,B,(Rockefeller),0,0
1,0,2009-10,SB 6803,6803,,,,,2010-03-15,0,0,SB 6803,"By resolution, reintroduced and retained in present status.",0,S Rules X,0,0,2010-01-29,AN ACT Relating to clarifying withdrawal of groundwater for stock watering purposes;,0,Concerning the withdrawal of groundwater for stock watering purposes.,Senate,3481,S-4104.6,0,0,0,0,Stock watering/groundwater,Bill,B,(Rockefeller),1,0
1,0,2009-10,SSB 6803,6803,,,,,2010-03-15,0,0,SSB 6803,"By resolution, reintroduced and retained in present status.",0,S Rules X,0,0,2010-02-05,AN ACT Relating to clarifying withdrawal of groundwater for stock watering purposes by a dairy farm;,0,Clarifying withdrawal of groundwater for stock watering purposes by a dairy farm.,Senate,3481,S-4682.1,0,0,0,0,Stock watering/groundwater,Bill,B,(Rockefeller),1,1
1,0,2009-10,2SSB 6803,6803,,,,,2010-03-15,0,0,2SSB 6803,"By resolution, reintroduced and retained in present status.",0,S Rules X,0,0,2010-02-09,AN ACT Relating to clarifying withdrawal of groundwater for stock watering purposes by a dairy farm;,0,Clarifying withdrawal of groundwater for stock watering purposes by a dairy farm.,Senate,3481,S-4738.2,0,0,0,0,Stock watering/groundwater,Bill,B,WM(Rockefeller),1,2
1,0,2009-10,SB 6804,6804,,2009-10,HB 3155,HHC/Wellness,2010-03-23,0,1,SB 6804,Effective date 6/10/2010.,0,C 171 L 10,0,0,2010-01-29,AN ACT Relating to allowing the department of social and health services to adopt rules establishing standards for the review and certification of treatment facilities under the problem and pathological gambling treatment program;,0,Allowing the department of social and health services to adopt rules establishing standards for the review and certification of treatment facilities under the problem and pathological gambling treatment program.,Senate,644,S-4332.1,0,0,0,0,Gambling treatmnt/DSHS rules,Bill,B,(Kohl-Welles),1,0
0,0,2009-10,SB 6805,6805,,,,,2010-02-10,0,0,SB 6805,1st substitute bill substituted.,0,S subst for,0,0,2010-01-29,AN ACT Relating to the Washington state economic development commission;,0,Concerning the Washington state economic development commission.,Senate,2168,S-4220.2,0,0,0,0,Economic development comm,Bill,B,(Kastama),0,0
1,0,2009-10,ESSB 6805,6805,,,,,2010-03-11,0,1,ESSB 6805,On Concurrence Calendar.  Referred to Senate Rules 3.,0,S Rules 3,0,1,2010-02-04,AN ACT Relating to the Washington state economic development commission;,0,Concerning the Washington state economic development commission.,Senate,2168,S-4617.1,0,0,0,0,Economic development comm,Bill,B,(Kastama),1,1
1,0,2009-10,SB 6806,6806,,2009-10,HB 3146,HCap Budget,2010-03-15,0,0,SB 6806,"By resolution, reintroduced and retained in present status.",0,S Ways & Means,0,0,2010-01-29,AN ACT Relating to the use of building fees and net proceeds of the university tract for university building purposes;,0,Regarding the use of building fees and net proceeds of the university tract for university building purposes.,Senate,143,Z-1227.1,0,0,0,1,University building purposes,Bill,B,(Fraser),0,0
1,0,2009-10,SB 6807,6807,,,,,2010-03-15,0,0,SB 6807,"By resolution, reintroduced and retained in present status.",0,S HumServ/Corr,0,0,2010-01-29,AN ACT Relating to protecting the rights of individuals with mental disorders;,0,Protecting the rights of individuals with mental disorders.,Senate,143,S-4141.1,0,0,0,0,Persons w/mental disorders,Bill,B,(Fraser),0,0
1,0,2009-10,SB 6808,6808,,,,,2010-03-15,0,0,SB 6808,"By resolution, reintroduced and retained in present status.",0,S Ways & Means,0,0,2010-01-29,AN ACT Relating to private infrastructure development;,0,Concerning private infrastructure development.,Senate,10038,S-3709.2,0,0,0,0,Private infrastructure,Bill,B,(Kilmer),1,0
1,0,2009-10,SSB 6808,6808,,,,,2010-03-15,0,0,SSB 6808,"By resolution, reintroduced and retained in present status.",0,S Ways & Means,0,0,2010-02-05,AN ACT Relating to private infrastructure development;,0,Concerning private infrastructure development.,Senate,10038,S-4485.4,0,0,0,0,Private infrastructure,Bill,B,(Kilmer),1,1
1,0,2009-10,SB 6809,6809,,,,,2010-03-15,0,0,SB 6809,"By resolution, reintroduced and retained in present status.",0,S GovtOp & Elect,0,0,2010-01-29,AN ACT Relating to creating a pilot program to investigate the benefits of service dogs in the treatment or rehabilitation of veterans with physical or mental injuries or disabilities and for other purposes;,0,Creating a pilot program to investigate the benefits of service dogs in the treatment or rehabilitation of veterans with physical or mental injuries or disabilities and for other purposes.,Senate,207,S-4330.1,0,0,0,0,Service dogs for veterans,Bill,B,(Jacobsen),0,0
1,0,2009-10,SB 6810,6810,,,,,2010-03-15,0,0,SB 6810,"By resolution, reintroduced and retained in present status.",0,S Env/Water/Ener,0,0,2010-01-29,AN ACT Relating to municipal water supply purposes;,0,"Defining the beneficial use of water for a port district to be a municipal water supply purpose for chapter 90.03, the water code.",Senate,3430,S-3782.1,0,0,0,0,Municipal water supply,Bill,B,(Holmquist),0,0
1,0,2009-10,SB 6811,6811,,2009-10,HB 2400,HHC/Wellness,2010-03-15,0,0,SB 6811,"By resolution, reintroduced and retained in present status.",0,S Rules X,0,0,2010-02-01,AN ACT Relating to creating the Washington state board of naturopathy;,0,Concerning naturopathy.,Senate,1950,S-4350.1,0,0,0,0,Board of naturopathy,Bill,B,(Keiser),1,0
1,0,2009-10,SB 6812,6812,,2009-10,HB 3050,HHC/Wellness,2010-03-15,0,0,SB 6812,"By resolution, reintroduced and retained in present status.",0,S Hea/L-T Care,0,0,2010-02-01,AN ACT Relating to authorizing health carriers to offer plans equivalent to the basic health plan;,0,Authorizing health carriers to offer plans equivalent to the basic health plan.,Senate,3479,S-4347.1,0,0,0,0,Basic health plan equivalent,Bill,B,(Pflug),0,0
1,0,2009-10,SB 6813,6813,,,,,2010-03-15,0,0,SB 6813,"By resolution, reintroduced and retained in present status.",0,S NR/Ocean/Rec,0,0,2010-02-01,AN ACT Relating to the department of natural resources;,0,Transferring various natural resources management duties to the department of natural resources.,Senate,8214,S-4084.2,0,0,0,0,DNR natural resources mgmt,Bill,B,(Tom),1,0
1,0,2009-10,SB 6814,6814,,,,,2010-03-15,0,0,SB 6814,"By resolution, reintroduced and retained in present status.",0,S Transportation,0,0,2010-02-01,AN ACT Relating to anatomical gifts made by driver's license and identicard applicants;,0,Concerning anatomical gifts made by driver's license and identicard applicants.,Senate,10056,S-4302.1,0,0,0,0,Anatomical gifts,Bill,B,(Pridemore),0,0
1,0,2009-10,SB 6815,6815,,2009-10,HB 3163,HCommerce/Lab,2010-03-15,0,0,SB 6815,"By resolution, reintroduced and retained in present status.",0,S Rules 3,0,0,2010-02-01,AN ACT Relating to health care benefits for marine employees of the department of transportation;,0,Concerning health care benefits for marine employees of the department of transportation.,Senate,174,Z-1230.1,0,1,0,0,DOT marine employee benefits,Bill,B,(Haugen),1,0
0,0,2009-10,SB 6816,6816,,,,,2010-02-15,0,0,SB 6816,1st substitute bill substituted.,0,S subst for,0,0,2010-02-01,AN ACT Relating to special permitting for certain farm implements;,0,Concerning special permitting for certain farm implements.,Senate,652,S-4380.1,0,0,0,0,Farm implement permits,Bill,B,(Schoesler),0,0
1,0,2009-10,SSB 6816,6816,,,,,2010-03-18,0,0,SSB 6816,Effective date 6/10/2010.,0,C 124 L 10,0,0,2010-02-05,AN ACT Relating to special permitting for certain farm implements;,0,Concerning special permitting for certain farm implements.,Senate,652,S-4656.1,0,0,0,0,Farm implement permits,Bill,B,(Schoesler),0,1
1,1,2009-10,SB 6817,6817,,,,,2010-03-15,0,0,SB 6817,"By resolution, reintroduced and retained in present status.",0,S Ways & Means,0,0,2010-02-01,AN ACT Relating to a new surcharge on certain recorded documents for affordable housing purposes;,1,Concerning funds for certain affordable housing purposes.,Senate,5141,S-4345.1,0,0,0,0,Affordable housing/funds,Bill,B,(McDermott),1,0
1,0,2009-10,SB 6818,6818,,2009-10,HB 3157,HFinance,2010-03-15,0,0,SB 6818,"By resolution, reintroduced and retained in present status.",0,S Ways & Means,0,0,2010-02-01,AN ACT Relating to the state business and occupation tax;,0,Concerning the state business and occupation tax.,Senate,337,Z-1113.5,0,1,0,0,State B & O tax,Bill,B,(Prentice),1,0
1,0,2009-10,SB 6819,6819,,2009-10,HB 2445,HFinance,2010-03-15,0,0,SB 6819,"By resolution, reintroduced and retained in present status.",0,S Ways & Means,0,0,2010-02-01,AN ACT Relating to creating an estate tax exemption for certain property held by qualified family-owned businesses;,0,Creating an estate tax exemption for certain property held by qualified family-owned businesses.,Senate,10038,S-4213.1,0,0,0,0,Estate tax exemp/property,Bill,B,(Kilmer),1,0
1,0,2009-10,SB 6820,6820,,,,,2010-03-15,0,0,SB 6820,"By resolution, reintroduced and retained in present status.",0,S Transportation,0,0,2010-02-01,AN ACT Relating to motorcycle helmet use;,0,Modifying motorcycle helmet use requirements.,Senate,3430,S-4280.1,0,0,0,0,Motorcycle helmet use,Bill,B,(Holmquist),0,0
1,0,2009-10,SB 6821,6821,,,,,2010-03-15,0,0,SB 6821,"By resolution, reintroduced and retained in present status.",0,S Ways & Means,0,0,2010-02-01,AN ACT Relating to tax increases imposed by state government;,0,Concerning tax increases imposed by state government.,Senate,3430,S-4067.2,0,0,0,0,State govt tax increases,Bill,B,(Holmquist),0,0
1,0,2009-10,SB 6822,6822,,2009-10,HB 3019,HTech/En/Com,2010-03-15,0,0,SB 6822,"By resolution, reintroduced and retained in present status.",0,S Env/Water/Ener,0,0,2010-02-01,AN ACT Relating to energy efficiency requirements for residential structures;,0,Regarding energy efficiency requirements for residential structures.,Senate,3430,S-4139.1,0,0,0,0,Energy efficiency/residences,Bill,B,(Holmquist),0,0
1,0,2009-10,SB 6823,6823,,,,,2010-03-15,0,0,SB 6823,"By resolution, reintroduced and retained in present status.",0,S Rules X,0,0,2010-02-01,AN ACT Relating to naming credits against the state sales tax;,1,Naming credits against the state sales tax.,Senate,143,S-4316.1,0,0,0,0,Naming sales tax credits,Bill,B,(Fraser),1,0
1,0,2009-10,SB 6824,6824,,,,,2010-03-15,0,0,SB 6824,"By resolution, reintroduced and retained in present status.",0,S Hea/L-T Care,0,0,2010-02-01,AN ACT Relating to authorizing health carriers to offer plans equivalent to the basic health plan;,0,Authorizing health carriers to offer plans equivalent to the basic health plan.,Senate,2142,S-4338.1,0,0,0,0,Basic health plan equivalent,Bill,B,(Parlette),0,0
1,0,2009-10,SB 6825,6825,,,,,2010-03-15,0,0,SB 6825,"By resolution, reintroduced and retained in present status.",0,S Rules 2,0,0,2010-02-02,AN ACT Relating to allowing federally qualified nonprofit community health organizations to buy surplus real property from the department of transportation;,0,Allowing federally qualified nonprofit community health organizations to buy surplus real property from the department of transportation.,Senate,1603,S-4191.1,0,0,0,0,Community health orgs,Bill,B,(Fairley),0,0
1,0,2009-10,SB 6826,6826,,2009-10,HB 3165,HTrans,2010-03-25,1,1,SB 6826,Effective date 6/10/2010.,1,C 221 L 10,0,0,2010-02-02,AN ACT Relating to subagent service fees;,1,Increasing certain fees of licensing subagents. (REVISED FOR PASSED LEGISLATURE: Concerning fees and listings of licensing subagents. ),Senate,1666,S-4369.1,0,0,0,0,Subagent service fees,Bill,B,(Swecker),1,0
1,0,2009-10,SB 6827,6827,,,,,2010-03-15,0,0,SB 6827,"By resolution, reintroduced and retained in present status.",0,S Rules X,0,0,2010-02-02,AN ACT Relating to vehicle dealers in counties with a population of ten thousand or less;,0,Regulating vehicle dealers in counties with a population of ten thousand or less.,Senate,295,S-4398.1,0,0,0,0,Small county vehicle dealers,Bill,B,(Morton),0,0
1,0,2009-10,SSB 6827,6827,,,,,2010-03-15,0,0,SSB 6827,"By resolution, reintroduced and retained in present status.",0,S Rules X,0,0,2010-02-09,AN ACT Relating to vehicle dealers in counties with a population of ten thousand or less;,0,Regulating vehicle dealers in counties with a population of ten thousand or less.,Senate,295,S-4718.2,0,0,0,0,Small county vehicle dealers,Bill,B,TRAN(Morton),0,1
1,0,2009-10,SB 6828,6828,,2009-10,HB 3172,HFinance,2010-03-15,0,0,SB 6828,"By resolution, reintroduced and retained in present status.",0,S Ways & Means,0,0,2010-02-02,AN ACT Relating to the taxation of lodging;,0,Concerning the taxation of lodging.,Senate,564,S-4420.1,0,0,0,0,Taxation of lodging,Bill,B,(McAuliffe),0,0
1,0,2009-10,SB 6829,6829,,,,,2010-03-15,0,0,SB 6829,"By resolution, reintroduced and retained in present status.",0,S NR/Ocean/Rec,0,0,2010-02-02,AN ACT Relating to the forestry riparian easement program;,0,Concerning the forestry riparian easement program.,Senate,143,S-4425.1,0,0,0,0,Forestry riparian easements,Bill,B,(Fraser),0,0
1,0,2009-10,SB 6830,6830,,,,,2010-03-15,0,0,SB 6830,"By resolution, reintroduced and retained in present status.",0,S Lab/Comm/CP,0,0,2010-02-02,AN ACT Relating to penalties for retail liquor licensees;,0,Establishing penalties for retail liquor licensees when alcohol is sold to a person under twenty-one years of age.,Senate,655,S-4348.2,0,0,0,0,Retail liquor licensees,Bill,B,(Shin),0,0
0,0,2009-10,SB 6831,6831,,,,,2010-02-16,0,0,SB 6831,1st substitute bill substituted.,0,S subst for,0,0,2010-02-02,AN ACT Relating to estates and trusts;,0,Concerning estates and trusts.,Senate,2142,S-4449.1,0,0,0,0,Estates and trusts,Bill,B,(Parlette),1,0
1,0,2009-10,SSB 6831,6831,,,,,2010-03-10,0,0,SSB 6831,Effective date 3/10/2010.,0,C 11 L 10,0,0,2010-02-09,AN ACT Relating to estates and trusts;,0,Concerning estates and trusts.,Senate,2142,S-4730.1,0,0,0,0,Estates and trusts,Bill,B,WM(Parlette),1,1
0,0,2009-10,SB 6832,6832,,,,,2010-02-13,0,0,SB 6832,1st substitute bill substituted.,0,S subst for,0,0,2010-02-03,AN ACT Relating to the implementation of delivery of child welfare services through performance-based contracts by adding a foster youth representative to the child welfare transformation design committee;,0,Concerning child welfare services.,Senate,171,S-4484.1,0,0,0,0,Child welfare services,Bill,B,(Hargrove),0,0
1,0,2009-10,SSB 6832,6832,,,,,2010-04-01,1,1,SSB 6832,Effective date 6/10/2010.,0,C 291 L 10,0,0,2010-02-05,AN ACT Relating to the implementation of delivery of child welfare services through performance-based contracts by adding a foster youth representative to the child welfare transformation design committee;,0,Concerning child welfare services.,Senate,171,S-4661.1,0,0,0,0,Child welfare services,Bill,B,(Hargrove),0,1
1,0,2009-10,SB 6833,6833,,2009-10,HB 3174,HRules C,2010-03-25,1,1,SB 6833,Effective date 6/10/2010.,0,C 222 L 10,0,0,2010-02-03,AN ACT Relating to management of funds and accounts by the state treasurer;,0,Addressing the management of funds and accounts by the state treasurer.,Senate,8214,Z-1232.1,0,1,0,0,"State treasurer/funds, accts",Bill,B,(Tom),1,0
1,0,2009-10,SB 6834,6834,,,,,2010-03-15,0,0,SB 6834,"By resolution, reintroduced and retained in present status.",0,S Judiciary,0,0,2010-02-03,AN ACT Relating to declaratory orders entered by agencies;,0,Concerning declaratory orders entered by agencies.,Senate,1666,S-4509.1,0,0,0,0,Agency declaratory orders,Bill,B,(Swecker),0,0
1,0,2009-10,SB 6835,6835,,,,,2010-03-15,0,0,SB 6835,"By resolution, reintroduced and retained in present status.",0,S GovtOp & Elect,0,0,2010-02-03,AN ACT Relating to clarifying that private nonprofit membership organizations are not defined as agencies for purposes of the open public meetings act and the public records act;,0,Clarifying that private nonprofit membership organizations are not defined as agencies for purposes of the open public meetings act and the public records act.,Senate,1603,S-4002.2,0,0,0,0,Private nonprofit orgs,Bill,B,(Fairley),0,0
1,0,2009-10,SB 6836,6836,,,,,2010-03-15,0,0,SB 6836,"By resolution, reintroduced and retained in present status.",0,S HighEd&WorkDev,0,0,2010-02-03,AN ACT Relating to postretirement employment at institutions of higher education;,0,Addressing postretirement employment at institutions of higher education.,Senate,1577,S-4490.1,0,0,0,0,Postretirement employment,Bill,B,(Honeyford),1,0
1,0,2009-10,SB 6837,6837,,,,,2010-03-15,0,0,SB 6837,"By resolution, reintroduced and retained in present status.",0,S Ways & Means,0,0,2010-02-04,AN ACT Relating to forest fire protection and suppression;,0,Modifying the funding provisions for forest fire protection and emergency fire suppression.,Senate,8214,S-4419.1,0,0,0,0,Forest fires/funding,Bill,B,(Tom),1,0
1,0,2009-10,SB 6838,6838,,,,,2010-03-15,0,0,SB 6838,"By resolution, reintroduced and retained in present status.",0,S Ways & Means,0,0,2010-02-04,AN ACT Relating to condemnation and compensation for state-owned lands and other property;,1,Regarding condemnation and compensation for state-owned trust lands.,Senate,564,S-3937.3,0,0,0,0,State-owned trust lands,Bill,B,(McAuliffe),1,0
1,0,2009-10,SB 6839,6839,,,,,2010-03-15,0,0,SB 6839,"By resolution, reintroduced and retained in present status.",0,S Ways & Means,0,0,2010-02-04,AN ACT Relating to state liquor stores;,0,Concerning state liquor stores.,Senate,8214,S-4291.3,0,0,0,0,State liquor stores,Bill,B,(Tom),0,0
1,0,2009-10,SB 6840,6840,,,,,2010-03-15,0,0,SB 6840,"By resolution, reintroduced and retained in present status.",0,S Ways & Means,0,0,2010-02-04,AN ACT Relating to privatizing the sale of liquor;,0,Privatizing the sale of liquor.,Senate,8214,S-4379.1,0,0,0,0,Privatizing sale of liquor,Bill,B,(Tom),0,0
1,0,2009-10,SB 6841,6841,,,,,2010-03-15,0,0,SB 6841,"By resolution, reintroduced and retained in present status.",0,S Ways & Means,0,0,2010-02-04,AN ACT Relating to tax preferences;,0,Concerning tax preferences.,Senate,1950,S-4533.2,0,0,0,0,Tax preferences,Bill,B,(Keiser),1,0
1,1,2009-10,SB 6842,6842,,,,,2010-03-15,0,0,SB 6842,"By resolution, reintroduced and retained in present status.",0,S Transportation,0,0,2010-02-04,AN ACT Relating to the state route number 9/state route number 204 intersection project;,0,Planning for and funding the state route number 9/state route number 204 intersection project.,Senate,12072,S-4583.1,0,0,0,0,SR's 9 & 204 intersection,Bill,B,(Hobbs),0,0
1,0,2009-10,2ESB 6843,6843,,,,,2010-03-15,0,1,2ESB 6843,"By resolution, reintroduced and retained in present status.",0,S Rules 3,0,2,2010-02-04,AN ACT Relating to preserving essential public services by temporarily suspending the two-thirds vote requirement for tax increases;,0,Preserving essential public services by temporarily suspending the two-thirds vote requirement for tax increases and permanently modifying provisions of Initiative Measure No. 960 for improved efficiency and consistency with state budgeting. (REVISED FOR ENGROSSED: Preserving essential public services by temporarily suspending the two-thirds vote requirement for tax increases. ),Senate,337,S-4483.2,0,0,0,0,2/3rds vote for tax increase,Bill,B,(Prentice),1,0
0,0,2009-10,SB 6844,6844,,,,,2010-03-08,0,0,SB 6844,1st substitute bill substituted.,0,S subst for,0,0,2010-02-04,"AN ACT Relating to streamlining lottery accounts by transferring local accounts into the treasury custodial accounts, directing transfers of unclaimed prize money, and eliminating obsolete provisions;",0,"Streamlining lottery accounts by transferring local accounts into the treasury custodial accounts, directing transfers of unclaimed prize money, and eliminating obsolete provisions.",Senate,337,S-4582.1,0,0,0,0,Lottery accounts,Bill,B,(Prentice),1,0
1,0,2009-10,SSB 6844,6844,,,,,2010-03-15,0,1,SSB 6844,"By resolution, reintroduced and retained in present status.",0,S Rules 3,0,0,2010-02-24,"AN ACT Relating to streamlining lottery accounts by transferring local accounts into the treasury custodial accounts, directing transfers of unclaimed prize money, and eliminating obsolete provisions;",0,"Streamlining lottery accounts by transferring local accounts into the treasury custodial accounts, directing transfers of unclaimed prize money, and eliminating obsolete provisions.",Senate,337,S-4969.2,0,0,0,0,Lottery accounts,Bill,B,WM(Prentice),1,1
1,0,2009-10,SB 6845,6845,,,,,2010-03-15,0,0,SB 6845,"By resolution, reintroduced and retained in present status.",0,S Rules X,0,0,2010-02-04,AN ACT Relating to information technology projects;,0,Requiring the collection and use of additional information regarding information technology projects.,Senate,143,S-4543.1,0,0,0,0,Information technology,Bill,B,(Fraser),1,0
1,0,2009-10,SSB 6845,6845,,,,,2010-03-15,0,0,SSB 6845,"By resolution, reintroduced and retained in present status.",0,S Rules X,0,0,2010-02-09,AN ACT Relating to information technology projects;,0,Requiring the collection and use of additional information regarding information technology projects.,Senate,143,S-4759.1,0,0,0,0,Information technology,Bill,B,WM(Fraser),0,1
0,0,2009-10,SB 6846,6846,,,,,2010-04-01,0,0,SB 6846,1st substitute bill substituted.,0,S subst for,0,0,2010-02-04,AN ACT Relating to enhanced 911 emergency communications services;,1,Concerning enhanced 911 emergency communications services.,Senate,8159,S-4131.1,0,0,0,0,Enhanced 911 services,Bill,B,(Brandland),1,0
1,0,2009-10,SSB 6846,6846,,,,,2010-04-13,0,1,SSB 6846,Effective date 10/1/2010*.,0,C 19 L 10 E1,0,0,2010-03-05,AN ACT Relating to enhanced 911 emergency communications services;,1,Concerning enhanced 911 emergency communications services.,Senate,8159,S-4951.2,0,0,0,0,Enhanced 911 services,Bill,B,WM(Brandland),1,1
1,0,2009-10,SB 6847,6847,,,,,2010-03-15,0,0,SB 6847,"By resolution, reintroduced and retained in present status.",0,S Ways & Means,0,0,2010-02-05,AN ACT Relating to the use taxation of natural and manufactured gas;,1,Concerning the use taxation of natural and manufactured gas.,Senate,10056,S-4225.1,0,0,0,0,Use taxation of gas,Bill,B,(Pridemore),1,0
1,0,2009-10,SB 6848,6848,,,,,2010-03-15,0,0,SB 6848,"By resolution, reintroduced and retained in present status.",0,S NR/Ocean/Rec,0,0,2010-02-05,AN ACT Relating to forest practices applications;,0,Regarding forest practices applications.,Senate,8214,S-4626.1,0,0,0,0,Forest practice applications,Bill,B,(Tom),1,0
1,0,2009-10,SB 6849,6849,,,,,2010-03-15,0,0,SB 6849,"By resolution, reintroduced and retained in present status.",0,S Rules 2,0,0,2010-02-05,AN ACT Relating to consolidating forecast functions;,0,Consolidating forecast functions.,Senate,10056,S-4544.1,0,0,0,0,Forecast functions,Bill,B,(Pridemore),1,0
1,0,2009-10,SSB 6849,6849,,,,,2010-03-15,0,1,SSB 6849,"By resolution, reintroduced and retained in present status.",0,S Rules 2,0,0,2010-03-04,AN ACT Relating to consolidating forecast functions;,0,Consolidating forecast functions.,Senate,10056,S-4734.4,0,0,0,0,Forecast functions,Bill,B,WM(Pridemore),0,1
1,0,2009-10,SB 6850,6850,,,,,2010-03-15,0,0,SB 6850,"By resolution, reintroduced and retained in present status.",0,S HumServ/Corr,0,0,2010-02-05,AN ACT Relating to investigations of child abuse or neglect;,0,Revising standards for investigations of child abuse or neglect.,Senate,14083,S-4229.2,0,0,0,0,Child abuse investigations,Bill,B,(Becker),0,0
1,0,2009-10,SB 6851,6851,,2009-10,HB 3181,HRules C,2010-03-15,0,0,SB 6851,"By resolution, reintroduced and retained in present status.",0,S Rules 2,0,0,2010-02-09,AN ACT Relating to the clean water act of 2010 funding cleanup of water pollution and other programs necessary for the health and well- being of Washington citizens through an increase in the tax on hazardous substances;,1,Concerning the clean water act of 2010 funding cleanup of water pollution and other programs necessary for the health and well-being of Washington citizens through an increase in the tax on hazardous substances.,Senate,1907,S-4638.1,0,0,0,0,Clean water act funding,Bill,B,(Murray),1,0
1,0,2009-10,SSB 6851,6851,,,,,2010-03-15,0,0,SSB 6851,"By resolution, reintroduced and retained in present status.",0,S Rules 2,0,0,2010-03-10,AN ACT Relating to the clean water act of 2010 funding cleanup of water pollution and other programs necessary for the health and well- being of Washington citizens through an increase in the tax on hazardous substances;,0,Concerning the clean water act of 2010 funding cleanup of water pollution and other programs necessary for the health and well-being of Washington citizens through an increase in the tax on hazardous substances.,Senate,1907,S-5458.2,0,0,0,0,Clean water act funding,Bill,B,WM(Murray),1,1
1,0,2009-10,SB 6852,6852,,,,,2010-03-15,0,0,SB 6852,"By resolution, reintroduced and retained in present status.",0,S HumServ/Corr,0,0,2010-02-09,AN ACT Relating to child protective services workers;,0,Requiring that child protective service workers be licensed as social workers and bonded.,Senate,361,S-4710.1,0,0,0,0,Child protective services,Bill,B,(Roach),0,0
1,0,2009-10,SB 6853,6853,,,,,2010-03-15,0,1,SB 6853,"By resolution, reintroduced and retained in present status.",0,S Rules 2,0,0,2010-02-09,AN ACT Relating to creating the legislative review of tax preferences act of 2010.,0,Relating to creating the legislative review of tax preferences act of 2010.,Senate,3481,S-4568.1,0,0,0,0,Tax preferences T.O.,Bill,B,(Rockefeller),0,0
1,0,2009-10,SB 6854,6854,,,,,2010-03-15,0,0,SB 6854,"By resolution, reintroduced and retained in present status.",0,S Ways & Means,0,0,2010-02-09,AN ACT Relating to modifying the sales and use tax exemptions for machinery and equipment;,0,Modifying the sales and use tax exemptions for machinery and equipment.,Senate,1577,S-4301.2,0,0,0,0,Machinery & equipment,Bill,B,(Honeyford),0,0
1,0,2009-10,SB 6855,6855,,,,,2010-04-01,0,0,SB 6855,Effective date 6/10/2010.,0,C 281 L 10,0,0,2010-02-12,AN ACT Relating to exempting community centers from property taxation and imposing leasehold excise taxes on such property;,0,Exempting community centers from property taxation and imposing leasehold excise taxes on such property.,Senate,5141,S-3951.2,0,0,0,0,Community center taxation,Bill,B,(McDermott),1,0
1,0,2009-10,SB 6856,6856,,,,,2010-03-15,0,0,SB 6856,"By resolution, reintroduced and retained in present status.",0,S Hea/L-T Care,0,0,2010-02-13,AN ACT Relating to maintaining hospital privileges;,0,Restricting contract requirements that certain providers maintain hospital privileges.,Senate,11968,S-3613.1,0,0,0,0,Provider hospital privileges,Bill,B,(Marr),0,0
1,0,2009-10,SB 6857,6857,,2009-10,HB 3185,HHi Ed,2010-03-15,0,0,SB 6857,"By resolution, reintroduced and retained in present status.",0,S HighEd&WorkDev,0,0,2010-02-15,AN ACT Relating to establishing the student financial assistance board by eliminating the higher education coordinating board and transferring its functions to various entities;,0,Establishing the student financial assistance board by eliminating the higher education coordinating board and transferring its functions to various entities.,Senate,207,S-4885.1,0,0,0,0,Student financial assist brd,Bill,B,(Jacobsen),0,0
1,0,2009-10,SB 6858,6858,,,,,2010-03-15,0,0,SB 6858,"By resolution, reintroduced and retained in present status.",0,S Ways & Means,0,0,2010-02-17,"AN ACT Relating to carrying out the state's paramount duty by providing ample, stable, and dependable funding for basic education by shifting a portion of school funding from local levies to the state property tax levy;",0,Providing for ample funding for basic education.,Senate,1922,S-4665.4,0,0,0,0,Basic education funding,Bill,B,(Zarelli),1,0
1,0,2009-10,SB 6859,6859,,,,,2010-03-15,0,0,SB 6859,"By resolution, reintroduced and retained in present status.",0,S Ways & Means,0,0,2010-02-18,AN ACT Relating to fiscal matters.,0,Relating to fiscal matters.,Senate,337,S-4907.1,0,0,0,0,Fiscal matters T.O.,Bill,B,(Prentice),0,0
1,0,2009-10,SB 6860,6860,,,,,2010-03-15,0,0,SB 6860,"By resolution, reintroduced and retained in present status.",0,S Ways & Means,0,0,2010-02-18,AN ACT Relating to fiscal matters.,0,Relating to fiscal matters.,Senate,337,S-4908.1,0,0,0,0,Fiscal matters T.O.,Bill,B,(Prentice),0,0
1,0,2009-10,SB 6861,6861,,,,,2010-03-15,0,0,SB 6861,"By resolution, reintroduced and retained in present status.",0,S Ways & Means,0,0,2010-02-18,AN ACT Relating to education.,0,Relating to education.,Senate,337,S-4909.1,0,0,0,0,Education T.O.,Bill,B,(Prentice),0,0
1,0,2009-10,SB 6862,6862,,,,,2010-03-15,0,0,SB 6862,"By resolution, reintroduced and retained in present status.",0,S Ways & Means,0,0,2010-02-18,AN ACT Relating to education.,0,Relating to education.,Senate,337,S-4910.1,0,0,0,0,Education T.O.,Bill,B,(Prentice),0,0
1,0,2009-10,SB 6863,6863,,,,,2010-03-15,0,0,SB 6863,"By resolution, reintroduced and retained in present status.",0,S Ways & Means,0,0,2010-02-18,AN ACT Relating to criminal justice.,0,Relating to criminal justice.,Senate,337,S-4911.1,0,0,0,0,Criminal justice T.O.,Bill,B,(Prentice),0,0
1,0,2009-10,SB 6864,6864,,,,,2010-03-15,0,0,SB 6864,"By resolution, reintroduced and retained in present status.",0,S Ways & Means,0,0,2010-02-18,AN ACT Relating to criminal justice.,0,Relating to criminal justice.,Senate,337,S-4912.1,0,0,0,0,Criminal justice T.O.,Bill,B,(Prentice),0,0
1,0,2009-10,SB 6865,6865,,,,,2010-03-15,0,0,SB 6865,"By resolution, reintroduced and retained in present status.",0,S Ways & Means,0,0,2010-02-18,AN ACT Relating to public employee health benefits.,0,Relating to public employee health benefits.,Senate,337,S-4913.1,0,0,0,0,Public employee health T.O.,Bill,B,(Prentice),0,0
1,0,2009-10,SB 6866,6866,,,,,2010-03-15,0,0,SB 6866,"By resolution, reintroduced and retained in present status.",0,S Ways & Means,0,0,2010-02-18,AN ACT Relating to financing public infrastructure.,0,Relating to financing public infrastructure.,Senate,337,S-4914.1,0,0,0,0,Public infrastructure T.O.,Bill,B,(Prentice),0,0
1,0,2009-10,SB 6867,6867,,,,,2010-03-15,0,0,SB 6867,"By resolution, reintroduced and retained in present status.",0,S Ways & Means,0,0,2010-02-18,AN ACT Relating to state printing;,0,Eliminating the state printer.,Senate,8214,S-4371.1,0,0,0,0,State printing,Bill,B,(Tom),1,0
1,0,2009-10,SB 6868,6868,,,,,2010-04-12,0,0,SB 6868,Referred to Rules.,0,S Rules 2,0,0,2010-02-19,AN ACT Relating to the reasons for which a manifest injustice disposition may be imposed upon a juvenile offender;,0,Limiting the reasons for which a manifest injustice disposition may be imposed upon a juvenile offender.,Senate,171,S-4796.2,0,0,0,0,Manifest injustice/juveniles,Bill,B,(Hargrove),1,0
1,0,2009-10,SSB 6868,6868,,,,,2010-04-12,0,0,SSB 6868,Referred to Rules.,0,S Rules 2,0,0,2010-02-26,AN ACT Relating to the reasons for which a manifest injustice disposition may be imposed upon a juvenile offender;,0,Limiting the reasons for which a manifest injustice disposition may be imposed upon a juvenile offender.,Senate,171,S-5129.1,0,0,0,0,Manifest injustice/juveniles,Bill,B,(Hargrove),1,1
1,0,2009-10,SB 6869,6869,,,,,2010-03-15,0,0,SB 6869,"By resolution, reintroduced and retained in present status.",0,S Rules 2,0,0,2010-02-22,AN ACT Relating to suspending the child support pass-through payment;,0,Suspending the child support pass-through payment.,Senate,337,Z-1130.1,0,1,0,0,Child support pass-through,Bill,B,(Prentice),1,0
1,0,2009-10,SSB 6869,6869,,,,,2010-03-15,0,0,SSB 6869,"By resolution, reintroduced and retained in present status.",0,S Rules 2,0,0,2010-03-04,AN ACT Relating to suspending the child support pass-through payment;,0,Suspending the child support pass-through payment.,Senate,337,S-5010.1,0,1,0,0,Child support pass-through,Bill,B,WM(Prentice),0,1
1,0,2009-10,ESB 6870,6870,,,,,2010-04-23,1,1,ESB 6870,Effective date 7/13/2010.,0,C 28 L 10 E1,0,1,2010-02-22,AN ACT Relating to containing costs for services to sexually violent predators;,0,Containing costs for services to sexually violent predators.,Senate,171,Z-1055.1,0,1,0,0,Sexually violent predators,Bill,B,(Hargrove),1,0
0,0,2009-10,SB 6871,6871,,,,,2010-03-08,0,0,SB 6871,1st substitute bill substituted.,0,S subst for,0,0,2010-02-22,AN ACT Relating to judicial branch and criminal justice funding;,1,Supporting judicial branch and criminal justice funding.,Senate,171,S-4546.2,0,0,0,0,Judicial system funding,Bill,B,(Hargrove),1,0
1,0,2009-10,SSB 6871,6871,,,,,2010-03-08,0,0,SSB 6871,"Third reading, failed; yeas, 20; nays, 26; absent, 0; excused, 3.",0,S Failed 3rd,0,0,2010-03-04,AN ACT Relating to judicial branch and criminal justice funding;,1,Supporting judicial branch and criminal justice funding.,Senate,171,S-5258.1,0,0,0,0,Judicial system funding,Bill,B,WM(Hargrove),1,1
0,0,2009-10,SB 6872,6872,,,,,2010-04-12,0,0,SB 6872,1st substitute bill substituted.,0,S subst for,0,0,2010-02-22,AN ACT Relating to medicaid nursing facility payments;,0,Concerning medicaid nursing facility payments.,Senate,1950,S-4942.2,0,0,0,0,Nursing facilities/medicaid,Bill,B,(Keiser),1,0
1,0,2009-10,ESSB 6872,6872,,,,,2010-05-04,0,1,ESSB 6872,Effective date 7/1/2010*.,1,C 34 L 10 E1,0,1,2010-03-09,AN ACT Relating to medicaid nursing facility payments;,0,Concerning medicaid nursing facility payments.,Senate,1950,S-5002.3,0,0,0,0,Nursing facilities/medicaid,Bill,B,WM(Keiser),1,1
1,0,2009-10,SB 6873,6873,,,,,2010-03-15,0,0,SB 6873,"By resolution, reintroduced and retained in present status.",0,S Ways & Means,0,0,2010-02-24,"AN ACT Relating to increasing state revenues to preserve funding for essential public services by preventing abusive tax avoidance transactions, narrowing or eliminating certain tax preferences, and providing equitable tax treatment;",0,"Increasing state revenues to preserve funding for essential public services by preventing abusive tax avoidance transactions, narrowing or eliminating certain tax preferences, and providing equitable tax treatment.",Senate,1907,S-4858.5,0,0,0,0,Increasing state revenues,Bill,B,(Murray),0,0
0,1,2009-10,SB 6874,6874,,,,,2010-03-07,0,0,SB 6874,1st substitute bill substituted.,0,S subst for,0,0,2010-02-24,AN ACT Relating to providing funding for the basic health plan by increasing the taxes on certain tobacco products and facilitating the funding within the state expenditure limit;,0,Providing funding for the basic health plan by increasing the taxes on certain tobacco products and facilitating the funding within the state expenditure limit.,Senate,8214,S-4970.4,0,0,0,0,Basic health plan funding,Bill,B,(Tom),1,0
1,1,2009-10,SSB 6874,6874,,,,,2010-03-15,0,0,SSB 6874,"By resolution, reintroduced and retained in present status.",0,S Rules 3,0,0,2010-03-06,AN ACT Relating to providing funding for the basic health plan by increasing the taxes on cigarettes and facilitating the funding within the state expenditure limit;,0,Providing funding for the basic health plan by increasing the taxes on cigarettes and facilitating the funding within the state expenditure limit.,Senate,8214,S-5315.2,0,0,0,0,Basic health plan funding,Bill,B,WM(Tom),1,1
1,1,2009-10,SB 6875,6875,,,,,2010-03-15,0,0,SB 6875,"By resolution, reintroduced and retained in present status.",0,S Ways & Means,0,0,2010-02-24,"AN ACT Relating to providing funding for levy equalization, state need grants, kindergarten programs, and working families' tax exemptions by increasing revenues and facilitating the funding within the state expenditure limit;",0,"Providing funding for levy equalization, state need grants, kindergarten programs, and working families' tax exemptions by increasing revenues and facilitating the funding within the state expenditure limit.",Senate,337,S-4991.4,0,0,0,0,Increasing tax revenues,Bill,B,(Prentice),1,0
1,0,2009-10,SB 6876,6876,,,,,2010-03-15,0,0,SB 6876,"By resolution, reintroduced and retained in present status.",0,S Ways & Means,0,0,2010-02-24,AN ACT Relating to regulation of water recreation facilities;,0,Regarding the regulation of water recreation facilities.,Senate,337,S-5017.1,0,0,0,0,Water recreation facilities,Bill,B,(Prentice),1,0
1,0,2009-10,SB 6877,6877,,,,,2010-03-15,0,0,SB 6877,"By resolution, reintroduced and retained in present status.",0,S Rules 2,0,0,2010-02-24,AN ACT Relating to newborn screening fees;,0,Concerning newborn screening fees.,Senate,337,S-5014.2,0,0,0,0,Newborn screening fees,Bill,B,(Prentice),1,0
1,0,2009-10,SB 6878,6878,,,,,2010-03-15,0,0,SB 6878,"By resolution, reintroduced and retained in present status.",0,S Rules 2,0,0,2010-02-24,AN ACT Relating to fees for criminal background checks;,0,Concerning fees for criminal background checks.,Senate,337,S-5015.2,0,0,0,0,Criminal background checks,Bill,B,(Prentice),1,0
1,0,2009-10,SSB 6878,6878,,,,,2010-03-15,0,0,SSB 6878,"By resolution, reintroduced and retained in present status.",0,S Rules 2,0,0,2010-03-04,AN ACT Relating to fees for criminal background checks;,0,Concerning fees for criminal background checks.,Senate,337,S-5305.1,0,0,0,0,Criminal background checks,Bill,B,WM(Prentice),1,1
1,0,2009-10,SB 6879,6879,,,,,2010-03-15,0,0,SB 6879,"By resolution, reintroduced and retained in present status.",0,S Ways & Means,0,0,2010-03-01,AN ACT Relating to transferring the functions of the home care quality authority to the department of social and health services;,0,Transferring the functions of the home care quality authority to the department of social and health services.,Senate,1950,S-5175.2,0,0,0,0,Home care quality authority,Bill,B,(Keiser),1,0
1,0,2009-10,SB 6880,6880,,,,,2010-03-15,0,0,SB 6880,"By resolution, reintroduced and retained in present status.",0,S Rules 2,0,0,2010-03-01,AN ACT Relating to emergency medical technicians and paramedics;,1,Concerning professional fees for certain emergency medical service occupations.,Senate,1950,S-5183.1,0,0,0,0,EMT's and paramedics/fees,Bill,B,(Keiser),1,0
1,0,2009-10,SB 6881,6881,,,,,2010-03-15,0,0,SB 6881,"By resolution, reintroduced and retained in present status.",0,S Rules 2,0,0,2010-03-01,AN ACT Relating to a new surcharge on certain recorded documents for preservation of local archive documents and the Washington state heritage center;,1,Concerning a new surcharge on certain recorded documents for preservation of local archive documents and the Washington state heritage center.,Senate,143,S-5191.1,0,0,0,0,Recorded document surcharge,Bill,B,(Fraser),1,0
1,0,2009-10,SSB 6881,6881,,,,,2010-03-15,0,0,SSB 6881,"By resolution, reintroduced and retained in present status.",0,S Rules 2,0,0,2010-03-09,AN ACT Relating to a new surcharge on certain recorded documents for preservation of local archive documents and the Washington state heritage center;,1,Concerning a new surcharge on certain recorded documents for preservation of local archive documents and the Washington state heritage center.,Senate,143,S-5436.1,0,0,0,0,Recorded document surcharge,Bill,B,WM(Fraser),1,1
1,0,2009-10,SB 6882,6882,,,,,2010-03-15,0,0,SB 6882,"By resolution, reintroduced and retained in present status.",0,S Judiciary,0,0,2010-03-01,AN ACT Relating to pretrial release or detention;,0,Concerning pretrial release or detention.,Senate,1586,S-5192.2,0,0,0,0,Pretrial release & detention,Bill,B,(Carrell),0,0
1,0,2009-10,SB 6883,6883,,,,,2010-03-15,0,0,SB 6883,"By resolution, reintroduced and retained in present status.",0,S GovtOp & Elect,0,0,2010-03-11,AN ACT Relating to payment of legislators' expenses;,0,Restricting the payment of legislators' expenses.,Senate,1922,S-5506.1,0,0,0,0,Legislators' expenses,Bill,B,(Zarelli),0,0
0,0,2009-10,SB 6884,6884,,,,,2010-03-20,0,0,SB 6884,1st substitute bill substituted.,0,S subst for,0,0,2010-03-17,AN ACT Relating to the practice of counseling;,0,Concerning the practice of counseling.,Senate,171,S-5533.1,0,0,0,0,Practice of counseling,Bill,B,(Hargrove),0,0
1,0,2009-10,SSB 6884,6884,,,,,2010-04-13,0,0,SSB 6884,Effective date 4/13/2010.,0,C 20 L 10 E1,0,0,2010-03-20,AN ACT Relating to the practice of counseling;,0,Concerning the practice of counseling.,Senate,171,S-5562.2,0,0,0,0,Practice of counseling,Bill,B,WM(Hargrove),0,1
1,0,2009-10,SB 6885,6885,,,,,2010-03-17,0,0,SB 6885,"First reading, referred to Ways & Means.",0,S Ways & Means,0,0,2010-03-17,AN ACT Relating to requiring the sale of certain state liquor control board warehouses;,0,Requiring the sale of certain state liquor control board warehouses.,Senate,394,S-5538.1,0,0,0,0,Liquor cntrl brd warehouses,Bill,B,(Sheldon),0,0
1,0,2009-10,SB 6886,6886,,,,,2010-03-17,0,0,SB 6886,"First reading, referred to Ways & Means.",0,S Ways & Means,0,0,2010-03-17,AN ACT Relating to privatizing the sale of liquor;,0,Privatizing the sale of liquor.,Senate,394,S-5535.1,0,0,0,0,Privatizing sale of liquor,Bill,B,(Sheldon),0,0
1,0,2009-10,SB 6887,6887,,2009-10,HB 3210,HWays & Means,2010-03-17,0,0,SB 6887,"First reading, referred to Ways & Means.",0,S Ways & Means,0,0,2010-03-17,AN ACT Relating to delaying the implementation dates for long-term care worker training and certification;,0,Delaying implementation dates for long-term care worker training and certification.,Senate,564,S-5532.1,0,0,0,0,Long-term care workers,Bill,B,(McAuliffe),0,0
1,0,2009-10,SB 6888,6888,,,,,2010-03-18,0,0,SB 6888,"First reading, referred to Ways & Means.",0,S Ways & Means,0,0,2010-03-18,AN ACT Relating to the use of child care offered to employees of nonprofit entities;,0,Addressing the use of child care offered to employees of nonprofit entities.,Senate,618,S-5548.1,0,0,0,0,Child care for employees,Bill,B,(Brown),0,0
0,0,2009-10,SB 6889,6889,,,,,2010-03-20,0,0,SB 6889,1st substitute bill substituted.,0,S subst for,0,0,2010-03-18,AN ACT Relating to the governance and financing of the Washington state convention and trade center;,0,Concerning the governance and financing of the Washington state convention and trade center.,Senate,5141,S-5541.1,0,0,0,0,Convention and trade center,Bill,B,(McDermott),0,0
1,0,2009-10,SSB 6889,6889,,,,,2010-04-09,1,1,SSB 6889,Effective date 7/13/2010.,0,C 15 L 10 E1,0,0,2010-03-20,AN ACT Relating to the governance and financing of the Washington state convention and trade center;,0,Concerning the governance and financing of the Washington state convention and trade center.,Senate,5141,S-5560.1,0,0,0,0,Convention and trade center,Bill,B,WM(McDermott),0,1
1,0,2009-10,SB 6890,6890,,,,,2010-03-24,0,0,SB 6890,"First reading, referred to Health & Long-Term Care.",0,S Hea/L-T Care,0,0,2010-03-24,AN ACT Relating to adopting the Washington state health care freedom act of 2010;,0,Concerning health care.,Senate,1583,S-5572.1,0,0,0,0,Health care freedom act,Bill,B,(Benton),0,0
1,0,2009-10,SB 6891,6891,,,,,2010-04-07,0,0,SB 6891,"First reading, referred to Ways & Means.",0,S Ways & Means,0,0,2010-04-07,AN ACT Relating to creating the taxpayer choice act;,0,Creating the taxpayer choice act.,Senate,1583,S-5576.1,0,0,0,0,Taxpayer choice act,Bill,B,(Benton),0,0
0,0,2009-10,SB 6892,6892,,2009-10,HB 3223,HWays & Means,2010-12-11,0,0,SB 6892,1st substitute bill substituted.,0,S subst for,0,0,2010-12-11,"AN ACT Relating to establishing a temporary penalty and interest waiver program for certain penalties and interest on delinquent state and local sales and use taxes, state business and occupation taxes, and state public utility taxes;",0,Establishing a temporary penalty and interest waiver program for certain excise taxes administered by the department of revenue.,Senate,1907,Z-0287.4,0,1,0,0,Tax delinquency waivers,Bill,B,(Murray),1,0
1,0,2009-10,SSB 6892,6892,,,,,2010-12-11,0,0,SSB 6892,Effective date 2/1/2011.,0,C 2 L 10 E2,0,0,2010-12-11,"AN ACT Relating to establishing a temporary penalty and interest waiver program for certain penalties and interest on delinquent state and local sales and use taxes, state business and occupation taxes, and state public utility taxes;",0,Establishing a temporary penalty and interest waiver program for certain excise taxes administered by the department of revenue.,Senate,1907,S-0290.2,0,1,0,0,Tax delinquency waivers,Bill,B,WM(Murray),0,1
0,0,2009-10,SB 6893,6893,,,,,2010-12-11,0,0,SB 6893,1st substitute bill substituted.,0,S subst for,0,0,2010-12-11,AN ACT Relating to suspending the child support pass through;,0,Suspending the child support pass through.,Senate,1907,S-0263.2,0,0,0,0,Child support pass through,Bill,B,(Murray),0,0
1,0,2009-10,SSB 6893,6893,,,,,2010-12-11,0,0,SSB 6893,Effective date 5/1/2011.,0,C 3 L 10 E2,0,0,2010-12-11,AN ACT Relating to the suspension of the child support pass through;,0,Suspending the child support pass through payment.,Senate,1907,S-0288.2,0,0,0,0,Child support pass through,Bill,B,WM(Murray),0,1
1,0,2009-10,SJM 8017,8017,,,,,2010-03-15,0,0,SJM 8017,"By resolution, reintroduced and retained in present status.",0,S Rules X,0,0,2010-01-11,,0,"Requesting that the restoration of sustainable, healthy forests be a national priority.",Senate,207,S-3569.1,0,0,0,0,Forest restoration,Joint Memorial,JM,(Jacobsen),0,0
1,0,2009-10,SJM 8018,8018,,,,,2010-03-15,0,0,SJM 8018,"By resolution, reintroduced and retained in present status.",0,S GovtOp & Elect,0,0,2010-01-14,,0,Claiming state sovereignty under the Tenth Amendment.,Senate,657,S-3345.1,0,0,0,0,State sovereignty,Joint Memorial,JM,(Stevens),0,0
1,0,2009-10,SJM 8019,8019,,,,,2010-03-15,0,0,SJM 8019,"By resolution, reintroduced and retained in present status.",0,S Rules X,0,0,2010-01-18,,0,Petitioning the Department of Health to review cardiovascular disease prevention measures.,Senate,337,S-3544.1,0,0,0,0,Cardiovascular disease,Joint Memorial,JM,(Prentice),0,0
1,0,2009-10,SJM 8020,8020,,,,,2010-03-15,0,0,SJM 8020,"By resolution, reintroduced and retained in present status.",0,S GovtOp & Elect,0,0,2010-01-18,,0,Requesting that Congress amend the 17th amendment of the United States Constitution.,Senate,657,S-3432.1,0,0,0,0,17th amendment,Joint Memorial,JM,(Stevens),0,0
1,0,2009-10,SJM 8021,8021,,2009-10,HJM 4025,HRules 3C,2010-03-15,0,0,SJM 8021,"By resolution, reintroduced and retained in present status.",0,S GovtOp & Elect,0,0,2010-01-19,,0,Honoring Vietnam veterans.,Senate,1666,S-3694.1,0,0,0,0,Honoring Vietnam veterans,Joint Memorial,JM,(Swecker),0,0
1,0,2009-10,SJM 8022,8022,,,,,2010-03-15,0,0,SJM 8022,"By resolution, reintroduced and retained in present status.",0,S Hea/L-T Care,0,0,2010-01-19,,0,Urging removal of the cornhusker kickback from federal health care legislation.,Senate,3479,S-3788.1,0,0,0,0,Removing cornhusker kickback,Joint Memorial,JM,(Pflug),0,0
1,0,2009-10,SJM 8023,8023,,2009-10,HJM 4020,HRules R,2010-03-15,0,0,SJM 8023,"By resolution, reintroduced and retained in present status.",0,S Rules X,0,0,2010-01-21,,0,Petitioning Congress to fully fund forty percent of the costs of the federal Individuals with Disabilities Education Act (IDEA).,Senate,564,S-3353.1,0,0,0,0,Funding of IDEA costs,Joint Memorial,JM,(McAuliffe),0,0
1,0,2009-10,SJM 8024,8024,,,,,2010-03-15,0,0,SJM 8024,"By resolution, reintroduced and retained in present status.",0,S FI/Hous/Ins,0,0,2010-01-25,,0,Requesting that all residential mortgages and deeds of trust become recourse loans.,Senate,8214,S-4151.1,0,0,0,0,Recourse loans,Joint Memorial,JM,(Tom),0,0
1,0,2009-10,SJM 8025,8025,,2009-10,HJM 4027,HRules 3C,2010-03-11,0,0,SJM 8025,Filed with Secretary of State.,0,S Filed Sec/St,0,0,2010-01-25,,0,Requesting that a retired space shuttle orbiter be transferred to Washington's museum of flight.,Senate,337,Z-1218.2,0,0,1,0,Space shuttle orbiter,Joint Memorial,JM,(Prentice),0,0
1,0,2009-10,SJM 8026,8026,,,,,2010-03-11,0,0,SJM 8026,Filed with Secretary of State.,0,S Filed Sec/St,0,0,2010-01-28,,0,Requesting the Interstate Commission for Adult Offender Supervision immediately initiate its emergency rule-making process.,Senate,1595,S-4293.2,0,0,0,0,Adult offender superv. comm.,Joint Memorial,JM,(Regala),0,0
1,0,2009-10,SJM 8027,8027,,,,,2010-03-15,0,0,SJM 8027,"By resolution, reintroduced and retained in present status.",0,S GovtOp & Elect,0,0,2010-02-04,,0,"Preventing ""Freedom of Speech"" from being interpreted to permit corporations to use corporation funds without restriction to influence national and state elections.",Senate,207,S-4503.1,0,0,0,0,Freedom of speech,Joint Memorial,JM,(Jacobsen),0,0
0,0,2009-10,SJR 8218,8218,,2009-10,HJR 4218,HPub Safety,2010-02-11,0,0,SJR 8218,1st substitute bill substituted.,0,S subst for,0,0,2010-01-11,,1,Amending the state Constitution so that offenses that may result in a mandatory life sentence upon conviction are not bailable by sufficient sureties.,Senate,1586,S-3430.1,0,0,0,0,Offenses not bailable,Joint Resolution,JR,(Carrell),1,0
1,0,2009-10,ESSJR 8218,8218,,,,,2010-03-15,0,1,ESSJR 8218,"By resolution, reintroduced and retained in present status.",0,S Rules 3,0,1,2010-01-28,,0,Amending the state Constitution so that offenses that may result in a mandatory life sentence upon conviction are not bailable by sufficient sureties.,Senate,1586,S-4119.1,0,0,0,0,Offenses not bailable,Joint Resolution,JR,(Carrell),0,1
1,0,2009-10,SJR 8219,8219,,2009-10,HJR 4221,HFinance,2010-03-15,0,0,SJR 8219,"By resolution, reintroduced and retained in present status.",0,S Ways & Means,0,0,2010-01-11,,0,Amending the Constitution to allow an income tax.,Senate,142,S-3300.2,0,0,0,0,State income tax,Joint Resolution,JR,(Franklin),0,0
1,0,2009-10,SJR 8220,8220,,,,,2010-03-15,0,0,SJR 8220,"By resolution, reintroduced and retained in present status.",0,S Hea/L-T Care,0,0,2010-01-14,,0,Concerning health care services.,Senate,657,S-3409.2,0,0,0,0,Health care services,Joint Resolution,JR,(Stevens),0,0
1,0,2009-10,SJR 8221,8221,,,,,2010-03-15,0,0,SJR 8221,"By resolution, reintroduced and retained in present status.",0,S Ways & Means,0,0,2010-01-14,,0,Providing that all new tax increases expire no later than five years after becoming effective.,Senate,657,S-3419.1,0,0,0,0,Tax increase expiration,Joint Resolution,JR,(Stevens),0,0
1,0,2009-10,SJR 8222,8222,,,,,2010-03-15,0,0,SJR 8222,"By resolution, reintroduced and retained in present status.",0,S HumServ/Corr,0,0,2010-01-18,,0,Amending the Constitution concerning parental rights.,Senate,657,S-3822.1,0,0,0,0,Parental rights/Constitution,Joint Resolution,JR,(Stevens),0,0
1,0,2009-10,SJR 8223,8223,,,,,2010-03-15,0,0,SJR 8223,"By resolution, reintroduced and retained in present status.",0,S Ways & Means,0,0,2010-01-19,,0,Determining minimum employer contribution rates for state-administered public employee retirement plans.,Senate,652,S-3624.2,0,0,0,0,Pub employee retiremnt plans,Joint Resolution,JR,(Schoesler),0,0
1,0,2009-10,SJR 8224,8224,,2009-10,HJR 4220,Hsubst for,2010-03-15,0,0,SJR 8224,"By resolution, reintroduced and retained in present status.",0,S Judiciary,0,0,2010-01-19,,0,Amending the state Constitution so that the provision relating to bailable crimes by sufficient sureties is modified.,Senate,2304,Z-1178.1,0,0,1,0,Bailable crimes/st. Const.,Joint Resolution,JR,(Kline),0,0
1,0,2009-10,SJR 8225,8225,,2009-10,HJR 4222,HRules C,2010-04-12,0,0,SJR 8225,Filed with Secretary of State.,0,S Filed Sec/St,0,0,2010-01-22,,0,"Resolving to define ""interest"" in the state Constitution.",Senate,143,Z-1220.1,0,1,0,0,"""Interest""/st. Const.",Joint Resolution,JR,(Fraser),0,0
0,0,2009-10,SCR 8409,8409,,,,,2010-02-11,0,0,SCR 8409,1st substitute bill substituted.,0,S subst for,0,0,2010-01-11,,0,Forming a joint select committee on health reform implementation.,Senate,1950,S-3514.1,0,0,0,0,Health reform committee,Concurrent Resolution,CR,(Keiser),0,0
1,0,2009-10,SSCR 8409,8409,,,,,2010-04-12,0,1,SSCR 8409,"By resolution, returned to Senate Rules Committee for third reading.",0,S Rules 3,0,0,2010-01-29,,0,Forming a joint select committee on health reform implementation.,Senate,1950,S-4127.2,0,0,0,0,Health reform committee,Concurrent Resolution,CR,(Keiser),0,1
1,0,2009-10,SCR 8410,8410,,,,,2010-01-12,0,0,SCR 8410,Filed with Secretary of State.,0,S Filed Sec/St,0,0,2010-01-11,,0,Notifying the Governor that the Legislature is ready to conduct business.,Senate,618,S-3698.1,0,0,0,0,Legislature organized,Concurrent Resolution,CR,(Brown),0,0
1,0,2009-10,SCR 8411,8411,,,,,2010-01-12,0,0,SCR 8411,Filed with Secretary of State.,0,S Filed Sec/St,0,0,2010-01-11,,0,Establishing cutoff dates for the 2010 regular session.,Senate,618,S-3699.1,0,0,0,0,2010 session cutoff dates,Concurrent Resolution,CR,(Brown),0,0
1,0,2009-10,SCR 8412,8412,,,,,2010-03-11,0,0,SCR 8412,Filed with Secretary of State.,0,S Filed Sec/St,0,0,2010-03-11,,0,Adjourning sine die.,Senate,618,S-5508.1,0,0,0,0,Adjourning sine die,Concurrent Resolution,CR,(Brown),0,0
1,0,2009-10,SCR 8413,8413,,,,,2010-04-12,0,0,SCR 8413,Referred to Rules.,0,S Rules 2,0,0,2010-03-15,,0,"Specifying the status of bills, memorials, and resolutions for the 2010 first special session of the Sixty-first legislature.",Senate,618,S-5526.2,0,0,0,0,Special session/bill status,Concurrent Resolution,CR,(Brown),0,0
1,0,2009-10,SCR 8414,8414,,,,,2010-04-12,0,0,SCR 8414,Filed with Secretary of State.,0,S Filed Sec/St,0,0,2010-04-12,,0,Returning bills to their house of origin.,Senate,618,S-5589.1,0,0,0,0,Bills to house of origin,Concurrent Resolution,CR,(Brown),0,0
1,0,2009-10,SCR 8415,8415,,,,,2010-12-11,0,0,SCR 8415,Filed with Secretary of State.,0,S Filed Sec/St,0,0,2010-12-11,,0,Adjourning the legislature Sine Die.,Senate,618,S-0267.2,0,0,0,0,Adjourning sine die,Concurrent Resolution,CR,(Brown),0,0