group,groupDesc,longDesc,passedId,num,ver,status.cat,status.comm,status.first,status.chamber,actionLine,active,sponsor,intro,action,fn,req,approp,current,prefiled,rcws
"1000","Controlled subst. violations","Expanding the circumstances that may constitute a major violation of the uniform controlled substances act.","","1000","HB 1000","COMMITTEE","CS","true","H","First reading, referred to Community Safety.","1","Walsh","2025-01-13","2025-01-13","","","0","0","0",""
"1001","Fire protection projects","Concerning capital projects for the provision of fire protection services.","","1001","HB 1001","COMMITTEE","CAP","true","H","First reading, referred to Capital Budget.","1","Abbarno","2025-01-13","2025-01-13","SFN,Loc","","0","0","0",""
"1002","PTSD/coroners & examiners","Recognizing posttraumatic stress disorder as an occupational disease for county coroners, examiners, and investigative personnel.","","1002","HB 1002","RULES","","","H","Returned to Rules Committee for second reading.","1","Abbarno","2025-01-13","2025-03-19","SFN,Loc","","0","0","0",""
"1003","Service of notice/tenants","Addressing service of notice by mail in cases involving forcible entry and forcible and unlawful detainer.","HB 1003","1003","HB 1003","ENACTED","","","","Effective date 7/27/2025.","1","Abbarno","2025-01-13","2025-04-11","","","0","0","0",""
"1004","Property tax exemption","Increasing the personal property tax exemption.","","1004","HB 1004","RULES","","","H","Referred to Rules 2 Review.","1","Leavitt","2025-01-13","2025-01-27","SFN,Loc","","0","0","0","84.36.110|84.36.120|84.48.065"
"1005 / 5016","Prearrang. funeral services","Concerning prearrangement funeral services.","","1005","HB 1005","RULES","","","H","Referred to Rules 2 Review.","1","Ryu","2025-01-13","2025-01-23","","","0","0","0","18.39.010|18.39.250"
"1005 / 5016","Prearrang. funeral services","Concerning prearrangement funeral services.","","1005","SB 5016","RULES","","","S","By resolution, returned to Senate Rules Committee for third reading.","1","Lovick","2025-01-13","2025-04-27","SFN","","0","0","0","18.39.010|18.39.250"
"1006 / 5108","Service contracts","Regulating service contracts and protection product guarantees.","HB 1006","1006","HB 1006","ENACTED","","","","Effective date 7/27/2025.","1","Ryu","2025-01-13","2025-04-16","SFN","","0","0","0","48.110.020|48.110.050|48.110.055|48.110.060|48.110.073|48.110.075|48.110.110|48.110.140"
"1006 / 5108","Service contracts","Regulating service contracts and protection product guarantees.","HB 1006","1006","SB 5108","RULES","","","S","By resolution, returned to Senate Rules Committee for third reading.","1","Kauffman","2025-01-13","2025-04-27","SFN","","0","0","0","48.110.020|48.110.050|48.110.055|48.110.060|48.110.073|48.110.075|48.110.110|48.110.140"
"1007 / 5132","Small claims actions notice","Concerning requisites of notice in small claims actions.","HB 1007","1007","HB 1007","ENACTED","","","","Effective date 7/27/2025.","1","Low","2025-01-13","2025-04-11","","","0","0","0",""
"1007 / 5132","Small claims actions notice","Concerning requisites of notice in small claims actions.","HB 1007","1007","SB 5132","COMMITTEE","L&J","true","S","First reading, referred to Law & Justice.","1","Wagoner","2025-01-13","2025-01-13","","","0","0","0",""
"1008","County local roads","Concerning county local roads.","","1008","HB 1008","COMMITTEE","LG","true","H","First reading, referred to Local Government.","1","Low","2025-01-13","2025-01-13","","","0","0","0",""
"1009","Pharmacy commission members","Adjusting the membership of the pharmacy quality assurance commission.","HB 1009","1009","HB 1009","ENACTED","","","","Effective date 7/27/2025.","1","Low","2025-01-13","2025-05-12","SFN","","0","0","0",""
"1010","Rural area ADUs","Authorizing accessory dwelling units in rural areas.","","1010","HB 1010","COMMITTEE","HSG","true","H","First reading, referred to Housing.","1","Low","2025-01-13","2025-01-13","","","0","0","0","36.70a|36.70a.130|36.70a.177|36.70a.210|36.70a.696"
"1011","School safety capital grants","Creating a school safety capital grant program.","","1011","HB 1011","COMMITTEE","CAP","true","H","First reading, referred to Capital Budget.","1","Jacobsen","2025-01-13","2025-01-13","SFN","","0","0","0",""
"1012","Women's commission/gifts","Authorizing the women's commission to solicit gifts, grants, and endowments from public or private sources.","HB 1012","1012","HB 1012","ENACTED","","","","Effective date 7/27/2025.","1","Taylor","2025-01-13","2025-04-29","","O","0","0","0",""
"1013","DSHS civil service","Concerning exemption of certain personnel of the department of social and health services from civil service.","HB 1013","1013","HB 1013","ENACTED","","","","Effective date 7/27/2025.","1","Schmidt","2025-01-13","2025-04-21","","D","0","0","0",""
"1014","Child support schedule","Implementing recommendations of the 2023 child support schedule work group.","EHB 1014","1014","HB 1014","FLOOR","","","H","","0","Schmidt","2025-01-13","","SFN,Loc","","0","0","0","26.09|26.09.004|26.09.170|26.19.020|26.19.065|26.19.071|26.19.080|26.23.050|74.20a.055|74.20a.056|74.20a.059"
"1014","Child support schedule","Implementing recommendations of the 2023 child support schedule work group.","EHB 1014","1014","EHB 1014","ENACTED","","","","Effective date 7/27/2025*.","1","Schmidt","2025-01-13","2025-05-13","SFN,Loc","","0","0","0","26.09|26.09.004|26.09.170|26.19.020|26.19.065|26.19.071|26.19.080|26.23.050|74.20a.055|74.20a.056|74.20a.059"
"1015","Energy labeling/residential","Concerning energy labeling of residential buildings.","","1015","HB 1015","RULES","","","H","Returned to Rules Committee for second reading.","1","Duerr","2025-01-13","2025-03-19","SFN,Loc","","0","0","0","19.27a|43.21f"
"1015","Energy labeling/residential","Concerning energy labeling of residential buildings.","","1015","SHB 1015","RULES","","","H","Returned to Rules Committee for second reading.","1","Duerr","2025-01-24","2025-03-19","SFN,Loc","","0","0","0","19.27a|43.21f"
"1016","Veterans/employer incentives","Providing employer tax incentives for the support of veterans and military families.","","1016","HB 1016","COMMITTEE","FIN","true","H","First reading, referred to Finance.","1","Abbarno","2025-01-13","2025-01-13","SFN,Loc","","0","0","0","82.04|82.16"
"1017","Kimchi day","Designating kimchi day.","","1017","HB 1017","RULES","","","H","Referred to Rules 2 Review.","1","Ryu","2025-01-13","2025-01-20","","","0","0","0",""
"1018 / 5241","Fusion energy facilities","Adding fusion energy to facilities that may obtain site certification for the purposes of chapter 80.50 RCW.","HB 1018","1018","HB 1018","ENACTED","","","","Effective date 7/27/2025.","1","Shavers","2025-01-13","2025-05-13","SFN","D","0","0","0","80.50.010|80.50.020|80.50.060|80.50.300"
"1018 / 5241","Fusion energy facilities","Adding fusion energy to facilities that may obtain site certification for the purposes of chapter 80.50 RCW.","HB 1018","1018","SB 5241","RULES","","","S","Senate Rules ""X"" file.","1","Liias","2025-01-14","2025-03-17","SFN","O","0","0","0","80.50.020|80.50.060"
"1019","Tax incentives for farmers","Concerning tax incentives for farmers.","","1019","HB 1019","COMMITTEE","FIN","true","H","First reading, referred to Finance.","1","Shavers","2025-01-13","2025-01-13","SFN,Loc","","0","0","0",""
"1020","Academic reengagement","Increasing the accessibility of academic reengagement opportunities for eligible students.","","1020","HB 1020","COMMITTEE","ED","true","H","First reading, referred to Education.","1","Shavers","2025-01-13","2025-01-13","","","0","0","0","28a.175.100|28a.175.105|28a.175.115"
"1021","Military families/education","Promoting educational stability for children of military families.","","1021","HB 1021","COMMITTEE","ED","true","H","First reading, referred to Education.","1","Shavers","2025-01-13","2025-01-13","","","0","0","0","28a.225|28a.225.216|28a.225.220"
"1022","Homes for heroes program","Creating a homes for heroes program.","","1022","HB 1022","COMMITTEE","CAP","false","H","Referred to Capital Budget.","1","Connors","2025-01-13","2025-01-20","SFN","","0","0","0",""
"1022","Homes for heroes program","Creating a homes for heroes program.","","1022","SHB 1022","COMMITTEE","CAP","false","H","Referred to Capital Budget.","1","Connors","2025-01-16","2025-01-20","SFN","","0","0","0",""
"1023","Cosmetology compact","Adopting the cosmetology licensure compact.","SHB 1023","1023","HB 1023","SUBSTITUTED","","","H","1st substitute bill substituted.","0","Ryu","2025-01-13","2025-03-07","SFN","","0","0","0",""
"1023","Cosmetology compact","Adopting the cosmetology licensure compact.","SHB 1023","1023","SHB 1023","ENACTED","","","","Effective date 6/1/2028.","1","Ryu","2025-02-05","2025-05-12","SFN","","0","0","0","18.16|42.56.250"
"1024 / 5300","St. Edward state park","Concerning the leasing authority of the state parks and recreation commission at St. Edward State Park.","","1024","HB 1024","SUBSTITUTED","","","H","2nd substitute bill substituted.","0","Kloba","2025-01-13","2025-03-03","SFN","O","0","0","0","79a.05.025|79a.05.030"
"1024 / 5300","St. Edward state park","Concerning the leasing authority of the state parks and recreation commission at St. Edward State Park.","","1024","SB 5300","SUBSTITUTED","","","S","1st substitute bill substituted.","0","Stanford","2025-01-16","2025-02-28","SFN","O","0","0","0","79a.05.025|79a.05.030"
"1024","St. Edward state park","Concerning the leasing authority of the state parks and recreation commission at St. Edward State Park.","2SHB 1024","1024","SHB 1024","SUBSTITUTED","","","H","2nd substitute bill substituted.","0","Kloba","2025-01-27","2025-03-03","","O","0","0","0","79a.05.025|79a.05.030"
"1024","St. Edward state park","Concerning the leasing authority of the state parks and recreation commission at St. Edward State Park.","2SHB 1024","1024","2SHB 1024","ENACTED","","","","Effective date 7/27/2025.","1","Kloba","2025-02-20","2025-04-07","","O","0","0","0","79a.05.025|79a.05.030"
"1025","LTSS trust exemptions","Reopening the exemption from the long-term services and supports trust program for employees who have purchased long-term care insurance.","","1025","HB 1025","COMMITTEE","ELHS","true","H","First reading, referred to Early Learning & Human Services.","1","Abbarno","2025-01-13","2025-01-13","","","0","0","0",""
"1026","LTSS trust spousal benefits","Protecting spouses by allowing the sharing of benefits under the long-term services and supports trust program.","","1026","HB 1026","COMMITTEE","ELHS","true","H","First reading, referred to Early Learning & Human Services.","1","Abbarno","2025-01-13","2025-01-13","","","0","0","0",""
"1027","Housing of inmates","Concerning housing of inmates in state correctional facilities.","","1027","HB 1027","COMMITTEE","CS","true","H","First reading, referred to Community Safety.","1","Jacobsen","2025-01-13","2025-01-13","","","0","0","0",""
"1028","Child exposure to violence","Addressing child exposure to violence.","HB 1028","1028","HB 1028","ENACTED","","","","Effective date 7/27/2025.","1","Goodman","2025-01-13","2025-04-21","SFN,Loc","","0","0","0","26.44|26.44.020"
"1029","3D-printed buildings","Concerning 3D-printed building construction.","","1029","HB 1029","COMMITTEE","LG","true","H","First reading, referred to Local Government.","1","Shavers","2025-01-13","2025-01-13","SFN,Loc","","0","0","0",""
"1030","Counted ballot audits","Concerning the conduct of limited audits of counted ballots during the election certification period.","","1030","HB 1030","RULES","","","H","Returned to Rules Committee for second reading.","1","Low","2025-01-13","2025-03-19","SFN,Loc","D","0","0","0","29a.04.611|29a.60|29a.60.125|29a.60.170|29a.60.185"
"1031","School facility temperatures","Mitigating the impact of rising school facility temperatures resulting from climate change.","","1031","HB 1031","COMMITTEE","ED","true","H","First reading, referred to Education.","1","Reeves","2025-01-13","2025-01-13","","","0","0","0","28a.150|28a.150.290"
"1032","School district elections","Concerning school district elections.","","1032","HB 1032","COMMITTEE","ED","true","H","First reading, referred to Education.","1","Stonier","2025-01-13","2025-01-13","SFN","","0","0","0","28a.315.285|28a.530.020|28a.535.020|28a.535.050|39.36.020|84.52.056"
"1033","Child care local licensing","Authorizing local licensing and regulation of child care providers.","","1033","HB 1033","COMMITTEE","ELHS","true","H","First reading, referred to Early Learning & Human Services.","1","Couture","2025-01-13","2025-01-13","SFN,Loc","","0","0","0","43.216|43.216.010|43.216.695"
"1034","Nonopioid drugs for pain","Concerning nonopioid drugs for the treatment of pain.","","1034","HB 1034","COMMITTEE","HCW","true","H","First reading, referred to Health Care & Wellness.","1","Ortiz-Self","2025-01-13","2025-01-13","SFN","","0","0","0","41.05|43.7|48.43|48.43.400|74.09"
"1035","Higher ed. traumatic stress","Creating policies and resources to address secondary traumatic stress in the higher education workforce.","","1035","HB 1035","COMMITTEE","PEW","true","H","First reading, referred to Postsecondary Education & Workforce.","1","Ortiz-Self","2025-01-13","2025-01-13","SFN","","0","0","0","28b.35|28b.50"
"1036","Labor trustees/colleges","Adding labor trustees to college boards.","","1036","HB 1036","RULES","","","H","Referred to Rules 2 Review.","1","Ortiz-Self","2025-01-13","2025-01-31","","","0","0","0","28b.35.100|28b.50.100"
"1036","Labor trustees/colleges","Adding labor trustees to college boards.","","1036","SHB 1036","RULES","","","H","Referred to Rules 2 Review.","1","Ortiz-Self","2025-01-28","2025-01-31","","","0","0","0","28b.35.100|28b.40.100|28b.50.100"
"1037 / 5053","PFD formation","Concerning public facilities district formation.","","1037","HB 1037","RULES","","","H","Returned to Rules Committee for second reading.","1","Dent","2025-01-13","2025-03-19","SFN,Loc","","0","0","0","35.57.010|36.100.010"
"1037 / 5053","PFD formation","Concerning public facilities district formation.","","1037","SB 5053","COMMITTEE","WM","false","S","Referred to Ways & Means.","1","Warnick","2025-01-13","2025-02-21","SFN,Loc","","0","0","0","35.57.010|36.100.010"
"1037","PFD formation","Concerning public facilities district formation.","","1037","SHB 1037","RULES","","","H","Returned to Rules Committee for second reading.","1","Dent","2025-01-24","2025-03-19","SFN,Loc","","0","0","0","35.57.010|36.100.010"
"1037","PFD formation","Concerning public facilities district formation.","","1037","2SHB 1037","RULES","","","H","Returned to Rules Committee for second reading.","1","Dent","2025-02-26","2025-03-19","","","0","0","0","36.100.010|36.100.020"
"1038","Gender/health providers","Prohibiting puberty blocking medications, cross-sex hormones, and gender transition surgeries for minors.","","1038","HB 1038","COMMITTEE","HCW","true","H","First reading, referred to Health Care & Wellness.","1","Jacobsen","2025-01-13","2025-01-13","","","0","0","0",""
"1039 / 5301","Gov. services/tribal lands","Concerning extending governmental services from cities to tribal lands.","HB 1039","1039","HB 1039","ENACTED","","","","Effective date 7/27/2025.","1","Abbarno","2025-01-13","2025-05-13","SFN,Loc","","0","0","0","36.70a|36.70a.110"
"1039 / 5301","Gov. services/tribal lands","Concerning extending governmental services from cities to tribal lands.","HB 1039","1039","SB 5301","RULES","","","S","Senate Rules ""X"" file.","1","Braun","2025-01-16","2025-03-17","","","0","0","0","36.70a|36.70a.110"
"1040","Rental income/property tax","Concerning rental income received by people eligible for certain property tax exemption programs.","","1040","HB 1040","RULES","","","H","Referred to Rules 2 Review.","1","Doglio","2025-01-13","2025-02-13","SFN,Loc","","0","0","0",""
"1041","Replacement tires","Improving choices of replacement tires for consumers.","","1041","HB 1041","COMMITTEE","E&E","true","H","First reading, referred to Environment & Energy.","1","Walsh","2025-01-13","2025-01-13","SFN,Loc","","0","0","0","19|70a.05|70a.30.010|70a.45"
"1042","County treasurer costs","Authorizing cost recovery for county treasurers.","","1042","HB 1042","COMMITTEE","FIN","true","H","First reading, referred to Finance.","1","Wylie","2025-01-13","2025-01-13","SFN,Loc","","0","0","0","84.69|84.69.180"
"1043","Commute trip reduction","Extending the commute trip reduction tax credit.","","1043","HB 1043","SUBSTITUTED","","","H","1st substitute bill substituted.","0","Wylie","2025-01-13","2025-04-17","SFN","","0","0","0","82.70.020|82.70.040|82.70.900"
"1043","Commute trip reduction","Extending the commute trip reduction tax credit.","","1043","SHB 1043","RULES","","","H","By resolution, returned to House Rules Committee for third reading.","1","Wylie","2025-02-26","2025-04-27","SFN","","0","0","0","82.70.020|82.70.040|82.70.900"
"1044","County REET admin. fees","Concerning county fees for administration of the real estate excise tax.","","1044","HB 1044","RULES","","","H","Referred to Rules 2 Review.","1","Wylie","2025-01-13","2025-02-28","SFN,Loc","","0","0","0","36.33|36.4|82.45.180"
"1045 / 5040","Uniformed personnel","Expanding the definition of uniformed personnel to all law enforcement officers employed by a city, town, or county.","","1045","HB 1045","COMMITTEE","LWS","true","H","First reading, referred to Labor & Workplace Standards.","1","Bronoske","2025-01-13","2025-01-13","SFN,Loc","","0","0","0",""
"1045 / 5040","Uniformed personnel","Expanding the definition of uniformed personnel to all law enforcement officers employed by a city, town, or county.","","1045","SB 5040","SUBSTITUTED","","","S","1st substitute bill substituted.","0","Stanford","2025-01-13","2025-02-25","SFN,Loc","","0","0","0",""
"1046","Motor vehicle damage/rescue","Protecting the vulnerable by providing immunity from civil liability for damage to a motor vehicle arising from the rescue of vulnerable persons or domestic animals.","HB 1046","1046","HB 1046","ENACTED","","","","Effective date 7/27/2025.","1","Leavitt","2025-01-13","2025-04-30","","","0","0","0",""
"1047","Fire district equip. taxes","Creating a sales tax exemption for equipment purchased by fire districts in rural counties.","","1047","HB 1047","COMMITTEE","FIN","true","H","First reading, referred to Finance.","1","Dent","2025-01-13","2025-01-13","SFN,Loc","","0","0","0","82.08|82.12"
"1048","Rangeland fire pilot","Concerning a rangeland fire protection association pilot project.","","1048","HB 1048","COMMITTEE","APP","false","H","Referred to Appropriations.","1","Dent","2025-01-13","2025-02-11","SFN,Loc","","0","0","0",""
"1048","Rangeland fire pilot","Concerning a rangeland fire protection association pilot project.","","1048","SHB 1048","COMMITTEE","APP","false","H","Referred to Appropriations.","1","Dent","2025-02-07","2025-02-11","","","0","0","0",""
"1049","Sexual assault nurses","Increasing the availability of sexual assault nurse examiners.","","1049","HB 1049","COMMITTEE","APP","true","H","First reading, referred to Appropriations.","1","Shavers","2025-01-13","2025-01-13","SFN","","0","0","0",""
"1050","Naval Academy license plates","Creating United States Naval Academy special license plates.","","1050","HB 1050","COMMITTEE","TRAN","true","H","First reading, referred to Transportation.","1","Shavers","2025-01-13","2025-01-13","SFN","","0","0","0","43.60a.140|46.04|46.17.220|46.18.200|46.68.425"
"1051","IEP team meetings/recording","Permitting the recording of individualized education program team meetings.","","1051","HB 1051","COMMITTEE","ED","true","H","First reading, referred to Education.","1","Walsh","2025-01-13","2025-01-13","SFN","","0","0","0","28a.155|9.73.030"
"1052","Hate crime offense","Clarifying a hate crime offense.","","1052","HB 1052","FLOOR","","","H","","0","Ryu","2025-01-13","","SFN","","0","0","0",""
"1052 / 5038","Hate crime offense","Clarifying a hate crime offense.","EHB 1052","1052","EHB 1052","ENACTED","","","","Effective date 7/27/2025.","1","Ryu","2025-01-13","2025-05-12","SFN","","0","0","0",""
"1052 / 5038","Hate crime offense","Clarifying a hate crime offense.","EHB 1052","1052","SB 5038","COMMITTEE","L&J","true","S","First reading, referred to Law & Justice.","1","Dhingra","2025-01-13","2025-01-13","","","0","0","0",""
"1053","Juvenile access to attorney","Concerning juvenile access to an attorney.","","1053","HB 1053","COMMITTEE","CRJ","true","H","First reading, referred to Civil Rights & Judiciary.","1","Low","2025-01-13","2025-01-13","","","0","0","0",""
"1054","County ferry contracts","Concerning county ferry maintenance and repair contracts.","HB 1054","1054","HB 1054","ENACTED","","","","Effective date 7/27/2025.","1","Leavitt","2025-01-13","2025-04-11","Loc","","0","0","0",""
"1055","Transparency ombuds study","Enhancing access to public records.","","1055","HB 1055","COMMITTEE","APP","false","H","Referred to Appropriations.","1","Abbarno","2025-01-13","2025-02-11","SFN","","0","0","0",""
"1056 / 5066","Law enf. misconduct","Concerning law enforcement and local corrections agency misconduct through investigations and legal actions.","","1056","HB 1056","COMMITTEE","CRJ","true","H","First reading, referred to Civil Rights & Judiciary.","1","Farivar","2025-01-13","2025-01-13","SFN,Loc","","0","0","0",""
"1056 / 5066","Law enf. misconduct","Concerning law enforcement and local corrections agency misconduct through investigations and legal actions.","","1056","SB 5066","COMMITTEE","WM","false","S","Referred to Ways & Means.","1","Hansen","2025-01-13","2025-02-07","SFN,Loc","","0","0","0",""
"1057","Access to federal funds","Promoting economic development by increasing support for local communities to access federal funds.","","1057","HB 1057","COMMITTEE","APP","false","H","Referred to Appropriations.","1","Barnard","2025-01-13","2025-01-23","SFN","","0","0","0","43.33|43.330.088|43.330.260"
"1057","Access to federal funds","Promoting economic development by increasing support for local communities to access federal funds.","","1057","SHB 1057","COMMITTEE","APP","false","H","Referred to Appropriations.","1","Barnard","2025-01-21","2025-01-23","SFN","","0","0","0","43.33|43.330.260"
"1058 / 5063","Freight railroad infra.","Providing incentives to improve freight railroad infrastructure.","","1058","HB 1058","COMMITTEE","APP","false","H","Referred to Appropriations.","1","Barkis","2025-01-13","2025-02-05","SFN,Loc","","0","0","0","82.04|82.08|82.12|82.16"
"1058 / 5063","Freight railroad infra.","Providing incentives to improve freight railroad infrastructure.","","1058","SB 5063","COMMITTEE","WM","true","S","First reading, referred to Ways & Means.","1","Stanford","2025-01-13","2025-01-13","SFN,Loc","","0","0","0","82.04|82.08|82.12|82.16"
"1059 / 5463","Industrial insurance/duties","Concerning the duties of industrial insurance self-insured employers and third-party administrators.","SB 5463","1059","HB 1059","COMMITTEE","LWS","true","H","First reading, referred to Labor & Workplace Standards.","1","Alvarado","2025-01-13","2025-01-13","SFN,Loc","","0","0","0","51.14.080|51.14.180"
"1059 / 5463","Industrial insurance/duties","Concerning the duties of industrial insurance self-insured employers and third-party administrators.","SB 5463","1059","SB 5463","ENACTED","","","","Effective date 1/1/2026.","1","Alvarado","2025-01-23","2025-05-17","SFN,Loc","","0","0","0","51.14.080|51.14.180"
"1060 / 5458","Newspaper tax preference","Concerning newspapers and eligible digital content.","HB 1060","1060","HB 1060","ENACTED","","","","Effective date 7/27/2025.","1","Santos","2025-01-13","2025-04-07","SFN","","0","0","0","82.04.759|82.04.759"
"1060 / 5458","Newspaper tax preference","Concerning newspapers and eligible digital content.","HB 1060","1060","SB 5458","RULES","","","S","By resolution, returned to Senate Rules Committee for third reading.","1","Frame","2025-01-23","2025-04-27","SFN","","0","0","0","82.04.759|82.04.759"
"1061","Residential parking","Providing additional parking flexibility in residential neighborhoods.","SHB 1061","1061","HB 1061","SUBSTITUTED","","","H","1st substitute bill substituted.","0","Low","2025-01-13","2025-03-03","Loc","","0","0","0",""
"1061","Residential parking","Providing additional parking flexibility in residential neighborhoods.","SHB 1061","1061","SHB 1061","ENACTED","","","","Effective date 7/27/2025.","1","Low","2025-01-29","2025-04-22","","","0","0","0",""
"1062","Biomarker testing coverage","Providing coverage for biomarker testing.","","1062","HB 1062","COMMITTEE","HCW","true","H","First reading, referred to Health Care & Wellness.","1","Stonier","2025-01-13","2025-01-13","SFN","","0","0","0","41.05|48.43|74.09"
"1063 / 5328","Earned wage access services","Establishing a new chapter for the licensing and regulation of businesses providing earned wage access services.","","1063","HB 1063","COMMITTEE","APP","false","H","Referred to Appropriations.","1","Reeves","2025-01-13","2025-02-18","SFN","","0","0","0",""
"1063 / 5328","Earned wage access services","Establishing a new chapter for the licensing and regulation of businesses providing earned wage access services.","","1063","SB 5328","SUBSTITUTED","","","S","1st substitute bill substituted.","0","Lovick","2025-01-17","2025-03-07","SFN","","0","0","0",""
"1063","Earned wage access services","Establishing a new chapter for the licensing and regulation of businesses providing earned wage access services.","","1063","SHB 1063","COMMITTEE","APP","false","H","Referred to Appropriations.","1","Reeves","2025-02-14","2025-02-18","SFN","","0","0","0",""
"1064 / 5034","System improvement team","Eliminating the expiration of the interagency, multijurisdictional system improvement team.","HB 1064","1064","HB 1064","ENACTED","","","","Effective date 6/30/2025.","1","Abbarno","2025-01-13","2025-04-16","SFN","O","0","0","0",""
"1064 / 5034","System improvement team","Eliminating the expiration of the interagency, multijurisdictional system improvement team.","HB 1064","1064","SB 5034","RULES","","","S","By resolution, returned to Senate Rules Committee for third reading.","1","Boehnke","2025-01-13","2025-04-27","SFN","O","0","0","0",""
"1065","Family burial grounds","Concerning family burial grounds.","","1065","HB 1065","RULES","","","H","Returned to Rules Committee for second reading.","1","Walsh","2025-01-13","2025-03-19","SFN,Loc","","0","0","0","68|68.04|68.05.400|68.20.010|68.20.140|68.50.130"
"1066","Regulated substance use data","Creating a data dashboard to track use of regulated substances.","","1066","HB 1066","SUBSTITUTED","","","H","1st substitute bill substituted.","0","Reeves","2025-01-13","2025-02-12","SFN","","0","0","0",""
"1066","Regulated substance use data","Creating a data dashboard to track use of regulated substances.","","1066","SHB 1066","RULES","","","H","By resolution, returned to House Rules Committee for third reading.","1","Reeves","2025-01-29","2025-04-27","SFN","","0","0","0",""
"1067","Cannabis/dept of agriculture","Transferring certain cannabis licensing activities to the department of agriculture.","","1067","HB 1067","COMMITTEE","CPB","true","H","First reading, referred to Consumer Protection & Business.","1","Reeves","2025-01-13","2025-01-13","SFN","","0","0","0","69.5|69.50.101|69.50.325|69.50.326|69.50.331|69.50.334|69.50.335|69.50.339|69.50.342|69.50.345|69.50.348|69.50.351|69.50.363|69.50.366|69.50.372|69.50.395|69.50.530|69.50.540|69.50.564|69.50.565|69.50.580|69.50.585"
"1068 / 5039","DOC WMS employee arbitration","Removing the exclusion from interest arbitration of Washington management service employees at the department of corrections.","HB 1068","1068","HB 1068","ENACTED","","","","Effective date 7/27/2025.","1","Doglio","2025-01-13","2025-04-25","SFN","","0","0","0",""
"1068 / 5039","DOC WMS employee arbitration","Removing the exclusion from interest arbitration of Washington management service employees at the department of corrections.","HB 1068","1068","SB 5039","COMMITTEE","WM","false","S","Referred to Ways & Means.","1","Conway","2025-01-13","2025-02-03","SFN","","0","0","0",""
"1069 / 5044","Supp. retirement bargaining","Allowing collective bargaining over contributions for certain supplemental retirement benefits.","","1069","HB 1069","RULES","","","H","By resolution, returned to House Rules Committee for third reading.","1","Fosse","2025-01-13","2025-04-27","SFN","","0","0","0",""
"1069 / 5044","Supp. retirement bargaining","Allowing collective bargaining over contributions for certain supplemental retirement benefits.","","1069","SB 5044","COMMITTEE","WM","false","S","Referred to Ways & Means.","1","Ramos","2025-01-13","2025-02-04","SFN","","0","0","0",""
"1070 / 5043","PTSD/correctional workers","Concerning industrial insurance coverage for posttraumatic stress disorders affecting correctional facility workers.","","1070","HB 1070","COMMITTEE","APP","false","H","Referred to Appropriations.","1","Davis","2025-01-13","2025-02-04","SFN,Loc","","0","0","0","51.08.142|51.32"
"1070 / 5043","PTSD/correctional workers","Concerning industrial insurance coverage for posttraumatic stress disorders affecting correctional facility workers.","","1070","SB 5043","COMMITTEE","WM","false","S","Referred to Ways & Means.","1","Dhingra","2025-01-13","2025-02-18","SFN,Loc","","0","0","0","51.08.142|51.32"
"1070","PTSD/correctional workers","Concerning industrial insurance coverage for posttraumatic stress disorders affecting correctional facility workers.","","1070","SHB 1070","COMMITTEE","APP","false","H","Referred to Appropriations.","1","Davis","2025-01-31","2025-02-04","SFN,Loc","","0","0","0","51.08.142|51.32"
"1071 / 5058","Recycling rates","Implementing strategies to achieve higher recycling rates within Washington's existing solid waste management system.","","1071","HB 1071","COMMITTEE","APP","false","H","Referred to Appropriations.","1","Fey","2025-01-13","2025-02-14","SFN,Loc","","0","0","0","43.21b.110|70a|70a.245|70a.245.010|70a.245.020|70a.245.030|81.77.195"
"1071 / 5058","Recycling rates","Implementing strategies to achieve higher recycling rates within Washington's existing solid waste management system.","","1071","SB 5058","COMMITTEE","EET","true","S","First reading, referred to Environment, Energy & Technology.","1","Chapman","2025-01-13","2025-01-13","SFN","","0","0","0","43.21b.110|70a|70a.245|70a.245.010|70a.245.020|70a.245.030|81.77.195"
"1071","Recycling rates","Implementing strategies to achieve higher recycling rates within Washington's existing solid waste management system.","","1071","SHB 1071","COMMITTEE","APP","false","H","Referred to Appropriations.","1","Fey","2025-02-11","2025-02-14","SFN,Loc","","0","0","0","43.21b.110|70a|70a.245|70a.245.010|70a.245.020|70a.245.030|81.77.195"
"1072","Health care services","Preserving access to protected health care services.","","1072","HB 1072","COMMITTEE","HCW","true","H","First reading, referred to Health Care & Wellness.","1","Walen","2025-01-13","2025-01-13","SFN,Loc","","0","0","0","43.370.030|70"
"1073","National guard retention","Keeping our Washington national guard strong act.","","1073","HB 1073","COMMITTEE","APP","false","H","Referred to Appropriations.","1","Leavitt","2025-01-13","2025-01-22","SFN","","0","0","0",""
"1074","Hit & run/first-time waiver","Excluding any person who is convicted of a hit and run resulting in death from being eligible for a first-time offender waiver.","","1074","HB 1074","COMMITTEE","CS","true","H","First reading, referred to Community Safety.","1","Jacobsen","2025-01-13","2025-01-13","SFN,Loc","","0","0","0",""
"1075","Affordable housing financing","Expanding housing supply by supporting the ability of public housing authorities to finance affordable housing developments.","HB 1075","1075","HB 1075","ENACTED","","","","Effective date 7/27/2025.","1","Walen","2025-01-13","2025-04-11","","","0","0","0",""
"1076","Health technology assessment","Concerning the health technology assessment program.","","1076","HB 1076","RULES","","","H","Referred to Rules 2 Review.","1","Walen","2025-01-13","2025-02-04","SFN","","0","0","0","70.14.100|70.14.110"
"1076","Health technology assessment","Concerning the health technology assessment program.","","1076","SHB 1076","RULES","","","H","Referred to Rules 2 Review.","1","Walen","2025-01-31","2025-02-04","SFN","","0","0","0","70.14.100|70.14.110"
"1077","IUD pain control options","Raising awareness of pain control options for intrauterine device placement and removal.","","1077","HB 1077","COMMITTEE","HCW","true","H","First reading, referred to Health Care & Wellness.","1","Walen","2025-01-13","2025-01-13","","","0","0","0",""
"1078","Pet insurance","Concerning pet insurance.","","1078","HB 1078","COMMITTEE","CPB","true","H","First reading, referred to Consumer Protection & Business.","1","Walen","2025-01-13","2025-01-13","SFN","","0","0","0",""
"1079 / 5193","Remote testing","Supporting remote testing options for students enrolled in online school programs.","","1079","HB 1079","SUBSTITUTED","","","H","1st substitute bill substituted.","0","Ortiz-Self","2025-01-13","2025-03-05","SFN","","0","0","0",""
"1079 / 5193","Remote testing","Supporting remote testing options for students enrolled in online school programs.","","1079","SB 5193","SUBSTITUTED","","","S","1st substitute bill substituted.","0","Cortes","2025-01-13","2025-03-06","SFN","","0","0","0",""
"1079","Remote testing","Supporting remote testing options for students enrolled in online school programs.","SHB 1079","1079","SHB 1079","ENACTED","","","","Effective date 7/27/2025.","1","Ortiz-Self","2025-02-17","2025-05-13","","","0","0","0",""
"1080","Lodging fee disclosure","Concerning fee disclosure for lodging accommodations.","","1080","HB 1080","SUBSTITUTED","","","H","1st substitute bill substituted.","0","Donaghy","2025-01-13","2025-03-03","SFN,Loc","","0","0","0","19.48|64.37"
"1080","Lodging fee disclosure","Concerning fee disclosure for lodging accommodations.","","1080","SHB 1080","RULES","","","H","By resolution, returned to House Rules Committee for third reading.","1","Donaghy","2025-02-14","2025-04-27","SFN,Loc","","0","0","0","19.48|64.37"
"1081","Solicited real estate","Establishing consumer protections for owners of solicited real estate.","SHB 1081","1081","HB 1081","SUBSTITUTED","","","H","1st substitute bill substituted.","0","Donaghy","2025-01-13","2025-03-04","SFN","","0","0","0",""
"1081","Solicited real estate","Establishing consumer protections for owners of solicited real estate.","SHB 1081","1081","SHB 1081","ENACTED","","","","Effective date 7/27/2025.","1","Donaghy","2025-02-19","2025-04-21","SFN","","0","0","0",""
"1082 / 5279","Child care provider qualif.","Concerning qualifications for child care providers.","","1082","HB 1082","COMMITTEE","ELHS","true","H","First reading, referred to Early Learning & Human Services.","1","Senn","2025-01-13","2025-01-13","SFN","","0","0","0",""
"1082 / 5279","Child care provider qualif.","Concerning qualifications for child care providers.","","1082","SB 5279","COMMITTEE","ELK12","true","S","First reading, referred to Early Learning & K-12 Education.","1","Wilson, C.","2025-01-15","2025-01-15","SFN","","0","0","0",""
"1083","Aircraft fuel tax distrib.","Concerning the distribution of aircraft fuel tax revenue.","","1083","HB 1083","COMMITTEE","APP","true","H","First reading, referred to Appropriations.","1","Dent","2025-01-13","2025-01-13","SFN","","0","0","0",""
"1084","Unleaded aircraft fuel/tax","Establishing tax exemptions for unleaded aircraft fuel.","","1084","HB 1084","COMMITTEE","FIN","true","H","First reading, referred to Finance.","1","Dent","2025-01-13","2025-01-13","SFN","","0","0","0","82.08|82.12|82.21.040|82.23a.030|82.23b|82.42.010|82.42.030"
"1085 / 5272","School safety/penalties","Improving school safety by extending penalties for interference by, or intimidation by threat of, force or violence at schools and extracurricular activities and requiring schools to notify the public of such penalties.","","1085","HB 1085","RULES","","","H","Returned to Rules Committee for second reading.","1","Schmidt","2025-01-13","2025-03-19","SFN,Loc","","0","0","0","28a.635|28a.635.090|28a.635.100"
"1085 / 5272","School safety/penalties","Improving school safety by extending penalties for interference by, or intimidation by threat of, force or violence at schools and extracurricular activities and requiring schools to notify the public of such penalties.","","1085","SB 5272","RULES","","","S","Senate Rules ""X"" file.","1","Lovick","2025-01-15","2025-03-17","SFN,Loc","","0","0","0","28a.635|28a.635.090|28a.635.100"
"1085","School safety/penalties","Improving school safety by extending penalties for interference by, or intimidation by threat of, force or violence at schools and extracurricular activities and requiring schools to notify the public of such penalties.","","1085","SHB 1085","RULES","","","H","Returned to Rules Committee for second reading.","1","Schmidt","2025-02-11","2025-03-19","SFN,Loc","","0","0","0","28a.635|28a.635.090|28a.635.100"
"1085","School safety/penalties","Improving school safety by extending penalties for interference by, or intimidation by threat of, force or violence at schools and extracurricular activities and requiring schools to notify the public of such penalties.","","1085","2SHB 1085","RULES","","","H","Returned to Rules Committee for second reading.","1","Schmidt","2025-02-26","2025-03-19","SFN,Loc","","0","0","0","28a.635.090|28a.635.100"
"1086","Motor vehicle chop shops","Concerning motor vehicle chop shops.","","1086","HB 1086","COMMITTEE","CS","true","H","First reading, referred to Community Safety.","1","Low","2025-01-13","2025-01-13","","","0","0","0","9.94a.515|9a.56"
"1087","Criminal endangerment","Expanding the crime of endangerment with a controlled substance to include fentanyl and other high-potency synthetic opioids.","","1087","HB 1087","COMMITTEE","CS","true","H","First reading, referred to Community Safety.","1","Graham","2025-01-13","2025-01-13","","","0","0","0",""
"1088 / 5678","Residential landlord-tenant","Preparing for revisions to the residential landlord-tenant act by creating a task force and establishing a moratorium on new residential landlord-tenant regulations.","","1088","HB 1088","COMMITTEE","HSG","true","H","First reading, referred to Housing.","1","Barkis","2025-01-13","2025-01-13","","","0","0","0","35.21|35a.21|36.01"
"1088 / 5678","Residential landlord-tenant","Preparing for revisions to the residential landlord-tenant act by creating a task force and establishing a moratorium on new residential landlord-tenant regulations.","","1088","SB 5678","COMMITTEE","HSG","true","S","First reading, referred to Housing.","1","Dozier","2025-02-06","2025-02-06","SFN,Loc","","0","0","0","35.21|35a.21|36.01"
"1089 / 5740","Eviction reform","Concerning eviction reform and tenant safety.","","1089","HB 1089","COMMITTEE","HSG","true","H","First reading, referred to Housing.","1","Barkis","2025-01-13","2025-01-13","SFN","","0","0","0","59.12.050|59.18.050|59.18.130|59.18.180|59.18.365|59.18.370|59.18.380|59.18.640|59.18.650"
"1089 / 5740","Eviction reform","Concerning eviction reform and tenant safety.","","1089","SB 5740","COMMITTEE","HSG","true","S","First reading, referred to Housing.","1","Braun","2025-02-13","2025-02-13","SFN","","0","0","0","59.12.050|59.18.050|59.18.130|59.18.180|59.18.365|59.18.370|59.18.380|59.18.640|59.18.650"
"1090 / 5498","Contraceptive coverage","Concerning contraceptive coverage.","SB 5498","1090","HB 1090","RULES","","","H","Returned to Rules Committee for second reading.","1","Alvarado","2025-01-13","2025-03-19","SFN","","0","0","0",""
"1090 / 5498","Contraceptive coverage","Concerning contraceptive coverage.","SB 5498","1090","SB 5498","ENACTED","","","","Effective date 1/1/2026.","1","Alvarado","2025-01-27","2025-04-22","","","0","0","0",""
"1091","SVP supervision credit","Concerning sexually violent predators' ineligibility to earn supervision compliance credit.","","1091","HB 1091","RULES","","","H","Referred to Rules 2 Review.","1","Couture","2025-01-13","2025-01-24","SFN","","0","0","0",""
"1092","Children/controlled sub.","Maintaining the safety of children.","","1092","HB 1092","COMMITTEE","ELHS","true","H","First reading, referred to Early Learning & Human Services.","1","Couture","2025-01-13","2025-01-13","SFN,Loc","","0","0","0","13.34.050|13.34.065|13.34.130|26.44.030|26.44.050|26.44.056"
"1093 / 5507","Massage therapy coverage","Providing coverage for massage therapy under medical assistance plans.","","1093","HB 1093","COMMITTEE","HCW","true","H","First reading, referred to Health Care & Wellness.","1","Kloba","2025-01-13","2025-01-13","","","0","0","0",""
"1093 / 5507","Massage therapy coverage","Providing coverage for massage therapy under medical assistance plans.","","1093","SB 5507","COMMITTEE","HLTC","true","S","First reading, referred to Health & Long-Term Care.","1","Cleveland","2025-01-27","2025-01-27","SFN","","0","0","0",""
"1094 / 5697","Social services/property tax","Providing a property tax exemption for property owned by a qualifying nonprofit organization and loaned, leased, or rented to and used by any government entity to provide character-building, benevolent, protective, or rehabilitative social services.","HB 1094","1094","HB 1094","ENACTED","","","","Effective date 7/27/2025.","1","Walen","2025-01-13","2025-04-07","SFN,Loc","","0","0","0",""
"1094 / 5697","Social services/property tax","Providing a property tax exemption for property owned by a qualifying nonprofit organization and loaned, leased, or rented to and used by any government entity to provide character-building, benevolent, protective, or rehabilitative social services.","HB 1094","1094","SB 5697","RULES","","","S","By resolution, returned to Senate Rules Committee for third reading.","1","Slatter","2025-02-07","2025-04-27","SFN,Loc","","0","0","0",""
"1095","Law enforcement funding","Incentivizing cities and counties to attract and retain commissioned law enforcement officers.","","1095","HB 1095","COMMITTEE","FIN","true","H","First reading, referred to Finance.","1","Walen","2025-01-13","2025-01-13","SFN,Loc","","0","0","0","43.101.200|82.14"
"1096","Lot splitting","Increasing housing options through lot splitting.","E2SHB 1096","1096","HB 1096","SUBSTITUTED","","","H","2nd substitute bill substituted.","0","Barkis","2025-01-13","2025-03-06","SFN,Loc","","0","0","0",""
"1096","Lot splitting","Increasing housing options through lot splitting.","E2SHB 1096","1096","SHB 1096","SUBSTITUTED","","","H","2nd substitute bill substituted.","0","Barkis","2025-01-27","2025-03-06","SFN,Loc","","0","0","0",""
"1096","Lot splitting","Increasing housing options through lot splitting.","E2SHB 1096","1096","2SHB 1096","OTHER","","","H","","0","Barkis","2025-02-20","","SFN,Loc","","0","0","0","36.70a.635|58.17"
"1096","Lot splitting","Increasing housing options through lot splitting.","E2SHB 1096","1096","E2SHB 1096","ENACTED","","","","Effective date 7/27/2025.","1","Barkis","2025-02-20","2025-05-17","SFN,Loc","","0","0","0","36.70a.635|58.17"
"1097","Gov. services beyond UGA","Extending governmental services beyond the urban growth area in specific circumstances.","","1097","HB 1097","COMMITTEE","LG","true","H","First reading, referred to Local Government.","1","Low","2025-01-13","2025-01-13","SFN,Loc","","0","0","0",""
"1098 / 5544","County local roads","Concerning county local roads.","","1098","HB 1098","RULES","","","H","Returned to Rules Committee for second reading.","1","Low","2025-01-13","2025-03-19","SFN,Loc","","0","0","0",""
"1098 / 5544","County local roads","Concerning county local roads.","","1098","SB 5544","COMMITTEE","TRAN","true","S","First reading, referred to Transportation.","1","Liias","2025-01-28","2025-01-28","","","0","0","0",""
"1098","County local roads","Concerning county local roads.","","1098","SHB 1098","RULES","","","H","Returned to Rules Committee for second reading.","1","Low","2025-02-06","2025-03-19","","","0","0","0",""
"1099 / 5731","Tenant assistance program","Creating a tenant assistance program.","","1099","HB 1099","COMMITTEE","HSG","true","H","First reading, referred to Housing.","1","Low","2025-01-13","2025-01-13","SFN,Loc","","0","0","0","36.22.250|43.31|44.28"
"1099 / 5731","Tenant assistance program","Creating a tenant assistance program.","","1099","SB 5731","COMMITTEE","HSG","true","S","First reading, referred to Housing.","1","Goehner","2025-02-11","2025-02-11","SFN,Loc","","0","0","0","36.22.250|43.31|44.28"
"1100","Local sales and use tax","Creating a local sales and use tax.","","1100","HB 1100","COMMITTEE","FIN","true","H","First reading, referred to Finance.","1","Jacobsen","2025-01-13","2025-01-13","SFN,Loc","","0","0","0",""
"1101","Vehicular homicide offenses","Concerning vehicular homicide offenses.","","1101","HB 1101","COMMITTEE","APP","false","H","Referred to Appropriations.","1","Jacobsen","2025-01-13","2025-02-03","SFN,Loc","","0","0","0",""
"1101","Vehicular homicide offenses","Concerning vehicular homicide offenses.","","1101","SHB 1101","COMMITTEE","APP","false","H","Referred to Appropriations.","1","Jacobsen","2025-01-30","2025-02-03","","","0","0","0",""
"1102","Veteran support and services","Increasing support and services for veterans.","E2SHB 1102","1102","HB 1102","SUBSTITUTED","","","H","2nd substitute bill substituted.","0","Shavers","2025-01-13","2025-03-05","SFN","","0","0","0","43.60a|43.60a.230|43.60a.235"
"1102","Veteran support and services","Increasing support and services for veterans.","E2SHB 1102","1102","SHB 1102","SUBSTITUTED","","","H","2nd substitute bill substituted.","0","Shavers","2025-01-21","2025-03-05","SFN","","0","0","0","43.60a|43.60a.230"
"1102","Veteran support and services","Increasing support and services for veterans.","E2SHB 1102","1102","2SHB 1102","OTHER","","","H","","0","Shavers","2025-02-10","","SFN","","0","0","0","43.60a|43.60a.230"
"1102","Veteran support and services","Increasing support and services for veterans.","E2SHB 1102","1102","E2SHB 1102","ENACTED","","","","Effective date 7/1/2028.","1","Shavers","2025-02-10","2025-05-17","SFN","","0","0","0","43.60a|43.60a.230"
"1103","Unwanted calls & texts","Expanding protections against unwanted telephone calls and text messages for cellular users.","","1103","HB 1103","COMMITTEE","CPB","true","H","First reading, referred to Consumer Protection & Business.","1","Shavers","2025-01-13","2025-01-13","SFN","","0","0","0","19.190.010|19.190.060|80.36.390"
"1104 / 5090","Professional engineers' reg.","Updating the professional engineers' registration act.","","1104","HB 1104","RULES","","","H","Returned to Rules Committee for second reading.","1","Waters","2025-01-13","2025-03-19","SFN","D","0","0","0","18.43.020|18.43.030|18.43.033|18.43.035|18.43.040|18.43.050|18.43.060|18.43.070|18.43.080|18.43.130|18.43.150|18.43.170|18.43.200"
"1104 / 5090","Professional engineers' reg.","Updating the professional engineers' registration act.","","1104","SB 5090","RULES","","","S","Senate Rules ""X"" file.","1","Liias","2025-01-13","2025-03-17","SFN","D","0","0","0","18.43.020|18.43.030|18.43.033|18.43.035|18.43.040|18.43.050|18.43.060|18.43.070|18.43.080|18.43.130|18.43.150|18.43.170|18.43.200"
"1104","Professional engineers' reg.","Updating the professional engineers' registration act.","","1104","SHB 1104","RULES","","","H","Returned to Rules Committee for second reading.","1","Waters","2025-01-29","2025-03-19","SFN","D","0","0","0","18.43.020|18.43.030|18.43.033|18.43.035|18.43.040|18.43.050|18.43.060|18.43.070|18.43.080|18.43.130|18.43.150|18.43.170|18.43.200"
"1105 / 5433","DOC employee bargaining","Exempting exclusive bargaining representatives for department of corrections employees from certain provisions related to coalition bargaining.","","1105","HB 1105","SUBSTITUTED","","","H","1st substitute bill substituted.","0","Fosse","2025-01-13","2025-03-04","SFN","","0","0","0",""
"1105 / 5433","DOC employee bargaining","Exempting exclusive bargaining representatives for department of corrections employees from certain provisions related to coalition bargaining.","","1105","SB 5433","RULES","","","S","Senate Rules ""X"" file.","1","Ramos","2025-01-22","2025-03-17","SFN","","0","0","0",""
"1105","DOC employee bargaining","Exempting exclusive bargaining representatives for department of corrections employees from certain provisions related to coalition bargaining.","SHB 1105","1105","SHB 1105","ENACTED","","","","Effective date 7/27/2025.","1","Fosse","2025-02-13","2025-04-21","SFN","","0","0","0",""
"1106","Disabled veterans/prop. tax","Recognizing the tremendous sacrifices made by our military veterans by phasing down the disability rating requirements to ensure more disabled veterans are eligible for property tax relief.","EHB 1106","1106","HB 1106","FLOOR","","","H","","0","Barnard","2025-01-13","","SFN,Loc","","0","0","0",""
"1106","Disabled veterans/prop. tax","Recognizing the tremendous sacrifices made by our military veterans by phasing down the disability rating requirements to ensure more disabled veterans are eligible for property tax relief.","EHB 1106","1106","EHB 1106","ENACTED","","","","Effective date 7/27/2025.","1","Barnard","2025-01-13","2025-05-07","SFN,Loc","","0","0","0",""
"1107","Fashion environmental impact","Concerning environmental impacts of fashion.","","1107","HB 1107","COMMITTEE","E&E","true","H","First reading, referred to Environment & Energy.","1","Mena","2025-01-13","2025-01-13","SFN","","0","0","0","43.21b.110|43.21b.300|70a|70a.430.060"
"1108","Housing cost task force","Creating a task force on housing cost driver analysis.","","1108","HB 1108","SUBSTITUTED","","","H","2nd substitute bill substituted.","0","Klicker","2025-01-13","2025-03-11","SFN,Loc","","0","0","0",""
"1108","Housing cost task force","Creating a task force on housing cost driver analysis.","","1108","SHB 1108","SUBSTITUTED","","","H","2nd substitute bill substituted.","0","Klicker","2025-01-23","2025-03-11","SFN,Loc","","0","0","0",""
"1108","Housing cost task force","Creating a task force on housing cost driver analysis.","","1108","2SHB 1108","OTHER","","","H","","0","Klicker","2025-02-27","","SFN,Loc","","0","0","0",""
"1108","Housing cost task force","Creating a task force on housing cost driver analysis.","","1108","E2SHB 1108","VETOED","","","","Governor vetoed.","1","Klicker","2025-02-27","2025-05-20","SFN,Loc","","0","0","0",""
"1109","Public facilities districts","Concerning public facilities districts.","HB 1109","1109","HB 1109","ENACTED","","","","Effective date 7/27/2025.","1","Ryu","2025-01-13","2025-05-17","SFN,Loc","","0","0","0","82.14.390|82.14.485"
"1110","DUI conviction vacation","Vacating convictions for driving under the influence.","","1110","HB 1110","RULES","","","H","Referred to Rules 2 Review.","1","Ortiz-Self","2025-01-13","2025-02-20","SFN,Loc","","0","0","0",""
"1110","DUI conviction vacation","Vacating convictions for driving under the influence.","","1110","SHB 1110","RULES","","","H","Referred to Rules 2 Review.","1","Ortiz-Self","2025-02-17","2025-02-20","SFN,Loc","","0","0","0",""
"1111 / 5266","Early release petitions","Concerning the indeterminate sentence review board.","","1111","HB 1111","COMMITTEE","CS","true","H","First reading, referred to Community Safety.","1","Farivar","2025-01-13","2025-01-13","SFN","","0","0","0",""
"1111 / 5266","Early release petitions","Concerning the indeterminate sentence review board.","","1111","SB 5266","RULES","","","S","Senate Rules ""X"" file.","1","Frame","2025-01-14","2025-03-17","SFN","","0","0","0",""
"1112","Judges pro tempore/residency","Removing the city residency requirement for judges pro tempore in municipalities with a population of more than 400,000 inhabitants.","HB 1112","1112","HB 1112","ENACTED","","","","Effective date 7/27/2025.","1","Farivar","2025-01-13","2025-04-11","","","0","0","0",""
"1113","Misdemeanor dismissal","Concerning accountability and access to services for individuals charged with a misdemeanor.","","1113","HB 1113","SUBSTITUTED","","","H","1st substitute bill substituted.","0","Farivar","2025-01-13","2025-03-08","SFN,Loc","","0","0","0","10|46.20.270"
"1113","Misdemeanor dismissal","Concerning accountability and access to services for individuals charged with a misdemeanor.","","1113","SHB 1113","OTHER","","","H","","0","Farivar","2025-02-10","","SFN,Loc","","0","0","0","10|46.20.270"
"1113","Misdemeanor dismissal","Concerning accountability and access to services for individuals charged with a misdemeanor.","","1113","ESHB 1113","RULES","","","H","By resolution, returned to House Rules Committee for third reading.","1","Farivar","2025-02-10","2025-04-27","SFN,Loc","","0","0","0","10|46.20.270"
"1114","Respiratory care compact","Concerning the respiratory care interstate compact.","HB 1114","1114","HB 1114","ENACTED","","","","Effective date 7/27/2025.","1","Leavitt","2025-01-13","2025-04-16","SFN","","0","0","0",""
"1115 / 5111","Recording fees/escrow tax","Concerning the excise tax treatment of amounts received by title and escrow businesses from clients for remittance to a county filing office for the purpose of recording documents.","","1115","HB 1115","COMMITTEE","FIN","true","H","First reading, referred to Finance.","1","Tharinger","2025-01-13","2025-01-13","SFN,Loc","","0","0","0","82.04|82.04.050"
"1115 / 5111","Recording fees/escrow tax","Concerning the excise tax treatment of amounts received by title and escrow businesses from clients for remittance to a county filing office for the purpose of recording documents.","","1115","SB 5111","COMMITTEE","WM","true","S","First reading, referred to Ways & Means.","1","Chapman","2025-01-13","2025-01-13","SFN,Loc","","0","0","0","82.04|82.04.050"
"1116","Election day","Recognizing election day.","","1116","HB 1116","RULES","","","H","Referred to Rules 2 Review.","1","Mena","2025-01-13","2025-02-10","SFN","","0","0","0","1.16.050|29a.04"
"1116","Election day","Recognizing election day.","","1116","SHB 1116","RULES","","","H","Referred to Rules 2 Review.","1","Mena","2025-02-05","2025-02-10","SFN","","0","0","0","1.16.050|29a.04"
"1117","Motor vehicle emissions","Removing the delegation of authority related to California motor vehicle emissions standards to generate new transportation revenue for the state by reducing administration burdens on the government and the people.","","1117","HB 1117","COMMITTEE","E&E","true","H","First reading, referred to Environment & Energy.","1","Barkis","2025-01-13","2025-01-13","","","0","0","0","70a.15|70a.30.010|70a.30.030"
"1118","Firearm rights restoration","Concerning restoration of the right to possess a firearm.","","1118","HB 1118","COMMITTEE","CRJ","true","H","First reading, referred to Civil Rights & Judiciary.","1","Simmons","2025-01-13","2025-01-13","SFN,Loc","","0","0","0",""
"1119","Supervision compliance","Concerning supervision compliance credit.","ESHB 1119","1119","HB 1119","SUBSTITUTED","","","H","1st substitute bill substituted.","0","Goodman","2025-01-13","2025-04-18","SFN","D","0","0","0",""
"1119","Supervision compliance","Concerning supervision compliance credit.","ESHB 1119","1119","SHB 1119","OTHER","","","H","","0","Goodman","2025-02-20","","SFN","D","0","0","0",""
"1119","Supervision compliance","Concerning supervision compliance credit.","ESHB 1119","1119","ESHB 1119","ENACTED","","","","Effective date 7/27/2025.","1","Goodman","2025-02-20","2025-05-20","SFN","D","0","0","0",""
"1120 / 5517","School staff salary alloc.","Determining state allocations for school staff salaries.","","1120","HB 1120","COMMITTEE","APP","true","H","First reading, referred to Appropriations.","1","Shavers","2025-01-13","2025-01-13","SFN","O","0","0","0",""
"1120 / 5517","School staff salary alloc.","Determining state allocations for school staff salaries.","","1120","SB 5517","COMMITTEE","ELK12","true","S","First reading, referred to Early Learning & K-12 Education.","1","Cortes","2025-01-27","2025-01-27","SFN","O","0","0","0",""
"1121","Work restrictions/age 16, 17","Concerning restrictions on the working conditions and hours of sixteen- and seventeen-year olds.","SHB 1121","1121","HB 1121","SUBSTITUTED","","","H","1st substitute bill substituted.","0","McClintock","2025-01-13","2025-03-10","SFN","","0","0","0",""
"1121","Work restrictions/age 16, 17","Concerning restrictions on the working conditions and hours of sixteen- and seventeen-year olds.","SHB 1121","1121","SHB 1121","ENACTED","","","","Effective date 7/1/2026.","1","McClintock","2025-02-14","2025-04-21","SFN","","0","0","0",""
"1122 / 5346","Student mobile device use","Restricting mobile device usage by public school students.","","1122","HB 1122","COMMITTEE","ED","true","H","First reading, referred to Education.","1","McClintock","2025-01-13","2025-01-13","","","0","0","0",""
"1122 / 5346","Student mobile device use","Restricting mobile device usage by public school students.","","1122","SB 5346","COMMITTEE","ELK12","true","S","First reading, referred to Early Learning & K-12 Education.","1","Liias","2025-01-17","2025-01-17","","","0","0","0",""
"1123 / 5083","Health carrier reimbursement","Ensuring access to primary care, behavioral health, and affordable hospital services.","","1123","HB 1123","RULES","","","H","Referred to Rules 2 Review.","1","Macri","2025-01-13","2025-02-10","SFN","O","0","0","0",""
"1123 / 5083","Health carrier reimbursement","Ensuring access to primary care, behavioral health, and affordable hospital services.","","1123","SB 5083","SUBSTITUTED","","","S","2nd substitute bill substituted.","0","Robinson","2025-01-13","2025-03-11","SFN","O","0","0","0",""
"1123","Health carrier reimbursement","Ensuring access to primary care, behavioral health, and affordable hospital services.","","1123","SHB 1123","RULES","","","H","Referred to Rules 2 Review.","1","Macri","2025-02-05","2025-02-10","SFN","O","0","0","0",""
"1124 / 5112","Prescribing psychologists","Establishing a prescribing psychologist certification in Washington state.","","1124","HB 1124","COMMITTEE","HCW","true","H","First reading, referred to Health Care & Wellness.","1","Simmons","2025-01-13","2025-01-13","SFN","","0","0","0","18.64.011|18.79.260|18.83|18.83.010|18.83.035|18.83.050|18.83.080|18.83.090|69.50.101"
"1124 / 5112","Prescribing psychologists","Establishing a prescribing psychologist certification in Washington state.","","1124","SB 5112","RULES","","","S","Senate Rules ""X"" file.","1","Bateman","2025-01-13","2025-03-17","SFN","","0","0","0","18.64.011|18.79.260|18.83|18.83.010|18.83.035|18.83.050|18.83.080|18.83.090|69.50.101"
"1125 / 5269","Sentence modification","Providing judicial discretion to modify sentences in the interest of justice.","","1125","HB 1125","RULES","","","H","Returned to Rules Committee for second reading.","1","Simmons","2025-01-13","2025-03-19","SFN,Loc","","0","0","0","10.73.100|2.7|9.94a|9.94a.535"
"1125 / 5269","Sentence modification","Providing judicial discretion to modify sentences in the interest of justice.","","1125","SB 5269","COMMITTEE","L&J","true","S","First reading, referred to Law & Justice.","1","Frame","2025-01-14","2025-01-14","SFN,Loc","","0","0","0","10.73.100|2.7|9.94a|9.94a.535"
"1125","Sentence modification","Providing judicial discretion to modify sentences in the interest of justice.","","1125","SHB 1125","RULES","","","H","Returned to Rules Committee for second reading.","1","Simmons","2025-02-06","2025-03-19","SFN,Loc","","0","0","0","10.73.100|2.7|9.94a|9.94a.535|9.94a.701"
"1125","Sentence modification","Providing judicial discretion to modify sentences in the interest of justice.","","1125","2SHB 1125","RULES","","","H","Returned to Rules Committee for second reading.","1","Simmons","2025-02-27","2025-03-19","SFN,Loc","","0","0","0","10.73.100|9.94a|9.94a.535|9.94a.701"
"1126 / 5315","Local tax rate changes","Standardizing notification provisions relating to local tax rate changes and shared taxes administered by the department.","SB 5315","1126","HB 1126","RULES","","","H","By resolution, returned to House Rules Committee for third reading.","1","Walen","2025-01-13","2025-04-27","SFN,Loc","D","0","0","0","82.14.055|82.14.390|82.14.485"
"1126 / 5315","Local tax rate changes","Standardizing notification provisions relating to local tax rate changes and shared taxes administered by the department.","SB 5315","1126","SB 5315","ENACTED","","","","Effective date 7/27/2025.","1","Gildon","2025-01-16","2025-05-12","SFN,Loc","D","0","0","0","82.14.055|82.14.390|82.14.485"
"1127 / 5316","Unclaimed property","Modifying provisions of the revised uniform unclaimed property act.","","1127","HB 1127","RULES","","","H","Referred to Rules 2 Review.","1","Walen","2025-01-13","2025-02-20","SFN","D","0","0","0","18.39.370|63.3|63.30.010|63.30.040|63.30.050|63.30.090|63.30.230|63.30.240|63.30.280|63.30.300|63.30.330|63.30.340|63.30.360|63.30.410|63.30.420|63.30.460|63.30.550|63.30.650|63.30.670|63.30.680|63.30.690|63.30.730|63.30.740|63.30.790|63.30.820"
"1127 / 5316","Unclaimed property","Modifying provisions of the revised uniform unclaimed property act.","","1127","SB 5316","SUBSTITUTED","","","S","1st substitute bill substituted.","0","Harris","2025-01-16","2025-02-25","SFN","D","0","0","0","18.39.370|63.3|63.30.010|63.30.040|63.30.050|63.30.090|63.30.230|63.30.240|63.30.280|63.30.300|63.30.330|63.30.340|63.30.360|63.30.410|63.30.420|63.30.460|63.30.550|63.30.650|63.30.670|63.30.680|63.30.690|63.30.730|63.30.740|63.30.790|63.30.820"
"1127","Unclaimed property","Modifying provisions of the revised uniform unclaimed property act.","","1127","SHB 1127","RULES","","","H","Referred to Rules 2 Review.","1","Walen","2025-02-18","2025-02-20","SFN","D","0","0","0","18.39.370|63.3|63.30.010|63.30.040|63.30.050|63.30.090|63.30.120|63.30.230|63.30.240|63.30.280|63.30.300|63.30.330|63.30.340|63.30.360|63.30.410|63.30.420|63.30.460|63.30.550|63.30.650|63.30.670|63.30.680|63.30.690|63.30.730|63.30.740|63.30.790|63.30.820"
"1128 / 5062","Child care workforce board","Establishing a child care workforce standards board.","","1128","HB 1128","COMMITTEE","APP","false","H","Referred to Appropriations.","1","Fosse","2025-01-13","2025-02-12","SFN","","0","0","0",""
"1128 / 5062","Child care workforce board","Establishing a child care workforce standards board.","","1128","SB 5062","COMMITTEE","WM","false","S","Referred to Ways & Means.","1","Stanford","2025-01-13","2025-02-03","SFN","","0","0","0",""
"1128","Child care workforce board","Establishing a child care workforce standards board.","","1128","SHB 1128","COMMITTEE","APP","false","H","Referred to Appropriations.","1","Fosse","2025-02-07","2025-02-12","SFN","","0","0","0",""
"1129 / 5121","Fertility-related services","Concerning health plan coverage of fertility-related services.","","1129","HB 1129","COMMITTEE","APP","false","H","Referred to Appropriations.","1","Stonier","2025-01-13","2025-01-28","SFN","","0","0","0","41.05|48.43|74.09"
"1129 / 5121","Fertility-related services","Concerning health plan coverage of fertility-related services.","","1129","SB 5121","COMMITTEE","WM","false","S","Referred to Ways & Means.","1","Frame","2025-01-13","2025-02-21","SFN","","0","0","0","41.05|48.43|74.09"
"1129","Fertility-related services","Concerning health plan coverage of fertility-related services.","","1129","SHB 1129","COMMITTEE","APP","false","H","Referred to Appropriations.","1","Stonier","2025-01-24","2025-01-28","SFN","","0","0","0","41.05|48.43|74.09"
"1130","Dev. disabilities waiver use","Concerning utilization of developmental disabilities waivers.","HB 1130","1130","HB 1130","ENACTED","","","","Effective date 7/27/2025.","1","Farivar","2025-01-13","2025-05-12","SFN","","0","0","0",""
"1131","Clemency and pardons","Concerning clemency and pardons.","E2SHB 1131","1131","HB 1131","SUBSTITUTED","","","H","2nd substitute bill substituted.","0","Goodman","2025-01-13","2025-03-07","SFN","","0","0","0","9.94a|9.94a.501|9.94a.501|9.94a.565|9.94a.633|9.94a.728|9.94a.880|9.94a.885"
"1131","Clemency and pardons","Concerning clemency and pardons.","E2SHB 1131","1131","SHB 1131","SUBSTITUTED","","","H","2nd substitute bill substituted.","0","Goodman","2025-01-23","2025-03-07","SFN","","0","0","0","9.94a|9.94a.501|9.94a.501|9.94a.565|9.94a.633|9.94a.728|9.94a.880|9.94a.885"
"1131","Clemency and pardons","Concerning clemency and pardons.","E2SHB 1131","1131","2SHB 1131","OTHER","","","H","","0","Goodman","2025-02-20","","SFN","","0","0","0","9.94a|9.94a.501|9.94a.501|9.94a.565|9.94a.633|9.94a.728|9.94a.880|9.94a.885"
"1131","Clemency and pardons","Concerning clemency and pardons.","E2SHB 1131","1131","E2SHB 1131","ENACTED","","","","Effective date 7/27/2025*.","1","Goodman","2025-02-20","2025-05-20","SFN","","0","0","0","9.94a|9.94a.501|9.94a.501|9.94a.565|9.94a.633|9.94a.728|9.94a.880|9.94a.885"
"1132","Bulk firearm purchases","Enhancing public safety by limiting bulk purchases and transfers of firearms and ammunition.","","1132","HB 1132","RULES","","","H","Referred to Rules 2 Review.","1","Farivar","2025-01-13","2025-02-04","SFN,Loc","","0","0","0","7.80.120|9.41"
"1132","Bulk firearm purchases","Enhancing public safety by limiting bulk purchases and transfers of firearms and ammunition.","","1132","SHB 1132","RULES","","","H","Referred to Rules 2 Review.","1","Farivar","2025-01-31","2025-02-04","SFN,Loc","","0","0","0","9.41|9.41.110"
"1133","Sexually violent predators","Concerning sexually violent predators.","SHB 1133","1133","HB 1133","SUBSTITUTED","","","H","1st substitute bill substituted.","0","Leavitt","2025-01-13","2025-03-10","SFN,Loc","D","0","0","0","71.09|71.09.020|71.09.025|71.09.030|71.09.055|71.09.060|71.09.070|71.09.090|71.09.094|71.09.096|71.09.250|71.09.280|9.94a.717"
"1133","Sexually violent predators","Concerning sexually violent predators.","SHB 1133","1133","SHB 1133","ENACTED","","","","Effective date 7/27/2025.","1","Leavitt","2025-02-20","2025-04-16","SFN,Loc","D","0","0","0","71.09|71.09.025|9.94a.717"
"1134","Schools/resource conserv.","Promoting resource conservation practices in public schools.","","1134","HB 1134","COMMITTEE","ED","true","H","First reading, referred to Education.","1","Bergquist","2025-01-13","2025-01-13","","","0","0","0",""
"1135","Local government planning","Ensuring that local government planning complies with the growth management act.","ESHB 1135","1135","HB 1135","SUBSTITUTED","","","H","1st substitute bill substituted.","0","Duerr","2025-01-13","2025-03-04","SFN,Loc","","0","0","0","36.70a.302|36.70a.330"
"1135","Local government planning","Ensuring that local government planning complies with the growth management act.","ESHB 1135","1135","SHB 1135","OTHER","","","H","","0","Duerr","2025-02-12","","SFN,Loc","","0","0","0",""
"1135","Local government planning","Ensuring that local government planning complies with the growth management act.","ESHB 1135","1135","ESHB 1135","ENACTED","","","","Effective date 7/27/2025.","1","Duerr","2025-02-12","2025-04-07","SFN,Loc","","0","0","0",""
"1136","Student navigational support","Providing student navigational supports to increase postsecondary enrollment.","","1136","HB 1136","COMMITTEE","APP","false","H","Referred to Appropriations.","1","Leavitt","2025-01-13","2025-01-31","SFN","","0","0","0","28a.415|28b.50.940|28b.77"
"1136","Student navigational support","Providing student navigational supports to increase postsecondary enrollment.","","1136","SHB 1136","COMMITTEE","APP","false","H","Referred to Appropriations.","1","Leavitt","2025-01-28","2025-01-31","SFN","","0","0","0",""
"1137","DOC discipline","Establishing uniform policies and procedures within department of corrections facilities relating to disciplinary proceedings and administrative segregation.","","1137","HB 1137","COMMITTEE","APP","false","H","Referred to Appropriations.","1","Peterson","2025-01-13","2025-01-27","SFN","","0","0","0","72.09|72.09.015"
"1137","DOC discipline","Establishing uniform policies and procedures within department of corrections facilities relating to disciplinary proceedings and administrative segregation.","","1137","SHB 1137","COMMITTEE","APP","false","H","Referred to Appropriations.","1","Peterson","2025-01-23","2025-01-27","SFN","","0","0","0","72.09|72.09.015"
"1138","Criminal interview practices","Improving public safety by implementing evidence-based interview practices that increase the reliability of statements collected during criminal investigations.","","1138","HB 1138","COMMITTEE","CS","true","H","First reading, referred to Community Safety.","1","Peterson","2025-01-13","2025-01-13","SFN,Loc","","0","0","0","10|43.101"
"1139","Unlawful firearm possession","Promoting public safety and deterring unlawful firearm possession by increasing criminal penalties for unlawful possession of a firearm.","","1139","HB 1139","COMMITTEE","CS","true","H","First reading, referred to Community Safety.","1","Low","2025-01-13","2025-01-13","SFN,Loc","","0","0","0","10.31.100|9.94a.030|9.94a.515|9.94a.525"
"1140","K-12 scholarship program","Establishing empowerED scholarships using educational savings accounts.","","1140","HB 1140","COMMITTEE","ED","true","H","First reading, referred to Education.","1","Couture","2025-01-13","2025-01-13","SFN","","0","0","0","28a|28a.225.350|28b.77|43.79a.040|82"
"1141 / 5468","Ag. cannabis workers","Concerning collective bargaining for agricultural cannabis workers.","","1141","HB 1141","SUBSTITUTED","","","H","1st substitute bill substituted.","0","Ortiz-Self","2025-01-13","2025-03-11","SFN","","0","0","0",""
"1141 / 5468","Ag. cannabis workers","Concerning collective bargaining for agricultural cannabis workers.","","1141","SB 5468","COMMITTEE","L&C","true","S","First reading, referred to Labor & Commerce.","1","Stanford","2025-01-23","2025-01-23","SFN","","0","0","0",""
"1141","Ag. cannabis workers","Concerning collective bargaining for agricultural cannabis workers.","ESHB 1141","1141","SHB 1141","OTHER","","","H","","0","Ortiz-Self","2025-01-22","","SFN","","0","0","0",""
"1141","Ag. cannabis workers","Concerning collective bargaining for agricultural cannabis workers.","ESHB 1141","1141","ESHB 1141","ENACTED","","","","Effective date 7/27/2025.","1","Ortiz-Self","2025-01-22","2025-04-22","SFN","","0","0","0",""
"1142 / 5100","In-home care training","Standardizing basic training and certification requirements for long-term care workers who provide in-home care for their family members, including spouses or domestic partners.","","1142","HB 1142","SUBSTITUTED","","","H","1st substitute bill substituted.","0","Macri","2025-01-13","2025-02-06","SFN","D","0","0","0","18.88b.041|74.39a.076"
"1142 / 5100","In-home care training","Standardizing basic training and certification requirements for long-term care workers who provide in-home care for their family members, including spouses or domestic partners.","","1142","SB 5100","COMMITTEE","HLTC","true","S","First reading, referred to Health & Long-Term Care.","1","Bateman","2025-01-13","2025-01-13","SFN","D","0","0","0","18.88b.041|74.39a.076"
"1142","In-home care training","Standardizing basic training and certification requirements for long-term care workers who provide in-home care for their family members, including spouses or domestic partners.","SHB 1142","1142","SHB 1142","ENACTED","","","","Effective date 7/27/2025.","1","Macri","2025-01-28","2025-04-07","SFN","D","0","0","0","18.88b.041|74.39a.076"
"1143 / 5205","College grant award amounts","Concerning Washington college grant award amounts.","","1143","HB 1143","COMMITTEE","PEW","true","H","First reading, referred to Postsecondary Education & Workforce.","1","Mena","2025-01-13","2025-01-13","SFN","","0","0","0","28b.92|28b.92.030"
"1143 / 5205","College grant award amounts","Concerning Washington college grant award amounts.","","1143","SB 5205","COMMITTEE","WM","false","S","Referred to Ways & Means.","1","Conway","2025-01-13","2025-02-10","SFN","","0","0","0","28b.92|28b.92.030"
"1144","Superior court judge/Skagit","Adding an additional superior court judge in Skagit county.","","1144","HB 1144","RULES","","","H","Referred to Rules 2 Review.","1","Lekanoff","2025-01-13","2025-02-13","SFN","O","0","0","0",""
"1144","Superior court judge/Skagit","Adding an additional superior court judge in Skagit county.","","1144","SHB 1144","RULES","","","H","Referred to Rules 2 Review.","1","Lekanoff","2025-02-10","2025-02-13","","O","0","0","0",""
"1145","Public works reporting","Concerning county public works reporting requirements.","","1145","HB 1145","COMMITTEE","LG","true","H","First reading, referred to Local Government.","1","Barkis","2025-01-13","2025-01-13","Loc","","0","0","0",""
"1146","Voting in jails, hospitals","Improving access and removing barriers to voting in jails and state hospitals.","","1146","HB 1146","COMMITTEE","APP","false","H","Referred to Appropriations.","1","Simmons","2025-01-13","2025-02-12","SFN,Loc","D","0","0","0",""
"1146","Voting in jails, hospitals","Improving access and removing barriers to voting in jails and state hospitals.","","1146","SHB 1146","COMMITTEE","APP","false","H","Referred to Appropriations.","1","Simmons","2025-02-07","2025-02-12","SFN,Loc","D","0","0","0",""
"1147","Civic engage./state custody","Supporting civic engagement for incarcerated and institutionalized individuals in state custody to promote inclusion and rehabilitation.","","1147","HB 1147","COMMITTEE","APP","false","H","Referred to Appropriations.","1","Farivar","2025-01-13","2025-02-04","SFN,Loc","","0","0","0",""
"1147","Civic engage./state custody","Supporting civic engagement for incarcerated and institutionalized individuals in state custody to promote inclusion and rehabilitation.","","1147","SHB 1147","COMMITTEE","APP","false","H","Referred to Appropriations.","1","Farivar","2025-01-31","2025-02-04","SFN,Loc","","0","0","0",""
"1148","Youth athletics/sales tax","Exempting goods and services provided by youth athletic facilities from sales and use tax.","","1148","HB 1148","COMMITTEE","FIN","true","H","First reading, referred to Finance.","1","Schmidt","2025-01-13","2025-01-13","SFN,Loc","","0","0","0","82.08|82.12"
"1149 / 5376","Cruelty to animals","Preventing cruelty to animals.","","1149","HB 1149","SUBSTITUTED","","","H","1st substitute bill substituted.","0","Hackney","2025-01-13","2025-02-12","SFN,Loc","","0","0","0","16.52.011|16.52.085|16.52.100|16.52.117|16.52.200|16.52.207|9.94a.515"
"1149 / 5376","Cruelty to animals","Preventing cruelty to animals.","","1149","SB 5376","COMMITTEE","L&J","true","S","First reading, referred to Law & Justice.","1","Chapman","2025-01-20","2025-01-20","","","0","0","0","16.52.011|16.52.085|16.52.100|16.52.117|16.52.200|16.52.207|9.94a.515"
"1149","Cruelty to animals","Preventing cruelty to animals.","ESHB 1149","1149","SHB 1149","OTHER","","","H","","0","Hackney","2025-01-16","","SFN,Loc","","0","0","0","16.52.011|16.52.085|16.52.100|16.52.117|16.52.200|16.52.207|9.94a.515"
"1149","Cruelty to animals","Preventing cruelty to animals.","ESHB 1149","1149","ESHB 1149","ENACTED","","","","Effective date 7/27/2025.","1","Hackney","2025-01-16","2025-05-12","SFN,Loc","","0","0","0","16.52.011|16.52.085|16.52.100|16.52.117|16.52.200|16.52.207|9.94a.515"
"1150 / 5284","Solid waste management","Improving Washington's solid waste management outcomes.","","1150","HB 1150","RULES","","","H","Referred to Rules 2 Review.","1","Berry","2025-01-13","2025-02-28","SFN,Loc","","0","0","0","43.21b.110|43.21b.300|49.46|49.48.082|70a|70a.205.045|70a.205.500|81.77.030|81.77.160|81.77.185"
"1150 / 5284","Solid waste management","Improving Washington's solid waste management outcomes.","","1150","SB 5284","SUBSTITUTED","","","S","2nd substitute bill substituted.","0","Lovelett","2025-01-15","2025-03-07","SFN,Loc","","0","0","0","43.21b.110|43.21b.300|49.46|49.48.082|70a|70a.205.045|70a.205.500|81.77.030|81.77.160|81.77.185"
"1150","Solid waste management","Improving Washington's solid waste management outcomes.","","1150","SHB 1150","RULES","","","H","Referred to Rules 2 Review.","1","Berry","2025-02-11","2025-02-28","SFN,Loc","","0","0","0","43.21b.110|43.21b.300|49.46|49.48.082|70a|70a.205.045|70a.205.500|70a.245.100|81.77.030|81.77.160|81.77.185"
"1150","Solid waste management","Improving Washington's solid waste management outcomes.","","1150","2SHB 1150","RULES","","","H","Referred to Rules 2 Review.","1","Berry","2025-02-26","2025-02-28","SFN,Loc","","0","0","0","43.21b.110|43.21b.300|49.46|49.48.082|70a|70a.205.045|70a.205.500|70a.245.100|81.77.030|81.77.160|81.77.185"
"1151 / 5210","Ninth grade success grants","Establishing the ninth grade success grant program.","","1151","HB 1151","COMMITTEE","APP","true","H","First reading, referred to Appropriations.","1","Steele","2025-01-13","2025-01-13","","","0","0","0",""
"1151 / 5210","Ninth grade success grants","Establishing the ninth grade success grant program.","","1151","SB 5210","COMMITTEE","WM","false","S","Referred to Ways & Means.","1","Liias","2025-01-13","2025-02-05","SFN","","0","0","0",""
"1152","Firearm storage","Enhancing public safety by establishing secure storage requirements for firearms in vehicles and residences.","","1152","HB 1152","RULES","","","H","Referred to Rules 2 Review.","1","Doglio","2025-01-13","2025-02-04","SFN,Loc","","0","0","0","43.330a.020|9.41|9.41.050|9.41.360"
"1153","Urban forest management","Concerning urban forest management ordinances.","","1153","HB 1153","COMMITTEE","AGNR","true","H","First reading, referred to Agriculture & Natural Resources.","1","Duerr","2025-01-13","2025-01-13","SFN,Loc","","0","0","0","76.15.010|76.15.110"
"1154","Solid waste handling","Ensuring environmental and public health protection from solid waste handling facility operations.","2SHB 1154","1154","HB 1154","SUBSTITUTED","","","H","2nd substitute bill substituted.","0","Duerr","2025-01-13","2025-03-05","SFN,Loc","","0","0","0","70a.205|70a.205.125|70a.205.130|70a.205.135|70a.205.140"
"1154","Solid waste handling","Ensuring environmental and public health protection from solid waste handling facility operations.","2SHB 1154","1154","SHB 1154","SUBSTITUTED","","","H","2nd substitute bill substituted.","0","Duerr","2025-01-27","2025-03-05","SFN,Loc","","0","0","0","43.21b.110|70a.205|70a.205.125|70a.205.130|70a.205.135|70a.205.140"
"1154","Solid waste handling","Ensuring environmental and public health protection from solid waste handling facility operations.","2SHB 1154","1154","2SHB 1154","ENACTED","","","","Effective date 7/27/2025.","1","Duerr","2025-02-20","2025-05-17","SFN,Loc","","0","0","0","43.21b.110|70a.205|70a.205.125|70a.205.130|70a.205.135|70a.205.140"
"1155 / 5437","Noncompetition agreements","Prohibiting noncompetition agreements and clarifying nonsolicitation agreements.","","1155","HB 1155","RULES","","","H","Returned to Rules Committee for second reading.","1","Berry","2025-01-13","2025-03-19","SFN","","0","0","0","49.44.190|49.62.005|49.62.010|49.62.020|49.62.030|49.62.040|49.62.080|49.62.090|49.62.100"
"1155 / 5437","Noncompetition agreements","Prohibiting noncompetition agreements and clarifying nonsolicitation agreements.","","1155","SB 5437","COMMITTEE","L&C","true","S","First reading, referred to Labor & Commerce.","1","Stanford","2025-01-22","2025-01-22","SFN","","0","0","0","49.44.190|49.62.005|49.62.010|49.62.020|49.62.030|49.62.040|49.62.080|49.62.090|49.62.100"
"1155","Noncompetition agreements","Prohibiting noncompetition agreements and clarifying nonsolicitation agreements.","","1155","SHB 1155","RULES","","","H","Returned to Rules Committee for second reading.","1","Berry","2025-02-07","2025-03-19","SFN","","0","0","0","49.44.190|49.62.005|49.62.010|49.62.020|49.62.030|49.62.040|49.62.080|49.62.090|49.62.100"
"1156","Volunteer firefighters/DCP","Concerning volunteer firefighter participation in the state deferred compensation program.","HB 1156","1156","HB 1156","ENACTED","","","","Effective date 7/27/2025.","1","Steele","2025-01-13","2025-04-16","SFN","","0","0","0",""
"1157","Vital records family access","Authorizing access to certifications of birth and death to additional family members.","HB 1157","1157","HB 1157","ENACTED","","","","Effective date 7/27/2025.","1","Steele","2025-01-13","2025-04-11","","","0","0","0",""
"1158 / 5428","Community inclusion services","Improving community inclusion services for individuals with developmental disabilities.","","1158","HB 1158","COMMITTEE","ELHS","true","H","First reading, referred to Early Learning & Human Services.","1","Leavitt","2025-01-13","2025-01-13","SFN,Loc","","0","0","0","18.88b.041|71a.10.020|71a.12|71a.12.110|71a.12.290|71a.14.060"
"1158 / 5428","Community inclusion services","Improving community inclusion services for individuals with developmental disabilities.","","1158","SB 5428","COMMITTEE","HS","true","S","First reading, referred to Human Services.","1","Harris","2025-01-22","2025-01-22","SFN,Loc","","0","0","0","18.88b.041|71a.10.020|71a.12|71a.12.110|71a.12.290|71a.14.060"
"1159","Control. subst. endangerment","Concerning the crime of endangerment with a controlled substance.","","1159","HB 1159","COMMITTEE","CS","true","H","First reading, referred to Community Safety.","1","Leavitt","2025-01-13","2025-01-13","","","0","0","0","9a.42.010|9a.42.100"
"1160","Local gov. design review","Concerning local government design review.","","1160","HB 1160","RULES","","","H","Returned to Rules Committee for second reading.","1","Walen","2025-01-13","2025-03-19","SFN,Loc","","0","0","0","36.70a.630|36.70a.635|36.70b.020"
"1160","Local gov. design review","Concerning local government design review.","","1160","SHB 1160","RULES","","","H","Returned to Rules Committee for second reading.","1","Walen","2025-02-05","2025-03-19","","","0","0","0","36.70a.030|36.70a.630|36.70a.635|36.70b.020"
"1161","Veteran employability","Establishing the veteran employability training and career advancement for reentry program.","","1161","HB 1161","COMMITTEE","APP","false","H","Referred to Appropriations.","1","Ryu","2025-01-13","2025-01-24","SFN","","0","0","0",""
"1161","Veteran employability","Establishing the veteran employability training and career advancement for reentry program.","","1161","SHB 1161","COMMITTEE","APP","false","H","Referred to Appropriations.","1","Ryu","2025-01-21","2025-01-24","SFN","","0","0","0",""
"1162 / 5162","Health care work violence","Concerning workplace violence in health care settings.","","1162","HB 1162","SUBSTITUTED","","","H","2nd substitute bill substituted.","0","Leavitt","2025-01-13","2025-03-05","SFN,Loc","","0","0","0","49.19|49.19.020"
"1162 / 5162","Health care work violence","Concerning workplace violence in health care settings.","","1162","SB 5162","COMMITTEE","L&C","true","S","First reading, referred to Labor & Commerce.","1","Lovick","2025-01-13","2025-01-13","SFN,Loc","","0","0","0","49.19|49.19.020"
"1162","Health care work violence","Concerning workplace violence in health care settings.","2SHB 1162","1162","SHB 1162","SUBSTITUTED","","","H","2nd substitute bill substituted.","0","Leavitt","2025-01-22","2025-03-05","SFN,Loc","","0","0","0","49.19|49.19.020"
"1162","Health care work violence","Concerning workplace violence in health care settings.","2SHB 1162","1162","2SHB 1162","ENACTED","","","","Effective date 1/1/2026.","1","Leavitt","2025-02-25","2025-05-17","SFN,Loc","","0","0","0","49.19|49.19.020"
"1163 / 5140","Firearm purchase","Enhancing requirements relating to the purchase, transfer, and possession of firearms.","","1163","HB 1163","SUBSTITUTED","","","H","2nd substitute bill substituted.","0","Berry","2025-01-13","2025-03-07","SFN,Loc","","0","0","0","43.43|43.43.580|43.43.590|7.105.350|9.41|9.41.047|9.41.070|9.41.075|9.41.090|9.41.097|9.41.0975|9.41.110|9.41.1132|9.41.129|9.41.270"
"1163 / 5140","Firearm purchase","Enhancing requirements relating to the purchase, transfer, and possession of firearms.","","1163","SB 5140","COMMITTEE","L&J","true","S","First reading, referred to Law & Justice.","1","Liias","2025-01-13","2025-01-13","SFN,Loc","","0","0","0","43.43|43.43.580|43.43.590|7.105.350|9.41|9.41.047|9.41.070|9.41.075|9.41.090|9.41.097|9.41.0975|9.41.110|9.41.1132|9.41.129|9.41.270"
"1163","Firearm purchase","Enhancing requirements relating to the purchase, transfer, and possession of firearms.","E2SHB 1163","1163","SHB 1163","SUBSTITUTED","","","H","2nd substitute bill substituted.","0","Berry","2025-01-31","2025-03-07","SFN,Loc","","0","0","0","43.43|43.43.580|43.43.590|7.105.350|9.41|9.41.047|9.41.070|9.41.075|9.41.090|9.41.097|9.41.0975|9.41.110|9.41.1132|9.41.129|9.41.270"
"1163","Firearm purchase","Enhancing requirements relating to the purchase, transfer, and possession of firearms.","E2SHB 1163","1163","2SHB 1163","OTHER","","","H","","0","Berry","2025-02-27","","SFN,Loc","","0","0","0","43.43|43.43.580|43.43.590|7.105.350|9.41|9.41.047|9.41.070|9.41.075|9.41.090|9.41.097|9.41.0975|9.41.110|9.41.1132|9.41.129|9.41.270"
"1163","Firearm purchase","Enhancing requirements relating to the purchase, transfer, and possession of firearms.","E2SHB 1163","1163","E2SHB 1163","ENACTED","","","","Effective date 5/1/2027*.","1","Berry","2025-02-27","2025-05-20","SFN,Loc","","0","0","0","43.43|43.43.580|43.43.590|7.105.350|9.41|9.41.047|9.41.070|9.41.075|9.41.090|9.41.097|9.41.0975|9.41.110|9.41.1132|9.41.129|9.41.270"
"1164","Urban growth area boundaries","Expanding urban growth area boundaries for residential development.","","1164","HB 1164","COMMITTEE","LG","true","H","First reading, referred to Local Government.","1","Connors","2025-01-13","2025-01-13","SFN,Loc","","0","0","0","36.70a|36.70a.110|36.70a.130"
"1165","Property tax exemptions","Expanding access to the property tax exemption program for seniors, people retired due to disability, and veterans with disabilities.","","1165","HB 1165","COMMITTEE","FIN","true","H","First reading, referred to Finance.","1","Shavers","2025-01-13","2025-01-13","SFN,Loc","","0","0","0",""
"1166","DOC reentry education","Establishing the providing effective education for reentry success act.","","1166","HB 1166","COMMITTEE","PEW","true","H","First reading, referred to Postsecondary Education & Workforce.","1","Shavers","2025-01-13","2025-01-13","SFN","","0","0","0","28b.50|72.09.460|72.09.465|72.09.480"
"1167","Maritime careers task force","Directing the statewide career and technical education task force to consider educational opportunities for careers in maritime professions.","HB 1167","1167","HB 1167","ENACTED","","","","Effective date 7/27/2025.","1","Shavers","2025-01-13","2025-05-13","SFN","","0","0","0",""
"1168","Artificial intelligence info","Increasing transparency in artificial intelligence.","","1168","HB 1168","COMMITTEE","APP","false","H","Referred to Appropriations.","1","Shavers","2025-01-13","2025-01-31","SFN","","0","0","0",""
"1168","Artificial intelligence info","Increasing transparency in artificial intelligence.","","1168","SHB 1168","COMMITTEE","APP","false","H","Referred to Appropriations.","1","Shavers","2025-01-28","2025-01-31","SFN","","0","0","0",""
"1169 / 5105","Fabricated depictions/minors","Concerning offenses involving fabricated depictions of minors.","","1169","HB 1169","COMMITTEE","CS","true","H","First reading, referred to Community Safety.","1","Leavitt","2025-01-13","2025-01-13","","","0","0","0","9.68a.011|9.68a.050|9.68a.053|9.68a.060|9.68a.070|9.68a.075|9.68a.110"
"1169 / 5105","Fabricated depictions/minors","Concerning offenses involving fabricated depictions of minors.","","1169","SB 5105","SUBSTITUTED","","","S","1st substitute bill substituted.","0","Orwall","2025-01-13","2025-02-05","SFN,Loc","","0","0","0","9.68a.011|9.68a.050|9.68a.053|9.68a.060|9.68a.070|9.68a.075|9.68a.110"
"1170","AI content notices","Informing users when content is developed or modified by artificial intelligence.","","1170","HB 1170","RULES","","","H","Referred to Rules 2 Review.","1","Shavers","2025-01-13","2025-01-31","SFN","","0","0","0",""
"1170","AI content notices","Informing users when content is developed or modified by artificial intelligence.","","1170","SHB 1170","RULES","","","H","Referred to Rules 2 Review.","1","Shavers","2025-01-28","2025-01-31","SFN","","0","0","0",""
"1171","Mandated reporting/higher ed","Exempting attorney higher education employees from certain mandated reporting of child abuse and neglect.","SHB 1171","1171","HB 1171","SUBSTITUTED","","","H","1st substitute bill substituted.","0","Pollet","2025-01-13","2025-03-03","SFN","","0","0","0",""
"1171","Mandated reporting/higher ed","Exempting attorney higher education employees from certain mandated reporting of child abuse and neglect.","SHB 1171","1171","SHB 1171","ENACTED","","","","Effective date 7/27/2025.","1","Pollet","2025-02-14","2025-04-30","","","0","0","0",""
"1172 / 5172","Fire district civil service","Concerning fire protection district civil service systems.","HB 1172","1172","HB 1172","ENACTED","","","","Effective date 7/27/2025.","1","Schmidt","2025-01-13","2025-04-11","SFN,Loc","","0","0","0",""
"1172 / 5172","Fire district civil service","Concerning fire protection district civil service systems.","HB 1172","1172","SB 5172","RULES","","","S","By resolution, returned to Senate Rules Committee for third reading.","1","Christian","2025-01-13","2025-04-27","","","0","0","0",""
"1173","High-hazard facility wages","Concerning wages for journeypersons in high-hazard facilities.","","1173","HB 1173","FLOOR","","","H","","0","Bronoske","2025-01-13","","SFN","","0","0","0","49.80.010|49.80.040"
"1173 / 5447","High-hazard facility wages","Concerning wages for journeypersons in high-hazard facilities.","EHB 1173","1173","EHB 1173","ENACTED","","","","Effective date 1/1/2026.","1","Bronoske","2025-01-13","2025-05-09","SFN","","0","0","0","49.80.010|49.80.040"
"1173 / 5447","High-hazard facility wages","Concerning wages for journeypersons in high-hazard facilities.","EHB 1173","1173","SB 5447","COMMITTEE","L&C","true","S","First reading, referred to Labor & Commerce.","1","Saldaña","2025-01-23","2025-01-23","SFN","","0","0","0",""
"1174","Court interpreters","Concerning court interpreters.","E2SHB 1174","1174","HB 1174","SUBSTITUTED","","","H","2nd substitute bill substituted.","0","Peterson","2025-01-13","2025-03-05","SFN,Loc","O","0","0","0","13.04.043|2.42.120|2.43|2.43.010|2.43.020|2.43.030|2.43.040|2.43.040|2.43.050|2.43.060|2.43.070|2.43.080|2.43.080|2.43.090|2.56.030|7.105.245"
"1174","Court interpreters","Concerning court interpreters.","E2SHB 1174","1174","SHB 1174","SUBSTITUTED","","","H","2nd substitute bill substituted.","0","Peterson","2025-02-14","2025-03-05","SFN,Loc","O","0","0","0","13.04.043|2.42.120|2.43|2.43.010|2.43.020|2.43.030|2.43.040|2.43.040|2.43.050|2.43.060|2.43.070|2.43.080|2.43.080|2.43.090|2.56.030|7.105.245"
"1174","Court interpreters","Concerning court interpreters.","E2SHB 1174","1174","2SHB 1174","OTHER","","","H","","0","Peterson","2025-02-28","","SFN,Loc","O","0","0","0","13.04.043|2.42.120|2.43|2.43.010|2.43.020|2.43.030|2.43.040|2.43.040|2.43.050|2.43.060|2.43.070|2.43.080|2.43.080|2.43.090|2.56.030|7.105.245"
"1174","Court interpreters","Concerning court interpreters.","E2SHB 1174","1174","E2SHB 1174","ENACTED","","","","Effective date 7/27/2025.","1","Peterson","2025-02-28","2025-04-16","SFN,Loc","O","0","0","0","13.04.043|2.42.120|2.43|2.43.010|2.43.020|2.43.030|2.43.040|2.43.040|2.43.050|2.43.060|2.43.070|2.43.080|2.43.080|2.43.090|2.56.030|7.105.245"
"1175","Small businesses/residential","Allowing small business establishments in residential zones.","","1175","HB 1175","RULES","","","H","Returned to Rules Committee for second reading.","1","Klicker","2025-01-13","2025-03-19","SFN,Loc","","0","0","0","35.21|35a.21"
"1175","Small businesses/residential","Allowing small business establishments in residential zones.","","1175","SHB 1175","RULES","","","H","Returned to Rules Committee for second reading.","1","Klicker","2025-01-24","2025-03-19","SFN,Loc","","0","0","0","35.21|35a.21"
"1175","Small businesses/residential","Allowing small business establishments in residential zones.","","1175","2SHB 1175","RULES","","","H","Returned to Rules Committee for second reading.","1","Klicker","2025-02-25","2025-03-19","SFN,Loc","","0","0","0","35.21|35a.21|43.21c.450"
"1176","Health care/minors","Concerning greater consistency in the provision of health care services for minors under the age of 17.","","1176","HB 1176","COMMITTEE","HCW","true","H","First reading, referred to Health Care & Wellness.","1","Walsh","2025-01-13","2025-01-13","","","0","0","0","26.28|70.24.110|71.34.500|71.34.510|71.34.520|71.34.530|9.02"
"1177 / 5508","Child welfare housing assist","Concerning the child welfare housing assistance program.","","1177","HB 1177","SUBSTITUTED","","","H","1st substitute bill substituted.","0","Ortiz-Self","2025-01-13","2025-03-03","SFN","","0","0","0","13.34.030|74.13.802"
"1177 / 5508","Child welfare housing assist","Concerning the child welfare housing assistance program.","","1177","SB 5508","COMMITTEE","WM","false","S","Referred to Ways & Means.","1","Krishnadasan","2025-01-27","2025-02-13","SFN","","0","0","0","13.34.030|74.13.802"
"1177","Child welfare housing assist","Concerning the child welfare housing assistance program.","SHB 1177","1177","SHB 1177","ENACTED","","","","Effective date 7/27/2025.","1","Ortiz-Self","2025-01-31","2025-04-25","SFN","","0","0","0",""
"1178","Sentencing enhancements","Concerning sentencing enhancements.","","1178","HB 1178","RULES","","","H","Returned to Rules Committee for second reading.","1","Goodman","2025-01-13","2025-03-19","SFN,Loc","","0","0","0","10.01.210|69.50.435|72.01.410|9.94a.030|9.94a.533|9.94a.599|9.94a.729|9.94a.833"
"1178","Sentencing enhancements","Concerning sentencing enhancements.","","1178","SHB 1178","RULES","","","H","Returned to Rules Committee for second reading.","1","Goodman","2025-02-06","2025-03-19","SFN,Loc","","0","0","0","10.01.210|69.50.435|72.01.410|9.94a.030|9.94a.533|9.94a.599|9.94a.729|9.94a.833"
"1179","Property tax value freeze","Providing a property tax valuation freeze for senior citizens and disabled veterans.","","1179","HB 1179","COMMITTEE","FIN","true","H","First reading, referred to Finance.","1","Volz","2025-01-13","2025-01-13","SFN,Loc","","0","0","0",""
"1180","Sex offender failure to reg.","Implementing certain recommendations from the sex offender policy board concerning the criminal offense of failure to register.","","1180","HB 1180","RULES","","","H","Referred to Rules 2 Review.","1","Farivar","2025-01-13","2025-02-20","SFN,Loc","","0","0","0","72.09.270|9.94a.030|9.94a.515|9.94a.701|9a.44|9a.44.132|9a.44.140|9a.44.144"
"1180","Sex offender failure to reg.","Implementing certain recommendations from the sex offender policy board concerning the criminal offense of failure to register.","","1180","SHB 1180","RULES","","","H","Referred to Rules 2 Review.","1","Farivar","2025-02-17","2025-02-20","SFN,Loc","","0","0","0","72.09.270|9.94a.030|9.94a.501|9.94a.501|9.94a.515|9.94a.701|9.94a.702|9a.44.132"
"1181","Labor standards","Concerning labor standards and the Washington minimum wage act.","","1181","HB 1181","COMMITTEE","LWS","true","H","First reading, referred to Labor & Workplace Standards.","1","Mena","2025-01-13","2025-01-13","SFN,Loc","","0","0","0","49.46|49.46.010|49.46.020|49.46.180|49.46.200|49.46.210|49.46.300"
"1182","Parks & rec./interest arb.","Granting interest arbitration to certain parks and recreation commission employees.","","1182","HB 1182","COMMITTEE","APP","false","H","Referred to Appropriations.","1","Paul","2025-01-13","2025-02-05","SFN","","0","0","0",""
"1182","Parks & rec./interest arb.","Granting interest arbitration to certain parks and recreation commission employees.","","1182","SHB 1182","COMMITTEE","APP","false","H","Referred to Appropriations.","1","Paul","2025-01-31","2025-02-05","SFN","","0","0","0",""
"1183","Building codes","Concerning building code and development regulation reform.","2SHB 1183","1183","HB 1183","SUBSTITUTED","","","H","2nd substitute bill substituted.","0","Duerr","2025-01-13","2025-03-11","SFN,Loc","","0","0","0","19.27.042|35.21.990|35a.21.440|36.70a|36.70a.620"
"1183","Building codes","Concerning building code and development regulation reform.","2SHB 1183","1183","SHB 1183","SUBSTITUTED","","","H","2nd substitute bill substituted.","0","Duerr","2025-01-24","2025-03-11","SFN,Loc","","0","0","0","35.21.990|35a.21.440|36.70a|36.70a.620|70.87.030"
"1183","Building codes","Concerning building code and development regulation reform.","2SHB 1183","1183","2SHB 1183","ENACTED","","","","Effective date 7/27/2025.","1","Duerr","2025-02-25","2025-04-22","SFN,Loc","","0","0","0","35.21.990|35a.21.440|36.70a|36.70a.620"
"1184","Overtime exemption","Creating a narrow exemption from overtime provisions for certain nonprofits and small businesses.","","1184","HB 1184","COMMITTEE","LWS","true","H","First reading, referred to Labor & Workplace Standards.","1","Schmidt","2025-01-13","2025-01-13","SFN","","0","0","0",""
"1185","Correctional industries comm","Concerning membership on the correctional industries advisory committee.","EHB 1185","1185","HB 1185","FLOOR","","","H","","0","Fosse","2025-01-13","","SFN","","0","0","0",""
"1185","Correctional industries comm","Concerning membership on the correctional industries advisory committee.","EHB 1185","1185","EHB 1185","ENACTED","","","","Effective date 7/27/2025.","1","Fosse","2025-01-13","2025-04-30","SFN","","0","0","0",""
"1186","Medication dispensing","Expanding the situations in which medications can be dispensed or delivered from hospitals and health care entities.","SHB 1186","1186","HB 1186","SUBSTITUTED","","","H","1st substitute bill substituted.","0","Parshley","2025-01-13","2025-03-04","SFN,Loc","","0","0","0","18.64.450|70.41.480"
"1186","Medication dispensing","Expanding the situations in which medications can be dispensed or delivered from hospitals and health care entities.","SHB 1186","1186","SHB 1186","ENACTED","","","","Effective date 7/27/2025.","1","Parshley","2025-01-31","2025-05-12","","","0","0","0","18.64.450|70.41.480"
"1187","Delayed ambulance bills","Protecting patients involved in motor vehicle accidents from delayed ambulance bills.","","1187","HB 1187","RULES","","","H","Returned to Rules Committee for second reading.","1","Ryu","2025-01-13","2025-03-19","SFN,Loc","","0","0","0","18.73|43.7"
"1187","Delayed ambulance bills","Protecting patients involved in motor vehicle accidents from delayed ambulance bills.","","1187","SHB 1187","RULES","","","H","Returned to Rules Committee for second reading.","1","Ryu","2025-02-19","2025-03-19","SFN,Loc","","0","0","0","18.73|48.02"
"1188","Wind & solar siting approval","Requiring local government and tribal approval of wind and solar siting recommendations by the energy facility site evaluation council.","","1188","HB 1188","COMMITTEE","E&E","true","H","First reading, referred to Environment & Energy.","1","Dye","2025-01-13","2025-01-13","SFN","","0","0","0",""
"1189","School volunteers/conviction","Addressing parental involvement through volunteering in schools after a criminal conviction.","","1189","HB 1189","COMMITTEE","ED","true","H","First reading, referred to Education.","1","Simmons","2025-01-13","2025-01-13","SFN","","0","0","0","28a.320|28a.320.155|28a.400.303"
"1190","UW health sciences library","Allowing additional health professions to access the University of Washington health sciences library.","HB 1190","1190","HB 1190","ENACTED","","","","Effective date 7/27/2025.","1","Marshall","2025-01-13","2025-04-07","SFN","","0","0","0",""
"1191","Manufactured home titles","Concerning removing vehicle titles from manufactured homes.","EHB 1191","1191","HB 1191","FLOOR","","","H","","0","Connors","2025-01-13","","SFN","","0","0","0","65.20.020|65.20.030|65.20.050|65.20.060|65.20.070"
"1191","Manufactured home titles","Concerning removing vehicle titles from manufactured homes.","EHB 1191","1191","EHB 1191","ENACTED","","","","Effective date 10/15/2025.","1","Connors","2025-01-13","2025-04-11","SFN","","0","0","0","65.20.020|65.20.030|65.20.050|65.20.060|65.20.070"
"1192","DOC disciplinary hearings","Concerning disciplinary hearings held by the department of corrections.","","1192","HB 1192","COMMITTEE","APP","false","H","Referred to Appropriations.","1","Simmons","2025-01-13","2025-02-19","SFN","","0","0","0","72.09|72.09.130|9.94a.737"
"1192","DOC disciplinary hearings","Concerning disciplinary hearings held by the department of corrections.","","1192","SHB 1192","COMMITTEE","APP","false","H","Referred to Appropriations.","1","Simmons","2025-01-23","2025-02-19","SFN","","0","0","0","72.09|72.09.130|9.94a.737"
"1193","Child welfare workers","Increasing protections for child welfare workers.","","1193","HB 1193","COMMITTEE","CS","true","H","First reading, referred to Community Safety.","1","Couture","2025-01-13","2025-01-13","","","0","0","0","74.14b|74.14b.005|74.14b.010|9a.36.031"
"1194 / 5127","Collector vehicle licenses","Creating additional requirements for collector vehicle and horseless carriage license plates to improve compliance and public safety.","","1194","HB 1194","COMMITTEE","TRAN","true","H","First reading, referred to Transportation.","1","Goodman","2025-01-13","2025-01-13","SFN,Loc","D","0","0","0","46.04.199|46.18.220|46.18.255|46.30.020"
"1194 / 5127","Collector vehicle licenses","Creating additional requirements for collector vehicle and horseless carriage license plates to improve compliance and public safety.","","1194","SB 5127","SUBSTITUTED","","","S","1st substitute bill substituted.","0","Lovick","2025-01-13","2025-03-03","SFN,Loc","D","0","0","0","46.04.199|46.18.220|46.18.255|46.30.020"
"1195 / 5497","Housing & shelters","Concerning compliance with siting, development permit processes and standards, and requirements for permanent supportive housing, transitional housing, indoor emergency housing, or indoor emergency shelters.","","1195","HB 1195","RULES","","","H","Returned to Rules Committee for second reading.","1","Peterson","2025-01-13","2025-03-19","SFN,Loc","","0","0","0","35.21.683|35a.21.430|36.70a|43.33"
"1195 / 5497","Housing & shelters","Concerning compliance with siting, development permit processes and standards, and requirements for permanent supportive housing, transitional housing, indoor emergency housing, or indoor emergency shelters.","","1195","SB 5497","COMMITTEE","HSG","true","S","First reading, referred to Housing.","1","Alvarado","2025-01-27","2025-01-27","SFN,Loc","","0","0","0","35.21.683|35a.21.430|36.70a|43.33"
"1195","Housing & shelters","Concerning compliance with siting, development permit processes and standards, and requirements for permanent supportive housing, transitional housing, indoor emergency housing, or indoor emergency shelters.","","1195","SHB 1195","RULES","","","H","Returned to Rules Committee for second reading.","1","Peterson","2025-01-30","2025-03-19","SFN,Loc","","0","0","0","35.21.683|35a.21.430|36.70a|43.33"
"1195","Housing & shelters","Concerning compliance with siting, development permit processes and standards, and requirements for permanent supportive housing, transitional housing, indoor emergency housing, or indoor emergency shelters.","","1195","2SHB 1195","RULES","","","H","Returned to Rules Committee for second reading.","1","Peterson","2025-02-20","2025-03-19","SFN,Loc","","0","0","0","35.21.683|35a.21.430|36.70a|43.33"
"1196","Voting rights/convictions","Revoking a person's voting rights only when convicted of a state crime punishable by death.","","1196","HB 1196","RULES","","","H","Referred to Rules 2 Review.","1","Simmons","2025-01-13","2025-02-13","SFN,Loc","","0","0","0","10.64.140|2.36.070|29a.04.079|29a.08|29a.08.230|29a.08.520|29a.08.810|29a.40.091|29a.68.020|72.09.275"
"1197 / 5166","Operating budget, supp.","Making 2023-2025 fiscal biennium second supplemental operating appropriations.","","1197","HB 1197","COMMITTEE","APP","true","H","First reading, referred to Appropriations.","1","Ormsby","2025-01-13","2025-01-13","","D","0","0","0","28b.76.525|34.12.130|38.40.200|38.40.210|38.40.220|51.44.170|72.09.780"
"1197 / 5166","Operating budget, supp.","Making 2023-2025 fiscal biennium second supplemental operating appropriations.","","1197","SB 5166","COMMITTEE","WM","true","S","First reading, referred to Ways & Means.","1","Robinson","2025-01-13","2025-01-13","","D","0","0","0","28b.76.525|34.12.130|38.40.200|38.40.210|38.40.220|51.44.170|72.09.780"
"1198 / 5167","Operating budget","Making 2025-2027 fiscal biennium operating appropriations.","","1198","HB 1198","RULES","","","H","Referred to Rules 2 Review.","1","Ormsby","2025-01-13","2025-04-01","","D","0","0","0","15.76.115|28b.92.205|41.05.120|41.50.075|41.50.110|43.101.200|43.101.220|43.155.050|43.19.025|43.320.110|43.330.250|43.330.365|43.99n.060|50.16.010|50.24.014|69.50.540|70.104.110|70a.200.140|70a.65.030|70a.65.100|70a.65.250|70a.65.260|70a.65.300|72.09.780|79.64.040|79.64.110"
"1198","Operating budget","Making 2025-2027 fiscal biennium operating appropriations and 2023-2025 fiscal biennium second supplemental operating appropriations.","","1198","SHB 1198","RULES","","","H","Referred to Rules 2 Review.","1","Ormsby","2025-03-27","2025-04-01","","D","0","0","0","15.76.115|18.04.105|18.20.430|18.43.150|18.51.060|18.85.061|28b.15.066|28b.76.525|28b.92.205|28b.93.060|28b.99.030|28c.10.082|29b.60.080|34.12.130|36.22.175|38.40.200|38.40.210|38.40.220|40.14.024|40.14.025|40.14.026|41.05.120|41.06.280|41.06.285|41.50.110|42.17a.785|43.07.129|43.07.130|43.07.410|43.09.475|43.101.200|43.101.220|43.155.050|43.19.025|43.320.110|43.330.184|43.330.250|43.330.365|43.41.450|43.79.574|43.84.180|43.99n.060|44.90.070|46.09.510|46.66.080|50.16.010|50.24.014|51.44.170|53.20.090|69.50.540|70.128.160|70.245.150|70.330.020|70.79.350|70a.200.140|70a.65.030|70a.65.250|70a.65.260|70a.65.270|70a.65.300|71.24.580|71.24.890|72.09.780|74.31.060|74.39a.032|74.46.581|77.105.150|77.12.170|77.44.050|77.55.480|79.64.040|79.64.110|80.01.080|81.88.050|82.86.050|86.26.007|9.46.100"
"1199 / 5331","Insurance code violations","Strengthening consumer protection through increased insurer accountability for violations of the insurance code.","","1199","HB 1199","COMMITTEE","CPB","true","H","First reading, referred to Consumer Protection & Business.","1","Taylor","2025-01-13","2025-01-13","SFN","O","0","0","0","48.02.080|48.05.185"
"1199 / 5331","Insurance code violations","Strengthening consumer protection through increased insurer accountability for violations of the insurance code.","","1199","SB 5331","SUBSTITUTED","","","S","1st substitute bill substituted.","0","Cortes","2025-01-17","2025-03-03","SFN","O","0","0","0","48.02.080|48.05.185"
"1200 / 5211","DD parental caregivers","Authorizing payment for parental caregivers of minor children with developmental disabilities.","","1200","HB 1200","COMMITTEE","APP","false","H","Referred to Appropriations.","1","Taylor","2025-01-13","2025-02-18","SFN","","0","0","0","71a.12|71a.12.---"
"1200 / 5211","DD parental caregivers","Authorizing payment for parental caregivers of minor children with developmental disabilities.","","1200","SB 5211","COMMITTEE","WM","false","S","Referred to Ways & Means.","1","Frame","2025-01-13","2025-01-30","SFN","","0","0","0","71a.12|71a.12.---"
"1200","DD parental caregivers","Authorizing payment for parental caregivers of minor children with developmental disabilities.","","1200","SHB 1200","COMMITTEE","APP","false","H","Referred to Appropriations.","1","Taylor","2025-02-14","2025-02-18","SFN","","0","0","0",""
"1201","Emergency shelters/pets","Identifying accommodations allowing pets in an emergency or extreme weather event.","ESHB 1201","1201","HB 1201","SUBSTITUTED","","","H","1st substitute bill substituted.","0","Leavitt","2025-01-13","2025-03-04","SFN,Loc","","0","0","0",""
"1201","Emergency shelters/pets","Identifying accommodations allowing pets in an emergency or extreme weather event.","ESHB 1201","1201","SHB 1201","OTHER","","","H","","0","Leavitt","2025-01-29","","SFN,Loc","","0","0","0",""
"1201","Emergency shelters/pets","Identifying accommodations allowing pets in an emergency or extreme weather event.","ESHB 1201","1201","ESHB 1201","ENACTED","","","","Effective date 7/27/2025.","1","Leavitt","2025-01-29","2025-04-21","SFN,Loc","","0","0","0",""
"1202 / 5194","State gen. obligation bonds","Concerning state general obligation bonds and related accounts.","","1202","HB 1202","RULES","","","H","Referred to Rules 2 Review.","1","Tharinger","2025-01-13","2025-04-07","","D","0","0","0",""
"1202 / 5194","State gen. obligation bonds","Concerning state general obligation bonds and related accounts.","","1202","SB 5194","SUBSTITUTED","","","S","1st substitute bill substituted.","0","Trudeau","2025-01-13","2025-04-05","","D","0","0","0",""
"1202","State gen. obligation bonds","Concerning state general obligation bonds and related accounts.","","1202","SHB 1202","RULES","","","H","Referred to Rules 2 Review.","1","Tharinger","2025-04-04","2025-04-07","","D","0","0","0",""
"1203 / 5183","Tobacco & nicotine products","Prohibiting the sale of certain tobacco and nicotine products.","","1203","HB 1203","COMMITTEE","FIN","false","H","Referred to Finance.","1","Reeves","2025-01-13","2025-02-21","SFN","","0","0","0","70|70.155.020|70.155.100|70.345.070|70.345.180|82.25.005|82.26.010"
"1203 / 5183","Tobacco & nicotine products","Prohibiting the sale of certain tobacco and nicotine products.","","1203","SB 5183","COMMITTEE","HLTC","true","S","First reading, referred to Health & Long-Term Care.","1","Nobles","2025-01-13","2025-01-13","SFN","","0","0","0","70|70.155.020|70.155.100|70.345.070|70.345.180|82.25.005|82.26.010"
"1204","Senior shared housing","Concerning senior shared housing in manufactured home communities.","","1204","HB 1204","RULES","","","H","Referred to Rules 2 Review.","1","Eslick","2025-01-13","2025-02-03","","","0","0","0","59.20.060|59.20.070|59.20.130"
"1205","Forged digital likeness","Prohibiting the knowing distribution of a forged digital likeness.","SHB 1205","1205","HB 1205","SUBSTITUTED","","","H","1st substitute bill substituted.","0","Ryu","2025-01-13","2025-03-04","SFN,Loc","","0","0","0","9a.60.010|9a.60.045"
"1205","Forged digital likeness","Prohibiting the knowing distribution of a forged digital likeness.","SHB 1205","1205","SHB 1205","ENACTED","","","","Effective date 7/27/2025.","1","Ryu","2025-02-13","2025-04-16","SFN,Loc","","0","0","0","9a.60.010|9a.60.045"
"1206 / 5679","Multifamily tax exemption","Expanding eligibility to utilize the multifamily tax exemption program to all counties required or choosing to plan under RCW 36.70A.040.","","1206","HB 1206","COMMITTEE","FIN","true","H","First reading, referred to Finance.","1","Low","2025-01-13","2025-01-13","SFN,Loc","","0","0","0","84.14.010|84.14.040"
"1206 / 5679","Multifamily tax exemption","Expanding eligibility to utilize the multifamily tax exemption program to all counties required or choosing to plan under RCW 36.70A.040.","","1206","SB 5679","COMMITTEE","HSG","true","S","First reading, referred to Housing.","1","Dozier","2025-02-06","2025-02-06","SFN,Loc","","0","0","0","84.14.010|84.14.040"
"1207","Superior court clerk fees","Concerning superior court clerk fees.","2SHB 1207","1207","HB 1207","SUBSTITUTED","","","H","2nd substitute bill substituted.","0","Thai","2025-01-13","2025-04-17","SFN,Loc","D","0","0","0","36.18.020|36.33|36.4"
"1207","Superior court clerk fees","Concerning superior court clerk fees.","2SHB 1207","1207","SHB 1207","SUBSTITUTED","","","H","2nd substitute bill substituted.","0","Thai","2025-02-21","2025-04-17","SFN,Loc","D","0","0","0","10.101|2.43|36.18.020|36.33|36.4"
"1207","Superior court clerk fees","Concerning superior court clerk fees.","2SHB 1207","1207","2SHB 1207","ENACTED","","","","Effective date 7/27/2025.","1","Thai","2025-04-08","2025-05-19","SFN,Loc","D","0","0","0",""
"1208 / 5155","Salmon recovery projects","Extending a program to streamline the environmental permitting process for salmon recovery projects.","","1208","HB 1208","COMMITTEE","APP","false","H","Referred to Appropriations.","1","Tharinger","2025-01-13","2025-02-05","SFN,Loc","","0","0","0","43.21c.515|77.55.480"
"1208 / 5155","Salmon recovery projects","Extending a program to streamline the environmental permitting process for salmon recovery projects.","","1208","SB 5155","COMMITTEE","WM","false","S","Referred to Ways & Means.","1","Salomon","2025-01-13","2025-01-31","SFN,Loc","","0","0","0","43.21c.515|77.55.480"
"1209 / 5178","Sodium nitrite","Protecting public health and safety by regulating the transfer of sodium nitrite.","","1209","HB 1209","SUBSTITUTED","","","H","1st substitute bill substituted.","0","Mena","2025-01-13","2025-02-06","SFN","","0","0","0",""
"1209 / 5178","Sodium nitrite","Protecting public health and safety by regulating the transfer of sodium nitrite.","","1209","SB 5178","RULES","","","S","By resolution, returned to Senate Rules Committee for third reading.","1","Trudeau","2025-01-13","2025-04-27","SFN","","0","0","0",""
"1209","Sodium nitrite","Protecting public health and safety by regulating the transfer of sodium nitrite.","SHB 1209","1209","SHB 1209","ENACTED","","","","Effective date 4/7/2025.","1","Mena","2025-01-28","2025-04-07","","","0","0","0",""
"1210","Urban area tax preferences","Concerning targeted urban area tax preferences.","","1210","HB 1210","SUBSTITUTED","","","H","1st substitute bill substituted.","0","Barnard","2025-01-13","2025-03-11","SFN,Loc","","0","0","0","84.25.030|84.25.110"
"1210","Urban area tax preferences","Concerning targeted urban area tax preferences.","","1210","SHB 1210","OTHER","","","H","","0","Barnard","2025-02-06","","SFN,Loc","","0","0","0",""
"1210","Urban area tax preferences","Concerning targeted urban area tax preferences.","","1210","ESHB 1210","RULES","","","H","By resolution, returned to House Rules Committee for third reading.","1","Barnard","2025-02-06","2025-04-27","SFN,Loc","","0","0","0",""
"1211 / 5375","Clergy, duty to report abuse","Concerning the duty of clergy to report child abuse and neglect.","SB 5375","1211","HB 1211","COMMITTEE","APP","false","H","Referred to Appropriations.","1","Walen","2025-01-13","2025-02-11","SFN","","0","0","0","26.44.020|26.44.030"
"1211 / 5375","Clergy, duty to report abuse","Concerning the duty of clergy to report child abuse and neglect.","SB 5375","1211","SB 5375","ENACTED","","","","Effective date 7/27/2025.","1","Frame","2025-01-20","2025-05-02","SFN,Loc","","0","0","0","26.44.020|26.44.030"
"1212 / 5509","Child care center siting","Concerning the siting of child care centers.","","1212","HB 1212","COMMITTEE","APP","false","H","Referred to Appropriations.","1","Alvarado","2025-01-13","2025-01-29","SFN,Loc","","0","0","0","35.21|35a.21"
"1212 / 5509","Child care center siting","Concerning the siting of child care centers.","","1212","SB 5509","SUBSTITUTED","","","S","1st substitute bill substituted.","0","Alvarado","2025-01-27","2025-03-06","SFN,Loc","","0","0","0","35.21|35a.21"
"1212","Child care center siting","Concerning the siting of child care centers.","","1212","SHB 1212","COMMITTEE","APP","false","H","Referred to Appropriations.","1","Alvarado","2025-01-24","2025-01-29","SFN,Loc","","0","0","0","35.21|35a.21"
"1213 / 5539","Paid family & medical leave","Expanding protections for workers in the state paid family and medical leave program.","","1213","HB 1213","SUBSTITUTED","","","H","2nd substitute bill substituted.","0","Berry","2025-01-13","2025-03-10","SFN","","0","0","0","50a.05.020|50a.15.020|50a.20.010|50a.20.020|50a.30.010|50a.35.010|50a.35.020"
"1213 / 5539","Paid family & medical leave","Expanding protections for workers in the state paid family and medical leave program.","","1213","SB 5539","COMMITTEE","L&C","true","S","First reading, referred to Labor & Commerce.","1","Alvarado","2025-01-28","2025-01-28","SFN,Loc","","0","0","0","50a.05.020|50a.15.020|50a.20.010|50a.20.020|50a.30.010|50a.35.010|50a.35.020"
"1213","Paid family & medical leave","Expanding protections for workers in the state paid family and medical leave program.","E2SHB 1213","1213","SHB 1213","SUBSTITUTED","","","H","2nd substitute bill substituted.","0","Berry","2025-02-07","2025-03-10","SFN","","0","0","0","50a.05.020|50a.10.030|50a.15.020|50a.20.010|50a.20.020|50a.24|50a.24.010|50a.30.010|50a.35.010|50a.35.020"
"1213","Paid family & medical leave","Expanding protections for workers in the state paid family and medical leave program.","E2SHB 1213","1213","2SHB 1213","FLOOR","","","H","","0","Berry","2025-02-27","","SFN","","0","0","0","50a.05.020|50a.05.050|50a.10.030|50a.15.020|50a.20.010|50a.20.020|50a.24|50a.24.010|50a.30.010|50a.35.010|50a.35.020"
"1213","Paid family & medical leave","Expanding protections for workers in the state paid family and medical leave program.","E2SHB 1213","1213","E2SHB 1213","ENACTED","","","","Effective date 1/1/2026.","1","Berry","2025-02-27","2025-05-17","SFN","","0","0","0","50a.05.020|50a.05.050|50a.10.030|50a.15.020|50a.20.010|50a.20.020|50a.24|50a.24.010|50a.30.010|50a.35.010|50a.35.020"
"1214 / 5768","Working families' tax credit","Expanding eligibility for the working families' tax credit to everyone age 18 and older.","","1214","HB 1214","COMMITTEE","FIN","true","H","First reading, referred to Finance.","1","Thai","2025-01-13","2025-01-13","SFN","","0","0","0",""
"1214 / 5768","Working families' tax credit","Expanding eligibility for the working families' tax credit to everyone age 18 and older.","","1214","SB 5768","RULES","","","S","Senate Rules ""X"" file.","1","Saldaña","2025-02-21","2025-03-17","SFN","","0","0","0",""
"1215 / 5096","Natural death act/pregnancy","Removing references to pregnancy from the model directive form under the natural death act.","HB 1215","1215","HB 1215","ENACTED","","","","Effective date 7/27/2025.","1","Taylor","2025-01-13","2025-04-16","","","0","0","0",""
"1215 / 5096","Natural death act/pregnancy","Removing references to pregnancy from the model directive form under the natural death act.","HB 1215","1215","SB 5096","COMMITTEE","L&J","true","S","First reading, referred to Law & Justice.","1","Dhingra","2025-01-13","2025-01-13","","","0","0","0",""
"1216 / 5195","Capital budget","Concerning the capital budget.","","1216","HB 1216","RULES","","","H","Referred to Rules 2 Review.","1","Tharinger","2025-01-13","2025-04-07","","D","0","0","0","28b.15.210|28b.15.310|28b.20.725|28b.30.750|28b.35.370|28b.50.360|39.35d.030|43.07.410|43.155.050|43.88d.010|79.22.060|79a.25.210"
"1216 / 5195","Capital budget","Concerning the capital budget.","","1216","SB 5195","SUBSTITUTED","","","S","1st substitute bill substituted.","0","Trudeau","2025-01-13","2025-04-05","","D","0","0","0","28b.15.210|28b.15.310|28b.20.725|28b.30.750|28b.35.370|28b.50.360|39.35d.030|43.07.410|43.155.050|43.88d.010|79.22.060|79a.25.210"
"1216","Capital budget","Concerning the capital budget.","","1216","SHB 1216","RULES","","","H","Referred to Rules 2 Review.","1","Tharinger","2025-04-04","2025-04-07","","D","0","0","0","28a.525.159|28b.15.210|28b.15.310|28b.20.725|28b.30.750|28b.35.370|28b.50.360|39.35d.030|43.07.410|43.155.070|43.31.574|43.330.400|43.88d.010|79.70.100|79.71.060|79a.25.210"
"1217 / 5222","Residential tenants","Improving housing stability for tenants subject to the residential landlord-tenant act and the manufactured/mobile home landlord-tenant act by limiting rent and fee increases, requiring notice of rent and fee increases, limiting fees and deposits, establishing a landlord resource center and associated services, authorizing tenant lease termination, creating parity between lease types, and providing for attorney general enforcement.","EHB 1217","1217","EHB 1217","ENACTED","","","","Effective date 5/7/2025.","1","Alvarado","2025-01-13","2025-05-07","SFN,Loc","","0","0","0","59.18|59.18.140|59.2|59.20.030|59.20.060|59.20.170"
"1217 / 5222","Residential tenants","Improving housing stability for tenants subject to the residential landlord-tenant act and the manufactured/mobile home landlord-tenant act by limiting rent and fee increases, requiring notice of rent and fee increases, limiting fees and deposits, establishing a landlord resource center and associated services, authorizing tenant lease termination, creating parity between lease types, and providing for attorney general enforcement.","EHB 1217","1217","SB 5222","COMMITTEE","WM","false","S","Referred to Ways & Means.","1","Trudeau","2025-01-13","2025-02-20","SFN,Loc","","0","0","0","59.18|59.18.140|59.18.170|59.18.270|59.2|59.20.030|59.20.060|59.20.090|59.20.170"
"1217","Residential tenants","Improving housing stability for tenants subject to the residential landlord-tenant act and the manufactured/mobile home landlord-tenant act by limiting rent and fee increases, requiring notice of rent and fee increases, limiting fees and deposits, establishing a landlord resource center and associated services, authorizing tenant lease termination, creating parity between lease types, and providing for attorney general enforcement.","","1217","HB 1217","FLOOR","","","H","","0","Alvarado","2025-01-13","","SFN,Loc","","0","0","0","59.18|59.18.140|59.2|59.20.030|59.20.060|59.20.170"
"1217","Residential tenants","Improving housing stability for tenants subject to the residential landlord-tenant act and the manufactured/mobile home landlord-tenant act by limiting rent and fee increases, requiring notice of rent and fee increases, limiting fees and deposits, establishing a landlord resource center and associated services, authorizing tenant lease termination, creating parity between lease types, and providing for attorney general enforcement.","","1217","SHB 1217","SUBSTITUTED","","","H","1st substitute bill not substituted.","0","Alvarado","2025-01-20","2025-03-10","SFN,Loc","","0","0","0","59.18|59.18.140|59.18.170|59.18.270|59.2|59.20.030|59.20.060|59.20.090|59.20.170"
"1217","Residential tenants","Improving housing stability for tenants subject to the residential landlord-tenant act and the manufactured/mobile home landlord-tenant act by limiting rent and fee increases, requiring notice of rent and fee increases, limiting fees and deposits, establishing a landlord resource center and associated services, authorizing tenant lease termination, creating parity between lease types, and providing for attorney general enforcement.","","1217","2SHB 1217","SUBSTITUTED","","","H","1st substitute bill not substituted.","0","Alvarado","2025-02-10","2025-03-10","SFN,Loc","","0","0","0","59.18|59.18.140|59.18.170|59.18.270|59.2|59.20.030|59.20.060|59.20.090|59.20.170"
"1218","Competency eval. & restor.","Concerning persons referred for competency evaluation and restoration services.","","1218","HB 1218","SUBSTITUTED","","","H","2nd substitute bill substituted.","0","Farivar","2025-01-13","2025-03-12","SFN,Loc","G","0","0","0","10.77|10.77.074|10.77.084|10.77.086|10.77.088|10.77.092|43.84.092"
"1218","Competency eval. & restor.","Concerning persons referred for competency evaluation and restoration services.","","1218","SHB 1218","SUBSTITUTED","","","H","2nd substitute bill substituted.","0","Farivar","2025-02-18","2025-03-12","SFN,Loc","G","0","0","0","10.77|10.77.074|10.77.084|10.77.086|10.77.088|10.77.092|43.84.092"
"1218","Competency eval. & restor.","Concerning persons referred for competency evaluation and restoration services.","","1218","2SHB 1218","OTHER","","","H","","0","Farivar","2025-02-28","","SFN,Loc","G","0","0","0","10.77|10.77.074|10.77.086|10.77.088|10.77.092|43.84.092"
"1218","Competency eval. & restor.","Concerning persons referred for competency evaluation and restoration services.","","1218","E2SHB 1218","RULES","","","H","By resolution, returned to House Rules Committee for third reading.","1","Farivar","2025-02-28","2025-04-27","SFN,Loc","G","0","0","0","10.77|10.77.074|10.77.086|10.77.088|10.77.092|43.84.092"
"1219","Interbranch advisory comm.","Concerning the interbranch advisory committee.","EHB 1219","1219","HB 1219","FLOOR","","","H","","0","Taylor","2025-01-13","","SFN,Loc","","0","0","0","2.76|2.76.010|2.76.800|2.76.900"
"1219","Interbranch advisory comm.","Concerning the interbranch advisory committee.","EHB 1219","1219","EHB 1219","ENACTED","","","","Effective date 7/27/2025.","1","Taylor","2025-01-13","2025-05-20","SFN,Loc","","0","0","0","2.76|2.76.010|2.76.800|2.76.900"
"1220","Behavioral health/assaults","Concerning appropriate response to assaults by individuals in behavioral health crisis.","","1220","HB 1220","RULES","","","H","Returned to Rules Committee for second reading.","1","Farivar","2025-01-13","2025-03-19","SFN,Loc","","0","0","0",""
"1221","Gubernatorial proclamations","Increasing legislative involvement in gubernatorial proclamations relating to a state of emergency.","","1221","HB 1221","COMMITTEE","SGTR","true","H","First reading, referred to State Government & Tribal Relations.","1","Volz","2025-01-13","2025-01-13","","","0","0","0","43.06.210|43.06.220"
"1222 / 5196","Gambling commission/PRA","Concerning public inspection and copying of proprietary financial and security information submitted to or obtained by the gambling commission.","HB 1222","1222","HB 1222","ENACTED","","","","Effective date 7/27/2025.","1","Stearns","2025-01-13","2025-04-21","SFN","O","0","0","0",""
"1222 / 5196","Gambling commission/PRA","Concerning public inspection and copying of proprietary financial and security information submitted to or obtained by the gambling commission.","HB 1222","1222","SB 5196","COMMITTEE","STATE GOVERNMENT, TRIBAL AFFAIRS & ELECTIONS","true","S","First reading, referred to State Government, Tribal Affairs & Elections.","1","Conway","2025-01-13","2025-01-13","SFN","O","0","0","0",""
"1223","Voter challenges","Limiting frivolous claims by modifying forms, processes, and methods of adjudication for voter registration challenges.","","1223","HB 1223","COMMITTEE","SGTR","true","H","First reading, referred to State Government & Tribal Relations.","1","Doglio","2025-01-13","2025-01-13","SFN,Loc","","0","0","0","29a.08.135|29a.08.510|29a.08.630|29a.08.810|29a.08.840|29a.08.850"
"1224","Working families' tax credit","Modifying the working families' tax credit by enhancing collection services and increasing participation rates through data-sharing agreements.","","1224","HB 1224","COMMITTEE","FIN","true","H","First reading, referred to Finance.","1","Thai","2025-01-13","2025-01-13","SFN","D","0","0","0","74.09|82.08.0206"
"1225","Budgeting process","Reforming the Washington state budgeting process through requiring prioritized spending on essential state functions, placing limitations on state spending and revenue proposals, and requiring accountability for every dollar spent within the state budget.","","1225","HB 1225","COMMITTEE","APP","true","H","First reading, referred to Appropriations.","1","Couture","2025-01-13","2025-01-13","","","0","0","0","43.88|43.88.030|43.88.055"
"1226 / 5160","Transportation budget, supp.","Making supplemental transportation appropriations for the 2023-2025 fiscal biennium.","","1226","HB 1226","COMMITTEE","TRAN","true","H","First reading, referred to Transportation.","1","Fey","2025-01-13","2025-01-13","","D","0","0","0","43.43.386|46.68.510"
"1226 / 5160","Transportation budget, supp.","Making supplemental transportation appropriations for the 2023-2025 fiscal biennium.","","1226","SB 5160","RULES","","","S","Passed to Rules Committee for second reading.","1","Liias","2025-01-13","2025-03-28","","D","0","0","0","43.43.386|46.68.510"
"1227 / 5161","Transportation budget","Making transportation appropriations for the 2025-2027 fiscal biennium.","","1227","HB 1227","RULES","","","H","Referred to Rules 2 Review.","1","Fey","2025-01-13","2025-04-02","","D","0","0","0","43.19.642|46.20.745|46.68.060|46.68.063|46.68.280|46.68.290|46.68.300|46.68.370|46.68.395|46.68.490|46.68.500|46.68.510|46.68.520|47.56.876|47.60.315|47.60.322|47.60.530|47.66.120|47.68.090|70a.65.240|82.21.030"
"1227 / 5161","Transportation budget","Making transportation appropriations for the 2025-2027 fiscal biennium.","","1227","SB 5161","SUBSTITUTED","","","S","1st substitute bill substituted.","0","Liias","2025-01-13","2025-03-29","","D","0","0","0","43.19.642|46.20.745|46.68.060|46.68.063|46.68.280|46.68.290|46.68.300|46.68.370|46.68.395|46.68.490|46.68.500|46.68.510|46.68.520|47.56.876|47.60.315|47.60.322|47.60.530|47.66.120|47.68.090|70a.65.240|82.21.030"
"1227","Transportation budget","Making transportation appropriations.","","1227","SHB 1227","RULES","","","H","Referred to Rules 2 Review.","1","Fey","2025-03-27","2025-04-02","","D","0","0","0","14.40.020|43.19.642|46.20.745|46.68.063|46.68.280|46.68.290|46.68.300|46.68.320|46.68.370|46.68.395|46.68.490|46.68.500|46.68.510|47.04.390|47.28.030|47.56.876|47.60.315|47.60.322|47.60.530|47.66.120|82.44.200|82.70.020|82.70.040|82.70.900"
"1228","Toxicology testing","Concerning toxicology testing by certified or accredited laboratories.","","1228","HB 1228","COMMITTEE","CS","true","H","First reading, referred to Community Safety.","1","Hackney","2025-01-13","2025-01-13","SFN,Loc","","0","0","0",""
"1229","Persistent offenders","Resentencing of individuals sentenced as a persistent offender.","","1229","HB 1229","COMMITTEE","CS","true","H","First reading, referred to Community Safety.","1","Hackney","2025-01-13","2025-01-13","SFN,Loc","","0","0","0",""
"1230 / 5141","Disability insurer filings","Requiring that experience-rated group disability income insurers include all applicable rating factors and credibility formulas in rate manual filings with the insurance commissioner.","SB 5141","1230","HB 1230","RULES","","","H","By resolution, returned to House Rules Committee for third reading.","1","Hackney","2025-01-13","2025-04-27","SFN","","0","0","0",""
"1230 / 5141","Disability insurer filings","Requiring that experience-rated group disability income insurers include all applicable rating factors and credibility formulas in rate manual filings with the insurance commissioner.","SB 5141","1230","SB 5141","ENACTED","","","","Effective date 7/27/2025.","1","Cortes","2025-01-13","2025-04-08","SFN","","0","0","0",""
"1231","Public school starting times","Supporting the exploration and implementation of later starting times for public schools.","","1231","HB 1231","COMMITTEE","ED","true","H","First reading, referred to Education.","1","McEntire","2025-01-13","2025-01-13","","","0","0","0",""
"1232","Private detention facilities","Concerning private detention facilities.","E2SHB 1232","1232","HB 1232","SUBSTITUTED","","","H","2nd substitute bill substituted.","0","Ortiz-Self","2025-01-13","2025-03-07","SFN,Loc","","0","0","0","70.395|70.395.020|70.395.040|70.395.050|70.395.060|70.395.100"
"1232","Private detention facilities","Concerning private detention facilities.","E2SHB 1232","1232","SHB 1232","SUBSTITUTED","","","H","2nd substitute bill substituted.","0","Ortiz-Self","2025-02-11","2025-03-07","SFN,Loc","","0","0","0","70.395|70.395.020|70.395.040|70.395.050|70.395.060|70.395.100"
"1232","Private detention facilities","Concerning private detention facilities.","E2SHB 1232","1232","2SHB 1232","OTHER","","","H","","0","Ortiz-Self","2025-02-25","","SFN,Loc","","0","0","0","70.395|70.395.020|70.395.040|70.395.050|70.395.060|70.395.100"
"1232","Private detention facilities","Concerning private detention facilities.","E2SHB 1232","1232","E2SHB 1232","ENACTED","","","","Effective date 5/12/2025.","1","Ortiz-Self","2025-02-25","2025-05-12","SFN,Loc","","0","0","0","70.395|70.395.020|70.395.040|70.395.050|70.395.060|70.395.100"
"1233","Work programs/incarceration","Concerning work programs for incarcerated persons.","","1233","HB 1233","SUBSTITUTED","","","H","1st substitute bill substituted.","0","Simmons","2025-01-13","2025-03-05","SFN","","0","0","0","72.09|72.09.015|72.09.100|72.09.130|72.09.460"
"1233","Work programs/incarceration","Concerning work programs for incarcerated persons.","","1233","SHB 1233","OTHER","","","H","","0","Simmons","2025-02-27","","SFN","","0","0","0","72.09|72.09.015|72.09.130|72.09.460"
"1233","Work programs/incarceration","Concerning work programs for incarcerated persons.","","1233","ESHB 1233","RULES","","","H","By resolution, returned to House Rules Committee for third reading.","1","Simmons","2025-02-27","2025-04-27","SFN","","0","0","0","72.09|72.09.015|72.09.130|72.09.460"
"1234 / 5449","Counselors, etc. committee","Concerning the mental health counselors, marriage and family therapists, and social workers advisory committee.","HB 1234","1234","HB 1234","ENACTED","","","","Effective date 7/27/2025.","1","Simmons","2025-01-13","2025-04-07","","","0","0","0",""
"1234 / 5449","Counselors, etc. committee","Concerning the mental health counselors, marriage and family therapists, and social workers advisory committee.","HB 1234","1234","SB 5449","COMMITTEE","HLTC","true","S","First reading, referred to Health & Long-Term Care.","1","Slatter","2025-01-23","2025-01-23","","","0","0","0",""
"1235 / 5148","GMA housing element","Ensuring compliance with the housing element requirements of the growth management act.","","1235","HB 1235","COMMITTEE","HSG","true","H","First reading, referred to Housing.","1","Peterson","2025-01-13","2025-01-13","SFN,Loc","","0","0","0","36.70a|36.70a.130|36.70a.280|36.70a.290|36.70a.320|43.21c.495"
"1235 / 5148","GMA housing element","Ensuring compliance with the housing element requirements of the growth management act.","","1235","SB 5148","SUBSTITUTED","","","S","2nd substitute bill substituted.","0","Bateman","2025-01-13","2025-03-11","SFN,Loc","","0","0","0","36.70a|36.70a.130|36.70a.280|36.70a.290|36.70a.320|43.21c.495"
"1236","Littering, penalty increase","Increasing penalties for littering.","","1236","HB 1236","COMMITTEE","E&E","true","H","First reading, referred to Environment & Energy.","1","Klicker","2025-01-13","2025-01-13","","","0","0","0",""
"1237 / 5246","Energy facility site eval.","Facilitating predictable and timely application decisions by the energy facility site evaluation council.","","1237","HB 1237","COMMITTEE","E&E","true","H","First reading, referred to Environment & Energy.","1","Fitzgibbon","2025-01-13","2025-01-13","SFN","","0","0","0","80.50.075|80.50.090|80.50.100|80.50.320"
"1237 / 5246","Energy facility site eval.","Facilitating predictable and timely application decisions by the energy facility site evaluation council.","","1237","SB 5246","COMMITTEE","EET","true","S","First reading, referred to Environment, Energy & Technology.","1","Shewmake","2025-01-14","2025-01-14","SFN","","0","0","0","80.50.075|80.50.090|80.50.100|80.50.320"
"1238 / 5064","Rare diseases adv. council","Creating an advisory council on rare diseases.","","1238","HB 1238","COMMITTEE","APP","false","H","Referred to Appropriations.","1","Low","2025-01-13","2025-01-28","SFN","","0","0","0",""
"1238 / 5064","Rare diseases adv. council","Creating an advisory council on rare diseases.","","1238","SB 5064","COMMITTEE","WM","false","S","Referred to Ways & Means.","1","Liias","2025-01-13","2025-01-31","SFN","","0","0","0",""
"1238","Rare diseases adv. council","Creating an advisory council on rare diseases.","","1238","SHB 1238","COMMITTEE","APP","false","H","Referred to Appropriations.","1","Low","2025-01-24","2025-01-28","SFN","","0","0","0",""
"1239","Reentry readiness/DOC","Preparing incarcerated people for successful reentry upon release from a correctional facility.","","1239","HB 1239","COMMITTEE","CS","true","H","First reading, referred to Community Safety.","1","Doglio","2025-01-13","2025-01-13","SFN","","0","0","0","9.94a.728|9.94a.729|9.94a.733"
"1240","Vehicle impounds","Concerning vehicle impounds.","","1240","HB 1240","COMMITTEE","TRAN","true","H","First reading, referred to Transportation.","1","Peterson","2025-01-13","2025-01-13","SFN,Loc","","0","0","0","46.53.010|46.55|46.55.010|46.55.090|46.55.120|46.55.130|46.55.140|46.55.230"
"1241","Students with disabilities","Improving access to and provision of a free appropriate public education for students with disabilities.","","1241","HB 1241","COMMITTEE","ED","true","H","First reading, referred to Education.","1","Pollet","2025-01-13","2025-01-13","","","0","0","0","28a.155|28a.155.010|28a.155.020|28a.155.040|28a.155.090|28a.155.100|28a.225.330|43.131"
"1242","Prof. licensing reporting","Expanding professional licensing reporting requirements.","","1242","HB 1242","COMMITTEE","CPB","true","H","First reading, referred to Consumer Protection & Business.","1","Jacobsen","2025-01-13","2025-01-13","SFN","","0","0","0",""
"1243 / 5079","DSHS overpayments","Addressing the burden of unintentional overpayments on older adults and adults with disabilities served by the department of social and health services.","SB 5079","1243","HB 1243","COMMITTEE","APP","false","H","Referred to Appropriations.","1","Simmons","2025-01-13","2025-01-29","SFN","D","0","0","0",""
"1243 / 5079","DSHS overpayments","Addressing the burden of unintentional overpayments on older adults and adults with disabilities served by the department of social and health services.","SB 5079","1243","SB 5079","ENACTED","","","","Effective date 7/1/2025.","1","Muzzall","2025-01-13","2025-05-17","SFN","D","0","0","0",""
"1243","DSHS overpayments","Addressing the burden of unintentional overpayments on older adults and adults with disabilities served by the department of social and health services.","","1243","SHB 1243","COMMITTEE","APP","false","H","Referred to Appropriations.","1","Simmons","2025-01-24","2025-01-29","SFN","D","0","0","0",""
"1244 / 5198","Driver training alternative","Concerning training as an alternative to driver license suspension for the accumulation of certain traffic infractions.","","1244","HB 1244","SUBSTITUTED","","","H","1st substitute bill substituted.","0","Wylie","2025-01-13","2025-03-03","SFN","D","0","0","0","46.20.2892|46.20.311"
"1244 / 5198","Driver training alternative","Concerning training as an alternative to driver license suspension for the accumulation of certain traffic infractions.","","1244","SB 5198","COMMITTEE","L&J","true","S","First reading, referred to Law & Justice.","1","Valdez","2025-01-13","2025-01-13","SFN","D","0","0","0","46.20.2892|46.20.311"
"1244","Driver training alternative","Concerning training as an alternative to driver license suspension for the accumulation of certain traffic infractions.","SHB 1244","1244","SHB 1244","ENACTED","","","","Effective date 4/1/2026.","1","Wylie","2025-02-20","2025-04-29","","D","0","0","0","46.20.2892|46.20.311"
"1245","Business development","Concerning business development.","","1245","HB 1245","COMMITTEE","TEDV","true","H","First reading, referred to Technology, Economic Development, & Veterans.","1","Couture","2025-01-14","2025-01-14","SFN","","0","0","0",""
"1246","Juvenile justice","Concerning juvenile justice.","","1246","HB 1246","COMMITTEE","ELHS","true","H","First reading, referred to Early Learning & Human Services.","1","Couture","2025-01-13","2025-01-13","","","0","0","0","13.40.0357|13.40.070|13.40.080|13.40.193|13.40.308"
"1247","Juvenile rehab. placement","Concerning placement of individuals in juvenile rehabilitation institutions.","","1247","HB 1247","COMMITTEE","ELHS","true","H","First reading, referred to Early Learning & Human Services.","1","Couture","2025-01-13","2025-01-13","","","0","0","0","72.01.410|72.01.412"
"1248","Juvenile justice programs","Improving the effectiveness of juvenile justice programs by providing ongoing evaluations and clarifying juvenile diversion practices.","","1248","HB 1248","RULES","","","H","Referred to Rules 2 Review.","1","Couture","2025-01-13","2025-02-11","SFN,Loc","","0","0","0","13.40.080|43.20c.020"
"1248","Juvenile justice programs","Improving the effectiveness of juvenile justice programs by providing ongoing evaluations and clarifying juvenile diversion practices.","","1248","SHB 1248","RULES","","","H","Referred to Rules 2 Review.","1","Couture","2025-02-07","2025-02-11","SFN,Loc","","0","0","0",""
"1249","Advanced nuclear commission","Creating the commercial liftoff for energy from advanced nuclear advisory commission.","","1249","HB 1249","COMMITTEE","E&E","true","H","First reading, referred to Environment & Energy.","1","Barnard","2025-01-13","2025-01-13","SFN,Loc","","0","0","0",""
"1250","Law enf agency accreditation","Facilitating law enforcement and corrections agency accreditation.","","1250","HB 1250","COMMITTEE","APP","true","H","First reading, referred to Appropriations.","1","Barnard","2025-01-13","2025-01-13","SFN,Loc","","0","0","0","10.93|36.28a"
"1251","Report of death","Improving the timeliness and accuracy of the issuance of a report of death.","","1251","HB 1251","COMMITTEE","HCW","true","H","First reading, referred to Health Care & Wellness.","1","Wylie","2025-01-13","2025-01-13","SFN,Loc","","0","0","0","18.130.180|18.71.080|43.70.150|70.58a.200|70.58a.500"
"1252","Pretrial release","Concerning pretrial release.","","1252","HB 1252","RULES","","","H","Returned to Rules Committee for second reading.","1","Davis","2025-01-13","2025-03-19","SFN,Loc","","0","0","0","10.21.050|10.21.070|13.40.040"
"1252","Pretrial release","Concerning pretrial release.","","1252","SHB 1252","RULES","","","H","Returned to Rules Committee for second reading.","1","Davis","2025-02-20","2025-03-19","SFN,Loc","","0","0","0","10.21.050|10.21.070|10.21.090|13.40.040"
"1253","Utility joint use agreements","Expanding the ability of consumer-owned utilities to enter into joint use agreements.","SHB 1253","1253","HB 1253","SUBSTITUTED","","","H","1st substitute bill substituted.","0","Ybarra","2025-01-13","2025-02-06","SFN,Loc","","0","0","0","35.92.052|54.44.020"
"1253","Utility joint use agreements","Expanding the ability of consumer-owned utilities to enter into joint use agreements.","SHB 1253","1253","SHB 1253","ENACTED","","","","Effective date 7/27/2025.","1","Ybarra","2025-01-28","2025-05-15","SFN,Loc","","0","0","0","35.92.052|43.52.300|54.16.090|54.44.020"
"1254","Wildland urban interface","Implementing the International Wildland Urban Interface Code.","","1254","HB 1254","RULES","","","H","Referred to Rules 2 Review.","1","Duerr","2025-01-13","2025-02-18","SFN,Loc","","0","0","0","19.27.031|19.27.560"
"1254","Wildland urban interface","Implementing the International Wildland Urban Interface Code.","","1254","SHB 1254","RULES","","","H","Referred to Rules 2 Review.","1","Duerr","2025-02-14","2025-02-18","SFN,Loc","","0","0","0","19.27.031|19.27.560|43.30.580"
"1255","Encampment removal","Funding the removal of illegal and dangerous encampments.","","1255","HB 1255","COMMITTEE","LG","true","H","First reading, referred to Local Government.","1","Jacobsen","2025-01-13","2025-01-13","","","0","0","0","35.21|35a.21|36.01|36.70a.190|43.185c|43.31"
"1256","Public works/made in US","Concerning products manufactured in the United States for the purposes of public works projects.","","1256","HB 1256","COMMITTEE","CAP","true","H","First reading, referred to Capital Budget.","1","Hill","2025-01-13","2025-01-13","SFN,Loc","","0","0","0","39.04|39.04.010"
"1257 / 5253","Special education services","Extending special education services to students with disabilities until the end of the school year in which the student turns 22.","","1257","HB 1257","COMMITTEE","APP","false","H","Referred to Appropriations.","1","Pollet","2025-01-13","2025-02-20","SFN","O","0","0","0","28a.150.220|28a.155.020|28a.155.170|28a.155.220|28a.190.030|28a.225.160|28a.225.230|28a.225.240|72.40.040|72.40.060"
"1257 / 5253","Special education services","Extending special education services to students with disabilities until the end of the school year in which the student turns 22.","","1257","SB 5253","SUBSTITUTED","","","S","1st substitute bill substituted.","0","Cortes","2025-01-14","2025-03-06","SFN","O","0","0","0","28a.150.220|28a.155.020|28a.155.170|28a.155.220|28a.190.030|28a.225.160|28a.225.230|28a.225.240|72.40.040|72.40.060"
"1257","Special education services","Extending special education services to students with disabilities until the end of the school year in which the student turns 22.","","1257","SHB 1257","COMMITTEE","APP","false","H","Referred to Appropriations.","1","Pollet","2025-02-17","2025-02-20","SFN","O","0","0","0","28a.150.220|28a.155.020|28a.155.170|28a.155.220|28a.190.030|28a.225.160|28a.225.230|28a.225.240|72.40.040|72.40.060"
"1258","Regional 911 funding","Providing funding for municipalities participating in the regional 911 emergency communications system.","ESHB 1258","1258","HB 1258","SUBSTITUTED","","","H","1st substitute bill substituted.","0","Ormsby","2025-01-13","2025-03-11","SFN,Loc","","0","0","0",""
"1258","Regional 911 funding","Providing funding for municipalities participating in the regional 911 emergency communications system.","ESHB 1258","1258","SHB 1258","OTHER","","","H","","0","Ormsby","2025-02-25","","SFN,Loc","","0","0","0",""
"1258","Regional 911 funding","Providing funding for municipalities participating in the regional 911 emergency communications system.","ESHB 1258","1258","ESHB 1258","ENACTED","","","","Effective date 7/27/2025.","1","Ormsby","2025-02-25","2025-05-15","SFN,Loc","","0","0","0",""
"1259","Behavioral health/schools","Concerning supervision requirements for behavioral health professionals in elementary and secondary public schools.","","1259","HB 1259","COMMITTEE","PEW","true","H","First reading, referred to Postsecondary Education & Workforce.","1","Shavers","2025-01-13","2025-01-13","SFN","","0","0","0",""
"1260","Document recording fee admin","Concerning administrative costs associated with the document recording fee.","SHB 1260","1260","HB 1260","SUBSTITUTED","","","H","1st substitute bill substituted.","0","Schmidt","2025-01-14","2025-03-05","SFN,Loc","","0","0","0",""
"1260","Document recording fee admin","Concerning administrative costs associated with the document recording fee.","SHB 1260","1260","SHB 1260","ENACTED","","","","Effective date 7/27/2025.","1","Schmidt","2025-02-06","2025-04-21","SFN,Loc","","0","0","0",""
"1261 / 5479","Open space incidental use","Providing tax relief for certain incidental uses on open space land.","","1261","HB 1261","SUBSTITUTED","","","H","1st substitute bill substituted.","0","Low","2025-01-14","2025-03-07","SFN,Loc","","0","0","0","84.34.020|84.34.108"
"1261 / 5479","Open space incidental use","Providing tax relief for certain incidental uses on open space land.","","1261","SB 5479","COMMITTEE","WM","false","S","Referred to Ways & Means.","1","Liias","2025-01-24","2025-02-21","SFN,Loc","","0","0","0","84.34.020|84.34.108"
"1261","Open space incidental use","Providing tax relief for certain incidental uses on open space land.","SHB 1261","1261","SHB 1261","ENACTED","","","","Effective date 7/27/2025.","1","Low","2025-02-18","2025-04-22","SFN,Loc","","0","0","0","84.34.020|84.34.080|84.34.108"
"1262 / 5228","Health disparities council","Updating the governor's interagency coordinating council on health disparities.","","1262","HB 1262","RULES","","","H","Returned to Rules Committee for second reading.","1","Santos","2025-01-14","2025-03-19","SFN","O","0","0","0","41.05.840|43.20.025|43.20.270|43.20.275|43.20.280|44.28.810|70.41.470"
"1262 / 5228","Health disparities council","Updating the governor's interagency coordinating council on health disparities.","","1262","SB 5228","COMMITTEE","HLTC","true","S","First reading, referred to Health & Long-Term Care.","1","Riccelli","2025-01-13","2025-01-13","SFN","O","0","0","0","41.05.840|43.20.025|43.20.270|43.20.275|43.20.280|44.28.810|70.41.470"
"1263 / 5232","Essential needs program uses","Updating eligible uses for the essential needs and housing support program.","","1263","HB 1263","COMMITTEE","APP","false","H","Referred to Appropriations.","1","Cortes","2025-01-14","2025-02-04","SFN","D","0","0","0","36.22.250|43.185c.220|43.185c.230|74.04.005|74.04.805|74.62.030"
"1263 / 5232","Essential needs program uses","Updating eligible uses for the essential needs and housing support program.","","1263","SB 5232","SUBSTITUTED","","","S","1st substitute bill substituted.","0","Wilson, C.","2025-01-14","2025-02-25","SFN,Loc","D","0","0","0","36.22.250|43.185c.220|43.185c.230|74.04.005|74.04.805|74.62.030"
"1263","Essential needs program uses","Updating eligible uses for the essential needs and housing support program.","","1263","SHB 1263","COMMITTEE","APP","false","H","Referred to Appropriations.","1","Cortes","2025-01-31","2025-02-04","SFN","D","0","0","0","43.185c.220|43.185c.230|74.04.005|74.04.805|74.62.030"
"1264","Ferry system salaries","Concerning the salaries of ferry system collective bargaining units.","SHB 1264","1264","HB 1264","SUBSTITUTED","","","H","1st substitute bill substituted.","0","Fey","2025-01-14","2025-03-05","SFN","","0","0","0","47.64.006|47.64.170|47.64.320"
"1264","Ferry system salaries","Concerning the salaries of ferry system collective bargaining units.","SHB 1264","1264","SHB 1264","ENACTED","","","","Effective date 7/27/2025.","1","Fey","2025-02-27","2025-05-17","","","0","0","0","47.64.006|47.64.170|47.64.320"
"1265","Commercial sexual exploit.","Concerning commercial sexual exploitation.","","1265","HB 1265","COMMITTEE","CS","true","H","First reading, referred to Community Safety.","1","Stearns","2025-01-14","2025-01-14","SFN,Loc","","0","0","0","9a.88.110|9a.88.120"
"1266 / 5446","Commission on boys and men","Establishing the Washington state commission on boys and men.","","1266","HB 1266","COMMITTEE","SGTR","true","H","First reading, referred to State Government & Tribal Relations.","1","Dye","2025-01-14","2025-01-14","","","0","0","0",""
"1266 / 5446","Commission on boys and men","Establishing the Washington state commission on boys and men.","","1266","SB 5446","COMMITTEE","STATE GOVERNMENT, TRIBAL AFFAIRS & ELECTIONS","true","S","First reading, referred to State Government, Tribal Affairs & Elections.","1","Lovick","2025-01-23","2025-01-23","","","0","0","0",""
"1267","Special education funding","Adjusting funded special education enrollment.","","1267","HB 1267","COMMITTEE","APP","true","H","First reading, referred to Appropriations.","1","Couture","2025-01-14","2025-01-14","SFN","","0","0","0","28a.150.390|28a.155"
"1268","Virtual currency kiosks","Concerning virtual currency transaction kiosks.","","1268","HB 1268","COMMITTEE","CPB","true","H","First reading, referred to Consumer Protection & Business.","1","Hackney","2025-01-14","2025-01-14","SFN","","0","0","0","19.23|19.230.010|19.230.030|19.230.370"
"1269","Pawnbroker fees, int. rates","Concerning pawnbroker fees and interest rates.","","1269","HB 1269","RULES","","","H","By resolution, returned to House Rules Committee for third reading.","1","Hackney","2025-01-14","2025-04-27","","","0","0","0","19.60.060|19.60.061"
"1270","Deferred comp. by local gov.","Concerning automatic deferred compensation enrollment for county, municipal, and other political subdivision employees.","HB 1270","1270","HB 1270","ENACTED","","","","Effective date 7/27/2025.","1","Bronoske","2025-01-14","2025-04-24","SFN,Loc","D","0","0","0",""
"1271","State fire service deploy.","Permitting early deployment of state fire service resources.","SHB 1271","1271","HB 1271","SUBSTITUTED","","","H","1st substitute bill substituted.","0","Nance","2025-01-14","2025-03-11","SFN,Loc","","0","0","0",""
"1271","State fire service deploy.","Permitting early deployment of state fire service resources.","SHB 1271","1271","SHB 1271","ENACTED","","","","Effective date 7/27/2025.","1","Nance","2025-02-28","2025-05-12","","","0","0","0",""
"1272 / 5427","Children in crisis program","Extending the program to address complex cases of children in crisis.","","1272","HB 1272","SUBSTITUTED","","","H","1st substitute bill substituted.","0","Callan","2025-01-14","2025-03-04","SFN","","0","0","0",""
"1272 / 5427","Children in crisis program","Extending the program to address complex cases of children in crisis.","","1272","SB 5427","COMMITTEE","WM","false","S","Referred to Ways & Means.","1","Wilson, C.","2025-01-22","2025-02-13","SFN","","0","0","0",""
"1272","Children in crisis program","Extending the program to address complex cases of children in crisis.","SHB 1272","1272","SHB 1272","ENACTED","","","","Effective date 4/25/2025.","1","Callan","2025-02-20","2025-04-25","","","0","0","0",""
"1273","Dual credit program access","Improving student access to dual credit programs.","2SHB 1273","1273","HB 1273","SUBSTITUTED","","","H","2nd substitute bill substituted.","0","Paul","2025-01-14","2025-03-10","SFN","","0","0","0","28a.150|28a.245|28a.300|28a.310|28b.10|28b.50.531"
"1273","Dual credit program access","Improving student access to dual credit programs.","2SHB 1273","1273","SHB 1273","SUBSTITUTED","","","H","2nd substitute bill substituted.","0","Paul","2025-02-17","2025-03-10","SFN","","0","0","0",""
"1273","Dual credit program access","Improving student access to dual credit programs.","2SHB 1273","1273","2SHB 1273","ENACTED","","","","Effective date 7/27/2025.","1","Paul","2025-02-28","2025-04-21","SFN","","0","0","0",""
"1274 / 5715","Juvenile convictions/score","Concerning retroactively applying the requirement to exclude certain juvenile convictions from an offender score regardless of the date of the offense.","","1274","HB 1274","RULES","","","H","Referred to Rules 2 Review.","1","Stearns","2025-01-14","2025-02-28","SFN,Loc","","0","0","0",""
"1274 / 5715","Juvenile convictions/score","Concerning retroactively applying the requirement to exclude certain juvenile convictions from an offender score regardless of the date of the offense.","","1274","SB 5715","COMMITTEE","L&J","true","S","First reading, referred to Law & Justice.","1","Kauffman","2025-02-10","2025-02-10","","","0","0","0",""
"1274","Juvenile convictions/score","Concerning retroactively applying the requirement to exclude certain juvenile convictions from an offender score regardless of the date of the offense.","","1274","SHB 1274","RULES","","","H","Referred to Rules 2 Review.","1","Stearns","2025-02-06","2025-02-28","SFN,Loc","","0","0","0",""
"1274","Juvenile convictions/score","Concerning retroactively applying the requirement to exclude certain juvenile convictions from an offender score regardless of the date of the offense.","","1274","2SHB 1274","RULES","","","H","Referred to Rules 2 Review.","1","Stearns","2025-02-26","2025-02-28","SFN,Loc","","0","0","0",""
"1275 / 5381","Self-insurer withdrawal","Establishing department authority to ensure payment is received from the self-insured employer after a self-insured group or municipal employer has their self-insurer certification withdrawn.","HB 1275","1275","HB 1275","ENACTED","","","","Effective date 7/27/2025.","1","Scott","2025-01-14","2025-04-16","SFN,Loc","D","0","0","0",""
"1275 / 5381","Self-insurer withdrawal","Establishing department authority to ensure payment is received from the self-insured employer after a self-insured group or municipal employer has their self-insurer certification withdrawn.","HB 1275","1275","SB 5381","RULES","","","S","Senate Rules ""X"" file.","1","Conway","2025-01-21","2025-03-17","SFN,Loc","D","0","0","0",""
"1276","Organized retail theft","Concerning organized retail theft.","","1276","HB 1276","COMMITTEE","CS","true","H","First reading, referred to Community Safety.","1","Leavitt","2025-01-14","2025-01-14","SFN,Loc","","0","0","0",""
"1277","Medical equipment sales tax","Creating a sales and use tax exemption for the purchase and use of medical equipment and supplies by a critical access hospital.","","1277","HB 1277","COMMITTEE","FIN","true","H","First reading, referred to Finance.","1","Shavers","2025-01-14","2025-01-14","SFN,Loc","","0","0","0","82.08|82.12"
"1278 / 5523","Higher ed. gov./students","Concerning the role of students on the governing boards of institutions of higher education.","","1278","HB 1278","COMMITTEE","PEW","true","H","First reading, referred to Postsecondary Education & Workforce.","1","Pollet","2025-01-14","2025-01-14","SFN","","0","0","0","28b.20|28b.30|28b.35|28b.40|28b.50|28b.50.100|28b.50.102"
"1278 / 5523","Higher ed. gov./students","Concerning the role of students on the governing boards of institutions of higher education.","","1278","SB 5523","RULES","","","S","Senate Rules ""X"" file.","1","Riccelli","2025-01-27","2025-03-17","SFN","","0","0","0","28b.20|28b.30|28b.35|28b.40|28b.50|28b.50.100|28b.50.102"
"1279","Postsecondary ed protections","Providing postsecondary education consumer protections.","EHB 1279","1279","HB 1279","FLOOR","","","H","","0","Pollet","2025-01-14","","SFN","","0","0","0","28b.85|28b.85.020|28b.85.070|28b.85.090|28b.85.095"
"1279","Postsecondary ed protections","Providing postsecondary education consumer protections.","EHB 1279","1279","EHB 1279","ENACTED","","","","Effective date 7/27/2025.","1","Pollet","2025-01-14","2025-04-21","SFN","","0","0","0","28b.85|28b.85.020|28b.85.070|28b.85.090|28b.85.095"
"1280 / 5358","Career & tech. ed./6th grade","Concerning career and technical education in sixth grade.","","1280","HB 1280","COMMITTEE","APP","true","H","First reading, referred to Appropriations.","1","Shavers","2025-01-14","2025-01-14","SFN","O","0","0","0","28a.150.260|28a.150.265"
"1280 / 5358","Career & tech. ed./6th grade","Concerning career and technical education in sixth grade.","","1280","SB 5358","SUBSTITUTED","","","S","2nd substitute bill substituted.","0","Braun","2025-01-20","2025-03-06","SFN","O","0","0","0","28a.150.260|28a.150.265"
"1281","Technical corrections","Making technical corrections and removing obsolete language from the Revised Code of Washington pursuant to RCW 1.08.025.","SHB 1281","1281","HB 1281","SUBSTITUTED","","","H","1st substitute bill substituted.","0","Goodman","2025-01-14","2025-03-05","","O","0","0","0","1.16.050|10.77.010|10.77.175|11.130.290|11.130.390|11.130.615|12.36.020|15.92.105|18.130.175|18.130.410|18.134.010|18.16.260|18.20.230|18.225.010|18.225.090|18.250.010|18.330.040|18.360.010|18.50.005|18.50.032|18.50.115|18.57.040|18.59.100|18.64.253|18.64.560|18.71.030|18.73.270|18.74.200|18.79.010|18.79.040|18.79.050|18.79.070|18.79.080|18.79.090|18.79.100|18.79.110|18.79.150|18.79.160|18.79.170|18.79.180|18.79.190|18.79.230|18.79.240|18.79.250|18.79.260|18.79.290|18.79.310|18.79.340|18.79.390|18.79.400|18.79.410|18.79.430|18.79.435|18.79.440|18.79.800|18.79.810|18.88a.020|18.88a.030|18.88a.060|18.88a.080|18.88a.082|18.88a.085|18.88a.087|18.88a.088|18.88a.090|18.88a.100|18.88a.210|18.88b.070|18.89.020|19.09.085|19.116.040|19.158.020|19.182.040|19.410.010|23b.13.200|23b.13.210|23b.13.220|28a.210.090|28a.210.275|28a.210.280|28a.210.290|28a.210.305|28a.300.2851|28a.300.807|28a.600.385|28b.115.020|28b.20.810|28b.76.526|28b.76.730|35.82.080|35.82.285|36.32.440|38.52.020|38.52.390|41.05.177|41.05.180|41.24.155|41.32.345|41.56.465|41.56.492|43.03.230|43.03.240|43.03.250|43.03.265|43.10.300|43.20b.670|43.216.152|43.21a.662|43.21b.110|43.21b.300|43.280.091|43.330.430|43.330.435|43.43.842|43.70.442|43.70.470|43.70.670|43.79.195|46.18.205|46.19.010|46.61.100|46.61.506|46.61.508|48.125.200|48.20.392|48.20.393|48.20.555|48.21.225|48.21.227|48.21.375|48.42.100|48.43.087|48.43.094|48.43.115|48.44.325|48.44.327|48.46.275|48.46.277|50a.05.010|51.04.030|51.14.150|51.28.010|51.28.020|51.28.025|51.28.055|51.36.010|51.36.110|51.48.060|51.52.010|59.22.020|6.15.060|64.34.216|64.34.316|64.34.324|64.34.400|66.04.021|68.50.105|69.25.030|69.41.010|69.41.030|69.43.135|69.45.010|69.50.101|69.51a.010|69.51a.300|7.68.030|7.68.063|7.68.080|70.02.010|70.02.230|70.122.020|70.122.051|70.122.130|70.128.120|70.128.210|70.14.050|70.180.020|70.180.040|70.24.115|70.245.010|70.30.061|70.41.230|70.41.410|70.47.210|70.48.135|70.48.490|70.54.400|70.58a.010|70a.65.030|71.05.148|71.05.154|71.05.210|71.05.215|71.05.217|71.05.230|71.05.290|71.05.300|71.05.585|71.09.098|71.12.540|71.32.020|71.32.110|71.32.140|71.32.250|71.32.260|71.34.720|71.34.730|71.34.750|71.34.755|71.34.770|71.34.815|71a.12.210|71a.12.220|72.09.588|74.04.00511|74.04.300|74.04.670|74.09.010|74.09.725|74.42.010|74.42.230|74.42.380|79a.05.065|80.70.020|88.02.610|9.02.110|9.02.130|9.02.170|9.41.010|9.94a.507|9.94a.840|9.94b.020|9.95.040|90.58.090|9a.56.120"
"1281","Technical corrections","Making technical corrections and removing obsolete language from the Revised Code of Washington pursuant to RCW 1.08.025.","SHB 1281","1281","SHB 1281","ENACTED","","","","Effective date 7/27/2025*.","1","Goodman","2025-02-12","2025-04-16","","O","0","0","0","1.16.050|10.77.010|10.77.175|11.130.290|11.130.390|11.130.615|12.36.020|15.92.105|18.130.175|18.130.410|18.134.010|18.16.260|18.20.230|18.225.010|18.225.090|18.250.010|18.330.040|18.360.010|18.50.005|18.50.032|18.50.115|18.57.040|18.59.100|18.64.253|18.64.560|18.71.030|18.73.270|18.74.200|18.79.010|18.79.040|18.79.050|18.79.070|18.79.080|18.79.090|18.79.100|18.79.110|18.79.150|18.79.160|18.79.170|18.79.180|18.79.190|18.79.230|18.79.240|18.79.250|18.79.260|18.79.290|18.79.310|18.79.340|18.79.390|18.79.400|18.79.410|18.79.430|18.79.435|18.79.440|18.79.800|18.79.810|18.88a.020|18.88a.030|18.88a.060|18.88a.080|18.88a.082|18.88a.085|18.88a.087|18.88a.088|18.88a.090|18.88a.100|18.88a.210|18.88b.070|18.89.020|19.09.085|19.116.040|19.158.020|19.182.040|19.410.010|23b.13.200|23b.13.210|23b.13.220|28a.210.090|28a.210.275|28a.210.280|28a.210.290|28a.210.305|28a.300.2851|28a.300.807|28a.600.385|28b.115.020|28b.20.810|28b.76.526|28b.76.730|35.82.080|35.82.285|36.32.440|38.52.020|38.52.390|41.05.177|41.05.180|41.24.155|41.32.345|41.56.465|41.56.492|43.03.230|43.03.240|43.03.250|43.03.265|43.10.300|43.20b.670|43.216.152|43.21a.662|43.21b.110|43.21b.300|43.280.091|43.330.430|43.330.435|43.43.842|43.70.442|43.70.470|43.70.670|43.79.195|46.18.205|46.19.010|46.61.100|46.61.506|46.61.508|48.125.200|48.20.392|48.20.393|48.20.555|48.21.225|48.21.227|48.21.375|48.42.100|48.43.087|48.43.094|48.43.115|48.44.325|48.44.327|48.46.275|48.46.277|50a.05.010|51.04.030|51.14.150|51.28.010|51.28.020|51.28.025|51.28.055|51.36.010|51.36.110|51.48.060|51.52.010|59.22.020|6.15.060|64.34.216|64.34.316|64.34.324|64.34.400|66.04.021|68.50.105|69.25.030|69.41.010|69.41.030|69.43.135|69.45.010|69.50.101|69.51a.010|69.51a.300|7.68.030|7.68.063|7.68.080|70.02.010|70.02.230|70.122.020|70.122.051|70.122.130|70.128.120|70.128.210|70.14.050|70.180.020|70.180.040|70.24.115|70.245.010|70.30.061|70.41.230|70.41.410|70.47.210|70.48.135|70.48.490|70.54.400|70.58a.010|70a.65.030|71.05.148|71.05.154|71.05.210|71.05.215|71.05.217|71.05.230|71.05.290|71.05.300|71.05.585|71.09.098|71.12.540|71.32.020|71.32.110|71.32.140|71.32.250|71.32.260|71.34.720|71.34.730|71.34.750|71.34.755|71.34.770|71.34.815|71a.12.210|71a.12.220|72.09.588|74.04.00511|74.04.300|74.04.670|74.09.010|74.09.725|74.42.010|74.42.230|74.42.380|79a.05.065|80.70.020|88.02.610|9.02.110|9.02.130|9.02.170|9.41.010|9.94a.507|9.94a.840|9.94b.020|9.95.040|90.58.090|9a.56.120"
"1282","Child care","Improving the well-being of children in child care by enhancing transparency measures and modifying liability insurance requirements.","","1282","HB 1282","COMMITTEE","ELHS","true","H","First reading, referred to Early Learning & Human Services.","1","Pollet","2025-01-14","2025-01-14","SFN","","0","0","0","43.216.325|43.216.687|43.216.700"
"1283","Certificates of title","Concerning certificates of title.","","1283","HB 1283","COMMITTEE","TRAN","true","H","First reading, referred to Transportation.","1","Low","2025-01-14","2025-01-14","SFN,Loc","","0","0","0","46.12.530|46.12.540|46.12.555|46.12.675|46.17.160|46.68.025|88.02.515|88.02.540|88.02.640"
"1284","Investmnt income B&O deduct.","Eliminating the investment income business and occupation tax deduction for corporations and other business entities.","","1284","HB 1284","COMMITTEE","FIN","true","H","First reading, referred to Finance.","1","Pollet","2025-01-14","2025-01-14","SFN","","0","0","0",""
"1285","Financial education","Making financial education instruction a graduation requirement in public schools.","","1285","HB 1285","SUBSTITUTED","","","H","2nd substitute bill substituted.","0","Rude","2025-01-14","2025-03-05","SFN","","0","0","0","28a.230|28a.300.468"
"1285","Financial education","Making financial education instruction a graduation requirement in public schools.","","1285","SHB 1285","SUBSTITUTED","","","H","2nd substitute bill substituted.","0","Rude","2025-02-17","2025-03-05","SFN","","0","0","0","28a.230|28a.300.468"
"1285","Financial education","Making financial education instruction a graduation requirement in public schools.","","1285","2SHB 1285","RULES","","","H","By resolution, returned to House Rules Committee for third reading.","1","Rude","2025-02-28","2025-04-27","SFN","","0","0","0","28a.230|28a.300.468"
"1286","Control. subst. endangerment","Concerning the crime of endangerment with a controlled substance.","","1286","HB 1286","COMMITTEE","CS","true","H","First reading, referred to Community Safety.","1","Dye","2025-01-14","2025-01-14","","","0","0","0",""
"1287","Health info./coordination","Addressing the disclosure of health information for care coordination.","HB 1287","1287","HB 1287","ENACTED","","","","Effective date 7/27/2025.","1","Rule","2025-01-14","2025-04-21","","O","0","0","0","18.19.180|18.225.105"
"1288","Climate funding/outdoor rec.","Concerning environmental leadership through outdoor recreation and climate adaptation investments.","","1288","HB 1288","COMMITTEE","E&E","true","H","First reading, referred to Environment & Energy.","1","Dye","2025-01-14","2025-01-14","","","0","0","0","70a.65|70a.65.030|70a.65.040|70a.65.230|70a.65.250|70a.65.260|70a.65.270|70a.65.305"
"1289","Public school survey info.","Gathering survey information to improve the public school system.","","1289","HB 1289","RULES","","","H","Returned to Rules Committee for second reading.","1","McClintock","2025-01-14","2025-03-19","SFN","","0","0","0","28a.225.220|28a.310"
"1289","Public school survey info.","Gathering survey information to improve the public school system.","","1289","SHB 1289","RULES","","","H","Returned to Rules Committee for second reading.","1","McClintock","2025-02-17","2025-03-19","SFN","","0","0","0","28a.225.220|28a.310|28a.600.510"
"1290","Water quality trading prog.","Improving climate resiliency through the development of a water quality trading program for recipients of national pollutant discharge elimination system general permits.","","1290","HB 1290","COMMITTEE","E&E","true","H","First reading, referred to Environment & Energy.","1","Dye","2025-01-14","2025-01-14","SFN","","0","0","0",""
"1291","Maternity services costs","Concerning cost sharing for maternity services.","","1291","HB 1291","SUBSTITUTED","","","H","1st substitute bill substituted.","0","Rule","2025-01-14","2025-03-03","SFN","","0","0","0","41.05.017|48.43"
"1291","Maternity services costs","Concerning cost sharing for maternity services.","","1291","SHB 1291","OTHER","","","H","","0","Rule","2025-02-07","","","","0","0","0","41.05.017|48.43"
"1291","Maternity services costs","Concerning cost sharing for maternity services.","","1291","ESHB 1291","RULES","","","H","By resolution, returned to House Rules Committee for third reading.","1","Rule","2025-02-07","2025-04-27","","","0","0","0","41.05.017|48.43"
"1292 / 5113","Plan 1 retiree COLAs","Concerning cost-of-living adjustments for plan 1 retirees of the teachers' retirement system and public employees' retirement system.","","1292","HB 1292","COMMITTEE","APP","true","H","First reading, referred to Appropriations.","1","Leavitt","2025-01-14","2025-01-14","SFN","O","0","0","0","41.32|41.32.4992|41.4|41.40.1987|41.45.060|41.45.070"
"1292 / 5113","Plan 1 retiree COLAs","Concerning cost-of-living adjustments for plan 1 retirees of the teachers' retirement system and public employees' retirement system.","","1292","SB 5113","COMMITTEE","WM","true","S","First reading, referred to Ways & Means.","1","Boehnke","2025-01-13","2025-01-13","SFN","O","0","0","0","41.32|41.32.4992|41.4|41.40.1987|41.45.060|41.45.070"
"1293","Litter","Concerning litter.","ESHB 1293","1293","HB 1293","SUBSTITUTED","","","H","1st substitute bill substituted.","0","Klicker","2025-01-14","2025-03-06","SFN,Loc","","0","0","0",""
"1293","Litter","Concerning litter.","ESHB 1293","1293","SHB 1293","OTHER","","","H","","0","Klicker","2025-02-28","","SFN,Loc","","0","0","0","70a.200.060|70a.530.020"
"1293","Litter","Concerning litter.","ESHB 1293","1293","ESHB 1293","ENACTED","","","","Effective date 7/27/2025.","1","Klicker","2025-02-28","2025-05-17","SFN,Loc","","0","0","0","70a.200.060|70a.530.020"
"1294","Pesticide application comm.","Extending the pesticide application safety committee.","SHB 1294","1294","HB 1294","SUBSTITUTED","","","H","1st substitute bill substituted.","0","Dent","2025-01-14","2025-03-05","SFN","","0","0","0",""
"1294","Pesticide application comm.","Extending the pesticide application safety committee.","SHB 1294","1294","SHB 1294","ENACTED","","","","Effective date 7/1/2025.","1","Dent","2025-02-25","2025-04-21","","","0","0","0",""
"1295","Reading and writing literacy","Using evidence-based instructional practices in reading and writing literacy for public elementary students.","","1295","HB 1295","COMMITTEE","ED","true","H","First reading, referred to Education.","1","Pollet","2025-01-14","2025-01-14","","","0","0","0","28a.300.290|28a.300.300|28a.300.330|28a.300.340|28a.300.530|28a.300.570|28a.300.720|28a.320.202|28a.320.202|28a.320.260|28a.410|28a.410.285|28a.415.265|28a.415.350|28a.415.360|28a.415.400|28a.655.230|28a.655.235|28a.710|28a.715|28b.10.033|28b.10.033"
"1296","Public education system","Promoting a safe and supportive public education system.","ESHB 1296","1296","HB 1296","SUBSTITUTED","","","H","1st substitute bill substituted.","0","Stonier","2025-01-14","2025-03-12","SFN","","0","0","0","28a.230|28a.400|28a.605.005|28a.642.020|28a.642.080"
"1296","Public education system","Promoting a safe and supportive public education system.","ESHB 1296","1296","SHB 1296","OTHER","","","H","","0","Stonier","2025-01-30","","SFN","","0","0","0","28a.230|28a.230.094|28a.300.286|28a.320|28a.320.160|28a.343.360|28a.400|28a.400.317|28a.410|28a.605.005|28a.642|28a.642.010|28a.710|28a.710.185|28a.715|43.06b.070"
"1296","Public education system","Promoting a safe and supportive public education system.","ESHB 1296","1296","ESHB 1296","ENACTED","","","","Effective date 5/20/2025*.","1","Stonier","2025-01-30","2025-05-20","SFN","","0","0","0","28a.230|28a.230.094|28a.300.286|28a.320|28a.320.160|28a.343.360|28a.400|28a.400.317|28a.410|28a.605.005|28a.642|28a.642.010|28a.710|28a.710.185|28a.715|43.06b.070"
"1297","Child support/self-employed","Reporting self-employed workers to the division of child support.","","1297","HB 1297","COMMITTEE","CRJ","true","H","First reading, referred to Civil Rights & Judiciary.","1","Walen","2025-01-14","2025-01-14","SFN,Loc","D","0","0","0","26.23|26.23.020|26.23.060|74.20a.080|74.20a.350"
"1298 / 5158","Student athlete insurance","Concerning student athlete insurance.","","1298","HB 1298","RULES","","","H","Returned to Rules Committee for second reading.","1","Berg","2025-01-15","2025-03-19","SFN","","0","0","0",""
"1298 / 5158","Student athlete insurance","Concerning student athlete insurance.","","1298","SB 5158","RULES","","","S","By resolution, returned to Senate Rules Committee for third reading.","1","Valdez","2025-01-13","2025-04-27","SFN","","0","0","0",""
"1299 / 5184","Minimum parking requirements","Concerning minimum parking requirements.","","1299","HB 1299","COMMITTEE","LG","true","H","First reading, referred to Local Government.","1","Peterson","2025-01-15","2025-01-15","SFN,Loc","","0","0","0","35.21|35a.21|36.01|36.70a.620"
"1299 / 5184","Minimum parking requirements","Concerning minimum parking requirements.","","1299","SB 5184","SUBSTITUTED","","","S","1st substitute bill substituted.","0","Bateman","2025-01-13","2025-02-19","SFN,Loc","","0","0","0","35.21|35a.21|36.01|36.70a.620"
"1300 / 5294","Professional accounts","Transferring dedicated accounts for certain professional licenses to the business and professions account.","","1300","HB 1300","RULES","","","H","By resolution, returned to House Rules Committee for third reading.","1","Donaghy","2025-01-15","2025-04-27","SFN","D","0","0","0","18.08.240|18.140.260|18.220.120|18.310.160|18.39.810|18.96.210|43.24.150"
"1300 / 5294","Professional accounts","Transferring dedicated accounts for certain professional licenses to the business and professions account.","","1300","SB 5294","SUBSTITUTED","","","S","1st substitute bill substituted.","0","Gildon","2025-01-16","2025-03-03","SFN","D","0","0","0","18.08.240|18.140.260|18.220.120|18.310.160|18.39.810|18.96.210|43.24.150"
"1301 / 5231","Confinement fees & expenses","Concerning reducing fees and expenses for services for people confined in state facilities.","","1301","HB 1301","COMMITTEE","CS","true","H","First reading, referred to Community Safety.","1","Peterson","2025-01-15","2025-01-15","SFN","","0","0","0","72.01|72.09.765"
"1301 / 5231","Confinement fees & expenses","Concerning reducing fees and expenses for services for people confined in state facilities.","","1301","SB 5231","COMMITTEE","WM","false","S","Referred to Ways & Means.","1","Hansen","2025-01-14","2025-02-06","SFN","","0","0","0","72.01|72.09.765"
"1302","Utility connection charges","Concerning utility connection charge waivers.","","1302","HB 1302","SUBSTITUTED","","","H","1st substitute bill substituted.","0","Cortes","2025-01-15","2025-02-13","SFN,Loc","","0","0","0","35.92.380|35.92.385"
"1302","Utility connection charges","Concerning utility connection charge waivers.","","1302","SHB 1302","RULES","","","H","By resolution, returned to House Rules Committee for third reading.","1","Cortes","2025-01-30","2025-04-27","SFN,Loc","","0","0","0","35.92.380|35.92.385"
"1303 / 5380","Environmental justice","Increasing environmental justice by improving government decisions.","","1303","HB 1303","RULES","","","H","Referred to Rules 2 Review.","1","Mena","2025-01-15","2025-02-28","SFN,Loc","","0","0","0","43.21c|70a.15.2210"
"1303 / 5380","Environmental justice","Increasing environmental justice by improving government decisions.","","1303","SB 5380","COMMITTEE","EET","true","S","First reading, referred to Environment, Energy & Technology.","1","Lovelett","2025-01-21","2025-01-21","SFN,Loc","","0","0","0","43.21c|70a.15.2210"
"1303","Environmental justice","Increasing environmental justice by improving government decisions.","","1303","SHB 1303","RULES","","","H","Referred to Rules 2 Review.","1","Mena","2025-02-11","2025-02-28","SFN,Loc","","0","0","0",""
"1303","Environmental justice","Increasing environmental justice by improving government decisions.","","1303","2SHB 1303","RULES","","","H","Referred to Rules 2 Review.","1","Mena","2025-02-28","2025-02-28","SFN,Loc","","0","0","0",""
"1304","Boundary review filings","Concerning the effective date of the filing of a notice of intention with a boundary review board.","HB 1304","1304","HB 1304","ENACTED","","","","Effective date 7/27/2025.","1","Donaghy","2025-01-15","2025-04-11","Loc","","0","0","0","36.93|36.93.100"
"1305","Property owners/projects","Concerning reimbursement by property owners for street, road, and water or sewer projects.","","1305","HB 1305","RULES","","","H","Referred to Rules 2 Review.","1","Donaghy","2025-01-15","2025-02-07","Loc","","0","0","0","35.72.020|35.91.020|57.22.020"
"1305","Property owners/projects","Concerning reimbursement by property owners for street, road, and water or sewer projects.","","1305","SHB 1305","RULES","","","H","Referred to Rules 2 Review.","1","Donaghy","2025-02-05","2025-02-07","Loc","","0","0","0","35.72.020|35.91.020|57.22.020"
"1306 / 5185","International med. pathways","Establishing preceptorship and hardship pathways to medical practice for international medical graduates.","","1306","HB 1306","COMMITTEE","HCW","true","H","First reading, referred to Health Care & Wellness.","1","Reed","2025-01-15","2025-01-15","","","0","0","0","18.71|18.71.051"
"1306 / 5185","International med. pathways","Establishing preceptorship and hardship pathways to medical practice for international medical graduates.","","1306","SB 5185","COMMITTEE","HLTC","true","S","First reading, referred to Health & Long-Term Care.","1","Saldaña","2025-01-13","2025-01-13","SFN","","0","0","0","18.71|18.71.051"
"1307","Child care product sales tax","Easing the financial burden on families by removing sales and use tax on diapers and essential child care products.","","1307","HB 1307","COMMITTEE","FIN","true","H","First reading, referred to Finance.","1","Valdez","2025-01-15","2025-01-15","SFN,Loc","","0","0","0","82.08|82.12|82.14"
"1308 / 5345","Access to personnel records","Concerning access to personnel records.","","1308","HB 1308","SUBSTITUTED","","","H","1st substitute bill substituted.","0","Reed","2025-01-15","2025-03-07","SFN,Loc","","0","0","0","49.12|49.12.240|49.12.250"
"1308 / 5345","Access to personnel records","Concerning access to personnel records.","","1308","SB 5345","COMMITTEE","L&C","true","S","First reading, referred to Labor & Commerce.","1","Saldaña","2025-01-17","2025-01-17","","","0","0","0","49.12|49.12.240|49.12.250"
"1308","Access to personnel records","Concerning access to personnel records.","SHB 1308","1308","SHB 1308","ENACTED","","","","Effective date 7/27/2025.","1","Reed","2025-01-31","2025-05-13","SFN,Loc","","0","0","0","49.12|49.12.240|49.12.250"
"1309 / 5322","Burrowing shrimp","Addressing the impacts of burrowing shrimp on bottom culture shellfish farming through integrated pest management research.","","1309","HB 1309","SUBSTITUTED","","","H","1st substitute bill substituted.","0","McEntire","2025-01-15","2025-03-10","SFN","","0","0","0","15.85|43.79a.040"
"1309 / 5322","Burrowing shrimp","Addressing the impacts of burrowing shrimp on bottom culture shellfish farming through integrated pest management research.","","1309","SB 5322","COMMITTEE","WM","false","S","Referred to Ways & Means.","1","Chapman","2025-01-17","2025-02-21","SFN","","0","0","0","15.85|43.79a.040"
"1309","Burrowing shrimp","Addressing the impacts of burrowing shrimp on bottom culture shellfish farming through integrated pest management research.","SHB 1309","1309","SHB 1309","ENACTED","","","","Effective date 7/27/2025.","1","McEntire","2025-02-26","2025-04-21","SFN","","0","0","0",""
"1310 / 5307","Special education funding","Concerning special education funding.","","1310","HB 1310","COMMITTEE","APP","true","H","First reading, referred to Appropriations.","1","Pollet","2025-01-15","2025-01-15","SFN","O","0","0","0","28a.150.390|28a.150.392|28a.150.560|28a.155"
"1310 / 5307","Special education funding","Concerning special education funding.","","1310","SB 5307","COMMITTEE","ELK12","true","S","First reading, referred to Early Learning & K-12 Education.","1","Wellman","2025-01-16","2025-01-16","SFN","O","0","0","0","28a.150.390|28a.150.392|28a.150.560|28a.155"
"1311","Gray wolves","Concerning the implementation of the recommendations of the department of fish and wildlife regarding the gray wolf.","","1311","HB 1311","COMMITTEE","AGNR","true","H","First reading, referred to Agriculture & Natural Resources.","1","Engell","2025-01-15","2025-01-15","SFN","","0","0","0",""
"1312 / 5114","Retirement benefits/death","Paying state retirement benefits until the end of the month in which the retiree or beneficiary dies.","","1312","HB 1312","COMMITTEE","APP","true","H","First reading, referred to Appropriations.","1","Fitzgibbon","2025-01-15","2025-01-15","SFN","O","0","0","0",""
"1312 / 5114","Retirement benefits/death","Paying state retirement benefits until the end of the month in which the retiree or beneficiary dies.","","1312","SB 5114","COMMITTEE","WM","true","S","First reading, referred to Ways & Means.","1","Boehnke","2025-01-13","2025-01-13","SFN","O","0","0","0",""
"1313","Mass layoffs","Addressing mass layoffs, relocations, and terminations.","","1313","HB 1313","RULES","","","H","Referred to Rules 2 Review.","1","Scott","2025-01-15","2025-02-20","SFN","","0","0","0","19.86|49|49.44.211|49.62.020|50.04"
"1313","Mass layoffs","Addressing mass layoffs, relocations, and terminations.","","1313","SHB 1313","RULES","","","H","Referred to Rules 2 Review.","1","Scott","2025-02-14","2025-02-20","SFN","","0","0","0","19.86|49|49.44.211|49.62.020|50.04"
"1314 / 5297","Early learning facilities","Concerning the early learning facilities grant and loan program.","HB 1314","1314","HB 1314","ENACTED","","","","Effective date 7/27/2025.","1","Callan","2025-01-15","2025-04-07","SFN","","0","0","0","43.31|43.31.565|43.31.567|43.31.569|43.31.571|43.31.573|43.31.575|43.31.577|43.31.579|43.31.581"
"1314 / 5297","Early learning facilities","Concerning the early learning facilities grant and loan program.","HB 1314","1314","SB 5297","RULES","","","S","By resolution, returned to Senate Rules Committee for third reading.","1","Trudeau","2025-01-16","2025-04-27","SFN","","0","0","0","43.31|43.31.565|43.31.567|43.31.569|43.31.571|43.31.573|43.31.575|43.31.577|43.31.579|43.31.581"
"1315","Impaired driving","Concerning impaired driving.","","1315","HB 1315","COMMITTEE","CS","true","H","First reading, referred to Community Safety.","1","Donaghy","2025-01-15","2025-01-15","SFN,Loc","","0","0","0","43.59|46.20.308|46.20.3101|46.61.500|46.61.502|46.61.503|46.61.504|46.61.5055|46.61.506|46.61.5249|66.08|66.44|9a.04.080"
"1316","Postsecondary homelessness","Expanding the scope of programs for postsecondary students experiencing homelessness and former foster youth.","","1316","HB 1316","COMMITTEE","APP","true","H","First reading, referred to Appropriations.","1","Leavitt","2025-01-15","2025-01-15","SFN","","0","0","0",""
"1317","Sentences/offenses before 21","Concerning persons serving long sentences for offenses committed prior to reaching 21 years of age.","","1317","HB 1317","RULES","","","H","Referred to Rules 2 Review.","1","Hackney","2025-01-15","2025-02-28","SFN,Loc","","0","0","0","10.95.030|10.95.035|9.94a.510|9.94a.540|9.94a.570|9.94a.728|9.94a.729|9.94a.730"
"1317","Sentences/offenses before 21","Concerning persons serving long sentences for offenses committed prior to reaching 21 years of age.","","1317","SHB 1317","RULES","","","H","Referred to Rules 2 Review.","1","Hackney","2025-02-27","2025-02-28","SFN,Loc","","0","0","0","10.95.030|10.95.035|9.94a.510|9.94a.540|9.94a.570|9.94a.728|9.94a.729|9.94a.730"
"1318","Children's diapers sales tax","Providing a sales and use tax exemption for children's diapers.","","1318","HB 1318","COMMITTEE","FIN","true","H","First reading, referred to Finance.","1","Rule","2025-01-15","2025-01-15","SFN,Loc","","0","0","0","82.08|82.12"
"1319","Wealth tax","Enacting a wealth tax on the ownership of stocks, bonds, and other financial intangible property.","","1319","HB 1319","COMMITTEE","FIN","true","H","First reading, referred to Finance.","1","Street","2025-01-15","2025-01-15","SFN,Loc","D","0","0","0","43.135.034|82.32.160|82.32.655"
"1320","Business & occupation tax","Modifying business and occupation tax rates to fund programs and services to benefit Washingtonians.","","1320","HB 1320","COMMITTEE","FIN","true","H","First reading, referred to Finance.","1","Street","2025-01-15","2025-01-15","SFN","D","0","0","0","82.04.230|82.04.240|82.04.2404|82.04.241|82.04.250|82.04.255|82.04.257|82.04.260|82.04.260|82.04.2602|82.04.263|82.04.270|82.04.272|82.04.280|82.04.285|82.04.287|82.04.290|82.04.2905|82.04.2906|82.04.2907|82.04.2908|82.04.294|82.04.298"
"1321","Outside militia activities","Concerning the governor's authority to limit outside militia activities within the state.","SHB 1321","1321","HB 1321","SUBSTITUTED","","","H","1st substitute bill substituted.","0","Mena","2025-01-15","2025-03-10","","","0","0","0",""
"1321","Outside militia activities","Concerning the governor's authority to limit outside militia activities within the state.","SHB 1321","1321","SHB 1321","ENACTED","","","","Effective date 4/21/2025.","1","Mena","2025-01-31","2025-04-21","","","0","0","0",""
"1322 / 5296","Juvenile offenses","Improving outcomes for individuals adjudicated of juvenile offenses by increasing opportunities for community placement options and refining procedural requirements.","","1322","HB 1322","RULES","","","H","Referred to Rules 2 Review.","1","Goodman","2025-01-15","2025-02-28","SFN,Loc","","0","0","0","13.40.0357|13.40.160|13.40.162|13.40.165|13.40.185|13.40.210|13.40.215|13.40.230|13.40.308|72.01.412|72.05.420"
"1322 / 5296","Juvenile offenses","Improving outcomes for individuals adjudicated of juvenile offenses by increasing opportunities for community placement options and refining procedural requirements.","","1322","SB 5296","SUBSTITUTED","","","S","2nd substitute bill substituted.","0","Wilson, C.","2025-01-16","2025-03-10","SFN,Loc","","0","0","0","13.40.0357|13.40.160|13.40.162|13.40.165|13.40.185|13.40.210|13.40.215|13.40.230|13.40.308|72.01.412|72.05.420"
"1322","Juvenile offenses","Improving outcomes for individuals adjudicated of juvenile offenses by increasing opportunities for community placement options and refining procedural requirements.","","1322","SHB 1322","RULES","","","H","Referred to Rules 2 Review.","1","Goodman","2025-02-19","2025-02-28","SFN,Loc","","0","0","0","13.40.0357|13.40.160|13.40.165|13.40.185|13.40.205|13.40.210|13.40.215|13.40.230|72.01.412|72.05.420"
"1322","Juvenile offenses","Improving outcomes for individuals adjudicated of juvenile offenses by increasing opportunities for community placement options and refining procedural requirements.","","1322","2SHB 1322","RULES","","","H","Referred to Rules 2 Review.","1","Goodman","2025-02-27","2025-02-28","SFN,Loc","","0","0","0","13.40.0357|13.40.160|13.40.165|13.40.185|13.40.205|13.40.210|13.40.215|13.40.230|72.01.412|72.05.420"
"1323","Obstructing highways","Making obstructing highways a crime.","","1323","HB 1323","COMMITTEE","CS","true","H","First reading, referred to Community Safety.","1","Barkis","2025-01-16","2025-01-16","","","0","0","0",""
"1324 / 5550","Transportation funding/CCA","Funding the state transportation system using climate commitment act revenues.","","1324","HB 1324","COMMITTEE","TRAN","true","H","First reading, referred to Transportation.","1","Barkis","2025-01-16","2025-01-16","","","0","0","0","70a.65|70a.65.100|70a.65.240|70a.65.250"
"1324 / 5550","Transportation funding/CCA","Funding the state transportation system using climate commitment act revenues.","","1324","SB 5550","COMMITTEE","TRAN","true","S","First reading, referred to Transportation.","1","MacEwen","2025-01-28","2025-01-28","","","0","0","0","70a.65|70a.65.100|70a.65.240|70a.65.250"
"1325","Fish & wildlife enforcement","Expanding enforcement options for certain fish and wildlife violations.","SHB 1325","1325","HB 1325","SUBSTITUTED","","","H","1st substitute bill substituted.","0","Goodman","2025-01-16","2025-02-20","SFN","D","0","0","0","77.08.010|77.15.160|77.15.260|77.15.290|77.15.410|77.15.460"
"1325","Fish & wildlife enforcement","Expanding enforcement options for certain fish and wildlife violations.","SHB 1325","1325","SHB 1325","ENACTED","","","","Effective date 7/27/2025.","1","Goodman","2025-02-11","2025-04-21","SFN","D","0","0","0","77.08.010|77.15.160|77.15.260|77.15.290|77.15.410|77.15.460"
"1326 / 5353","Diabetes and obesity","Concerning the diabetes prevention and obesity treatment act.","","1326","HB 1326","COMMITTEE","HCW","true","H","First reading, referred to Health Care & Wellness.","1","Thai","2025-01-16","2025-01-16","","","0","0","0","41.05.017|48.43|74.09"
"1326 / 5353","Diabetes and obesity","Concerning the diabetes prevention and obesity treatment act.","","1326","SB 5353","COMMITTEE","HLTC","true","S","First reading, referred to Health & Long-Term Care.","1","Cleveland","2025-01-17","2025-01-17","SFN","","0","0","0","41.05.017|48.43|74.09"
"1327 / 5563","Horse racing","Concerning horse racing.","HB 1327","1327","HB 1327","ENACTED","","","","Effective date 7/27/2025.","1","Schmick","2025-01-16","2025-04-21","SFN","O","0","0","0","67.16.010|67.16.012|67.16.050|67.16.070|67.16.100|67.16.101|67.16.102|67.16.105|67.16.140|67.16.160|67.16.170|67.16.175|67.16.200|67.16.251|67.16.280"
"1327 / 5563","Horse racing","Concerning horse racing.","HB 1327","1327","SB 5563","RULES","","","S","Senate Rules ""X"" file.","1","Fortunato","2025-01-29","2025-03-17","SFN","O","0","0","0","67.16.010|67.16.012|67.16.050|67.16.070|67.16.100|67.16.101|67.16.102|67.16.105|67.16.140|67.16.160|67.16.170|67.16.175|67.16.200|67.16.251|67.16.280"
"1328 / 5359","Clean energy development","Accelerating the development of clean energy and transmission.","","1328","HB 1328","COMMITTEE","E&E","true","H","First reading, referred to Environment & Energy.","1","Doglio","2025-01-16","2025-01-16","SFN,Loc","D","0","0","0",""
"1328 / 5359","Clean energy development","Accelerating the development of clean energy and transmission.","","1328","SB 5359","COMMITTEE","WM","false","S","Referred to Ways & Means.","1","Shewmake","2025-01-20","2025-02-19","SFN,Loc","D","0","0","0",""
"1329 / 5401","Wholesale power purchases","Concerning wholesale power purchases by electric utilities under the Washington clean energy transformation act.","EHB 1329","1329","EHB 1329","ENACTED","","","","Effective date 7/27/2025.","1","Hunt","2025-01-16","2025-05-12","SFN,Loc","","0","0","0","19.405.020|19.405.030|19.405.100"
"1329 / 5401","Wholesale power purchases","Concerning wholesale power purchases by electric utilities under the Washington clean energy transformation act.","EHB 1329","1329","SB 5401","COMMITTEE","EET","true","S","First reading, referred to Environment, Energy & Technology.","1","Slatter","2025-01-21","2025-01-21","SFN,Loc","","0","0","0","19.405.020|19.405.030"
"1329","Wholesale power purchases","Concerning wholesale power purchases by electric utilities under the Washington clean energy transformation act.","","1329","HB 1329","FLOOR","","","H","","0","Hunt","2025-01-16","","SFN,Loc","","0","0","0","19.405.020|19.405.030|19.405.100"
"1330 / 5086","PEBB & SEBB consolidation","Consolidating the public employees' benefits board and the school employees' benefits board.","","1330","HB 1330","COMMITTEE","APP","true","H","First reading, referred to Appropriations.","1","Lekanoff","2025-01-16","2025-01-16","","","0","0","0","41.05|41.05.004|41.05.008|41.05.0091|41.05.011|41.05.021|41.05.022|41.05.023|41.05.050|41.05.055|41.05.065|41.05.068|41.05.075|41.05.080|41.05.083|41.05.085|41.05.095|41.05.120|41.05.123|41.05.130|41.05.140|41.05.143|41.05.183|41.05.195|41.05.197|41.05.225|41.05.300|41.05.320|41.05.405|41.05.430|41.05.525|41.05.526|41.05.528|41.05.540|41.05.670|41.05.700|41.05.740|41.05.742|41.05.743|41.05.744|41.05.745|41.05.820|41.05.890|41.05.950|41.05.951"
"1330 / 5086","PEBB & SEBB consolidation","Consolidating the public employees' benefits board and the school employees' benefits board.","","1330","SB 5086","COMMITTEE","WM","true","S","First reading, referred to Ways & Means.","1","Robinson","2025-01-13","2025-01-13","SFN","","0","0","0","41.05|41.05.004|41.05.008|41.05.0091|41.05.011|41.05.021|41.05.022|41.05.023|41.05.050|41.05.055|41.05.065|41.05.068|41.05.075|41.05.080|41.05.083|41.05.085|41.05.095|41.05.120|41.05.123|41.05.130|41.05.140|41.05.143|41.05.183|41.05.195|41.05.197|41.05.225|41.05.300|41.05.320|41.05.405|41.05.430|41.05.525|41.05.526|41.05.528|41.05.540|41.05.670|41.05.700|41.05.740|41.05.742|41.05.743|41.05.744|41.05.745|41.05.820|41.05.890|41.05.950|41.05.951"
"1331","Controlled substance death","Increasing public safety by elevating the penalty for unlawful delivery of a controlled substance resulting in death.","","1331","HB 1331","COMMITTEE","CS","true","H","First reading, referred to Community Safety.","1","Low","2025-01-16","2025-01-16","","","0","0","0","69.50.415|9a.32.060"
"1332","Transp. network companies","Concerning transportation network companies.","ESHB 1332","1332","HB 1332","SUBSTITUTED","","","H","1st substitute bill substituted.","0","Obras","2025-01-16","2025-03-11","SFN","","0","0","0","46.72b|46.72b.020|49.46.300"
"1332","Transp. network companies","Concerning transportation network companies.","ESHB 1332","1332","SHB 1332","OTHER","","","H","","0","Obras","2025-02-07","","SFN","","0","0","0","46.72b|46.72b.020|49.46.300"
"1332","Transp. network companies","Concerning transportation network companies.","ESHB 1332","1332","ESHB 1332","ENACTED","","","","Effective date 9/1/2025*.","1","Obras","2025-02-07","2025-05-12","SFN","","0","0","0","46.72b|46.72b.020|49.46.300"
"1333 / 5093","Pregnancy loss","Concerning dignity in pregnancy loss.","","1333","HB 1333","COMMITTEE","CRJ","true","H","First reading, referred to Civil Rights & Judiciary.","1","Taylor","2025-01-16","2025-01-16","","","0","0","0","68.50.010|9.02|9.02.050"
"1333 / 5093","Pregnancy loss","Concerning dignity in pregnancy loss.","","1333","SB 5093","SUBSTITUTED","","","S","1st substitute bill substituted.","0","Dhingra","2025-01-13","2025-02-05","SFN,Loc","","0","0","0","68.50.010|9.02|9.02.050"
"1334","Property tax revenue growth","Modifying the annual regular property tax revenue growth limit.","","1334","HB 1334","COMMITTEE","FIN","true","H","First reading, referred to Finance.","1","Pollet","2025-01-16","2025-01-16","SFN,Loc","","0","0","0","84.55.005|84.55.0101|84.55.100"
"1335","Military spouse employment","Protecting military spouses from employment discrimination.","","1335","HB 1335","COMMITTEE","APP","false","H","Referred to Appropriations.","1","Richards","2025-01-16","2025-02-11","SFN","","0","0","0","49.60.010|49.60.020|49.60.030|49.60.040|49.60.180|49.60.190|49.60.200"
"1336","Utility meter choice","Protecting utility consumer meter choice.","","1336","HB 1336","COMMITTEE","E&E","true","H","First reading, referred to Environment & Energy.","1","Walsh","2025-01-16","2025-01-16","","","0","0","0",""
"1337","Higher education presidents","Concerning the appointment of presidents of institutions of higher education.","","1337","HB 1337","RULES","","","H","Returned to Rules Committee for second reading.","1","Pollet","2025-01-16","2025-03-19","SFN","","0","0","0",""
"1337","Higher education presidents","Concerning the appointment of presidents of institutions of higher education.","","1337","SHB 1337","RULES","","","H","Returned to Rules Committee for second reading.","1","Pollet","2025-02-19","2025-03-19","SFN","","0","0","0","28b.20.100|28b.30.100|28b.35.100|28b.40.100|28b.50.102"
"1338","School operating costs","Concerning school operating costs.","","1338","HB 1338","RULES","","","H","Referred to Rules 2 Review.","1","Berg","2025-01-16","2025-02-28","SFN","","0","0","0",""
"1338","School operating costs","Concerning school operating costs.","","1338","SHB 1338","RULES","","","H","Referred to Rules 2 Review.","1","Berg","2025-02-28","2025-02-28","SFN","","0","0","0",""
"1339 / 5373","Even-numbered year elections","Shifting general elections for local governments to even-numbered years to increase voter participation.","","1339","HB 1339","RULES","","","H","Returned to Rules Committee for second reading.","1","Gregerson","2025-01-16","2025-03-19","SFN,Loc","","0","0","0","29a.04.330|3.50.040|3.50.050|35.17.020|35.18.270|35.23.051|35.27.090|35.30.080|35a.02.050"
"1339 / 5373","Even-numbered year elections","Shifting general elections for local governments to even-numbered years to increase voter participation.","","1339","SB 5373","COMMITTEE","STATE GOVERNMENT, TRIBAL AFFAIRS & ELECTIONS","true","S","First reading, referred to State Government, Tribal Affairs & Elections.","1","Ramos","2025-01-20","2025-01-20","SFN,Loc","","0","0","0","29a.04.330|3.50.040|3.50.050|35.17.020|35.18.270|35.23.051|35.27.090|35.30.080|35a.02.050"
"1339","Even-numbered year elections","Shifting general elections for local governments to even-numbered years to increase voter participation.","","1339","SHB 1339","RULES","","","H","Returned to Rules Committee for second reading.","1","Gregerson","2025-02-20","2025-03-19","SFN,Loc","","0","0","0","29a.04.330|3.50.040|3.50.050|35.17.020|35.18.270|35.23.051|35.27.090|35.30.080|35a.02.050"
"1340","Prepared food sales tax","Exempting prepared food from sales tax.","","1340","HB 1340","COMMITTEE","FIN","true","H","First reading, referred to Finance.","1","Manjarrez","2025-01-16","2025-01-16","SFN,Loc","","0","0","0",""
"1341 / 5700","Medical cannabis database","Concerning the medical cannabis authorization database.","HB 1341","1341","HB 1341","ENACTED","","","","Effective date 7/27/2025.","1","Wylie","2025-01-16","2025-04-16","SFN","O","0","0","0",""
"1341 / 5700","Medical cannabis database","Concerning the medical cannabis authorization database.","HB 1341","1341","SB 5700","RULES","","","S","Senate Rules ""X"" file.","1","King","2025-02-07","2025-03-17","SFN","","0","0","0",""
"1342","Unlawful detainer notices","Removing the personal delivery requirement for unlawful detainer notices.","","1342","HB 1342","COMMITTEE","HSG","true","H","First reading, referred to Housing.","1","Connors","2025-01-16","2025-01-16","","","0","0","0",""
"1343","Higher ed./loss of aid","Limiting the scope of cause for loss of aid.","","1343","HB 1343","RULES","","","H","Returned to Rules Committee for second reading.","1","Pollet","2025-01-16","2025-03-19","","","0","0","0",""
"1343","Higher ed./loss of aid","Limiting the scope of cause for loss of aid.","","1343","SHB 1343","RULES","","","H","Returned to Rules Committee for second reading.","1","Pollet","2025-02-04","2025-03-19","","","0","0","0",""
"1344","Respite care","Increasing access to respite care for those with intellectual or developmental disabilities and their caregivers.","","1344","HB 1344","COMMITTEE","APP","false","H","Referred to Appropriations.","1","Barnard","2025-01-16","2025-02-18","SFN","","0","0","0",""
"1344","Respite care","Increasing access to respite care for those with intellectual or developmental disabilities and their caregivers.","","1344","SHB 1344","COMMITTEE","APP","false","H","Referred to Appropriations.","1","Barnard","2025-02-14","2025-02-18","SFN","","0","0","0",""
"1345","Detached ADU limits","Establishing limitations on detached accessory dwelling units outside of urban growth areas.","","1345","HB 1345","RULES","","","H","Returned to Rules Committee for second reading.","1","Low","2025-01-16","2025-03-19","SFN,Loc","","0","0","0","36.70a|36.70a.696"
"1346 / 5456","Cannabis industry","Removing cannabis industry barriers.","","1346","HB 1346","COMMITTEE","CPB","true","H","First reading, referred to Consumer Protection & Business.","1","Hackney","2025-01-16","2025-01-16","SFN","","0","0","0","69.50.325|69.50.331"
"1346 / 5456","Cannabis industry","Removing cannabis industry barriers.","","1346","SB 5456","COMMITTEE","L&C","true","S","First reading, referred to Labor & Commerce.","1","Stanford","2025-01-23","2025-01-23","SFN","","0","0","0","69.50.325|69.50.331"
"1347","Cannabis testing labs","Concerning cannabis testing laboratories.","","1347","HB 1347","RULES","","","H","By resolution, returned to House Rules Committee for third reading.","1","Reeves","2025-01-16","2025-04-27","SFN","","0","0","0",""
"1348","Cannabis/employee ownership","Concerning employee ownership of licensed cannabis businesses.","","1348","HB 1348","COMMITTEE","CPB","true","H","First reading, referred to Consumer Protection & Business.","1","Hackney","2025-01-16","2025-01-16","SFN","","0","0","0","69.50.325|69.50.331"
"1349 / 5306","Pension credit for leave","Concerning the purchase of pension service credit for authorized leaves of absence.","SB 5306","1349","HB 1349","RULES","","","H","By resolution, returned to House Rules Committee for third reading.","1","Griffey","2025-01-16","2025-04-27","SFN","O","0","0","0",""
"1349 / 5306","Pension credit for leave","Concerning the purchase of pension service credit for authorized leaves of absence.","SB 5306","1349","SB 5306","ENACTED","","","","Effective date 7/27/2025.","1","Holy","2025-01-16","2025-04-22","SFN","O","0","0","0",""
"1350 / 5500","Child care reimburse. rates","Modernizing reimbursement rates for the working connections child care program.","","1350","HB 1350","COMMITTEE","APP","true","H","First reading, referred to Appropriations.","1","Alvarado","2025-01-16","2025-01-16","","","0","0","0",""
"1350 / 5500","Child care reimburse. rates","Modernizing reimbursement rates for the working connections child care program.","","1350","SB 5500","RULES","","","S","Senate Rules ""X"" file.","1","Alvarado","2025-01-27","2025-03-17","SFN","","0","0","0",""
"1351","ECEAP age requirements","Adjusting age requirements for accessing the early childhood education and assistance program.","SHB 1351","1351","HB 1351","SUBSTITUTED","","","H","1st substitute bill substituted.","0","Bernbaum","2025-01-16","2025-03-04","SFN","","0","0","0","43.216.512|43.216.513"
"1351","ECEAP age requirements","Adjusting age requirements for accessing the early childhood education and assistance program.","SHB 1351","1351","SHB 1351","ENACTED","","","","Effective date 7/1/2025*.","1","Bernbaum","2025-01-31","2025-05-13","SFN","","0","0","0","43.216.505|43.216.505|43.216.512|43.216.513"
"1352 / 5270","Educator support/nurses","Providing mentors to novice nurses in the beginning educator support team program.","","1352","HB 1352","COMMITTEE","ED","true","H","First reading, referred to Education.","1","Bernbaum","2025-01-16","2025-01-16","","","0","0","0",""
"1352 / 5270","Educator support/nurses","Providing mentors to novice nurses in the beginning educator support team program.","","1352","SB 5270","COMMITTEE","ELK12","true","S","First reading, referred to Early Learning & K-12 Education.","1","Wellman","2025-01-15","2025-01-15","SFN","","0","0","0",""
"1353","ADU self-certification","Establishing a self-certification program for accessory dwelling unit project permit applications.","SHB 1353","1353","HB 1353","SUBSTITUTED","","","H","1st substitute bill substituted.","0","Ramel","2025-01-16","2025-03-04","SFN,Loc","","0","0","0",""
"1353","ADU self-certification","Establishing a self-certification program for accessory dwelling unit project permit applications.","SHB 1353","1353","SHB 1353","ENACTED","","","","Effective date 7/27/2025.","1","Ramel","2025-02-12","2025-04-07","SFN,Loc","","0","0","0",""
"1354","Session employees/PEBB","Concerning coverage of legislative session employees in the insurance programs offered by the public employees' benefits board.","","1354","HB 1354","COMMITTEE","APP","true","H","First reading, referred to Appropriations.","1","Valdez","2025-01-16","2025-01-16","","","0","0","0","41.05.011|41.05.065"
"1355 / 5264","Tax compacts/capital invest.","Modifying retail taxes compacts between the state of Washington and federally recognized tribes located in Washington state by increasing the revenue-sharing percentages when a compacting tribe has completed a qualified capital investment.","HB 1355","1355","HB 1355","ENACTED","","","","Effective date 7/27/2025.","1","Berg","2025-01-17","2025-04-22","SFN","D","0","0","0",""
"1355 / 5264","Tax compacts/capital invest.","Modifying retail taxes compacts between the state of Washington and federally recognized tribes located in Washington state by increasing the revenue-sharing percentages when a compacting tribe has completed a qualified capital investment.","HB 1355","1355","SB 5264","COMMITTEE","WM","true","S","First reading, referred to Ways & Means.","1","Robinson","2025-01-14","2025-01-14","SFN","D","0","0","0",""
"1356","K-12 funding","Concerning K-12 funding.","","1356","HB 1356","COMMITTEE","APP","false","H","Referred to Appropriations.","1","Bergquist","2025-01-17","2025-02-26","SFN,Loc","","0","0","0","28a.150|28a.150.390|28a.150.392|28a.150.560|28a.500.015|84.52.0531|84.55.005|84.55.100"
"1356","K-12 funding","Concerning K-12 funding.","","1356","SHB 1356","COMMITTEE","APP","false","H","Referred to Appropriations.","1","Bergquist","2025-02-25","2025-02-26","SFN,Loc","","0","0","0","28a.150|28a.150.390|28a.150.392|28a.150.560|28a.500.015|84.52.0531|84.55.005"
"1357","Special education funding","Providing special education funding and support for inclusionary practices.","","1357","HB 1357","RULES","","","H","Returned to Rules Committee for second reading.","1","Stonier","2025-01-17","2025-03-19","SFN","","0","0","0","28a.150|28a.150.390|43.216.580"
"1357","Special education funding","Providing special education funding and support for inclusionary practices.","","1357","SHB 1357","RULES","","","H","Returned to Rules Committee for second reading.","1","Stonier","2025-02-28","2025-03-19","","","0","0","0","28a.150|28a.150.390|28a.150.392|28a.150.560|28a.155|43.216.580"
"1358 / 5298","Mobile home community sale","Concerning the notice of sale or lease of manufactured/mobile home communities.","","1358","HB 1358","COMMITTEE","HSG","true","H","First reading, referred to Housing.","1","Gregerson","2025-01-17","2025-01-17","SFN,Loc","","0","0","0","59.20.300|59.20.325|59.20.335"
"1358 / 5298","Mobile home community sale","Concerning the notice of sale or lease of manufactured/mobile home communities.","","1358","SB 5298","SUBSTITUTED","","","S","1st substitute bill substituted.","0","Frame","2025-01-16","2025-03-06","SFN,Loc","","0","0","0","59.20.300|59.20.325|59.20.335"
"1359","Criminal insanity","Reviewing laws related to criminal insanity and competency to stand trial.","2SHB 1359","1359","HB 1359","SUBSTITUTED","","","H","2nd substitute bill substituted.","0","Thai","2025-01-17","2025-03-05","SFN,Loc","","0","0","0","10.77.2101|10.77.290|10.77.310|10.77.940|10.77.950"
"1359","Criminal insanity","Reviewing laws related to criminal insanity and competency to stand trial.","2SHB 1359","1359","SHB 1359","SUBSTITUTED","","","H","2nd substitute bill substituted.","0","Thai","2025-02-19","2025-03-05","SFN,Loc","","0","0","0","10.77.2101|10.77.290|10.77.310|10.77.940|10.77.950"
"1359","Criminal insanity","Reviewing laws related to criminal insanity and competency to stand trial.","2SHB 1359","1359","2SHB 1359","ENACTED","","","","Effective date 7/27/2025.","1","Thai","2025-02-27","2025-05-19","SFN,Loc","","0","0","0","10.77.2101|10.77.290|10.77.310|10.77.940|10.77.950"
"1360 / 5451","Quantum economic development","Concerning advancement of quantum economic development.","","1360","HB 1360","COMMITTEE","APP","false","H","Referred to Appropriations.","1","Ryu","2025-01-17","2025-02-05","SFN","","0","0","0",""
"1360 / 5451","Quantum economic development","Concerning advancement of quantum economic development.","","1360","SB 5451","COMMITTEE","WM","false","S","Referred to Ways & Means.","1","Slatter","2025-01-23","2025-02-06","SFN","","0","0","0",""
"1360","Quantum economic development","Concerning advancement of quantum economic development.","","1360","SHB 1360","COMMITTEE","APP","false","H","Referred to Appropriations.","1","Ryu","2025-01-31","2025-02-05","SFN","","0","0","0","42.56.270|43.33"
"1361","Process service","Updating process service requirements.","HB 1361","1361","HB 1361","ENACTED","","","","Effective date 7/27/2025.","1","Hill","2025-01-17","2025-04-11","SFN,Loc","D","0","0","0","4.28.080|4.28.090|4.28.100|46.64.040"
"1362","Gambling diversion court","Creating a gambling treatment diversion court pilot program to be conducted by the administrative office of the courts.","","1362","HB 1362","COMMITTEE","APP","false","H","Referred to Appropriations.","1","Stearns","2025-01-17","2025-02-20","SFN,Loc","","0","0","0",""
"1363","Child care licensing","Modifying licensing requirements for child care and early learning providers.","","1363","HB 1363","COMMITTEE","ELHS","true","H","First reading, referred to Early Learning & Human Services.","1","Valdez","2025-01-17","2025-01-17","SFN","","0","0","0","43.216.250|43.216.255|43.216.600|43.216.755"
"1364","Unlicensed bingo, etc.","Increasing the gross revenue threshold for unlicensed bingo, raffles, and amusement games conducted by charitable or nonprofit organizations.","","1364","HB 1364","COMMITTEE","SGTR","true","H","First reading, referred to State Government & Tribal Relations.","1","Orcutt","2025-01-17","2025-01-17","","","0","0","0","9.46.0315|9.46.0321|9.46.110"
"1365","Mobile home rental assist.","Providing rental assistance to manufactured/mobile home park tenants.","","1365","HB 1365","COMMITTEE","HSG","true","H","First reading, referred to Housing.","1","Orcutt","2025-01-17","2025-01-17","SFN","","0","0","0","59.21|59.21.010|59.22.050"
"1366","Military surplus vehicles","Authorizing military surplus vehicles to operate on public highways.","","1366","HB 1366","COMMITTEE","TRAN","true","H","First reading, referred to Transportation.","1","Orcutt","2025-01-17","2025-01-17","SFN,Loc","","0","0","0","46.04|46.04.123|46.04.126|46.12|46.18.220|46.37.010"
"1367","Right shoulder/motorcycles","Improving motorcycle safety by authorizing the use of the right shoulder of limited access roadways.","","1367","HB 1367","COMMITTEE","TRAN","true","H","First reading, referred to Transportation.","1","Orcutt","2025-01-17","2025-01-17","SFN","","0","0","0",""
"1368 / 5444","New special license plates","Creating several new special license plates.","","1368","HB 1368","RULES","","","H","Referred to Rules 2 Review.","1","Orcutt","2025-01-17","2025-02-28","SFN,Loc","","0","0","0","46.04|46.17.220|46.18|46.18.200|46.68.420|46.68.425"
"1368 / 5444","New special license plates","Creating several new special license plates.","","1368","SB 5444","SUBSTITUTED","","","S","1st substitute bill substituted.","0","Cortes","2025-01-23","2025-04-18","SFN,Loc","","0","0","0","46.04|46.17.220|46.18|46.18.200|46.68.420|46.68.425"
"1368","New special license plates","Creating several new special license plates.","","1368","SHB 1368","RULES","","","H","Referred to Rules 2 Review.","1","Orcutt","2025-02-27","2025-02-28","SFN,Loc","","0","0","0","46.04|46.17.220|46.18|46.18.200|46.68.420|46.68.425"
"1369","Working forest license plate","Creating special license plates that support working forests.","","1369","HB 1369","COMMITTEE","TRAN","true","H","First reading, referred to Transportation.","1","Orcutt","2025-01-17","2025-01-17","SFN,Loc","","0","0","0","46.04|46.17.220|46.18.200|46.68.420"
"1370 / 5636","Mt. St. Helens license plate","Creating Mount St. Helens special license plates.","","1370","HB 1370","COMMITTEE","TRAN","true","H","First reading, referred to Transportation.","1","Orcutt","2025-01-17","2025-01-17","SFN,Loc","","0","0","0","46.04|46.17.220|46.18.200|46.68.420"
"1370 / 5636","Mt. St. Helens license plate","Creating Mount St. Helens special license plates.","","1370","SB 5636","COMMITTEE","TRAN","true","S","First reading, referred to Transportation.","1","Cortes","2025-02-03","2025-02-03","SFN,Loc","","0","0","0","46.04|46.17.220|46.18.200|46.68.420"
"1371 / 5410","Veteran parking privileges","Concerning parking privileges for veterans.","","1371","HB 1371","SUBSTITUTED","","","H","1st substitute bill substituted.","0","Orcutt","2025-01-17","2025-02-12","SFN","","0","0","0","41.04.007|46.19|46.19.010|46.19.040"
"1371 / 5410","Veteran parking privileges","Concerning parking privileges for veterans.","","1371","SB 5410","RULES","","","S","Senate Rules ""X"" file.","1","Braun","2025-01-22","2025-03-17","SFN","","0","0","0","41.04.007|46.19|46.19.010|46.19.040"
"1371","Veteran parking privileges","Concerning parking privileges for veterans.","SHB 1371","1371","SHB 1371","ENACTED","","","","Effective date 10/1/2025.","1","Orcutt","2025-01-29","2025-05-17","SFN","","0","0","0","41.04.007|46.19|46.19.010|46.19.040"
"1372 / 5598","JLARC studies","Modifying provisions on joint legislative audit and review committee studies.","HB 1372","1372","HB 1372","ENACTED","","","","Effective date 7/27/2025.","1","Orcutt","2025-01-17","2025-05-02","SFN","","0","0","0","43.131.051|43.131.900|44.28.083|76.04.516"
"1372 / 5598","JLARC studies","Modifying provisions on joint legislative audit and review committee studies.","HB 1372","1372","SB 5598","COMMITTEE","STATE GOVERNMENT, TRIBAL AFFAIRS & ELECTIONS","true","S","First reading, referred to State Government, Tribal Affairs & Elections.","1","Salomon","2025-01-30","2025-01-30","","","0","0","0","43.131.051|43.131.900|44.28.083|76.04.516"
"1373","Senior citizens local tax","Imposing a local sales tax wholly credited against the state sales tax to support programs for senior citizens.","","1373","HB 1373","COMMITTEE","FIN","true","H","First reading, referred to Finance.","1","Orcutt","2025-01-17","2025-01-17","SFN,Loc","","0","0","0",""
"1374","Sales and use tax rate","Reducing the state sales and use tax rate.","","1374","HB 1374","COMMITTEE","FIN","true","H","First reading, referred to Finance.","1","Orcutt","2025-01-17","2025-01-17","SFN","","0","0","0",""
"1375","Estate tax exclusion","Adjusting the estate tax exclusion amount for inflation.","","1375","HB 1375","COMMITTEE","FIN","true","H","First reading, referred to Finance.","1","Orcutt","2025-01-17","2025-01-17","SFN","","0","0","0",""
"1376","Capital gains tax prepayment","Concerning the prepayment of capital gains taxes six months prior to the due date.","","1376","HB 1376","RULES","","","H","Referred to Rules 2 Review.","1","Orcutt","2025-01-17","2025-02-28","SFN","","0","0","0",""
"1377","Ferry system emergency decl.","Declaring the ferry system to be in a state of emergency to authorize expedient actions.","","1377","HB 1377","COMMITTEE","TRAN","true","H","First reading, referred to Transportation.","1","Valdez","2025-01-17","2025-01-17","","","0","0","0","47.56.030|47.6|47.60.010|47.60.315|47.60.810|47.60.826|47.60.838"
"1378 / 5333","Eluding & resisting arrest","Concerning penalties related to eluding police vehicles and resisting arrest.","","1378","HB 1378","COMMITTEE","CS","true","H","First reading, referred to Community Safety.","1","Shavers","2025-01-17","2025-01-17","","","0","0","0","10.21|13.40.040|13.40.210|46.55.113|46.55.360|46.55.370|46.61|9.94a.501|9.94a.501|9.94a.701|9.94a.703"
"1378 / 5333","Eluding & resisting arrest","Concerning penalties related to eluding police vehicles and resisting arrest.","","1378","SB 5333","COMMITTEE","L&J","true","S","First reading, referred to Law & Justice.","1","Lovick","2025-01-17","2025-01-17","SFN,Loc","","0","0","0","10.21|13.40.040|13.40.210|46.55.113|46.55.360|46.55.370|46.61|9.94a.501|9.94a.501|9.94a.701|9.94a.703"
"1379 / 5084","Health carrier reporting","Concerning health carrier reporting.","SB 5084","1379","HB 1379","RULES","","","H","Returned to Rules Committee for second reading.","1","Lekanoff","2025-01-17","2025-03-19","SFN","","0","0","0",""
"1379 / 5084","Health carrier reporting","Concerning health carrier reporting.","SB 5084","1379","SB 5084","ENACTED","","","","Effective date 7/27/2025.","1","Robinson","2025-01-13","2025-04-04","SFN","","0","0","0",""
"1380","Public property regulations","Allowing objectively reasonable regulation of the utilization of public property.","","1380","HB 1380","RULES","","","H","Referred to Rules 2 Review.","1","Gregerson","2025-01-17","2025-02-28","SFN,Loc","","0","0","0","35.21|35a.21|36.01"
"1380","Public property regulations","Allowing objectively reasonable regulation of the utilization of public property.","","1380","SHB 1380","RULES","","","H","Referred to Rules 2 Review.","1","Gregerson","2025-02-27","2025-02-28","SFN,Loc","","0","0","0","35.21|35a.21|36.01|79.24"
"1381","Elections/language assist.","Improving meaningful access to elections by increasing language assistance.","","1381","HB 1381","COMMITTEE","APP","false","H","Referred to Appropriations.","1","Shavers","2025-01-17","2025-02-12","SFN,Loc","","0","0","0",""
"1381","Elections/language assist.","Improving meaningful access to elections by increasing language assistance.","","1381","SHB 1381","COMMITTEE","APP","false","H","Referred to Appropriations.","1","Shavers","2025-02-07","2025-02-12","SFN,Loc","","0","0","0",""
"1382","All payers claim database","Modernizing the all payers claim database.","EHB 1382","1382","HB 1382","FLOOR","","","H","","0","Tharinger","2025-01-17","","SFN","O","0","0","0","43.371.010|43.371.020|43.371.050|43.371.060|43.371.070|43.371.090"
"1382","All payers claim database","Modernizing the all payers claim database.","EHB 1382","1382","EHB 1382","ENACTED","","","","Effective date 7/27/2025*.","1","Tharinger","2025-01-17","2025-05-17","SFN","O","0","0","0","43.371.010|43.371.020|43.371.050|43.371.060|43.371.070|43.371.090"
"1383","Baby products grant program","Establishing a grant program for the purchase and distribution of essential baby products.","","1383","HB 1383","COMMITTEE","APP","true","H","First reading, referred to Appropriations.","1","Hill","2025-01-17","2025-01-17","","","0","0","0",""
"1384 / 5054","Winery tax exemption","Providing tax exemption for the first 20,000 gallons of wine sold by a winery in Washington.","","1384","HB 1384","RULES","","","H","Referred to Rules 2 Review.","1","Wylie","2025-01-17","2025-02-26","SFN","","0","0","0",""
"1384 / 5054","Winery tax exemption","Providing tax exemption for the first 20,000 gallons of wine sold by a winery in Washington.","","1384","SB 5054","COMMITTEE","WM","false","S","Referred to Ways & Means.","1","Warnick","2025-01-13","2025-02-03","SFN","","0","0","0",""
"1385","Background checks","Concerning fingerprint background check on applicants.","ESHB 1385","1385","HB 1385","SUBSTITUTED","","","H","1st substitute bill substituted.","0","Taylor","2025-01-20","2025-03-05","SFN,Loc","D","0","0","0","43.43|43.43.830"
"1385","Background checks","Concerning fingerprint background check on applicants.","ESHB 1385","1385","SHB 1385","OTHER","","","H","","0","Taylor","2025-02-14","","SFN,Loc","D","0","0","0","43.43|43.43.830"
"1385","Background checks","Concerning fingerprint background check on applicants.","ESHB 1385","1385","ESHB 1385","ENACTED","","","","Effective date 7/27/2025.","1","Taylor","2025-02-14","2025-04-16","SFN,Loc","D","0","0","0","43.43|43.43.830"
"1386","Firearms tax","Imposing a new tax on firearms, firearm parts, and ammunition.","","1386","HB 1386","COMMITTEE","FIN","true","H","First reading, referred to Finance.","1","Thai","2025-01-20","2025-01-20","SFN","","0","0","0","82|82.32.145"
"1387 / 5293","Prevailing wage/public works","Concerning the prevailing wages on public works.","","1387","HB 1387","COMMITTEE","LWS","true","H","First reading, referred to Labor & Workplace Standards.","1","Schmidt","2025-01-20","2025-01-20","","","0","0","0",""
"1387 / 5293","Prevailing wage/public works","Concerning the prevailing wages on public works.","","1387","SB 5293","COMMITTEE","L&C","true","S","First reading, referred to Labor & Commerce.","1","King","2025-01-15","2025-01-15","","","0","0","0",""
"1388 / 5214","Mobile market programs","Concerning mobile market programs.","","1388","HB 1388","RULES","","","H","Referred to Rules 2 Review.","1","Bernbaum","2025-01-20","2025-02-04","SFN","","0","0","0",""
"1388 / 5214","Mobile market programs","Concerning mobile market programs.","","1388","SB 5214","SUBSTITUTED","","","S","1st substitute bill substituted.","0","Shewmake","2025-01-13","2025-02-12","SFN","","0","0","0",""
"1388","Mobile market programs","Concerning mobile market programs.","","1388","SHB 1388","RULES","","","H","Referred to Rules 2 Review.","1","Bernbaum","2025-01-31","2025-02-04","","","0","0","0",""
"1389","Timber purchase reporting","Extending the expiration date for reporting requirements on timber purchases.","HB 1389","1389","HB 1389","ENACTED","","","","Effective date 7/27/2025.","1","Bernbaum","2025-01-20","2025-04-24","SFN","","0","0","0",""
"1390","Community protection program","Repealing the community protection program.","","1390","HB 1390","SUBSTITUTED","","","H","1st substitute bill substituted.","0","Goodman","2025-01-20","2025-03-03","SFN,Loc","D","0","0","0","71.09.020|71.09.060|71a.12.200|71a.12.210|71a.12.220|71a.12.230|71a.12.240|71a.12.250|71a.12.260|71a.12.280"
"1390","Community protection program","Repealing the community protection program.","","1390","SHB 1390","RULES","","","H","By resolution, returned to House Rules Committee for third reading.","1","Goodman","2025-02-07","2025-04-27","SFN,Loc","D","0","0","0","71.09.020|71.09.060|71a.12.200|71a.12.210|71a.12.220|71a.12.230|71a.12.240|71a.12.250|71a.12.260|71a.12.280"
"1391 / 5426","Court alternatives/youth","Improving developmentally appropriate alternatives for youth outside the formal court process.","","1391","HB 1391","SUBSTITUTED","","","H","2nd substitute bill substituted.","0","Cortes","2025-01-20","2025-03-05","SFN,Loc","","0","0","0","13.06|13.06.010|13.06.030|13.06.040|13.4|13.40.020|13.40.080|2.56.032"
"1391 / 5426","Court alternatives/youth","Improving developmentally appropriate alternatives for youth outside the formal court process.","","1391","SB 5426","COMMITTEE","WM","false","S","Referred to Ways & Means.","1","Wilson, C.","2025-01-22","2025-02-06","SFN,Loc","","0","0","0","13.06|13.06.010|13.06.030|13.06.040|13.4|13.40.020|13.40.080|2.56.032"
"1391","Court alternatives/youth","Improving developmentally appropriate alternatives for youth outside the formal court process.","2SHB 1391","1391","SHB 1391","SUBSTITUTED","","","H","2nd substitute bill substituted.","0","Cortes","2025-02-07","2025-03-05","SFN,Loc","","0","0","0","13.06|13.06.010|13.06.030|13.06.040|13.4|13.40.020|13.40.080|2.56.032"
"1391","Court alternatives/youth","Improving developmentally appropriate alternatives for youth outside the formal court process.","2SHB 1391","1391","2SHB 1391","ENACTED","","","","Effective date 7/27/2025.","1","Cortes","2025-02-28","2025-04-22","SFN,Loc","","0","0","0","13.06|13.06.010|13.40.020|13.40.080|2.56.032"
"1392 / 5372","Medicaid access program","Creating the medicaid access program.","","1392","HB 1392","SUBSTITUTED","","","H","1st substitute bill substituted.","0","Macri","2025-01-20","2025-03-20","SFN","","0","0","0","43.84.092|48|74"
"1392 / 5372","Medicaid access program","Creating the medicaid access program.","","1392","SB 5372","COMMITTEE","HLTC","true","S","First reading, referred to Health & Long-Term Care.","1","Riccelli","2025-01-20","2025-01-20","SFN","","0","0","0","43.84.092|48|74"
"1392","Medicaid access program","Creating the medicaid access program.","SHB 1392","1392","SHB 1392","ENACTED","","","","Effective date 5/19/2025*.","1","Macri","2025-02-27","2025-05-19","SFN","","0","0","0","43.84.092|48|74"
"1393","Commencement/cultural exp.","Providing public school students with opportunities for cultural expression at commencement ceremonies.","EHB 1393","1393","HB 1393","FLOOR","","","H","","0","McEntire","2025-01-20","","SFN","","0","0","0",""
"1393","Commencement/cultural exp.","Providing public school students with opportunities for cultural expression at commencement ceremonies.","EHB 1393","1393","EHB 1393","ENACTED","","","","Effective date 7/27/2025.","1","McEntire","2025-01-20","2025-04-21","SFN","","0","0","0",""
"1394 / 5239","Hospital medical records","Concerning the retention of hospital medical records.","","1394","HB 1394","SUBSTITUTED","","","H","1st substitute bill substituted.","0","Parshley","2025-01-20","2025-03-04","SFN,Loc","","0","0","0",""
"1394 / 5239","Hospital medical records","Concerning the retention of hospital medical records.","","1394","SB 5239","SUBSTITUTED","","","S","1st substitute bill substituted.","0","Slatter","2025-01-14","2025-02-12","SFN,Loc","","0","0","0",""
"1394","Hospital medical records","Concerning the retention of hospital medical records.","","1394","SHB 1394","RULES","","","H","By resolution, returned to House Rules Committee for third reading.","1","Parshley","2025-02-07","2025-04-27","","","0","0","0",""
"1395 / 5531","Home care worker background","Streamlining the home care worker background check process.","","1395","HB 1395","SUBSTITUTED","","","H","1st substitute bill substituted.","0","Farivar","2025-01-20","2025-03-12","SFN","","0","0","0","43.20a.715|74.39a.056"
"1395 / 5531","Home care worker background","Streamlining the home care worker background check process.","","1395","SB 5531","COMMITTEE","HLTC","true","S","First reading, referred to Health & Long-Term Care.","1","Chapman","2025-01-28","2025-01-28","SFN","","0","0","0","43.20a.715|74.39a.056"
"1395","Home care worker background","Streamlining the home care worker background check process.","ESHB 1395","1395","SHB 1395","OTHER","","","H","","0","Farivar","2025-02-04","","SFN","","0","0","0","43.20a.715|74.39a.056"
"1395","Home care worker background","Streamlining the home care worker background check process.","ESHB 1395","1395","ESHB 1395","ENACTED","","","","Effective date 7/27/2025.","1","Farivar","2025-02-04","2025-05-12","SFN","","0","0","0","43.20a.715|74.39a.056"
"1396","Office of corrections ombuds","Increasing transparency and accountability of the office of corrections ombuds.","","1396","HB 1396","COMMITTEE","APP","false","H","Referred to Appropriations.","1","Farivar","2025-01-20","2025-02-14","SFN","","0","0","0","43.06c|43.06c.040"
"1396","Office of corrections ombuds","Increasing transparency and accountability of the office of corrections ombuds.","","1396","SHB 1396","COMMITTEE","APP","false","H","Referred to Appropriations.","1","Farivar","2025-02-13","2025-02-14","SFN","","0","0","0","43.06c|43.06c.040"
"1397","Local property tax levies","Imposing local property tax levies wholly credited against the state property tax to provide support and services for veterans' assistance and for persons with developmental disabilities or mental health needs.","","1397","HB 1397","COMMITTEE","FIN","true","H","First reading, referred to Finance.","1","Orcutt","2025-01-20","2025-01-20","SFN,Loc","","0","0","0","71.20.110|73.08.080"
"1398","Adult family home arb.","Concerning factors which are considered in interest arbitration for adult family home providers.","","1398","HB 1398","COMMITTEE","APP","false","H","Referred to Appropriations.","1","Scott","2025-01-20","2025-02-11","SFN","","0","0","0",""
"1398","Adult family home arb.","Concerning factors which are considered in interest arbitration for adult family home providers.","","1398","SHB 1398","COMMITTEE","APP","false","H","Referred to Appropriations.","1","Scott","2025-02-07","2025-02-11","","","0","0","0",""
"1399 / 5364","Sheriffs, chiefs, etc.","Modernizing, harmonizing, and clarifying laws concerning sheriffs, chiefs, marshals, and police matrons.","","1399","HB 1399","RULES","","","H","Returned to Rules Committee for second reading.","1","Goodman","2025-01-20","2025-03-19","SFN,Loc","","0","0","0","35.21|35.21.333|35.21.334|35.23.161|35.27.240|35.66.010|35.66.020|35.66.030|35.66.040|35.66.050|36.28|36.28.010|36.28.011|36.28.020|36.28.025|43.101.095|43.101.380|43.101.400"
"1399 / 5364","Sheriffs, chiefs, etc.","Modernizing, harmonizing, and clarifying laws concerning sheriffs, chiefs, marshals, and police matrons.","","1399","SB 5364","COMMITTEE","L&J","true","S","First reading, referred to Law & Justice.","1","Lovick","2025-01-20","2025-01-20","SFN,Loc","","0","0","0","35.21|35.21.333|35.21.334|35.23.161|35.27.240|35.66.010|35.66.020|35.66.030|35.66.040|35.66.050|36.28|36.28.010|36.28.011|36.28.020|36.28.025|43.101.095|43.101.380|43.101.400"
"1399","Sheriffs, chiefs, etc.","Modernizing, harmonizing, and clarifying laws concerning sheriffs, chiefs, marshals, and police matrons.","","1399","SHB 1399","RULES","","","H","Returned to Rules Committee for second reading.","1","Goodman","2025-02-06","2025-03-19","SFN,Loc","","0","0","0","10.93.170|35.21|35.21.333|35.21.334|35.23.161|35.27.240|35.66.010|35.66.020|35.66.030|35.66.040|35.66.050|36.28|36.28.010|36.28.011|36.28.020|36.28.025|43.101.095|43.101.380|43.101.400"
"1399","Sheriffs, chiefs, etc.","Modernizing, harmonizing, and clarifying laws concerning sheriffs, chiefs, marshals, and police matrons.","","1399","2SHB 1399","RULES","","","H","Returned to Rules Committee for second reading.","1","Goodman","2025-02-26","2025-03-19","SFN,Loc","","0","0","0","10.93.170|35.21|35.21.333|35.21.334|35.23.161|35.27.240|36.28|36.28.010|36.28.011|36.28.020|36.28.025|43.101.095|43.101.380|43.101.400"
"1400 / 5224","Officer certification","Concerning officer certification definitions, processes, and commissioning.","SB 5224","1400","HB 1400","RULES","","","H","Returned to Rules Committee for second reading.","1","Goodman","2025-01-20","2025-03-19","SFN,Loc","D","0","0","0","43.101.010|43.101.095|43.101.125|43.101.126|43.101.200|43.101.380|81.6|81.60.010|81.60.020|81.60.030|81.60.040|81.60.060"
"1400 / 5224","Officer certification","Concerning officer certification definitions, processes, and commissioning.","SB 5224","1400","SB 5224","ENACTED","","","","Effective date 7/27/2025.","1","Lovick","2025-01-13","2025-05-19","","D","0","0","0","43.101.010|43.101.095|43.101.125|43.101.126|43.101.200|43.101.380|81.6|81.60.010|81.60.020|81.60.030|81.60.040|81.60.060"
"1401","Nautical NW license plate","Creating the nautical Northwest special license plate.","","1401","HB 1401","COMMITTEE","TRAN","true","H","First reading, referred to Transportation.","1","Paul","2025-01-20","2025-01-20","SFN,Loc","","0","0","0","46.04|46.17.220|46.18.200|46.68.420"
"1402","Job posting/driver's license","Concerning job postings requiring driver's licenses.","","1402","HB 1402","SUBSTITUTED","","","H","1st substitute bill substituted.","0","Scott","2025-01-20","2025-03-11","SFN","","0","0","0",""
"1402","Job posting/driver's license","Concerning job postings requiring driver's licenses.","","1402","SHB 1402","RULES","","","H","By resolution, returned to House Rules Committee for third reading.","1","Scott","2025-02-27","2025-04-27","SFN","","0","0","0",""
"1403","Condominium construction","Simplifying condominium construction statutes.","EHB 1403","1403","HB 1403","FLOOR","","","H","","0","Taylor","2025-01-20","","","","0","0","0","64.55.005|64.55.010|64.55.010|64.90.670|64.90.675"
"1403","Condominium construction","Simplifying condominium construction statutes.","EHB 1403","1403","EHB 1403","ENACTED","","","","Effective date 7/27/2025*.","1","Taylor","2025-01-20","2025-05-07","","","0","0","0","64.55.005|64.55.010|64.55.010|64.90.670|64.90.675"
"1404 / 5352","Free school meals","Increasing student access to free meals served at public schools.","","1404","HB 1404","COMMITTEE","APP","true","H","First reading, referred to Appropriations.","1","Berg","2025-01-20","2025-01-20","","G","0","0","0","28a.150.260|28a.235.135|28a.235.160|28a.235.250|28a.235.260|28a.235.270|28a.235.285|28a.235.300|28a.405.415"
"1404 / 5352","Free school meals","Increasing student access to free meals served at public schools.","","1404","SB 5352","COMMITTEE","ELK12","true","S","First reading, referred to Early Learning & K-12 Education.","1","Riccelli","2025-01-17","2025-01-17","","G","0","0","0","28a.150.260|28a.235.135|28a.235.160|28a.235.250|28a.235.260|28a.235.270|28a.235.285|28a.235.300|28a.405.415"
"1405","Complete streets obligations","Reducing the requirements of complete streets obligations for transportation projects.","","1405","HB 1405","COMMITTEE","TRAN","true","H","First reading, referred to Transportation.","1","Walsh","2025-01-20","2025-01-20","","","0","0","0",""
"1406 / 5677","Associate development orgs","Concerning associate development organizations.","","1406","HB 1406","RULES","","","H","Returned to Rules Committee for second reading.","1","Barnard","2025-01-20","2025-03-19","SFN,Loc","","0","0","0","43.330.082|43.330.086"
"1406 / 5677","Associate development orgs","Concerning associate development organizations.","","1406","SB 5677","SUBSTITUTED","","","S","1st substitute bill substituted.","0","Cortes","2025-02-06","2025-03-04","SFN,Loc","","0","0","0","43.330.082|43.330.086"
"1406","Associate development orgs","Concerning associate development organizations.","","1406","SHB 1406","RULES","","","H","Returned to Rules Committee for second reading.","1","Barnard","2025-02-25","2025-03-19","SFN,Loc","","0","0","0","43.330.082|43.330.086"
"1407","Graffiti & property damage","Concerning offenses involving graffiti or other damage to property.","","1407","HB 1407","COMMITTEE","CS","true","H","First reading, referred to Community Safety.","1","Barkis","2025-01-20","2025-01-20","","","0","0","0","13.40.0357|36.28a.210|9.94a|9.94a.515|9.94a.533|9a.04.110|9a.20.030|9a.48|9a.48.105"
"1408 / 5460","Community authority funding","Establishing funding for community preservation and development authorities approved through RCW 43.167.060.","","1408","HB 1408","COMMITTEE","APP","false","H","Referred to Appropriations.","1","Santos","2025-01-20","2025-02-06","SFN,Loc","","0","0","0","43.167|82.08|82.12"
"1408 / 5460","Community authority funding","Establishing funding for community preservation and development authorities approved through RCW 43.167.060.","","1408","SB 5460","COMMITTEE","WM","true","S","First reading, referred to Ways & Means.","1","Hasegawa","2025-01-23","2025-01-23","SFN,Loc","","0","0","0","43.167|82.08|82.12"
"1409","Clean fuels program","Concerning the clean fuels program.","2SHB 1409","1409","HB 1409","SUBSTITUTED","","","H","2nd substitute bill substituted.","0","Fitzgibbon","2025-01-20","2025-03-10","SFN","","0","0","0","43.21b.110|70a.15.3150|70a.15.3160|70a.535|70a.535.010|70a.535.025"
"1409","Clean fuels program","Concerning the clean fuels program.","2SHB 1409","1409","SHB 1409","SUBSTITUTED","","","H","2nd substitute bill substituted.","0","Fitzgibbon","2025-02-17","2025-03-10","SFN","","0","0","0","43.21b.110|70a.15.3150|70a.15.3160|70a.535|70a.535.010|70a.535.025|70a.535.130"
"1409","Clean fuels program","Concerning the clean fuels program.","2SHB 1409","1409","2SHB 1409","ENACTED","","","","Effective date 7/27/2025.","1","Fitzgibbon","2025-02-27","2025-05-17","SFN","","0","0","0","43.21b.110|70a.15.3150|70a.15.3160|70a.535|70a.535.010|70a.535.025|70a.535.060|70a.535.130"
"1410","Inactive cannabis producers","Concerning the suspension of inactive cannabis producer licenses.","","1410","HB 1410","COMMITTEE","CPB","true","H","First reading, referred to Consumer Protection & Business.","1","Low","2025-01-20","2025-01-20","SFN","","0","0","0",""
"1411","Assumed revenues","Limiting assumed revenues to projected revenues by the economic and revenue forecast council.","","1411","HB 1411","COMMITTEE","APP","true","H","First reading, referred to Appropriations.","1","Couture","2025-01-20","2025-01-20","","","0","0","0","43.88.030|43.88.055"
"1412","Comm'n, M. East & N. Africa","Establishing the Washington state commission on Middle Eastern and North African Americans.","","1412","HB 1412","COMMITTEE","APP","false","H","Referred to Appropriations.","1","Farivar","2025-01-20","2025-02-06","SFN","","0","0","0","1.16.050|43"
"1412","Comm'n, M. East & N. Africa","Establishing the Washington state commission on Middle Eastern and North African Americans.","","1412","SHB 1412","COMMITTEE","APP","false","H","Referred to Appropriations.","1","Farivar","2025-02-04","2025-02-06","SFN","","0","0","0","1.16.050|43"
"1413","Opioid reversal purchasing","Prohibiting government purchases of opioid overdose reversal medications from certain entities.","","1413","HB 1413","COMMITTEE","HCW","true","H","First reading, referred to Health Care & Wellness.","1","Reeves","2025-01-20","2025-01-20","","","0","0","0",""
"1414","CTE careers work group","Improving access to career opportunities for students.","ESHB 1414","1414","HB 1414","SUBSTITUTED","","","H","1st substitute bill substituted.","0","Connors","2025-01-20","2025-03-12","SFN","","0","0","0",""
"1414","CTE careers work group","Improving access to career opportunities for students.","ESHB 1414","1414","SHB 1414","OTHER","","","H","","0","Connors","2025-02-18","","SFN","","0","0","0",""
"1414","CTE careers work group","Improving access to career opportunities for students.","ESHB 1414","1414","ESHB 1414","ENACTED","","","","Effective date 7/27/2025.","1","Connors","2025-02-18","2025-04-16","SFN","","0","0","0",""
"1415 / 5291","Long-term services trust","Implementing the recommendations of the long-term services and supports trust commission.","","1415","HB 1415","COMMITTEE","ELHS","true","H","First reading, referred to Early Learning & Human Services.","1","Macri","2025-01-20","2025-01-20","SFN","","0","0","0","48|48.83|50b.04|50b.04.010|50b.04.020|50b.04.030|50b.04.040|50b.04.050|50b.04.055|50b.04.060|50b.04.070|50b.04.080|50b.04.085|50b.04.100|50b.04.140|50b.04.180|70.127.040|74.39.007"
"1415 / 5291","Long-term services trust","Implementing the recommendations of the long-term services and supports trust commission.","","1415","SB 5291","SUBSTITUTED","","","S","1st substitute bill substituted.","0","Conway","2025-01-15","2025-03-11","SFN","","0","0","0","48|48.83|50b.04|50b.04.010|50b.04.020|50b.04.030|50b.04.040|50b.04.050|50b.04.055|50b.04.060|50b.04.070|50b.04.080|50b.04.085|50b.04.100|50b.04.140|50b.04.180|70.127.040|74.39.007"
"1416","Tobacco & vapor products tax","Increasing tobacco and vapor products taxes.","","1416","HB 1416","COMMITTEE","FIN","true","H","First reading, referred to Finance.","1","Reeves","2025-01-20","2025-01-20","SFN","","0","0","0","82.24|82.25.010|82.26.020"
"1417","Cigarette carbon tax","Establishing an embodied carbon tax on cigarettes.","","1417","HB 1417","COMMITTEE","FIN","true","H","First reading, referred to Finance.","1","Reeves","2025-01-20","2025-01-20","SFN","","0","0","0",""
"1418","PTBA governing body members","Adding two voting members that are transit users to the governing body of public transportation benefit areas.","SHB 1418","1418","HB 1418","SUBSTITUTED","","","H","1st substitute bill substituted.","0","Timmons","2025-01-20","2025-03-05","Loc","","0","0","0",""
"1418","PTBA governing body members","Adding two voting members that are transit users to the governing body of public transportation benefit areas.","SHB 1418","1418","SHB 1418","ENACTED","","","","Effective date 1/1/2026.","1","Timmons","2025-02-06","2025-05-12","","","0","0","0",""
"1419","Interpreter background check","Requiring interpreters providing services under certain state contracts and purchase agreements to complete national fingerprint background checks.","","1419","HB 1419","COMMITTEE","SGTR","true","H","First reading, referred to State Government & Tribal Relations.","1","Low","2025-01-20","2025-01-20","SFN","","0","0","0",""
"1420","Textile producers","Establishing producer responsibility for textiles.","","1420","HB 1420","COMMITTEE","APP","false","H","Referred to Appropriations.","1","Reeves","2025-01-20","2025-02-17","SFN,Loc","","0","0","0","43.21b.110|43.21b.300|70a"
"1420","Textile producers","Establishing producer responsibility for textiles.","","1420","SHB 1420","COMMITTEE","APP","false","H","Referred to Appropriations.","1","Reeves","2025-02-13","2025-02-17","SFN,Loc","","0","0","0","43.21b.110|43.21b.300|70a"
"1421 / 5320","Smokey Bear license plates","Creating the state department of natural resources' Smokey Bear special license plates.","","1421","HB 1421","COMMITTEE","TRAN","true","H","First reading, referred to Transportation.","1","Donaghy","2025-01-20","2025-01-20","SFN,Loc","D","0","0","0","46.04|46.17.220|46.18.200|46.68.425"
"1421 / 5320","Smokey Bear license plates","Creating the state department of natural resources' Smokey Bear special license plates.","","1421","SB 5320","COMMITTEE","TRAN","true","S","First reading, referred to Transportation.","1","Nobles","2025-01-17","2025-01-17","SFN,Loc","D","0","0","0","46.04|46.17.220|46.18.200|46.68.425"
"1422","Drug take-back program","Modifying the drug take-back program.","E2SHB 1422","1422","HB 1422","SUBSTITUTED","","","H","2nd substitute bill substituted.","0","Peterson","2025-01-20","2025-04-09","SFN,Loc","D","0","0","0","43.131.424|69.48|69.48.020|69.48.030|69.48.040|69.48.050|69.48.060|69.48.070|69.48.080|69.48.090|69.48.100|69.48.110|69.48.120|69.48.130|69.48.140|69.48.150|69.48.160|69.48.170|69.48.180|69.48.190|69.48.200"
"1422","Drug take-back program","Modifying the drug take-back program.","E2SHB 1422","1422","SHB 1422","SUBSTITUTED","","","H","2nd substitute bill substituted.","0","Peterson","2025-02-18","2025-04-09","SFN,Loc","D","0","0","0","43.131.424|69.48.020|69.48.030|69.48.040|69.48.050|69.48.060|69.48.070|69.48.080|69.48.090|69.48.100|69.48.110|69.48.120|69.48.130|69.48.140|69.48.150|69.48.160|69.48.170|69.48.180|69.48.190|69.48.200"
"1422","Drug take-back program","Modifying the drug take-back program.","E2SHB 1422","1422","2SHB 1422","OTHER","","","H","","0","Peterson","2025-02-27","","SFN,Loc","D","0","0","0","43.131.424|69.48.020|69.48.030|69.48.040|69.48.050|69.48.060|69.48.070|69.48.080|69.48.090|69.48.100|69.48.110|69.48.120|69.48.130|69.48.140|69.48.150|69.48.160|69.48.170|69.48.180|69.48.190|69.48.200"
"1422","Drug take-back program","Modifying the drug take-back program.","E2SHB 1422","1422","E2SHB 1422","ENACTED","","","","Effective date 7/27/2025.","1","Peterson","2025-02-27","2025-05-12","SFN,Loc","D","0","0","0","43.131.424|69.48.020|69.48.030|69.48.040|69.48.050|69.48.060|69.48.070|69.48.080|69.48.090|69.48.100|69.48.110|69.48.120|69.48.130|69.48.140|69.48.150|69.48.160|69.48.170|69.48.180|69.48.190|69.48.200"
"1423 / 5417","Vehicle noise cameras","Authorizing the use of automated vehicle noise enforcement cameras in vehicle-racing camera enforcement zones.","","1423","HB 1423","SUBSTITUTED","","","H","1st substitute bill substituted.","0","Donaghy","2025-01-20","2025-03-07","SFN,Loc","","0","0","0","46.16a.120|46.63|46.63.030|46.63.075|46.63.210|46.63.220"
"1423 / 5417","Vehicle noise cameras","Authorizing the use of automated vehicle noise enforcement cameras in vehicle-racing camera enforcement zones.","","1423","SB 5417","COMMITTEE","TRAN","true","S","First reading, referred to Transportation.","1","Lovick","2025-01-22","2025-01-22","SFN,Loc","","0","0","0","46.16a.120|46.63|46.63.030|46.63.075|46.63.210|46.63.220"
"1423","Vehicle noise cameras","Authorizing the use of automated vehicle noise enforcement cameras in vehicle-racing camera enforcement zones.","","1423","SHB 1423","OTHER","","","H","","0","Donaghy","2025-02-27","","SFN,Loc","","0","0","0","46.16a.120|46.63|46.63.030|46.63.075|46.63.210|46.63.220|70a.20.070"
"1423","Vehicle noise cameras","Authorizing the use of automated vehicle noise enforcement cameras in vehicle-racing camera enforcement zones.","","1423","ESHB 1423","RULES","","","H","By resolution, returned to House Rules Committee for third reading.","1","Donaghy","2025-02-27","2025-04-27","SFN,Loc","","0","0","0","46.16a.120|46.63|46.63.030|46.63.075|46.63.210|46.63.220|70a.20.070"
"1424 / 5005","Jail system","Concerning transparency, public safety, and independent oversight of the city, county, and regional jail system in Washington state.","","1424","HB 1424","COMMITTEE","CS","true","H","First reading, referred to Community Safety.","1","Obras","2025-01-20","2025-01-20","","","0","0","0","43|70.48.510"
"1424 / 5005","Jail system","Concerning transparency, public safety, and independent oversight of the city, county, and regional jail system in Washington state.","","1424","SB 5005","COMMITTEE","WM","false","S","Referred to Ways & Means.","1","Saldaña","2025-01-13","2025-01-30","SFN,Loc","","0","0","0","43|70.48.510"
"1425","Pharmacogenomic testing","Requiring coverage of pharmacogenomic testing for psychotropic medications.","","1425","HB 1425","COMMITTEE","HCW","true","H","First reading, referred to Health Care & Wellness.","1","Davis","2025-01-20","2025-01-20","SFN","","0","0","0","41.05.017|48.43|74.09"
"1426","Impaired driving civil order","Creating a civil protection order to prevent impaired driving.","","1426","HB 1426","COMMITTEE","CRJ","true","H","First reading, referred to Civil Rights & Judiciary.","1","Davis","2025-01-20","2025-01-20","SFN,Loc","","0","0","0","36.28a.300|36.28a.330|36.28a.390|43.101|46.20.720|7.105|7.105.010|7.105.100|7.105.105|7.105.115|7.105.225|7.105.300|7.105.310|7.105.405|7.105.550"
"1427","Peer support specialists","Concerning certified peer support specialists.","2SHB 1427","1427","HB 1427","SUBSTITUTED","","","H","2nd substitute bill substituted.","0","Davis","2025-01-20","2025-03-11","SFN","","0","0","0","18.130.040|18.130.175|18.42|18.420.005|18.420.010|18.420.020|18.420.030|18.420.040|18.420.050|18.420.060|18.420.090|18.420.800|41.05|43.28|43.70.250|48.43.825|71.24.025|71.24.585|71.24.890|71.24.903|71.24.920|71.24.922|71.24.924|71.40.040|71.40.090|74.09.871"
"1427","Peer support specialists","Concerning certified peer support specialists.","2SHB 1427","1427","SHB 1427","SUBSTITUTED","","","H","2nd substitute bill substituted.","0","Davis","2025-02-18","2025-03-11","SFN","","0","0","0","18.130.040|18.130.175|18.420.005|18.420.010|18.420.020|18.420.030|18.420.040|18.420.050|18.420.060|18.420.090|18.420.800|41.05|43.70.250|48.43.825|71.24.025|71.24.585|71.24.890|71.24.903|71.24.920|71.24.922|71.24.924|71.40.040|71.40.090|74.09.871"
"1427","Peer support specialists","Concerning certified peer support specialists.","2SHB 1427","1427","2SHB 1427","ENACTED","","","","Effective date 7/27/2025.","1","Davis","2025-02-27","2025-05-19","SFN","","0","0","0","18.130.040|18.130.175|18.420.005|18.420.010|18.420.020|18.420.030|18.420.040|18.420.050|18.420.060|18.420.090|18.420.800|41.05|43.70.250|48.43.825|71.24.025|71.24.585|71.24.890|71.24.903|71.24.920|71.24.922|71.24.924|71.40.040|71.40.090|74.09.871"
"1428","Criminal justice assistance","Concerning the county criminal justice assistance account and municipal criminal justice assistance account.","","1428","HB 1428","COMMITTEE","APP","true","H","First reading, referred to Appropriations.","1","Rule","2025-01-20","2025-01-20","SFN,Loc","","0","0","0","82.14.310|82.14.320|82.14.330"
"1429 / 5082","Extended foster care/housing","Creating a housing assistance program for youth enrolled in extended foster care.","","1429","HB 1429","COMMITTEE","ELHS","true","H","First reading, referred to Early Learning & Human Services.","1","Taylor","2025-01-20","2025-01-20","SFN","","0","0","0","13.34|74.13"
"1429 / 5082","Extended foster care/housing","Creating a housing assistance program for youth enrolled in extended foster care.","","1429","SB 5082","COMMITTEE","WM","false","S","Referred to Ways & Means.","1","Wilson, C.","2025-01-13","2025-02-06","SFN","","0","0","0","13.34|74.13"
"1430","APRN & PA reimbursement","Concerning advanced practice registered nurse and physician assistant reimbursement.","","1430","HB 1430","SUBSTITUTED","","","H","1st substitute bill substituted.","0","Simmons","2025-01-20","2025-03-03","SFN","","0","0","0",""
"1430","APRN & PA reimbursement","Concerning advanced practice registered nurse and physician assistant reimbursement.","","1430","SHB 1430","OTHER","","","H","","0","Simmons","2025-02-07","","SFN","","0","0","0",""
"1430","APRN & PA reimbursement","Concerning advanced practice registered nurse and physician assistant reimbursement.","","1430","ESHB 1430","RULES","","","H","By resolution, returned to House Rules Committee for third reading.","1","Simmons","2025-02-07","2025-04-27","SFN","","0","0","0",""
"1431","Rental car agreements","Concerning rental car company agreements.","","1431","HB 1431","COMMITTEE","CPB","true","H","First reading, referred to Consumer Protection & Business.","1","Santos","2025-01-20","2025-01-20","","","0","0","0",""
"1432 / 5477","Mental health services","Improving access to appropriate mental health and substance use disorder services.","","1432","HB 1432","SUBSTITUTED","","","H","2nd substitute bill substituted.","0","Simmons","2025-01-20","2025-03-11","SFN","","0","0","0","48.20.580|48.21.241|48.41.220|48.43|48.43.016|48.43.091|48.43.410|48.43.520|48.43.535|48.43.761|48.43.830|48.44.341|48.46.291"
"1432 / 5477","Mental health services","Improving access to appropriate mental health and substance use disorder services.","","1432","SB 5477","COMMITTEE","HLTC","true","S","First reading, referred to Health & Long-Term Care.","1","Bateman","2025-01-24","2025-01-24","SFN","","0","0","0","48.20.580|48.21.241|48.41.220|48.43|48.43.016|48.43.091|48.43.410|48.43.520|48.43.535|48.43.761|48.43.830|48.44.341|48.46.291"
"1432","Mental health services","Improving access to appropriate mental health and substance use disorder services.","E2SHB 1432","1432","SHB 1432","SUBSTITUTED","","","H","2nd substitute bill substituted.","0","Simmons","2025-02-18","2025-03-11","SFN","","0","0","0","48.20.580|48.21.241|48.41.220|48.43|48.43.016|48.43.410|48.43.520|48.43.530|48.43.535|48.43.600|48.43.761|48.43.830|48.44.341|48.46.291"
"1432","Mental health services","Improving access to appropriate mental health and substance use disorder services.","E2SHB 1432","1432","2SHB 1432","OTHER","","","H","","0","Simmons","2025-02-27","","SFN","","0","0","0","48.20.580|48.21.241|48.41.220|48.43|48.43.016|48.43.410|48.43.520|48.43.535|48.43.600|48.43.830|48.44.341|48.46.291"
"1432","Mental health services","Improving access to appropriate mental health and substance use disorder services.","E2SHB 1432","1432","E2SHB 1432","ENACTED","","","","Effective date 7/27/2025*.","1","Simmons","2025-02-27","2025-05-12","SFN","","0","0","0","48.20.580|48.21.241|48.41.220|48.43|48.43.016|48.43.410|48.43.520|48.43.535|48.43.600|48.43.830|48.44.341|48.46.291"
"1433 / 5201","Psychedelic substances","Concerning access to psychedelic substances.","","1433","HB 1433","COMMITTEE","HCW","true","H","First reading, referred to Health Care & Wellness.","1","Macri","2025-01-20","2025-01-20","SFN,Loc","","0","0","0","15.13|18|18.130.010|18.130.040|18.130.180|19.410.020|42.56|43.79a.040|49.60.180|69.50.101|7.48.310"
"1433 / 5201","Psychedelic substances","Concerning access to psychedelic substances.","","1433","SB 5201","COMMITTEE","L&C","false","S","Referred to Labor & Commerce.","1","Salomon","2025-01-13","2025-02-13","SFN,Loc","","0","0","0","15.13|18|18.130.010|18.130.040|18.130.180|19.410.020|42.56|43.79a.040|49.60.180|69.50.101|7.48.310"
"1434 / 5106","Eid al-Fitr & Eid al-Adha","Establishing Eid al-Fitr and Eid al-Adha as state holidays.","","1434","HB 1434","RULES","","","H","Referred to Rules 2 Review.","1","Salahuddin","2025-01-20","2025-02-06","SFN,Loc","","0","0","0",""
"1434 / 5106","Eid al-Fitr & Eid al-Adha","Establishing Eid al-Fitr and Eid al-Adha as state holidays.","","1434","SB 5106","SUBSTITUTED","","","S","1st substitute bill substituted.","0","Trudeau","2025-01-13","2025-02-26","","","0","0","0",""
"1434","Eid al-Fitr & Eid al-Adha","Celebrating Eid al-Fitr and Eid al-Adha.","","1434","SHB 1434","RULES","","","H","Referred to Rules 2 Review.","1","Salahuddin","2025-02-04","2025-02-06","SFN,Loc","","0","0","0",""
"1435 / 5060","Law enf. hiring grants","Creating a law enforcement hiring grant program.","","1435","HB 1435","COMMITTEE","APP","true","H","First reading, referred to Appropriations.","1","Abell","2025-01-21","2025-01-21","SFN,Loc","","1","0","0",""
"1435 / 5060","Law enf. hiring grants","Creating a law enforcement hiring grant program.","","1435","SB 5060","RULES","","","S","Senate Rules ""X"" file.","1","Holy","2025-01-13","2025-03-17","SFN,Loc","","1","0","0",""
"1436 / 5285","Law enf. officers/increase","Incentivizing cities and counties to increase employment of commissioned law enforcement officers.","","1436","HB 1436","COMMITTEE","FIN","true","H","First reading, referred to Finance.","1","Abell","2025-01-21","2025-01-21","SFN,Loc","","0","0","0","43.101.200|82.14"
"1436 / 5285","Law enf. officers/increase","Incentivizing cities and counties to increase employment of commissioned law enforcement officers.","","1436","SB 5285","COMMITTEE","LG","true","S","First reading, referred to Local Government.","1","Holy","2025-01-15","2025-01-15","SFN,Loc","","0","0","0","43.101.200|82.14"
"1437 / 5492","Tourism promotion","Concerning sustainable state tourism promotion.","","1437","HB 1437","COMMITTEE","APP","false","H","Referred to Appropriations.","1","Walen","2025-01-21","2025-02-05","SFN,Loc","","0","0","0",""
"1437 / 5492","Tourism promotion","Concerning sustainable state tourism promotion.","","1437","SB 5492","SUBSTITUTED","","","S","1st substitute bill substituted.","0","Riccelli","2025-01-24","2025-02-28","SFN","","0","0","0",""
"1437","Tourism promotion","Concerning sustainable state tourism promotion.","","1437","SHB 1437","COMMITTEE","APP","false","H","Referred to Appropriations.","1","Walen","2025-02-04","2025-02-05","SFN,Loc","","0","0","0","43.384.030|43.384.050"
"1438","Housing permit approval","Ensuring efficient approval of certain housing permit applications.","","1438","HB 1438","COMMITTEE","LG","true","H","First reading, referred to Local Government.","1","Connors","2025-01-21","2025-01-21","SFN,Loc","","0","0","0",""
"1439 / 5218","Vehicle and driver licensing","Modifying motor vehicle and driver licensing laws to align with federal definitions, making technical corrections, and streamlining requirements.","","1439","HB 1439","SUBSTITUTED","","","H","1st substitute bill substituted.","0","Bernbaum","2025-01-21","2025-03-04","","D","0","0","0","46.12.635|46.12.665|46.18.240|46.18.250|46.20.328|46.20.329|46.25.082|46.29.050|46.65.060|46.65.065"
"1439 / 5218","Vehicle and driver licensing","Modifying motor vehicle and driver licensing laws to align with federal definitions, making technical corrections, and streamlining requirements.","","1439","SB 5218","COMMITTEE","TRAN","true","S","First reading, referred to Transportation.","1","Nobles","2025-01-13","2025-01-13","","D","0","0","0","46.12.635|46.12.665|46.18.240|46.18.250|46.20.328|46.20.329|46.25.082|46.29.050|46.65.060|46.65.065"
"1439","Vehicle and driver licensing","Modifying motor vehicle and driver licensing laws to align with federal definitions, making technical corrections, and streamlining requirements.","ESHB 1439","1439","SHB 1439","OTHER","","","H","","0","Bernbaum","2025-02-06","","","D","0","0","0","46.04.480|46.04.580|46.12.635|46.12.665|46.18.240|46.18.250|46.20.285|46.20.2892|46.20.328|46.20.329|46.25.082|46.29.050|46.65.060|46.65.065"
"1439","Vehicle and driver licensing","Modifying motor vehicle and driver licensing laws to align with federal definitions, making technical corrections, and streamlining requirements.","ESHB 1439","1439","ESHB 1439","ENACTED","","","","Effective date 10/1/2025*.","1","Bernbaum","2025-02-06","2025-04-07","","D","0","0","0","46.04.480|46.04.580|46.12.635|46.12.665|46.18.240|46.18.250|46.20.285|46.20.2892|46.20.328|46.20.329|46.25.082|46.29.050|46.65.060|46.65.065"
"1440","Civil forfeiture proceedings","Concerning seizure and forfeiture procedures and reporting.","E2SHB 1440","1440","HB 1440","SUBSTITUTED","","","H","2nd substitute bill substituted.","0","Goodman","2025-01-21","2025-03-05","SFN,Loc","","0","0","0","10.105.010|19.290.230|38.42.020|46.61.5058|69.50.505|7|70.74.400|77.15.070|9.68a.120|9a.83.030|9a.88.150"
"1440","Civil forfeiture proceedings","Concerning seizure and forfeiture procedures and reporting.","E2SHB 1440","1440","SHB 1440","SUBSTITUTED","","","H","2nd substitute bill substituted.","0","Goodman","2025-02-18","2025-03-05","SFN,Loc","","0","0","0","10.105.010|19.290.230|38.42.020|46.61.5058|69.50.505|7|70.74.400|77.15.070|9.68a.120|9a.83.030|9a.88.150"
"1440","Civil forfeiture proceedings","Concerning seizure and forfeiture procedures and reporting.","E2SHB 1440","1440","2SHB 1440","OTHER","","","H","","0","Goodman","2025-02-27","","SFN,Loc","","0","0","0","10.105.010|19.290.230|38.42.020|46.61.5058|69.50.505|7|70.74.400|9.68a.120|9a.83.030|9a.88.150"
"1440","Civil forfeiture proceedings","Concerning seizure and forfeiture procedures and reporting.","E2SHB 1440","1440","E2SHB 1440","ENACTED","","","","Effective date 1/1/2026.","1","Goodman","2025-02-27","2025-05-17","SFN,Loc","","0","0","0","10.105.010|19.290.230|38.42.020|46.61.5058|69.50.505|7|70.74.400|9.68a.120|9a.83.030|9a.88.150"
"1441","Broadband/repair and replace","Authorizing repair and replace public works broadband projects.","","1441","HB 1441","COMMITTEE","CAP","true","H","First reading, referred to Capital Budget.","1","Ryu","2025-01-21","2025-01-21","SFN,Loc","","0","0","0",""
"1442 / 5354","Gray wolf management","Providing flexibility for the department of fish and wildlife to collaborate with local governments to manage gray wolves.","","1442","HB 1442","COMMITTEE","AGNR","true","H","First reading, referred to Agriculture & Natural Resources.","1","Abell","2025-01-21","2025-01-21","SFN,Loc","","0","0","0","36.01|77.12.020|77.36"
"1442 / 5354","Gray wolf management","Providing flexibility for the department of fish and wildlife to collaborate with local governments to manage gray wolves.","","1442","SB 5354","COMMITTEE","AGNR","true","S","First reading, referred to Agriculture & Natural Resources.","1","Short","2025-01-17","2025-01-17","SFN,Loc","","0","0","0","36.01|77.12.020|77.36"
"1443 / 5332","Mobile dwellings","Concerning mobile dwellings.","","1443","HB 1443","RULES","","","H","Referred to Rules 2 Review.","1","Gregerson","2025-01-21","2025-02-28","SFN,Loc","","0","0","0","36.70a|64.32|64.34|64.38|64.9"
"1443 / 5332","Mobile dwellings","Concerning mobile dwellings.","","1443","SB 5332","COMMITTEE","WM","false","S","Referred to Ways & Means.","1","Shewmake","2025-01-17","2025-02-03","SFN,Loc","","0","0","0","36.70a|64.32|64.34|64.38|64.9"
"1443","Mobile dwellings","Concerning mobile dwellings.","","1443","SHB 1443","RULES","","","H","Referred to Rules 2 Review.","1","Gregerson","2025-02-06","2025-02-28","SFN,Loc","","0","0","0","36.70a|64.32|64.34|64.38|64.9"
"1443","Mobile dwellings","Concerning mobile dwellings.","","1443","2SHB 1443","RULES","","","H","Referred to Rules 2 Review.","1","Gregerson","2025-02-26","2025-02-28","SFN,Loc","","0","0","0","36.70a|64.32|64.34|64.38|64.9"
"1444","Whole genome sequencing","Concerning rapid whole genome sequencing.","","1444","HB 1444","COMMITTEE","HCW","true","H","First reading, referred to Health Care & Wellness.","1","Thai","2025-01-21","2025-01-21","SFN","","0","0","0",""
"1445 / 5233","Washington health trust","Developing the Washington health trust.","","1445","HB 1445","COMMITTEE","HCW","true","H","First reading, referred to Health Care & Wellness.","1","Parshley","2025-01-21","2025-01-21","SFN","","0","0","0","43|82.04|82.32"
"1445 / 5233","Washington health trust","Developing the Washington health trust.","","1445","SB 5233","COMMITTEE","HLTC","true","S","First reading, referred to Health & Long-Term Care.","1","Hasegawa","2025-01-14","2025-01-14","SFN","","0","0","0","43|82.04|82.32"
"1446","George Washington's birthday","Changing the state holiday called Presidents' Day to George Washington's Birthday (observed).","","1446","HB 1446","COMMITTEE","SGTR","true","H","First reading, referred to State Government & Tribal Relations.","1","Abell","2025-01-21","2025-01-21","SFN,Loc","","0","0","0",""
"1447","Financial aid award amounts","Tracking Washington application for state financial aid award amounts.","","1447","HB 1447","COMMITTEE","PEW","true","H","First reading, referred to Postsecondary Education & Workforce.","1","Jacobsen","2025-01-21","2025-01-21","","","0","0","0",""
"1448","Local elections","Increasing representation and voter participation in local elections.","","1448","HB 1448","RULES","","","H","Referred to Rules 2 Review.","1","Gregerson","2025-01-21","2025-02-28","SFN,Loc","","0","0","0","28a.343.320|29a.04|29a.04.127|29a.04.410|29a.12.080|29a.24.010|29a.36.121|29a.36.170|29a.52|29a.52.112|29a.52.220|29a.60.221|35a.12.040|36.32.040|36.32.050|52.14|53.12"
"1448","Local elections","Increasing representation and voter participation in local elections.","","1448","SHB 1448","RULES","","","H","Referred to Rules 2 Review.","1","Gregerson","2025-02-11","2025-02-28","SFN,Loc","","0","0","0","28a.343.320|29a.04|29a.04.127|29a.04.410|29a.12.080|29a.24.010|29a.36.121|29a.36.170|29a.52|29a.52.112|29a.52.220|29a.60.221|35a.12.040|36.32.040|36.32.050|52.14|53.12"
"1448","Local elections","Increasing representation and voter participation in local elections.","","1448","2SHB 1448","RULES","","","H","Referred to Rules 2 Review.","1","Gregerson","2025-02-25","2025-02-28","SFN,Loc","","0","0","0","28a.343.320|29a.04|29a.04.127|29a.04.410|29a.12.080|29a.24.010|29a.36.121|29a.36.170|29a.52|29a.52.112|29a.52.220|29a.60.221|35a.12.040|36.32.040|36.32.050|52.14|53.12"
"1449","Home cultivation of cannabis","Legalizing the home cultivation of cannabis by persons who are 21 years of age and older.","","1449","HB 1449","COMMITTEE","APP","false","H","Referred to Appropriations.","1","Kloba","2025-01-21","2025-02-21","SFN,Loc","","0","0","0","69.50.101|69.50.401|69.50.4013|69.50.505"
"1449","Home cultivation of cannabis","Legalizing the home cultivation of cannabis by persons who are 21 years of age and older.","","1449","SHB 1449","COMMITTEE","APP","false","H","Referred to Appropriations.","1","Kloba","2025-02-21","2025-02-21","SFN,Loc","","0","0","0","43.101|66.08|69.50.101|69.50.325|69.50.401|69.50.4013|69.50.505"
"1450","Transition to kindergarten","Concerning transition to kindergarten programs.","","1450","HB 1450","COMMITTEE","APP","false","H","Referred to Appropriations.","1","Santos","2025-01-21","2025-02-21","SFN","","0","0","0","28a.225.160|28a.300|43.216|43.216.085|43.216.655"
"1450","Transition to kindergarten","Concerning transition to kindergarten programs.","","1450","SHB 1450","COMMITTEE","APP","false","H","Referred to Appropriations.","1","Santos","2025-02-18","2025-02-21","SFN","","0","0","0",""
"1451","SVP civil commitment","Concerning civil commitment of sexually violent predators.","","1451","HB 1451","COMMITTEE","CS","true","H","First reading, referred to Community Safety.","1","Griffey","2025-01-21","2025-01-21","","","0","0","0","71.09.020|71.09.090|71.09.092|71.09.096|71.09.097|71.09.140|9.94a.717"
"1452","Vehicle & retail theft","Addressing motor vehicle and retail theft offenses.","","1452","HB 1452","COMMITTEE","CS","true","H","First reading, referred to Community Safety.","1","Griffey","2025-01-21","2025-01-21","","","0","0","0","43.101|46.61.024|9.94a|9.94a.515|9.94a.525|9.94a.533|9.94a.834|9a.56.350|9a.56.360"
"1453","Scrap metal/stolen copper","Protecting consumers by increasing penalties for scrap metal businesses who purchase stolen copper from telecommunication cables.","","1453","HB 1453","COMMITTEE","CPB","true","H","First reading, referred to Consumer Protection & Business.","1","Griffey","2025-01-21","2025-01-21","SFN","","0","0","0",""
"1454","Drug task force funding","Funding multijurisdictional drug task forces.","","1454","HB 1454","COMMITTEE","APP","true","H","First reading, referred to Appropriations.","1","Griffey","2025-01-21","2025-01-21","SFN,Loc","","1","0","0",""
"1455","Toxicology lab. funding","Funding the state toxicology laboratories to process submissions for drug and alcohol impairment cases in a timely manner.","","1455","HB 1455","COMMITTEE","APP","true","H","First reading, referred to Appropriations.","1","Griffey","2025-01-21","2025-01-21","","","0","0","0",""
"1456","Law enforcement personnel","Changing conditions, policies, and programs to support specified law enforcement personnel and help in recruiting and retaining law enforcement officers.","","1456","HB 1456","COMMITTEE","CS","true","H","First reading, referred to Community Safety.","1","Griffey","2025-01-21","2025-01-21","","","0","0","0","10.120.020|28b.50|36.28|4.24.420|42.52.120|43.43.112|43.59|79a.05.160"
"1457","SVP electronic monitoring","Requiring electronic monitoring of sexually violent predators granted conditional release.","HB 1457","1457","HB 1457","ENACTED","","","","Effective date 7/27/2025.","1","Griffey","2025-01-21","2025-04-11","SFN","","0","0","0",""
"1458","Embodied carbon/buildings","Reducing embodied carbon emissions of buildings and building materials.","","1458","HB 1458","COMMITTEE","APP","false","H","Referred to Appropriations.","1","Duerr","2025-01-21","2025-02-27","SFN,Loc","","0","0","0","19.27|43.3"
"1458","Embodied carbon/buildings","Reducing embodied carbon emissions of buildings and building materials.","","1458","SHB 1458","COMMITTEE","APP","false","H","Referred to Appropriations.","1","Duerr","2025-02-14","2025-02-27","SFN,Loc","","0","0","0","19.27|43.3"
"1458","Embodied carbon/buildings","Reducing embodied carbon emissions of buildings and building materials.","","1458","2SHB 1458","COMMITTEE","APP","false","H","Referred to Appropriations.","1","Duerr","2025-02-26","2025-02-27","SFN,Loc","","0","0","0","19.27|43.33"
"1459 / 5163","Child fatalities","Modernizing the child fatality statute.","","1459","HB 1459","COMMITTEE","APP","false","H","Referred to Appropriations.","1","Bernbaum","2025-01-21","2025-02-04","SFN,Loc","","0","0","0",""
"1459 / 5163","Child fatalities","Modernizing the child fatality statute.","","1459","SB 5163","SUBSTITUTED","","","S","1st substitute bill substituted.","0","Orwall","2025-01-13","2025-03-12","SFN,Loc","","0","0","0",""
"1460","Protection order hope cards","Concerning protection order hope cards.","SHB 1460","1460","HB 1460","SUBSTITUTED","","","H","1st substitute bill substituted.","0","Griffey","2025-01-21","2025-03-11","SFN,Loc","","0","0","0",""
"1460","Protection order hope cards","Concerning protection order hope cards.","SHB 1460","1460","SHB 1460","ENACTED","","","","Effective date 7/27/2025.","1","Griffey","2025-02-28","2025-05-12","SFN,Loc","","0","0","0","2.56|7.105.352"
"1461","Joint operating agencies","Concerning contracts for materials or work required by joint operating agencies.","EHB 1461","1461","HB 1461","FLOOR","","","H","","0","Stearns","2025-01-21","","SFN,Loc","","0","0","0",""
"1461","Joint operating agencies","Concerning contracts for materials or work required by joint operating agencies.","EHB 1461","1461","EHB 1461","ENACTED","","","","Effective date 7/27/2025.","1","Stearns","2025-01-21","2025-04-16","SFN,Loc","","0","0","0",""
"1462 / 5438","Hydrofluorocarbons","Reducing greenhouse gas emissions associated with hydrofluorocarbons.","","1462","HB 1462","SUBSTITUTED","","","H","2nd substitute bill substituted.","0","Duerr","2025-01-21","2025-03-05","SFN","","0","0","0","39.26.310|70a.60|70a.60.010"
"1462 / 5438","Hydrofluorocarbons","Reducing greenhouse gas emissions associated with hydrofluorocarbons.","","1462","SB 5438","COMMITTEE","EET","true","S","First reading, referred to Environment, Energy & Technology.","1","Lovelett","2025-01-22","2025-01-22","SFN","","0","0","0","39.26.310|70a.60|70a.60.010"
"1462","Hydrofluorocarbons","Reducing greenhouse gas emissions associated with hydrofluorocarbons.","2SHB 1462","1462","SHB 1462","SUBSTITUTED","","","H","2nd substitute bill substituted.","0","Duerr","2025-02-04","2025-03-05","SFN","","0","0","0","39.26.310|70a.60|70a.60.010"
"1462","Hydrofluorocarbons","Reducing greenhouse gas emissions associated with hydrofluorocarbons.","2SHB 1462","1462","2SHB 1462","ENACTED","","","","Effective date 7/27/2025.","1","Duerr","2025-02-26","2025-05-17","SFN","","0","0","0","70a.60|70a.60.010"
"1463","Cash assistance time limits","Expanding time limit exemptions applicable to cash assistance programs.","","1463","HB 1463","COMMITTEE","ELHS","true","H","First reading, referred to Early Learning & Human Services.","1","Cortes","2025-01-21","2025-01-21","SFN","","0","0","0",""
"1464","Home equity sharing","Concerning home equity sharing agreements.","","1464","HB 1464","COMMITTEE","CPB","true","H","First reading, referred to Consumer Protection & Business.","1","Hackney","2025-01-21","2025-01-21","SFN","","0","0","0",""
"1465","Defendant supervision costs","Concerning cost sharing of county supervision of defendants with local government.","","1465","HB 1465","COMMITTEE","APP","true","H","First reading, referred to Appropriations.","1","Fitzgibbon","2025-01-21","2025-01-21","SFN,Loc","D","0","0","0","9.92.060|9.94a.702|9.95.204"
"1466","Hospital safety net program","Increasing the biennial funds contribution in lieu of state funds from the hospital safety net program.","","1466","HB 1466","COMMITTEE","APP","true","H","First reading, referred to Appropriations.","1","Fitzgibbon","2025-01-21","2025-01-21","","D","0","0","0",""
"1467 / 5357","Actuarial pension funding","Concerning actuarial funding of pension systems.","","1467","HB 1467","COMMITTEE","APP","true","H","First reading, referred to Appropriations.","1","Fitzgibbon","2025-01-21","2025-01-21","","D","0","0","0","41.45|41.45.010|41.45.060|41.45.070"
"1467 / 5357","Actuarial pension funding","Concerning actuarial funding of pension systems.","","1467","SB 5357","SUBSTITUTED","","","S","1st substitute bill substituted.","0","Conway","2025-01-20","2025-03-12","SFN","D","0","0","0","41.45|41.45.010|41.45.060|41.45.070"
"1468 / 5441","Accounts","Concerning accounts.","","1468","HB 1468","SUBSTITUTED","","","H","1st substitute bill substituted.","0","Macri","2025-01-21","2025-04-18","SFN","D","0","0","0","13.40.560|19.285.060|19.385.030|28b.50.286|43.07.370|43.07.388|43.135.045|43.19.035|43.330.400|43.63a.766|43.79a.040|43.79a.041|43.83.360|43.84.092|47.76.450|48.160.005|48.160.020|69.51a.230|82.32.800"
"1468 / 5441","Accounts","Concerning accounts.","","1468","SB 5441","COMMITTEE","WM","true","S","First reading, referred to Ways & Means.","1","Stanford","2025-01-22","2025-01-22","SFN","D","0","0","0","13.40.560|19.285.060|19.385.030|28b.50.286|43.07.370|43.07.388|43.135.045|43.19.035|43.330.400|43.63a.766|43.79a.040|43.79a.041|43.83.360|43.84.092|47.76.450|48.160.005|48.160.020|69.51a.230|82.32.800"
"1468","Accounts","Concerning accounts.","ESHB 1468","1468","SHB 1468","OTHER","","","H","","0","Macri","2025-04-02","","","D","0","0","0","13.40.560|18.79.202|19.285.060|19.385.030|28a.505.130|28b.50.286|43.07.370|43.07.388|43.135.045|43.19.035|43.330.400|43.63a.766|43.79.574|43.79a.040|43.79a.041|43.83.360|43.84.092|47.76.450|48.160.005|48.160.020|69.51a.230|72.09|72.09.095|82.32.800|82.45.240"
"1468","Accounts","Concerning accounts.","ESHB 1468","1468","ESHB 1468","ENACTED","","","","Effective date 7/1/2025*.","1","Macri","2025-04-02","2025-05-20","","D","0","0","0","13.40.560|18.79.202|19.285.060|19.385.030|28a.505.130|28b.50.286|43.07.370|43.07.388|43.135.045|43.19.035|43.330.400|43.63a.766|43.79.574|43.79a.040|43.79a.041|43.83.360|43.84.092|47.76.450|48.160.005|48.160.020|69.51a.230|72.09|72.09.095|82.32.800|82.45.240"
"1469 / 5361","ASAM 4 treatment criteria","Delaying the use of the ASAM 4 criteria, treatment criteria for addictive, substance related, and co-occurring conditions.","SB 5361","1469","HB 1469","COMMITTEE","HCW","true","H","First reading, referred to Health Care & Wellness.","1","Macri","2025-01-21","2025-01-21","","D","0","0","0","48.43.764|71.24.619"
"1469 / 5361","ASAM 4 treatment criteria","Delaying the use of the ASAM 4 criteria, treatment criteria for addictive, substance related, and co-occurring conditions.","SB 5361","1469","SB 5361","ENACTED","","","","Effective date 7/27/2025.","1","Dhingra","2025-01-20","2025-05-17","SFN","D","0","0","0","48.43.764|71.24.619"
"1470 / 5394","DDA no-paid services","Reducing the developmental disabilities administration's no-paid services caseload services.","","1470","HB 1470","COMMITTEE","ELHS","true","H","First reading, referred to Early Learning & Human Services.","1","Macri","2025-01-21","2025-01-21","SFN","D","0","0","0",""
"1470 / 5394","DDA no-paid services","Reducing the developmental disabilities administration's no-paid services caseload services.","","1470","SB 5394","SUBSTITUTED","","","S","1st substitute bill substituted.","0","Robinson","2025-01-21","2025-03-12","SFN","D","0","0","0",""
"1471 / 5392","BSA transfers","Concerning budget stabilization account transfers.","","1471","HB 1471","COMMITTEE","APP","true","H","First reading, referred to Appropriations.","1","Ormsby","2025-01-21","2025-01-21","","D","0","0","0",""
"1471 / 5392","BSA transfers","Concerning budget stabilization account transfers.","","1471","SB 5392","COMMITTEE","WM","true","S","First reading, referred to Ways & Means.","1","Robinson","2025-01-21","2025-01-21","SFN","D","0","0","0",""
"1472 / 5393","Yakima & Rainier schools","Closing the Yakima Valley school and Rainier school.","","1472","HB 1472","RULES","","","H","Referred to Rules 2 Review.","1","Ormsby","2025-01-21","2025-04-08","SFN","D","0","0","0","28a.190.005|71a.20|71a.20.020|71a.20.180|72.01.050|72.05.010"
"1472 / 5393","Yakima & Rainier schools","Closing the Yakima Valley school and Rainier school.","","1472","SB 5393","SUBSTITUTED","","","S","1st substitute bill substituted.","0","Robinson","2025-01-21","2025-04-19","SFN","D","0","0","0","28a.190.005|71a.20|71a.20.020|71a.20.180|72.01.050|72.05.010"
"1472","Yakima & Rainier schools","Closing the Yakima Valley school and Rainier school.","","1472","SHB 1472","RULES","","","H","Referred to Rules 2 Review.","1","Ormsby","2025-04-01","2025-04-08","SFN","D","0","0","0","28a.190.005|71a.20|71a.20.020|71a.20.180|72.01.050|72.05.010"
"1472","Yakima & Rainier schools","Closing the Yakima Valley school and Rainier school.","","1472","2SHB 1472","RULES","","","H","Referred to Rules 2 Review.","1","Ormsby","2025-04-08","2025-04-08","SFN","D","0","0","0","28a.190.005|71a.20|71a.20.020|71a.20.180|72.01.050|72.05.010"
"1473","Wildfire BSA appropriations","Making expenditures from the budget stabilization account for declared catastrophic events.","SHB 1473","1473","HB 1473","SUBSTITUTED","","","H","1st substitute bill substituted.","0","Gregerson","2025-01-21","2025-04-17","","D","0","0","0",""
"1473","Wildfire BSA appropriations","Making expenditures from the budget stabilization account for declared catastrophic events.","SHB 1473","1473","SHB 1473","ENACTED","","","","Effective date 5/17/2025.","1","Gregerson","2025-02-24","2025-05-17","","D","0","0","0",""
"1474","PERS/TRS 1 benefit increase","Providing a benefit increase to certain retirees of the public employees' retirement system plan 1 and the teachers' retirement system plan 1.","","1474","HB 1474","RULES","","","H","Referred to Rules 2 Review.","1","Gregerson","2025-01-21","2025-02-26","SFN","D","0","0","0","41.32.4992|41.40.1987"
"1475 / 5737","National board bonuses","Suspending the national board for professional standards certification bonuses for certificated instructional staff.","","1475","HB 1475","COMMITTEE","APP","true","H","First reading, referred to Appropriations.","1","Gregerson","2025-01-21","2025-01-21","SFN","D","0","0","0",""
"1475 / 5737","National board bonuses","Suspending the national board for professional standards certification bonuses for certificated instructional staff.","","1475","SB 5737","COMMITTEE","WM","true","S","First reading, referred to Ways & Means.","1","Robinson","2025-02-12","2025-02-12","SFN","D","0","0","0",""
"1476 / 5407","Nursing home rate rebase","Delaying the rebasing of the nursing home payment rates to 2028.","","1476","HB 1476","RULES","","","H","Referred to Rules 2 Review.","1","Ormsby","2025-01-21","2025-04-08","SFN","D","0","0","0",""
"1476 / 5407","Nursing home rate rebase","Delaying the rebasing of the nursing home payment rates to 2028.","","1476","SB 5407","COMMITTEE","WM","true","S","First reading, referred to Ways & Means.","1","Riccelli","2025-01-21","2025-01-21","SFN","D","0","0","0",""
"1476","Nursing home rate rebase","Delaying the rebasing of the nursing home payment rates to 2028.","","1476","SHB 1476","RULES","","","H","Referred to Rules 2 Review.","1","Ormsby","2025-04-03","2025-04-08","SFN","D","0","0","0",""
"1477 / 5616","WA saves trust account","Concerning the Washington saves administrative trust account.","SB 5616","1477","HB 1477","RULES","","","H","Referred to Rules 2 Review.","1","Reeves","2025-01-21","2025-02-10","SFN","O","0","0","0","19.05.010|19.05.110|43.79a.040"
"1477 / 5616","WA saves trust account","Concerning the Washington saves administrative trust account.","SB 5616","1477","SB 5616","ENACTED","","","","Effective date 7/27/2025*.","1","Hasegawa","2025-01-31","2025-04-30","","O","0","0","0","19.05.010|19.05.110|43.79a.040"
"1478","Death cert./subst. homicide","Modifying the manner of death listed in a death certificate following a conviction of controlled substance homicide.","","1478","HB 1478","COMMITTEE","HCW","true","H","First reading, referred to Health Care & Wellness.","1","Lekanoff","2025-01-21","2025-01-21","","","0","0","0","2.32|70.58a.200"
"1479","Office of native ed. grants","Establishing a state matching grant to support American Indian and Alaska Native students.","","1479","HB 1479","COMMITTEE","ED","true","H","First reading, referred to Education.","1","Lekanoff","2025-01-21","2025-01-21","","O","0","0","0",""
"1480","Affordable housing REET","Allowing all counties to impose a real estate excise tax for the purpose of developing affordable housing, subject to the will of the voters.","","1480","HB 1480","COMMITTEE","FIN","true","H","First reading, referred to Finance.","1","Ramel","2025-01-21","2025-01-21","SFN,Loc","","0","0","0",""
"1481","Nuclear energy study","Concerning the commercial liftoff for energy from advanced nuclear study.","","1481","HB 1481","COMMITTEE","E&E","true","H","First reading, referred to Environment & Energy.","1","Barnard","2025-01-21","2025-01-21","","","0","0","0",""
"1482","Health coverage access","Assuring equity in health coverage.","","1482","HB 1482","COMMITTEE","HCW","true","H","First reading, referred to Health Care & Wellness.","1","Thai","2025-01-21","2025-01-21","","","0","0","0","43.71|43.71.020|43.71.110|43.71.120|74.09"
"1483 / 5423","Digital electronics/repair","Supporting the servicing and right to repair of certain products with digital electronics in a secure and reliable manner.","","1483","HB 1483","SUBSTITUTED","","","H","1st substitute bill substituted.","0","Gregerson","2025-01-21","2025-03-04","SFN","","0","0","0",""
"1483 / 5423","Digital electronics/repair","Supporting the servicing and right to repair of certain products with digital electronics in a secure and reliable manner.","","1483","SB 5423","RULES","","","S","Senate Rules ""X"" file.","1","Stanford","2025-01-22","2025-03-17","SFN","","0","0","0",""
"1483","Digital electronics/repair","Supporting the servicing and right to repair of certain products with digital electronics in a secure and reliable manner to increase access and affordability for Washingtonians.","ESHB 1483","1483","SHB 1483","OTHER","","","H","","0","Gregerson","2025-02-11","","SFN","","0","0","0",""
"1483","Digital electronics/repair","Supporting the servicing and right to repair of certain products with digital electronics in a secure and reliable manner to increase access and affordability for Washingtonians.","ESHB 1483","1483","ESHB 1483","ENACTED","","","","Effective date 7/27/2025.","1","Gregerson","2025-02-11","2025-05-19","SFN","","0","0","0",""
"1484 / 5366","Victim of rape/pregnancy","Concerning exceptional sentences for offenses which result in the pregnancy of a victim of rape.","HB 1484","1484","HB 1484","ENACTED","","","","Effective date 7/27/2025.","1","Salahuddin","2025-01-21","2025-04-21","SFN,Loc","","0","0","0",""
"1484 / 5366","Victim of rape/pregnancy","Concerning exceptional sentences for offenses which result in the pregnancy of a victim of rape.","HB 1484","1484","SB 5366","COMMITTEE","L&J","true","S","First reading, referred to Law & Justice.","1","Dhingra","2025-01-20","2025-01-20","","","0","0","0",""
"1485","Services and activities fees","Increasing the annual limit of services and activities fees at institutions of higher education.","","1485","HB 1485","COMMITTEE","APP","false","H","Referred to Appropriations.","1","Salahuddin","2025-01-21","2025-02-21","SFN","","0","0","0",""
"1486","Student member on SBCTC","Adding a student member to the state board for community and technical colleges.","SHB 1486","1486","HB 1486","SUBSTITUTED","","","H","1st substitute bill substituted.","0","Salahuddin","2025-01-21","2025-03-11","SFN","","0","0","0","28b.50.050|28b.50.070"
"1486","Student member on SBCTC","Adding a student member to the state board for community and technical colleges.","SHB 1486","1486","SHB 1486","ENACTED","","","","Effective date 7/27/2025.","1","Salahuddin","2025-02-19","2025-04-21","SFN","","0","0","0","28b.50.050|28b.50.070"
"1487 / 5362","Crime victim services","Concerning victims of crime act funding.","","1487","HB 1487","COMMITTEE","APP","true","H","First reading, referred to Appropriations.","1","Davis","2025-01-21","2025-01-21","","","0","0","0",""
"1487 / 5362","Crime victim services","Concerning victims of crime act funding.","","1487","SB 5362","COMMITTEE","WM","false","S","Referred to Ways & Means.","1","Dhingra","2025-01-20","2025-02-07","SFN","","0","0","0",""
"1488 / 5510","Conservation district limits","Concerning conservation district revenue limitations.","","1488","HB 1488","SUBSTITUTED","","","H","1st substitute bill substituted.","0","Berg","2025-01-21","2025-03-03","SFN,Loc","","0","0","0",""
"1488 / 5510","Conservation district limits","Concerning conservation district revenue limitations.","","1488","SB 5510","RULES","","","S","Senate Rules ""X"" file.","1","Shewmake","2025-01-27","2025-03-17","SFN,Loc","","0","0","0",""
"1488","Conservation district limits","Concerning conservation district revenue limitations.","SHB 1488","1488","SHB 1488","ENACTED","","","","Effective date 7/27/2025.","1","Berg","2025-02-11","2025-05-13","SFN,Loc","","0","0","0",""
"1489","Childhood ed./impl. dates","Adjusting implementation dates for programs related to early childhood education and child care.","","1489","HB 1489","RULES","","","H","Referred to Rules 2 Review.","1","Ormsby","2025-01-21","2025-02-17","SFN","D","0","0","0","43.216.556|43.216.802|43.216.810"
"1489","Childhood ed./impl. dates","Adjusting implementation dates for programs related to early childhood education and child care.","","1489","SHB 1489","RULES","","","H","Referred to Rules 2 Review.","1","Ormsby","2025-02-12","2025-02-17","SFN","D","0","0","0","43.216.505|43.216.556|43.216.802|43.216.810"
"1490 / 5318","Background checks","Concerning fingerprint-based background checks.","","1490","HB 1490","SUBSTITUTED","","","H","1st substitute bill substituted.","0","Obras","2025-01-21","2025-03-06","SFN,Loc","D","0","0","0",""
"1490 / 5318","Background checks","Concerning fingerprint-based background checks.","","1490","SB 5318","RULES","","","S","Senate Rules ""X"" file.","1","Kauffman","2025-01-17","2025-03-17","SFN,Loc","D","0","0","0",""
"1490","Background checks","Concerning fingerprint-based background checks.","SHB 1490","1490","SHB 1490","ENACTED","","","","Effective date 7/27/2025.","1","Obras","2025-02-14","2025-04-16","SFN,Loc","D","0","0","0",""
"1491","Transit-oriented housing dev","Promoting transit-oriented housing development.","3SHB 1491","1491","HB 1491","SUBSTITUTED","","","H","3rd substitute bill substituted.","0","Reed","2025-01-21","2025-03-05","SFN,Loc","","0","0","0","36.70a|36.70a.030|43.21c.229|64.32|64.34|64.38|64.9"
"1491","Transit-oriented housing dev","Promoting transit-oriented housing development.","3SHB 1491","1491","SHB 1491","SUBSTITUTED","","","H","3rd substitute bill substituted.","0","Reed","2025-02-11","2025-03-05","SFN,Loc","","0","0","0","36.70a|36.70a.030|43.21c.229|64.32|64.34|64.38|64.9|84.14|84.14.010|84.14.020|84.14.030|84.14.060|84.14.090|84.14.100|84.14.110"
"1491","Transit-oriented housing dev","Promoting transit-oriented housing development.","3SHB 1491","1491","2SHB 1491","SUBSTITUTED","","","H","3rd substitute bill substituted.","0","Reed","2025-02-26","2025-03-05","SFN,Loc","","0","0","0","36.70a|36.70a.030|43.21c.229|64.32|64.34|64.38|64.9|84.14|84.14.010|84.14.020|84.14.030|84.14.060|84.14.090|84.14.100|84.14.110"
"1491","Transit-oriented housing dev","Promoting transit-oriented housing development.","3SHB 1491","1491","3SHB 1491","ENACTED","","","","Effective date 7/27/2025.","1","Reed","2025-02-28","2025-05-13","SFN,Loc","","0","0","0","36.70a|36.70a.030|43.21c.229|47.12|64.32|64.34|64.38|64.9|82.02.060|82.02.090|84.14|84.14.010|84.14.020|84.14.030|84.14.060|84.14.090|84.14.100|84.14.110"
"1492","Students with dependents","Providing early registration for students with dependents.","","1492","HB 1492","COMMITTEE","PEW","true","H","First reading, referred to Postsecondary Education & Workforce.","1","Salahuddin","2025-01-21","2025-01-21","SFN","","0","0","0",""
"1493 / 5681","DDA employment services age","Concerning the age at which clients of the developmental disabilities administration may receive employment and community inclusion services.","","1493","HB 1493","COMMITTEE","ELHS","true","H","First reading, referred to Early Learning & Human Services.","1","Paul","2025-01-21","2025-01-21","SFN,Loc","","0","0","0","71a.12|71a.12.290"
"1493 / 5681","DDA employment services age","Concerning the age at which clients of the developmental disabilities administration may receive employment and community inclusion services.","","1493","SB 5681","COMMITTEE","HS","true","S","First reading, referred to Human Services.","1","Cortes","2025-02-06","2025-02-06","SFN,Loc","","0","0","0","71a.12|71a.12.290"
"1494","Multiple-unit dwellings/tax","Concerning the property tax exemptions for new and rehabilitated multiple-unit dwellings in urban centers.","HB 1494","1494","HB 1494","ENACTED","","","","Effective date 7/27/2025.","1","Ramel","2025-01-21","2025-04-25","SFN,Loc","","0","0","0","84.14.010|84.14.020|84.14.021|84.14.040|84.14.060|84.14.070|84.14.100|84.14.110"
"1495 / 5442","College promise pilot","Establishing a college promise pilot program.","","1495","HB 1495","COMMITTEE","APP","true","H","First reading, referred to Appropriations.","1","Hill","2025-01-22","2025-01-22","SFN","","0","0","0",""
"1495 / 5442","College promise pilot","Establishing a college promise pilot program.","","1495","SB 5442","COMMITTEE","HEWD","true","S","First reading, referred to Higher Education & Workforce Development.","1","Riccelli","2025-01-22","2025-01-22","SFN","","0","0","0",""
"1496 / 5254","Health care information","Strengthening patients' rights regarding their health care information.","","1496","HB 1496","COMMITTEE","HCW","true","H","First reading, referred to Health Care & Wellness.","1","Berry","2025-01-22","2025-01-22","SFN,Loc","","0","0","0","70.02|70.02.010|70.02.030|70.02.080|70.02.090|70.02.170|70.02.220|70.02.260"
"1496 / 5254","Health care information","Strengthening patients' rights regarding their health care information.","","1496","SB 5254","COMMITTEE","WM","false","S","Referred to Ways & Means.","1","Orwall","2025-01-14","2025-02-21","SFN,Loc","","0","0","0","70.02|70.02.010|70.02.030|70.02.080|70.02.090|70.02.170|70.02.220|70.02.260"
"1497","Waste material management","Improving outcomes associated with waste material management systems.","2SHB 1497","1497","HB 1497","SUBSTITUTED","","","H","2nd substitute bill substituted.","0","Doglio","2025-01-22","2025-03-07","SFN,Loc","","0","0","0","15|15.64.060|19.27|28a.235|28a.235.180|70a.205|70a.205.540|70a.205.545|70a.207|70a.207.050"
"1497","Waste material management","Improving outcomes associated with waste material management systems.","2SHB 1497","1497","SHB 1497","SUBSTITUTED","","","H","2nd substitute bill substituted.","0","Doglio","2025-02-06","2025-03-07","SFN,Loc","","0","0","0","15.64.060|19.27|28a.235|28a.235.180|43.21b.110|70a.205|70a.205.540|70a.205.545|70a.207|70a.207.050|70a.455"
"1497","Waste material management","Improving outcomes associated with waste material management systems.","2SHB 1497","1497","2SHB 1497","ENACTED","","","","Effective date 7/27/2025.","1","Doglio","2025-02-26","2025-05-17","SFN,Loc","","0","0","0","15.64.060|19.27|28a.235|28a.235.180|43.21b.110|70a.205|70a.205.540|70a.205.545|70a.207.050|70a.455"
"1498","Domestic viol. co-responders","Concerning domestic violence co-responder programs.","SHB 1498","1498","HB 1498","SUBSTITUTED","","","H","1st substitute bill substituted.","0","Davis","2025-01-22","2025-04-21","SFN,Loc","","0","0","0","36.18.010|43.28"
"1498","Domestic viol. co-responders","Concerning domestic violence co-responder programs.","SHB 1498","1498","SHB 1498","ENACTED","","","","Effective date 7/27/2025.","1","Davis","2025-02-06","2025-05-19","SFN,Loc","","0","0","0","36.18.010|43.28"
"1499","Legal financial obligations","Concerning legal financial obligations.","","1499","HB 1499","COMMITTEE","APP","false","H","Referred to Appropriations.","1","Reed","2025-01-22","2025-02-21","SFN,Loc","","0","0","0","10.01|10.01.090|10.01.160|10.01.170|10.01.180|10.01.185|10.05.140|10.05.170|10.101.020|10.46.190|10.64.015|10.64.120|10.73.160|10.82.070|10.82.090|3.50.100|3.62.020|3.62.040|3.62.085|3.66.120|35.20.220|36.18.016|36.18.020|4.56.110|43.79.505|6.17.020|7.105.450|7.68.035|70.48.390|9.92.060|9.92.070|9.94a.6333|9.94a.725|9.94a.750|9.94a.753|9.94a.760|9.94b.040|9.95.210"
"1499","Legal financial obligations","Concerning legal financial obligations.","","1499","SHB 1499","COMMITTEE","APP","false","H","Referred to Appropriations.","1","Reed","2025-02-21","2025-02-21","SFN,Loc","","0","0","0","10.01|10.01.090|10.01.160|10.01.170|10.01.180|10.01.185|10.05.140|10.05.170|10.101.020|10.46.190|10.64.015|10.64.120|10.73.160|10.82.070|10.82.090|3.50.100|3.62.020|3.62.040|3.62.085|3.66.120|35.20.220|36.18.016|36.18.020|4.56.110|43.79.505|6.17.020|7.68.035|70.48.390|9.92.060|9.92.070|9.94a.6333|9.94a.725|9.94a.750|9.94a.753|9.94a.760|9.94b.040|9.95.210"
"1500","CIC resale certificates","Concerning resale certificates for units in common interest communities.","","1500","HB 1500","RULES","","","H","Referred to Rules 2 Review.","1","Reed","2025-01-22","2025-02-14","","","0","0","0",""
"1500","CIC resale certificates","Concerning resale certificates for units in common interest communities.","","1500","SHB 1500","RULES","","","H","Referred to Rules 2 Review.","1","Reed","2025-02-11","2025-02-14","","","0","0","0",""
"1501","CIC unit owner inquiries","Concerning inquiries into association governance or operations by unit owners in common interest communities.","","1501","HB 1501","RULES","","","H","Referred to Rules 2 Review.","1","Reed","2025-01-22","2025-02-14","","","0","0","0","64.32|64.34|64.38|64.9"
"1502","Behavioral health teaching","Establishing a behavioral health teaching clinic designation and enhancement rate.","","1502","HB 1502","COMMITTEE","HCW","true","H","First reading, referred to Health Care & Wellness.","1","Rule","2025-01-22","2025-01-22","","","0","0","0","71.24|71.24.025"
"1503","Digital equity","Furthering digital equity and opportunity in Washington state.","","1503","HB 1503","SUBSTITUTED","","","H","2nd substitute bill substituted.","0","Gregerson","2025-01-22","2025-03-10","SFN,Loc","","0","0","0","43.06d|43.330.530|43.330.532|43.330.534|43.330.536|43.330.539|43.330.539|43.330.5395|43.330.5395"
"1503","Digital equity","Furthering digital equity and opportunity in Washington state.","","1503","SHB 1503","SUBSTITUTED","","","H","2nd substitute bill substituted.","0","Gregerson","2025-02-18","2025-03-10","SFN,Loc","","0","0","0","43.06d|43.330.530|43.330.532|43.330.534|43.330.536|43.330.539|43.330.539|43.330.5395|43.330.5395"
"1503","Digital equity","Furthering digital equity and opportunity in Washington state.","","1503","2SHB 1503","RULES","","","H","By resolution, returned to House Rules Committee for third reading.","1","Gregerson","2025-02-27","2025-04-27","SFN,Loc","","0","0","0","43.06d|43.330.530|43.330.532|43.330.534|43.330.536|43.330.539|43.330.539|43.330.5395|43.330.5395"
"1504","Firearm financial resp.","Enhancing public safety by requiring financial responsibility to purchase or possess a firearm or operate a firearm range.","","1504","HB 1504","COMMITTEE","CRJ","true","H","First reading, referred to Civil Rights & Judiciary.","1","Reeves","2025-01-22","2025-01-22","SFN","","0","0","0","43.24|43.84.092|9.41|9.41.090"
"1505 / 5262","Insurance statutes","Correcting obsolete or erroneous references in statutes administered by the insurance commissioner.","","1505","HB 1505","COMMITTEE","APP","false","H","Referred to Appropriations.","1","Walen","2025-01-22","2025-02-18","SFN","O","0","0","0","42.56.400|48.02.230|48.02.240|48.135.030|48.14.070|48.140.040|48.140.050|48.140.070|48.150.100|48.160.005|48.160.020|48.19.460|48.19.500|48.19.501|48.19.540|48.37.050|48.38.010|48.38.012|48.43.0128|48.43.049|48.43.115|48.43.135|48.43.650|48.43.743"
"1505 / 5262","Insurance statutes","Correcting obsolete or erroneous references in statutes administered by the insurance commissioner.","","1505","SB 5262","SUBSTITUTED","","","S","1st substitute bill substituted.","0","Kauffman","2025-01-14","2025-03-03","SFN","O","0","0","0","42.56.400|48.02.230|48.02.240|48.135.030|48.14.070|48.140.040|48.140.050|48.140.070|48.150.100|48.160.005|48.160.020|48.19.460|48.19.500|48.19.501|48.19.540|48.37.050|48.38.010|48.38.012|48.43.0128|48.43.049|48.43.115|48.43.135|48.43.650|48.43.743"
"1505","Insurance statutes","Correcting obsolete or erroneous references in statutes administered by the insurance commissioner.","","1505","SHB 1505","COMMITTEE","APP","false","H","Referred to Appropriations.","1","Walen","2025-02-14","2025-02-18","SFN","O","0","0","0","42.56.400|48.02.230|48.02.240|48.135.030|48.14.070|48.140.040|48.140.050|48.140.070|48.150.100|48.160.005|48.160.020|48.19.460|48.19.500|48.19.501|48.19.540|48.37.050|48.38.010|48.38.012|48.43.0128|48.43.049|48.43.135|48.43.650|48.43.743"
"1506","Credit union-bank merger/tax","Imposing a business and occupation tax on state-chartered credit unions that merge with a commercial bank.","","1506","HB 1506","COMMITTEE","FIN","true","H","First reading, referred to Finance.","1","Walen","2025-01-22","2025-01-22","SFN","","0","0","0",""
"1507","Health care nondisclosure","Limiting health care nondisclosure agreements.","","1507","HB 1507","COMMITTEE","CRJ","true","H","First reading, referred to Civil Rights & Judiciary.","1","Scott","2025-01-22","2025-01-22","SFN,Loc","","0","0","0",""
"1508","Ecosystem services","Expanding revenue generation and economic opportunities from natural climate solutions and ecosystem services.","","1508","HB 1508","COMMITTEE","AGNR","true","H","First reading, referred to Agriculture & Natural Resources.","1","Reeves","2025-01-22","2025-01-22","","","0","0","0","79|79.02.010|79.105.150|79.15.010|79.22.050|79.64.110"
"1509","Family reconciliation","Concerning family reconciliation services.","SHB 1509","1509","HB 1509","SUBSTITUTED","","","H","1st substitute bill substituted.","0","Taylor","2025-01-22","2025-03-11","SFN","","0","0","0","13.32a|13.32a.030|13.32a.040|13.32a.045"
"1509","Family reconciliation","Concerning family reconciliation services.","SHB 1509","1509","SHB 1509","ENACTED","","","","Effective date 7/27/2025*.","1","Taylor","2025-02-26","2025-04-25","SFN","","0","0","0","13.32a|13.32a.030|13.32a.040|13.32a.045"
"1510","PERS/appeal commissioners","Concerning participation in the public employees' retirement system judicial benefit multiplier program by commissioners of the supreme court and court of appeals.","","1510","HB 1510","COMMITTEE","APP","true","H","First reading, referred to Appropriations.","1","Hill","2025-01-22","2025-01-22","SFN","O","0","0","0","41.40.124|41.40.767|41.40.870|41.40.877"
"1511 / 5059","Ferry captains","Concerning Washington state ferries captains.","HB 1511","1511","HB 1511","ENACTED","","","","Effective date 7/27/2025.","1","Parshley","2025-01-22","2025-04-07","SFN","","0","0","0",""
"1511 / 5059","Ferry captains","Concerning Washington state ferries captains.","HB 1511","1511","SB 5059","RULES","","","S","Senate Rules ""X"" file.","1","Liias","2025-01-13","2025-03-17","SFN","","0","0","0",""
"1512 / 5521","Traffic safety","Improving traffic safety.","","1512","HB 1512","COMMITTEE","CS","true","H","First reading, referred to Community Safety.","1","Street","2025-01-22","2025-01-22","SFN,Loc","","0","0","0","46.63|46.64|47.01"
"1512 / 5521","Traffic safety","Improving traffic safety.","","1512","SB 5521","COMMITTEE","L&J","true","S","First reading, referred to Law & Justice.","1","Valdez","2025-01-27","2025-01-27","","","0","0","0","46.63|46.64|47.01"
"1513","Seashore conservation area","Safeguarding natural resources in the Washington State Seashore Conservation Area.","","1513","HB 1513","COMMITTEE","E&E","true","H","First reading, referred to Environment & Energy.","1","Stearns","2025-01-22","2025-01-22","SFN,Loc","","0","0","0","79a.05.605|79a.05.640|79a.05.650"
"1514","Low carbon thermal energy","Encouraging the deployment of low carbon thermal energy networks.","2SHB 1514","1514","HB 1514","SUBSTITUTED","","","H","2nd substitute bill substituted.","0","Ramel","2025-01-22","2025-03-10","SFN,Loc","","0","0","0","19.280.030|43.31|80.04|80.04.010|80.04.550|80.28|80.28.005|80.28.010|80.28.020|80.28.030|80.28.040|80.28.050|80.28.060|80.28.065|80.28.068|80.28.070|80.28.075|80.28.080|80.28.090|80.28.100|80.28.120|80.28.130|80.28.160|80.28.170|80.28.240|80.28.430"
"1514","Low carbon thermal energy","Encouraging the deployment of low carbon thermal energy networks.","2SHB 1514","1514","SHB 1514","SUBSTITUTED","","","H","2nd substitute bill substituted.","0","Ramel","2025-02-06","2025-03-10","SFN,Loc","","0","0","0","19.280.030|43.31|80.04|80.04.010|80.04.550|80.28|80.28.005|80.28.010|80.28.020|80.28.030|80.28.040|80.28.050|80.28.060|80.28.065|80.28.068|80.28.070|80.28.075|80.28.080|80.28.090|80.28.100|80.28.120|80.28.130|80.28.160|80.28.170|80.28.240|80.28.430"
"1514","Low carbon thermal energy","Encouraging the deployment of low carbon thermal energy networks.","2SHB 1514","1514","2SHB 1514","ENACTED","","","","Effective date 7/27/2025.","1","Ramel","2025-02-25","2025-05-13","SFN,Loc","","0","0","0","80.04|80.04.010|80.04.550|80.28|80.28.005|80.28.010|80.28.020|80.28.030|80.28.040|80.28.050|80.28.060|80.28.065|80.28.068|80.28.070|80.28.075|80.28.080|80.28.090|80.28.100|80.28.120|80.28.130|80.28.160|80.28.170|80.28.240|80.28.430"
"1515","Alcohol service in public","Modernizing the regulation of alcohol service in public spaces.","2SHB 1515","1515","HB 1515","SUBSTITUTED","","","H","2nd substitute bill substituted.","0","Reed","2025-01-22","2025-03-08","SFN,Loc","","0","0","0","66.08|66.08.030|66.24|66.24.690|66.24.710|66.44.100"
"1515","Alcohol service in public","Modernizing the regulation of alcohol service in public spaces.","2SHB 1515","1515","SHB 1515","SUBSTITUTED","","","H","2nd substitute bill substituted.","0","Reed","2025-02-19","2025-03-08","SFN,Loc","","0","0","0","66.08.030|66.24.690|66.24.710|66.44.100"
"1515","Alcohol service in public","Modernizing the regulation of alcohol service in public spaces.","2SHB 1515","1515","2SHB 1515","ENACTED","","","","Effective date 7/27/2025.","1","Reed","2025-02-27","2025-05-19","SFN,Loc","","0","0","0","66.08.030|66.24.380|66.24.690|66.24.710|66.44.100"
"1516","Insurance/affordable units","Conducting a study of insurance coverage options for permanently affordable homeownership units.","2SHB 1516","1516","HB 1516","SUBSTITUTED","","","H","2nd substitute bill substituted.","0","Hill","2025-01-22","2025-03-11","SFN","","0","0","0",""
"1516","Insurance/affordable units","Conducting a study of insurance coverage options for permanently affordable homeownership units.","2SHB 1516","1516","SHB 1516","SUBSTITUTED","","","H","2nd substitute bill substituted.","0","Hill","2025-02-19","2025-03-11","SFN","","0","0","0",""
"1516","Insurance/affordable units","Conducting a study of insurance coverage options for permanently affordable homeownership units.","2SHB 1516","1516","2SHB 1516","ENACTED","","","","Effective date 7/27/2025.","1","Hill","2025-02-28","2025-05-07","","","0","0","0",""
"1517","Digital equity/revenue","Providing a revenue stream to fund digital equity programs.","","1517","HB 1517","COMMITTEE","FIN","true","H","First reading, referred to Finance.","1","Gregerson","2025-01-22","2025-01-22","SFN,Loc","","0","0","0","28a.650|82|82.08|82.32.145"
"1518","Vehicle collision liability","Establishing liability standards for certain vehicle collisions.","","1518","HB 1518","COMMITTEE","CRJ","true","H","First reading, referred to Civil Rights & Judiciary.","1","Reed","2025-01-22","2025-01-22","SFN,Loc","","0","0","0",""
"1519","Vehicle subagent fees","Making adjustments to the service and filing fees for vehicle subagents, county auditors, and other agents.","","1519","HB 1519","RULES","","","H","Referred to Rules 2 Review.","1","Fey","2025-01-22","2025-02-12","SFN,Loc","","0","0","0","46.17.005|46.17.040"
"1519","Vehicle subagent fees","Making adjustments to the service and filing fees for vehicle subagents, county auditors, and other agents.","","1519","SHB 1519","RULES","","","H","Referred to Rules 2 Review.","1","Fey","2025-02-06","2025-02-12","SFN,Loc","","0","0","0","46.17.005|46.17.040"
"1520 / 5513","Pharmacist scope of practice","Expanding pharmacists' scope of practice to improve access to health care and the management of chronic diseases.","","1520","HB 1520","COMMITTEE","HCW","true","H","First reading, referred to Health Care & Wellness.","1","Thai","2025-01-22","2025-01-22","","","0","0","0","18.64|18.64.011|69.41.030"
"1520 / 5513","Pharmacist scope of practice","Expanding pharmacists' scope of practice to improve access to health care and the management of chronic diseases.","","1520","SB 5513","COMMITTEE","HLTC","true","S","First reading, referred to Health & Long-Term Care.","1","Slatter","2025-01-27","2025-01-27","","","0","0","0","18.64|18.64.011|69.41.030"
"1521 / 5504","Complex care serv./children","Supporting caregivers who provide complex care services to children with heightened medical needs.","","1521","HB 1521","COMMITTEE","HCW","true","H","First reading, referred to Health Care & Wellness.","1","Rule","2025-01-22","2025-01-22","SFN","","0","0","0",""
"1521 / 5504","Complex care serv./children","Supporting caregivers who provide complex care services to children with heightened medical needs.","","1521","SB 5504","COMMITTEE","WM","false","S","Referred to Ways & Means.","1","Chapman","2025-01-27","2025-02-21","SFN","","0","0","0",""
"1522 / 5430","Utility wildfire mitigation","Concerning approval of electric utility wildfire mitigation plans.","","1522","HB 1522","SUBSTITUTED","","","H","1st substitute bill substituted.","0","Dent","2025-01-22","2025-03-07","SFN,Loc","","0","0","0","80.24.010|80.28|80.28.440"
"1522 / 5430","Utility wildfire mitigation","Concerning approval of electric utility wildfire mitigation plans.","","1522","SB 5430","RULES","","","S","Senate Rules ""X"" file.","1","Chapman","2025-01-22","2025-03-17","SFN,Loc","","0","0","0","80.24.010|80.28|80.28.440"
"1522","Utility wildfire mitigation","Concerning approval of electric utility wildfire mitigation plans.","ESHB 1522","1522","SHB 1522","OTHER","","","H","","0","Dent","2025-02-06","","SFN,Loc","","0","0","0","80.24.010|80.28|80.28.440"
"1522","Utility wildfire mitigation","Concerning approval of electric utility wildfire mitigation plans.","ESHB 1522","1522","ESHB 1522","ENACTED","","","","Effective date 7/27/2025.","1","Dent","2025-02-06","2025-04-24","SFN,Loc","","0","0","0","80.24.010|80.28|80.28.440"
"1523 / 5344","Essential worker health care","Establishing the essential worker health care program.","","1523","HB 1523","COMMITTEE","HCW","true","H","First reading, referred to Health Care & Wellness.","1","Macri","2025-01-22","2025-01-22","SFN","","0","0","0","43.20a|48.02"
"1523 / 5344","Essential worker health care","Establishing the essential worker health care program.","","1523","SB 5344","COMMITTEE","WM","false","S","Referred to Ways & Means.","1","Riccelli","2025-01-17","2025-02-12","SFN","","0","0","0","43.20a|48.02"
"1524","Isolated employees","Concerning workplace standards and requirements applicable to employers of isolated employees.","2SHB 1524","1524","HB 1524","SUBSTITUTED","","","H","2nd substitute bill substituted.","0","Obras","2025-01-22","2025-03-05","SFN","","0","0","0",""
"1524","Isolated employees","Concerning workplace standards and requirements applicable to employers of isolated employees.","2SHB 1524","1524","SHB 1524","SUBSTITUTED","","","H","2nd substitute bill substituted.","0","Obras","2025-02-07","2025-03-05","SFN","","0","0","0","49.60.180|49.60.515"
"1524","Isolated employees","Concerning workplace standards and requirements applicable to employers of isolated employees.","2SHB 1524","1524","2SHB 1524","ENACTED","","","","Effective date 1/1/2026.","1","Obras","2025-02-25","2025-04-16","SFN","","0","0","0",""
"1525","Vehicle sales tax/tribes","Providing a sales and use tax exemption for a motor vehicle sold to a tribe or tribal member.","","1525","HB 1525","COMMITTEE","FIN","true","H","First reading, referred to Finance.","1","Walen","2025-01-23","2025-01-23","SFN,Loc","","0","0","0","82.08.0317|82.12"
"1526","Snack bar liquor licenses","Modifying the snack bar liquor license.","","1526","HB 1526","RULES","","","H","Returned to Rules Committee for second reading.","1","Schmick","2025-01-23","2025-03-19","SFN","","0","0","0",""
"1527","Health care claims mediation","Concerning settlement demands or offers made prior to mandatory mediation of health care claims.","","1527","HB 1527","COMMITTEE","CRJ","true","H","First reading, referred to Civil Rights & Judiciary.","1","Bergquist","2025-01-23","2025-01-23","","","0","0","0",""
"1528","Special education IEPs","Improving individualized education plans for special education.","","1528","HB 1528","COMMITTEE","ED","true","H","First reading, referred to Education.","1","Pollet","2025-01-23","2025-01-23","","O","0","0","0",""
"1529","Cities/county road resources","Increasing opportunities for cities to utilize county resources for road construction and maintenance.","","1529","HB 1529","RULES","","","H","Returned to Rules Committee for second reading.","1","Griffey","2025-01-23","2025-03-19","Loc","","0","0","0","35.22.620|35.23.352|35.77.030"
"1529","Cities/county road resources","Increasing opportunities for cities to utilize county resources for road construction and maintenance.","","1529","SHB 1529","RULES","","","H","Returned to Rules Committee for second reading.","1","Griffey","2025-02-12","2025-03-19","Loc","","0","0","0","35.22.620|35.23.352|35.77.030"
"1530 / 5363","Reg. businesses/card fees","Modernizing payment systems by expanding consumer-friendly transaction options for registered tow truck operators and regulated businesses.","","1530","HB 1530","RULES","","","H","Referred to Rules 2 Review.","1","Walen","2025-01-23","2025-02-18","","","0","0","0",""
"1530 / 5363","Reg. businesses/card fees","Modernizing payment systems by expanding consumer-friendly transaction options for registered tow truck operators and regulated businesses.","","1530","SB 5363","COMMITTEE","BFST","true","S","First reading, referred to Business, Financial Services & Trade.","1","Lovick","2025-01-20","2025-01-20","","","0","0","0",""
"1530","Reg. businesses/card fees","Modernizing payment systems by expanding consumer-friendly transaction options for registered tow truck operators and regulated businesses.","","1530","SHB 1530","RULES","","","H","Referred to Rules 2 Review.","1","Walen","2025-02-14","2025-02-18","","","0","0","0",""
"1531","Communicable disease","Preserving the ability of public officials to address communicable diseases.","ESHB 1531","1531","HB 1531","SUBSTITUTED","","","H","1st substitute bill substituted.","0","Bronoske","2025-01-23","2025-03-08","SFN,Loc","","0","0","0",""
"1531","Communicable disease","Preserving the ability of public officials to address communicable diseases.","ESHB 1531","1531","SHB 1531","OTHER","","","H","","0","Bronoske","2025-02-21","","SFN,Loc","","0","0","0",""
"1531","Communicable disease","Preserving the ability of public officials to address communicable diseases.","ESHB 1531","1531","ESHB 1531","ENACTED","","","","Effective date 4/21/2025.","1","Bronoske","2025-02-21","2025-04-21","SFN,Loc","","0","0","0",""
"1532","Sales tax sourcing impact","Authorizing funding tools to mitigate the impact of sales tax sourcing in certain cities that host industrial and warehousing industries.","","1532","HB 1532","RULES","","","H","Referred to Rules 2 Review.","1","Stearns","2025-01-23","2025-02-27","SFN,Loc","","0","0","0",""
"1532","Sales tax sourcing impact","Authorizing funding tools to mitigate the impact of sales tax sourcing in certain cities that host industrial and warehousing industries.","","1532","SHB 1532","RULES","","","H","Referred to Rules 2 Review.","1","Stearns","2025-02-25","2025-02-27","","","0","0","0",""
"1533","Specialty electricians","Allowing a specialty electrician to continue working under a valid specialty certificate of competency while enrolled in a journey level apprenticeship program.","ESHB 1533","1533","HB 1533","SUBSTITUTED","","","H","1st substitute bill substituted.","0","Schmidt","2025-01-23","2025-03-11","SFN","","0","0","0",""
"1533","Specialty electricians","Allowing a specialty electrician to continue working under a valid specialty certificate of competency while enrolled in a journey level apprenticeship program.","ESHB 1533","1533","SHB 1533","OTHER","","","H","","0","Schmidt","2025-02-19","","SFN","","0","0","0",""
"1533","Specialty electricians","Allowing a specialty electrician to continue working under a valid specialty certificate of competency while enrolled in a journey level apprenticeship program.","ESHB 1533","1533","ESHB 1533","ENACTED","","","","Effective date 1/1/2026.","1","Schmidt","2025-02-19","2025-05-12","SFN","","0","0","0",""
"1534","Tobacco, nicotine, and vapor","Enhancing the regulation of tobacco products, alternative nicotine products, and vapor products.","","1534","HB 1534","COMMITTEE","APP","false","H","Referred to Appropriations.","1","Santos","2025-01-23","2025-02-21","SFN,Loc","","0","0","0","26.28.080|42.56.270|70.155.010|70.155.090|70.155.100|70.345|70.345.010|70.345.030|82.25.030|82.25.095|82.26.010|82.26.020|82.26.060|82.26.190|82.26.200|82.26.240"
"1534","Tobacco, nicotine, and vapor","Enhancing the regulation of tobacco products, alternative nicotine products, and vapor products.","","1534","SHB 1534","COMMITTEE","APP","false","H","Referred to Appropriations.","1","Santos","2025-02-19","2025-02-21","SFN,Loc","","0","0","0","26.28.080|42.56.270|70.155.010|70.155.090|70.155.100|70.345|70.345.010|70.345.030|82.25.030|82.25.095|82.26.010|82.26.020|82.26.060|82.26.190|82.26.200|82.26.240"
"1535 / 5351","Dental insurance practices","Ensuring patient choice and access to care by prohibiting unfair and deceptive dental insurance practices.","","1535","HB 1535","COMMITTEE","HCW","true","H","First reading, referred to Health Care & Wellness.","1","Thai","2025-01-23","2025-01-23","SFN","","0","0","0","48.43|48.43.743|48.44|48.44.035|48.44.495"
"1535 / 5351","Dental insurance practices","Ensuring patient choice and access to care by prohibiting unfair and deceptive dental insurance practices.","","1535","SB 5351","SUBSTITUTED","","","S","1st substitute bill substituted.","0","King","2025-01-17","2025-03-10","SFN","","0","0","0","48.43|48.43.743|48.44|48.44.035|48.44.495"
"1536","Juveniles/firearm possession","Concerning offenses involving unlawful possession of a firearm by a juvenile.","","1536","HB 1536","COMMITTEE","ELHS","true","H","First reading, referred to Early Learning & Human Services.","1","Hackney","2025-01-23","2025-01-23","SFN,Loc","","0","0","0","13.40.0357|9.41.040"
"1537","Roadway safety account use","Expanding access to funding from the multiuse roadway safety account for eligible cities and for the Washington state departments of natural resources and fish and wildlife for maintenance and guidance of motorized recreation on green dot roads.","","1537","HB 1537","RULES","","","H","By resolution, returned to House Rules Committee for third reading.","1","Barkis","2025-01-23","2025-04-27","SFN,Loc","","0","0","0",""
"1538","Capital assistance/schools","Providing capital financial assistance to small school districts with demonstrated funding challenges.","","1538","HB 1538","COMMITTEE","CAP","true","H","First reading, referred to Capital Budget.","1","McEntire","2025-01-23","2025-01-23","SFN","","0","0","0","28a.525|28a.525.159"
"1539","Wildfire protection","Addressing wildfire protection and mitigation.","SHB 1539","1539","HB 1539","SUBSTITUTED","","","H","1st substitute bill substituted.","0","Reeves","2025-01-23","2025-03-03","SFN,Loc","","0","0","0",""
"1539","Wildfire protection","Addressing wildfire protection and mitigation.","SHB 1539","1539","SHB 1539","ENACTED","","","","Effective date 7/27/2025.","1","Reeves","2025-02-14","2025-05-17","SFN,Loc","","0","0","0",""
"1540 / 5304","Homelessness/tribal colleges","Expanding eligibility for the students experiencing homelessness and foster youth program to an accredited tribal college.","HB 1540","1540","HB 1540","ENACTED","","","","Effective date 7/27/2025.","1","Timmons","2025-01-23","2025-04-21","SFN","O","0","0","0",""
"1540 / 5304","Homelessness/tribal colleges","Expanding eligibility for the students experiencing homelessness and foster youth program to an accredited tribal college.","HB 1540","1540","SB 5304","RULES","","","S","Senate Rules ""X"" file.","1","Kauffman","2025-01-16","2025-03-17","SFN","O","0","0","0",""
"1541 / 5338","Veterans affairs adv. comm.","Concerning the veterans affairs advisory committee.","","1541","HB 1541","SUBSTITUTED","","","H","1st substitute bill substituted.","0","Abell","2025-01-23","2025-03-11","SFN","D","0","0","0",""
"1541 / 5338","Veterans affairs adv. comm.","Concerning the veterans affairs advisory committee.","","1541","SB 5338","SUBSTITUTED","","","S","1st substitute bill substituted.","0","Nobles","2025-01-17","2025-02-25","","D","0","0","0",""
"1541","Veterans affairs adv. comm.","Concerning the veterans affairs advisory committee.","","1541","SHB 1541","OTHER","","","H","","0","Abell","2025-02-11","","","D","0","0","0",""
"1541","Veterans affairs adv. comm.","Concerning the veterans affairs advisory committee.","","1541","ESHB 1541","RULES","","","H","By resolution, returned to House Rules Committee for third reading.","1","Abell","2025-02-11","2025-04-27","","D","0","0","0",""
"1542","Senior independent housing","Concerning senior independent housing.","","1542","HB 1542","RULES","","","H","Referred to Rules 2 Review.","1","Reeves","2025-01-23","2025-02-14","SFN","","0","0","0",""
"1542","Senior independent housing","Concerning senior independent housing.","","1542","SHB 1542","RULES","","","H","Referred to Rules 2 Review.","1","Reeves","2025-02-11","2025-02-14","","","0","0","0",""
"1543 / 5514","Clean buildings standard","Increasing compliance pathways for the clean buildings performance standard.","","1543","HB 1543","SUBSTITUTED","","","H","1st substitute bill substituted.","0","Doglio","2025-01-23","2025-02-20","SFN,Loc","D","0","0","0","19.27a.140|19.27a.170|19.27a.200|19.27a.210|19.27a.220|19.27a.250"
"1543 / 5514","Clean buildings standard","Increasing compliance pathways for the clean buildings performance standard.","","1543","SB 5514","RULES","","","S","Senate Rules ""X"" file.","1","Shewmake","2025-01-27","2025-03-17","SFN,Loc","D","0","0","0","19.27a.140|19.27a.170|19.27a.200|19.27a.210|19.27a.220|19.27a.250"
"1543","Clean buildings standard","Increasing compliance pathways for the clean buildings performance standard.","SHB 1543","1543","SHB 1543","ENACTED","","","","Effective date 7/27/2025.","1","Doglio","2025-02-06","2025-05-13","SFN,Loc","D","0","0","0","19.27a.140|19.27a.170|19.27a.200|19.27a.210|19.27a.220|19.27a.250"
"1544","Child abuse risk assessment","Improving the risk assessment process used when investigating alleged child abuse and neglect referrals.","","1544","HB 1544","RULES","","","H","Referred to Rules 2 Review.","1","Rule","2025-01-23","2025-02-11","SFN","","0","0","0",""
"1544","Child abuse risk assessment","Improving the risk assessment process used when investigating alleged child abuse and neglect referrals.","","1544","SHB 1544","RULES","","","H","Referred to Rules 2 Review.","1","Rule","2025-02-07","2025-02-11","","","0","0","0",""
"1545 / 5602","Cardiac and stroke outcomes","Improving cardiac and stroke outcomes.","","1545","HB 1545","COMMITTEE","HCW","true","H","First reading, referred to Health Care & Wellness.","1","Parshley","2025-01-23","2025-01-23","SFN,Loc","","0","0","0","70|70.168.150"
"1545 / 5602","Cardiac and stroke outcomes","Improving cardiac and stroke outcomes.","","1545","SB 5602","COMMITTEE","HLTC","true","S","First reading, referred to Health & Long-Term Care.","1","Riccelli","2025-01-30","2025-01-30","","","0","0","0","70|70.168.150"
"1546","Radiologic technologists","Concerning general supervision of diagnostic radiologic technologists, therapeutic radiologic technologists, and magnetic resonance imaging technologists by licensed physicians.","","1546","HB 1546","SUBSTITUTED","","","H","1st substitute bill substituted.","0","Parshley","2025-01-23","2025-03-10","SFN","","0","0","0",""
"1546","Radiologic technologists","Concerning general supervision of diagnostic radiologic technologists, therapeutic radiologic technologists, and magnetic resonance imaging technologists by licensed physicians.","","1546","SHB 1546","RULES","","","H","By resolution, returned to House Rules Committee for third reading.","1","Parshley","2025-02-19","2025-04-27","SFN","","0","0","0","18.84|18.84.020"
"1547 / 5126","Student mental health net.","Establishing a statewide network for student mental and behavioral health.","","1547","HB 1547","COMMITTEE","ED","true","H","First reading, referred to Education.","1","Santos","2025-01-23","2025-01-23","","O","0","0","0","28a.300|28a.310"
"1547 / 5126","Student mental health net.","Establishing a statewide network for student mental and behavioral health.","","1547","SB 5126","COMMITTEE","ELK12","true","S","First reading, referred to Early Learning & K-12 Education.","1","Nobles","2025-01-13","2025-01-13","SFN","O","0","0","0","28a.300|28a.310"
"1548","Cannabis retail robberies","Deterring robberies from cannabis retail establishments.","","1548","HB 1548","COMMITTEE","CS","true","H","First reading, referred to Community Safety.","1","Rule","2025-01-23","2025-01-23","","","0","0","0","69.5|9.94a.832"
"1549 / 5476","Responsible bidder criteria","Modifying the responsible bidder criteria for public works projects.","","1549","HB 1549","SUBSTITUTED","","","H","2nd substitute bill substituted.","0","Fosse","2025-01-23","2025-03-10","SFN,Loc","","0","0","0",""
"1549 / 5476","Responsible bidder criteria","Modifying the responsible bidder criteria for public works projects.","","1549","SB 5476","COMMITTEE","STATE GOVERNMENT, TRIBAL AFFAIRS & ELECTIONS","true","S","First reading, referred to State Government, Tribal Affairs & Elections.","1","Hasegawa","2025-01-24","2025-01-24","","","0","0","0",""
"1549","Responsible bidder criteria","Modifying the responsible bidder criteria for public works projects.","E2SHB 1549","1549","SHB 1549","SUBSTITUTED","","","H","2nd substitute bill substituted.","0","Fosse","2025-02-14","2025-03-10","SFN,Loc","","0","0","0",""
"1549","Responsible bidder criteria","Modifying the responsible bidder criteria for public works projects.","E2SHB 1549","1549","2SHB 1549","OTHER","","","H","","0","Fosse","2025-02-26","","SFN,Loc","","0","0","0",""
"1549","Responsible bidder criteria","Modifying the responsible bidder criteria for public works projects.","E2SHB 1549","1549","E2SHB 1549","ENACTED","","","","Effective date 7/1/2026.","1","Fosse","2025-02-26","2025-04-16","SFN,Loc","","0","0","0",""
"1550 / 5586","Electric vehicle batteries","Improving the end-of-life management of electric vehicle batteries.","","1550","HB 1550","RULES","","","H","Returned to Rules Committee for second reading.","1","Street","2025-01-23","2025-03-19","SFN","","0","0","0","43.21b.110|43.21b.300|70a|70a.205.505|70a.555.010"
"1550 / 5586","Electric vehicle batteries","Improving the end-of-life management of electric vehicle batteries.","","1550","SB 5586","COMMITTEE","EET","true","S","First reading, referred to Environment, Energy & Technology.","1","Stanford","2025-01-30","2025-01-30","SFN","","0","0","0","43.21b.110|43.21b.300|70a|70a.205.505|70a.555.010"
"1550","Electric vehicle batteries","Improving the end-of-life management of electric vehicle batteries.","","1550","SHB 1550","RULES","","","H","Returned to Rules Committee for second reading.","1","Street","2025-02-20","2025-03-19","SFN","","0","0","0","43.21b.110|43.21b.300|70a|70a.205.505|70a.555.010"
"1551","Cannabis social equity prg.","Extending the cannabis social equity program.","","1551","HB 1551","SUBSTITUTED","","","H","1st substitute bill substituted.","0","Reeves","2025-01-23","2025-03-05","SFN","","0","0","0",""
"1551","Cannabis social equity prg.","Extending the cannabis social equity program.","","1551","SHB 1551","OTHER","","","H","","0","Reeves","2025-02-19","","SFN","","0","0","0","43.330.540|69.50.335"
"1551","Cannabis social equity prg.","Extending the cannabis social equity program.","","1551","ESHB 1551","RULES","","","H","By resolution, returned to House Rules Committee for third reading.","1","Reeves","2025-02-19","2025-04-27","SFN","","0","0","0","43.330.540|69.50.335"
"1552","Real estate broker fee","Extending the fee on real estate broker licenses to fund the Washington center for real estate research and adjusting the fee to account for inflation.","HB 1552","1552","HB 1552","ENACTED","","","","Effective date 7/27/2025.","1","Peterson","2025-01-23","2025-05-19","SFN","","0","0","0","18.85.451|18.85.461|18.85.471"
"1553 / 5454","Dairy inspection program","Extending the dairy inspection program until June 30, 2031.","HB 1553","1553","HB 1553","ENACTED","","","","Effective date 6/30/2025.","1","Richards","2025-01-23","2025-04-11","SFN","","0","0","0",""
"1553 / 5454","Dairy inspection program","Extending the dairy inspection program until June 30, 2031.","HB 1553","1553","SB 5454","RULES","","","S","Senate Rules ""X"" file.","1","Chapman","2025-01-23","2025-03-17","SFN","","0","0","0",""
"1554 / 5543","College bound scholarship","Providing equity in eligibility for the college bound scholarship.","SB 5543","1554","HB 1554","COMMITTEE","APP","false","H","Referred to Appropriations.","1","Timmons","2025-01-23","2025-02-13","SFN","O","0","0","0",""
"1554 / 5543","College bound scholarship","Providing equity in eligibility for the college bound scholarship.","SB 5543","1554","SB 5543","ENACTED","","","","Effective date 7/27/2025.","1","Boehnke","2025-01-28","2025-05-15","SFN","O","0","0","0",""
"1555","Nursing home payment rates","Concerning nursing home payment rates.","","1555","HB 1555","COMMITTEE","APP","true","H","First reading, referred to Appropriations.","1","Stonier","2025-01-23","2025-01-23","SFN","","0","0","0",""
"1556 / 5542","HS completers/CTC tuition","Expanding tuition waivers for high school completers at community and technical colleges.","HB 1556","1556","HB 1556","ENACTED","","","","Effective date 7/27/2025.","1","Entenman","2025-01-23","2025-04-11","SFN","O","0","0","0",""
"1556 / 5542","HS completers/CTC tuition","Expanding tuition waivers for high school completers at community and technical colleges.","HB 1556","1556","SB 5542","RULES","","","S","By resolution, returned to Senate Rules Committee for third reading.","1","Boehnke","2025-01-28","2025-04-27","SFN","O","0","0","0",""
"1557 / 5308","Guaranteed admissions prg.","Establishing the Washington guaranteed admissions program and requiring student notifications.","","1557","HB 1557","COMMITTEE","APP","false","H","Referred to Appropriations.","1","Reed","2025-01-23","2025-02-20","SFN","","0","0","0","28a.150|28b.10"
"1557 / 5308","Guaranteed admissions prg.","Establishing the Washington guaranteed admissions program and requiring student notifications.","","1557","SB 5308","COMMITTEE","HEWD","true","S","First reading, referred to Higher Education & Workforce Development.","1","Hansen","2025-01-16","2025-01-16","SFN","","0","0","0","28a.150|28b.10"
"1557","Guaranteed admissions prg.","Establishing the Washington guaranteed admissions program and requiring student notifications.","","1557","SHB 1557","COMMITTEE","APP","false","H","Referred to Appropriations.","1","Reed","2025-02-18","2025-02-20","SFN","","0","0","0","28a.150|28b.10"
"1558 / 5457","Broadcasters","Concerning broadcasters.","SB 5457","1558","HB 1558","COMMITTEE","FIN","true","H","First reading, referred to Finance.","1","Santos","2025-01-23","2025-01-23","SFN","","0","0","0","82.04|82.04.280"
"1558 / 5457","Broadcasters","Concerning broadcasters.","SB 5457","1558","SB 5457","ENACTED","","","","Effective date 7/27/2025.","1","Frame","2025-01-23","2025-04-04","SFN","","0","0","0","82.04|82.04.280"
"1559","I-5 Columbia river tolls","Concerning tolling on Interstate 5 bridges spanning the Columbia river.","","1559","HB 1559","COMMITTEE","TRAN","true","H","First reading, referred to Transportation.","1","Ley","2025-01-23","2025-01-23","","","0","0","0","47.56.892|47.56.902|47.56.906"
"1560 / 5638","Hospital exec. excise tax","Funding health care access by imposing an excise tax on the annual compensation paid to certain highly compensated hospital employees.","","1560","HB 1560","COMMITTEE","FIN","true","H","First reading, referred to Finance.","1","Reed","2025-01-23","2025-01-23","SFN,Loc","","0","0","0",""
"1560 / 5638","Hospital exec. excise tax","Funding health care access by imposing an excise tax on the annual compensation paid to certain highly compensated hospital employees.","","1560","SB 5638","COMMITTEE","WM","true","S","First reading, referred to Ways & Means.","1","Saldaña","2025-02-03","2025-02-03","SFN,Loc","","0","0","0",""
"1561 / 5023","Domestic workers","Providing labor market protections for domestic workers.","","1561","HB 1561","COMMITTEE","LWS","true","H","First reading, referred to Labor & Workplace Standards.","1","Stonier","2025-01-23","2025-01-23","SFN","","0","0","0","49|49.46.010|49.6|49.60.040|51.12.020"
"1561 / 5023","Domestic workers","Providing labor market protections for domestic workers.","","1561","SB 5023","SUBSTITUTED","","","S","1st substitute bill substituted.","0","Saldaña","2025-01-13","2025-03-05","SFN","","0","0","0","49|49.46.010|49.6|49.60.040|51.12.020"
"1562","Diaper changing stations","Increasing the availability of baby diaper changing stations.","ESHB 1562","1562","HB 1562","SUBSTITUTED","","","H","1st substitute bill substituted.","0","Hunt","2025-01-23","2025-03-04","SFN,Loc","","0","0","0",""
"1562","Diaper changing stations","Increasing the availability of baby diaper changing stations.","ESHB 1562","1562","SHB 1562","OTHER","","","H","","0","Hunt","2025-02-07","","SFN,Loc","","0","0","0",""
"1562","Diaper changing stations","Increasing the availability of baby diaper changing stations.","ESHB 1562","1562","ESHB 1562","ENACTED","","","","Effective date 7/27/2025.","1","Hunt","2025-02-07","2025-05-13","SFN,Loc","","0","0","0",""
"1563 / 5491","Prescribed fire claims","Establishing a prescribed fire claims fund pilot program.","","1563","HB 1563","SUBSTITUTED","","","H","2nd substitute bill substituted.","0","Bernbaum","2025-01-23","2025-03-07","SFN","","0","0","0","4.92.220|76.04"
"1563 / 5491","Prescribed fire claims","Establishing a prescribed fire claims fund pilot program.","","1563","SB 5491","COMMITTEE","WM","false","S","Referred to Ways & Means.","1","Warnick","2025-01-24","2025-02-21","SFN","","0","0","0","4.92.220|76.04"
"1563","Prescribed fire claims","Establishing a prescribed fire claims fund pilot program.","E2SHB 1563","1563","SHB 1563","SUBSTITUTED","","","H","2nd substitute bill substituted.","0","Bernbaum","2025-02-18","2025-03-07","SFN","","0","0","0","4.92.220|76.04"
"1563","Prescribed fire claims","Establishing a prescribed fire claims fund pilot program.","E2SHB 1563","1563","2SHB 1563","OTHER","","","H","","0","Bernbaum","2025-02-27","","SFN","","0","0","0","4.92.220|76.04"
"1563","Prescribed fire claims","Establishing a prescribed fire claims fund pilot program.","E2SHB 1563","1563","E2SHB 1563","ENACTED","","","","Effective date 4/21/2025.","1","Bernbaum","2025-02-27","2025-04-21","SFN","","0","0","0","4.92.220|76.04"
"1564","Child care assist./B&O tax","Supporting employers providing child care assistance to employees by establishing a business and occupation and public utility tax credit.","","1564","HB 1564","COMMITTEE","FIN","true","H","First reading, referred to Finance.","1","Penner","2025-01-23","2025-01-23","SFN,Loc","","0","0","0","82.04|82.16"
"1565","Dual enrollment scholarship","Continuing the Washington dual enrollment scholarship.","","1565","HB 1565","COMMITTEE","APP","false","H","Referred to Appropriations.","1","Paul","2025-01-23","2025-02-13","SFN","","0","0","0","28b.76.730|43.131.427|43.131.428"
"1565","Dual enrollment scholarship","Continuing the Washington dual enrollment scholarship.","","1565","SHB 1565","COMMITTEE","APP","false","H","Referred to Appropriations.","1","Paul","2025-02-11","2025-02-13","SFN","","0","0","0","28b.76.730|43.131.427|43.131.428"
"1566 / 5395","Prior authorization/health","Making improvements to transparency and accountability in the prior authorization determination process.","","1566","HB 1566","COMMITTEE","APP","false","H","Referred to Appropriations.","1","Rule","2025-01-24","2025-02-21","SFN","","0","0","0","41.05.845|48.43.0161|48.43.525|48.43.830|74.09.840"
"1566 / 5395","Prior authorization/health","Making improvements to transparency and accountability in the prior authorization determination process.","","1566","SB 5395","COMMITTEE","WM","false","S","Referred to Ways & Means.","1","Orwall","2025-01-21","2025-02-21","SFN","","0","0","0","41.05.845|48.43.0161|48.43.525|48.43.830|74.09.840"
"1566","Prior authorization/health","Making improvements to transparency and accountability in the prior authorization determination process.","","1566","SHB 1566","COMMITTEE","APP","false","H","Referred to Appropriations.","1","Rule","2025-02-19","2025-02-21","SFN","","0","0","0","41.05.845|48.43.0161|48.43.525|48.43.830|74.09.840"
"1567","Health care administrators","Concerning licensure of health care administrators.","","1567","HB 1567","COMMITTEE","HCW","true","H","First reading, referred to Health Care & Wellness.","1","Stonier","2025-01-24","2025-01-24","SFN","","0","0","0","18|18.130.040"
"1568 / 5402","Financial aid eligibility","Modifying financial aid eligibility.","","1568","HB 1568","COMMITTEE","PEW","true","H","First reading, referred to Postsecondary Education & Workforce.","1","Paul","2025-01-24","2025-01-24","SFN","","0","0","0","28b.92|28b.92.205"
"1568 / 5402","Financial aid eligibility","Modifying financial aid eligibility.","","1568","SB 5402","COMMITTEE","WM","false","S","Referred to Ways & Means.","1","Hansen","2025-01-21","2025-02-07","SFN","","0","0","0","28b.92|28b.92.205"
"1569","Tax exemptions","Increasing tax exemption transparency and accountability.","","1569","HB 1569","COMMITTEE","APP","true","H","First reading, referred to Appropriations.","1","Pollet","2025-01-24","2025-01-24","SFN","","0","0","0","43.06.400|43.136.045|43.136.055|43.136.065|43.88|43.88.030|43.88.055|82.32|82.33.060"
"1570 / 5119","Academic employee bargaining","Concerning collective bargaining for certain employees who are enrolled in academic programs at public institutions of higher education.","","1570","HB 1570","COMMITTEE","APP","false","H","Referred to Appropriations.","1","Timmons","2025-01-24","2025-02-17","SFN","","0","0","0",""
"1570 / 5119","Academic employee bargaining","Concerning collective bargaining for certain employees who are enrolled in academic programs at public institutions of higher education.","","1570","SB 5119","COMMITTEE","L&C","true","S","First reading, referred to Labor & Commerce.","1","Nobles","2025-01-13","2025-01-13","SFN","","0","0","0",""
"1571","Occupational disease/heart","Removing qualifiers related to the presumption of occupational disease for heart problems.","","1571","HB 1571","COMMITTEE","LWS","true","H","First reading, referred to Labor & Workplace Standards.","1","Bronoske","2025-01-24","2025-01-24","SFN,Loc","","0","0","0",""
"1572","Higher ed. accreditation","Modifying higher education accreditation standards.","ESHB 1572","1572","HB 1572","SUBSTITUTED","","","H","1st substitute bill substituted.","0","Pollet","2025-01-24","2025-03-12","SFN","","0","0","0","28b.85.020|28b.85.040"
"1572","Higher ed. accreditation","Modifying higher education accreditation standards.","ESHB 1572","1572","SHB 1572","OTHER","","","H","","0","Pollet","2025-02-19","","","","0","0","0","28b.85.020|28b.85.040"
"1572","Higher ed. accreditation","Modifying higher education accreditation standards.","ESHB 1572","1572","ESHB 1572","ENACTED","","","","Effective date 7/27/2025*.","1","Pollet","2025-02-19","2025-04-24","","","0","0","0","28b.85.020|28b.85.040"
"1573","Oath of office timing/local","Revising the period in which the oath of office must be taken for elective offices of counties, cities, towns, and special purpose districts.","HB 1573","1573","HB 1573","ENACTED","","","","Effective date 7/27/2025.","1","Parshley","2025-01-24","2025-05-17","","","0","0","0",""
"1574","Substance use/care, services","Protecting access to life-saving care and substance use services.","","1574","HB 1574","FLOOR","","","H","","0","Macri","2025-01-24","","SFN,Loc","","0","0","0","10.31.100|69.50.315|69.50.4121"
"1574","Substance use/care, services","Protecting access to life-saving care and substance use services.","","1574","EHB 1574","RULES","","","H","By resolution, returned to House Rules Committee for third reading.","1","Macri","2025-01-24","2025-04-27","SFN,Loc","","0","0","0","10.31.100|69.50.315|69.50.4121"
"1575","Residential property","Concerning the defense of property rights.","","1575","HB 1575","COMMITTEE","CRJ","true","H","First reading, referred to Civil Rights & Judiciary.","1","Dufault","2025-01-24","2025-01-24","","","0","0","0",""
"1576","Historic landmarks/cities","Concerning the designation of historic landmarks by cities.","SHB 1576","1576","HB 1576","SUBSTITUTED","","","H","1st substitute bill substituted.","0","Walen","2025-01-24","2025-03-10","SFN,Loc","","0","0","0","35.21|35a.21|43.21c.495"
"1576","Historic landmarks/cities","Concerning the designation of historic landmarks by cities.","SHB 1576","1576","SHB 1576","ENACTED","","","","Effective date 7/27/2025.","1","Walen","2025-02-18","2025-05-12","SFN,Loc","","0","0","0","35.21|35a.21|43.21c.495"
"1577","Palliative care/volunteer","Concerning the provision of palliative care services by volunteer organizations that provide hospice care without compensation.","","1577","HB 1577","COMMITTEE","HCW","true","H","First reading, referred to Health Care & Wellness.","1","Bernbaum","2025-01-24","2025-01-24","","","0","0","0",""
"1578","Long-term care prg. repeal","Repealing the long-term care services and supports trust program.","","1578","HB 1578","COMMITTEE","ELHS","true","H","First reading, referred to Early Learning & Human Services.","1","Dufault","2025-01-24","2025-01-24","","","0","0","0","18.88b.041|43.09.480|43.79a.040|44.44.040|50b.04.010|50b.04.020|50b.04.030|50b.04.040|50b.04.050|50b.04.055|50b.04.060|50b.04.070|50b.04.080|50b.04.085|50b.04.088|50b.04.090|50b.04.095|50b.04.100|50b.04.110|50b.04.120|50b.04.130|50b.04.140|50b.04.150|50b.04.160|50b.04.170|50b.04.180|50b.04.200|50b.04.900|74.39a.076"
"1579 / 5187","Student transportation","Providing adequate and predictable student transportation.","","1579","HB 1579","COMMITTEE","APP","true","H","First reading, referred to Appropriations.","1","Nance","2025-01-24","2025-01-24","","","0","0","0","28a.160|28a.160.170"
"1579 / 5187","Student transportation","Providing adequate and predictable student transportation.","","1579","SB 5187","COMMITTEE","WM","false","S","Referred to Ways & Means.","1","Wellman","2025-01-13","2025-01-31","SFN","","0","0","0","28a.160|28a.160.170"
"1580","CTE/alt. learning exp. prgs.","Concerning career and technical education in alternative learning experience programs.","","1580","HB 1580","COMMITTEE","APP","true","H","First reading, referred to Appropriations.","1","Nance","2025-01-24","2025-01-24","","","0","0","0",""
"1581","988 line tax","Increasing the statewide 988 behavioral health crisis response and suicide prevention line tax.","","1581","HB 1581","COMMITTEE","FIN","true","H","First reading, referred to Finance.","1","Macri","2025-01-24","2025-01-24","SFN","D","0","0","0",""
"1582 / 5655","Child care centers/buildings","Concerning child care centers operated in existing buildings.","","1582","HB 1582","RULES","","","H","Referred to Rules 2 Review.","1","Valdez","2025-01-24","2025-02-17","SFN,Loc","","0","0","0","19.27|43.216.265"
"1582 / 5655","Child care centers/buildings","Concerning child care centers operated in existing buildings.","","1582","SB 5655","SUBSTITUTED","","","S","1st substitute bill substituted.","0","Krishnadasan","2025-02-04","2025-02-25","SFN,Loc","","0","0","0","19.27|43.216.265"
"1583","Traditional health/medicaid","Concerning medicaid coverage for traditional health care practices.","","1583","HB 1583","RULES","","","H","Referred to Rules 2 Review.","1","Lekanoff","2025-01-24","2025-02-28","SFN","","0","0","0","43.71b|43.71b.010"
"1583","Traditional health/medicaid","Concerning medicaid coverage for traditional health care practices.","","1583","SHB 1583","RULES","","","H","Referred to Rules 2 Review.","1","Lekanoff","2025-02-18","2025-02-28","","","0","0","0","43.71b|43.71b.010"
"1583","Traditional health/medicaid","Concerning medicaid coverage for traditional health care practices.","","1583","2SHB 1583","RULES","","","H","Referred to Rules 2 Review.","1","Lekanoff","2025-02-28","2025-02-28","","","0","0","0","43.71b|43.71b.010"
"1584","In-person voting","Ending vote by mail for nonabsentee voters and restoring in-person voting at polling places and voting centers.","","1584","HB 1584","COMMITTEE","SGTR","true","H","First reading, referred to State Government & Tribal Relations.","1","Marshall","2025-01-24","2025-01-24","","","0","0","0","29a.04|29a.04.008|29a.04.019|29a.04.031|29a.04.223|29a.04.611|29a.08.140|29a.08.410|29a.08.620|29a.08.810|29a.12.085|29a.12.120|29a.12.160|29a.16|29a.32.241|29a.36.220|29a.40.010|29a.40.020|29a.40.050|29a.40.070|29a.40.091|29a.40.100|29a.40.110|29a.40.110|29a.40.130|29a.40.160|29a.40.170|29a.40.180|29a.60.050|29a.60.110|29a.60.120|29a.60.165|29a.60.170|29a.60.190|29a.60.235|29a.84.510|29a.84.520|29a.84.540|29a.84.545|29a.84.550"
"1585","Voter citizenship verif.","Requiring verification of citizenship for voter registration.","","1585","HB 1585","COMMITTEE","SGTR","true","H","First reading, referred to State Government & Tribal Relations.","1","Marshall","2025-01-24","2025-01-24","","","0","0","0","29a.08|29a.08.010|29a.08.123|29a.08.210|29a.08.350"
"1586","Rules review committee","Modifying joint administrative rules review committee provisions.","","1586","HB 1586","COMMITTEE","SGTR","true","H","First reading, referred to State Government & Tribal Relations.","1","Marshall","2025-01-24","2025-01-24","","","0","0","0","34.05|34.05.610"
"1587","Partner promise scholarships","Encouraging local government partner promise scholarship programs within the opportunity scholarship program.","2SHB 1587","1587","HB 1587","SUBSTITUTED","","","H","2nd substitute bill substituted.","0","Bergquist","2025-01-24","2025-03-08","SFN,Loc","","0","0","0","28b.145|28b.145.050|28b.145.070"
"1587","Partner promise scholarships","Encouraging local government partner promise scholarship programs within the opportunity scholarship program.","2SHB 1587","1587","SHB 1587","SUBSTITUTED","","","H","2nd substitute bill substituted.","0","Bergquist","2025-02-11","2025-03-08","SFN,Loc","","0","0","0","28b.145|28b.145.050|28b.145.070"
"1587","Partner promise scholarships","Encouraging local government partner promise scholarship programs within the opportunity scholarship program.","2SHB 1587","1587","2SHB 1587","ENACTED","","","","Effective date 7/27/2025.","1","Bergquist","2025-02-28","2025-05-13","SFN,Loc","","0","0","0","28b.145|28b.145.050|28b.145.070"
"1588 / 5474","Organic, etc. agriculture","Expanding opportunities for organic, regenerative, climate-smart, and sustainable producers.","","1588","HB 1588","COMMITTEE","AGNR","true","H","First reading, referred to Agriculture & Natural Resources.","1","Bernbaum","2025-01-24","2025-01-24","SFN","","0","0","0","15.86|15.86.070"
"1588 / 5474","Organic, etc. agriculture","Expanding opportunities for organic, regenerative, climate-smart, and sustainable producers.","","1588","SB 5474","COMMITTEE","WM","false","S","Referred to Ways & Means.","1","Liias","2025-01-24","2025-02-21","SFN","","0","0","0","15.86|15.86.070"
"1589 / 5588","Health carriers & providers","Concerning the relationships between health carriers and contracting providers.","","1589","HB 1589","SUBSTITUTED","","","H","2nd substitute bill substituted.","0","Bronoske","2025-01-24","2025-03-08","SFN","","0","0","0","48.43|48.49.135"
"1589 / 5588","Health carriers & providers","Concerning the relationships between health carriers and contracting providers.","","1589","SB 5588","COMMITTEE","HLTC","true","S","First reading, referred to Health & Long-Term Care.","1","Cleveland","2025-01-30","2025-01-30","","","0","0","0","48.43|48.49.135"
"1589","Health carriers & providers","Concerning the relationships between health carriers and contracting providers.","","1589","SHB 1589","SUBSTITUTED","","","H","2nd substitute bill substituted.","0","Bronoske","2025-02-21","2025-03-08","SFN","","0","0","0","48.43|48.49.135"
"1589","Health carriers & providers","Concerning the relationships between health carriers and contracting providers.","","1589","2SHB 1589","OTHER","","","H","","0","Bronoske","2025-02-27","","SFN","","0","0","0",""
"1589","Health carriers & providers","Concerning the relationships between health carriers and contracting providers.","","1589","E2SHB 1589","RULES","","","H","By resolution, returned to House Rules Committee for third reading.","1","Bronoske","2025-02-27","2025-04-27","SFN","","0","0","0",""
"1590","Self-resiliency skills","Supporting student success through instruction in self-resiliency skills.","","1590","HB 1590","COMMITTEE","ED","true","H","First reading, referred to Education.","1","Timmons","2025-01-24","2025-01-24","","","0","0","0","28a.300.288|28a.320|28a.630"
"1591","Defendant survivors","Providing remedies for defendant survivors of domestic violence, sexual assault, or human trafficking.","","1591","HB 1591","COMMITTEE","CS","true","H","First reading, referred to Community Safety.","1","Taylor","2025-01-24","2025-01-24","SFN,Loc","","0","0","0","9.94a|9.94a.501|9.94a.501|9.94a.533|9.94a.535|9.94a.540|9.94a.570|9.94a.640|9.96|9.96.060"
"1592 / 5404","Public defense services","Concerning public defense services.","","1592","HB 1592","COMMITTEE","APP","false","H","Referred to Appropriations.","1","Peterson","2025-01-24","2025-02-21","SFN,Loc","","0","0","0","10.101|10.101.050|10.101.060|10.101.070|2.56"
"1592 / 5404","Public defense services","Concerning public defense services.","","1592","SB 5404","COMMITTEE","L&J","true","S","First reading, referred to Law & Justice.","1","Trudeau","2025-01-21","2025-01-21","SFN,Loc","","0","0","0","10.101|10.101.050|10.101.060|10.101.070|2.56"
"1592","Public defense services","Concerning public defense services.","","1592","SHB 1592","COMMITTEE","APP","false","H","Referred to Appropriations.","1","Peterson","2025-02-19","2025-02-21","SFN,Loc","","0","0","0","10.101|10.101.050|10.101.060|10.101.070|10.101.080|2.56"
"1593","Social equity land trust","Creating the children's social equity land trust.","","1593","HB 1593","COMMITTEE","AGNR","true","H","First reading, referred to Agriculture & Natural Resources.","1","Reeves","2025-01-24","2025-01-24","","","0","0","0","43.31|79|79.02.010|79.64.110"
"1594","School costs/CCA","Addressing increased school transportation and operating costs due to the climate commitment act.","","1594","HB 1594","COMMITTEE","APP","true","H","First reading, referred to Appropriations.","1","Valdez","2025-01-24","2025-01-24","","","0","0","0","28a.150|28a.160|70a.65|70a.65.260"
"1595","Economic development plan","Creating a five-year statewide economic development plan.","","1595","HB 1595","COMMITTEE","APP","false","H","Referred to Appropriations.","1","Ryu","2025-01-24","2025-02-17","SFN","","0","0","0",""
"1595","Economic development plan","Creating a five-year statewide economic development plan.","","1595","SHB 1595","COMMITTEE","APP","false","H","Referred to Appropriations.","1","Ryu","2025-02-14","2025-02-17","SFN","","0","0","0",""
"1596","Speeding","Concerning accountability for persons for speeding.","ESHB 1596","1596","HB 1596","SUBSTITUTED","","","H","1st substitute bill substituted.","0","Leavitt","2025-01-24","2025-03-11","SFN","","0","0","0","10.21.030|43.84.092|46.04|46.20.2892|46.20.380|46.20.391|46.20.410|46.61|46.61.500|46.68"
"1596","Speeding","Concerning accountability for persons for speeding.","ESHB 1596","1596","SHB 1596","OTHER","","","H","","0","Leavitt","2025-02-27","","SFN","","0","0","0","10.21.030|42.56|43.84.092|46.04|46.2|46.20.2892|46.20.391|46.61|46.61.500|46.68|46.7"
"1596","Speeding","Concerning accountability for persons for speeding.","ESHB 1596","1596","ESHB 1596","ENACTED","","","","Effective date 1/1/2029.","1","Leavitt","2025-02-27","2025-05-12","SFN","","0","0","0","10.21.030|42.56|43.84.092|46.04|46.2|46.20.2892|46.20.391|46.61|46.61.500|46.68|46.7"
"1597 / 5487","Agricultural overtime","Authorizing agricultural employers to select 12 weeks a year to employ workers for up to 50 hours a week before overtime applies.","","1597","HB 1597","COMMITTEE","LWS","true","H","First reading, referred to Labor & Workplace Standards.","1","Dent","2025-01-24","2025-01-24","SFN","","0","0","0",""
"1597 / 5487","Agricultural overtime","Authorizing agricultural employers to select 12 weeks a year to employ workers for up to 50 hours a week before overtime applies.","","1597","SB 5487","COMMITTEE","L&C","true","S","First reading, referred to Labor & Commerce.","1","King","2025-01-24","2025-01-24","SFN","","0","0","0",""
"1598 / 5515","Community solar","Concerning fair access to community solar.","","1598","HB 1598","COMMITTEE","E&E","true","H","First reading, referred to Environment & Energy.","1","Bernbaum","2025-01-24","2025-01-24","SFN,Loc","","0","0","0","80.28|80.28.370|80.28.375|82.16.182"
"1598 / 5515","Community solar","Concerning fair access to community solar.","","1598","SB 5515","COMMITTEE","EET","true","S","First reading, referred to Environment, Energy & Technology.","1","Shewmake","2025-01-27","2025-01-27","SFN,Loc","","0","0","0","80.28|80.28.370|80.28.375|82.16.182"
"1599","Consumer debt adjusters","Concerning consumer debt adjusters and debt resolution services providers.","","1599","HB 1599","COMMITTEE","CPB","true","H","First reading, referred to Consumer Protection & Business.","1","Reeves","2025-01-24","2025-01-24","SFN","","0","0","0","18.28|18.28.010|18.28.080|18.28.090|18.28.100|18.28.110|18.28.120|18.28.130|18.28.140|18.28.150|18.28.165|18.28.200|18.28.210|18.28.220|18.28.800|18.28.900"
"1600","Family services support fee","Modifying the fee to support family services.","","1600","HB 1600","RULES","","","H","By resolution, returned to House Rules Committee for third reading.","1","Eslick","2025-01-27","2025-04-27","SFN,Loc","","0","0","0",""
"1601","Crime victims/capital gains","Allowing for the deduction of certain capital gains by a crime victim.","","1601","HB 1601","COMMITTEE","FIN","true","H","First reading, referred to Finance.","1","Doglio","2025-01-27","2025-01-27","SFN","","0","0","0",""
"1602","Liquor food service options","Addressing food service options for liquor licensees.","EHB 1602","1602","HB 1602","FLOOR","","","H","","0","Waters","2025-01-27","","SFN","","0","0","0","66.04.010|66.24.240|66.24.244|66.24.320|66.24.400|66.24.410"
"1602","Liquor food service options","Addressing food service options for liquor licensees.","EHB 1602","1602","EHB 1602","ENACTED","","","","Effective date 7/27/2025.","1","Waters","2025-01-27","2025-04-22","SFN","","0","0","0","66.04.010|66.24.240|66.24.244|66.24.320|66.24.400|66.24.410"
"1603","Medicare supp. coverage","Requiring guaranteed issue of medicare supplemental coverage to an individual who voluntarily disenrolls from a medicare advantage plan and enrolls in medicare parts A and B.","","1603","HB 1603","COMMITTEE","HCW","true","H","First reading, referred to Health Care & Wellness.","1","Berg","2025-01-27","2025-01-27","SFN","","0","0","0",""
"1604 / 5490","Jail searches/gender","Providing parameters for conducting searches of transgender and intersex individuals confined in a local jail in compliance with federal law.","","1604","HB 1604","RULES","","","H","Referred to Rules 2 Review.","1","Salahuddin","2025-01-27","2025-02-21","SFN,Loc","","0","0","0","10.79.100|70.48"
"1604 / 5490","Jail searches/gender","Providing parameters for conducting searches of transgender and intersex individuals confined in a local jail in compliance with federal law.","","1604","SB 5490","SUBSTITUTED","","","S","1st substitute bill substituted.","0","Dhingra","2025-01-24","2025-03-11","SFN,Loc","","0","0","0","10.79.100|70.48"
"1604","Jail searches/gender","Providing parameters for conducting searches of transgender and intersex individuals confined in a local jail in compliance with federal law.","","1604","SHB 1604","RULES","","","H","Referred to Rules 2 Review.","1","Salahuddin","2025-02-20","2025-02-21","SFN,Loc","","0","0","0","10.79.100|70.48"
"1605 / 5527","State patrol longevity bonus","Concerning the establishment of a state patrol longevity bonus.","HB 1605","1605","HB 1605","ENACTED","","","","Effective date 4/25/2025.","1","Fey","2025-01-27","2025-04-25","SFN","","0","0","0",""
"1605 / 5527","State patrol longevity bonus","Concerning the establishment of a state patrol longevity bonus.","HB 1605","1605","SB 5527","COMMITTEE","TRAN","true","S","First reading, referred to Transportation.","1","Ramos","2025-01-27","2025-01-27","SFN","","0","0","0",""
"1606 / 5152","Journal access/state empl.","Concerning state employee access to peer-reviewed journals.","","1606","HB 1606","SUBSTITUTED","","","H","1st substitute bill substituted.","0","Engell","2025-01-27","2025-03-03","SFN","","1","0","0",""
"1606 / 5152","Journal access/state empl.","Concerning state employee access to peer-reviewed journals.","","1606","SB 5152","RULES","","","S","Senate Rules ""X"" file.","1","Warnick","2025-01-13","2025-03-17","SFN","","1","0","0",""
"1606","Journal access/state empl.","Concerning state employee access to peer-reviewed journals.","SHB 1606","1606","SHB 1606","ENACTED","","","","Effective date 7/27/2025.","1","Engell","2025-02-12","2025-04-16","SFN","","0","0","0",""
"1607 / 5502","Recycling & waste reduction","Concerning recycling and waste reduction.","","1607","HB 1607","RULES","","","H","Referred to Rules 2 Consideration.","1","Stonier","2025-01-27","2025-04-27","SFN","","0","0","0","70a|82.04|82.19.050"
"1607 / 5502","Recycling & waste reduction","Concerning recycling and waste reduction.","","1607","SB 5502","RULES","","","S","Senate Rules ""X"" file.","1","Robinson","2025-01-27","2025-03-17","SFN","","0","0","0","70a|82.04|82.19.050"
"1607","Recycling & waste reduction","Concerning recycling and waste reduction.","","1607","SHB 1607","RULES","","","H","Referred to Rules 2 Consideration.","1","Stonier","2025-02-18","2025-04-27","SFN","","0","0","0","70a|82.04|82.19.050"
"1607","Recycling & waste reduction","Concerning recycling and waste reduction.","","1607","2SHB 1607","RULES","","","H","Referred to Rules 2 Consideration.","1","Stonier","2025-02-26","2025-04-27","SFN","","0","0","0","43.21b.110|43.21b.300|70a|70a.245.100|82.04|82.19.050"
"1608","Farmed octopus","Concerning the selling, possessing, transporting, and distributing of farmed octopus.","","1608","HB 1608","COMMITTEE","AGNR","true","H","First reading, referred to Agriculture & Natural Resources.","1","Peterson","2025-01-27","2025-01-27","SFN","","0","0","0",""
"1609 / 5537","Natural resources board/OSPI","Promoting efficient administration of state education agencies.","EHB 1609","1609","EHB 1609","ENACTED","","","","Effective date 7/27/2025.","1","Waters","2025-01-27","2025-04-21","","O","0","0","0",""
"1609 / 5537","Natural resources board/OSPI","Promoting efficient administration of state education agencies.","EHB 1609","1609","SB 5537","COMMITTEE","AGNR","true","S","First reading, referred to Agriculture & Natural Resources.","1","Chapman","2025-01-28","2025-01-28","","O","0","0","0",""
"1609","Natural resources board/OSPI","Promoting efficient administration of state education agencies.","","1609","HB 1609","FLOOR","","","H","","0","Waters","2025-01-27","","","O","0","0","0",""
"1610 / 5582","Critical energy infra./PRA","Concerning the disclosure of critical energy infrastructure information.","","1610","HB 1610","SUBSTITUTED","","","H","1st substitute bill substituted.","0","Hunt","2025-01-27","2025-03-07","SFN","D","0","0","0",""
"1610 / 5582","Critical energy infra./PRA","Concerning the disclosure of critical energy infrastructure information.","","1610","SB 5582","COMMITTEE","STATE GOVERNMENT, TRIBAL AFFAIRS & ELECTIONS","true","S","First reading, referred to State Government, Tribal Affairs & Elections.","1","Boehnke","2025-01-30","2025-01-30","SFN","D","0","0","0",""
"1610","Critical energy infra./PRA","Concerning the disclosure of critical energy infrastructure information.","","1610","SHB 1610","OTHER","","","H","","0","Hunt","2025-02-12","","SFN","D","0","0","0",""
"1610","Critical energy infra./PRA","Concerning the disclosure of critical energy infrastructure information.","","1610","ESHB 1610","RULES","","","H","By resolution, returned to House Rules Committee for third reading.","1","Hunt","2025-02-12","2025-04-27","SFN","D","0","0","0",""
"1611 / 5302","Unmanned aircrafts/foreign","Prohibiting the purchase of small unmanned aircrafts manufactured or assembled by a covered foreign entity.","","1611","HB 1611","COMMITTEE","SGTR","true","H","First reading, referred to State Government & Tribal Relations.","1","Street","2025-01-27","2025-01-27","","","0","0","0",""
"1611 / 5302","Unmanned aircrafts/foreign","Prohibiting the purchase of small unmanned aircrafts manufactured or assembled by a covered foreign entity.","","1611","SB 5302","COMMITTEE","L&J","true","S","First reading, referred to Law & Justice.","1","Boehnke","2025-01-16","2025-01-16","","","0","0","0",""
"1612","High school/AP, IB, CIE exam","Concerning advanced placement, international baccalaureate, and Cambridge international exams.","","1612","HB 1612","COMMITTEE","APP","true","H","First reading, referred to Appropriations.","1","Doglio","2025-01-27","2025-01-27","","","0","0","0","28a.600|28a.600.280"
"1613","Ticket sales","Concerning ticket sales.","","1613","HB 1613","COMMITTEE","CPB","true","H","First reading, referred to Consumer Protection & Business.","1","Reeves","2025-01-27","2025-01-27","SFN","","0","0","0","18.235.020|19.345.010|19.345.020|43.24.150"
"1614 / 5314","Capital gains tax","Modifying the capital gains tax.","","1614","HB 1614","RULES","","","H","Referred to Rules 2 Review.","1","Thai","2025-01-27","2025-02-28","SFN","D","0","0","0","82.04.4497|82.32.050|82.32.060|82.32.090|82.87|82.87.020|82.87.050|82.87.070|82.87.080|82.87.100|82.87.110|82.87.120|82.87.150"
"1614 / 5314","Capital gains tax","Modifying the capital gains tax.","","1614","SB 5314","SUBSTITUTED","","","S","1st substitute bill substituted.","0","Stanford","2025-01-16","2025-03-03","SFN","D","0","0","0","82.04.4497|82.32.050|82.32.060|82.32.090|82.87|82.87.020|82.87.050|82.87.070|82.87.080|82.87.100|82.87.110|82.87.120|82.87.150"
"1614","Capital gains tax","Modifying the capital gains tax.","","1614","SHB 1614","RULES","","","H","Referred to Rules 2 Review.","1","Thai","2025-02-26","2025-02-28","","D","0","0","0","82.04.4497|82.32.050|82.32.060|82.32.090|82.87|82.87.020|82.87.050|82.87.070|82.87.080|82.87.100|82.87.110|82.87.120|82.87.150"
"1614","Capital gains tax","Modifying the capital gains tax.","","1614","2SHB 1614","RULES","","","H","Referred to Rules 2 Review.","1","Thai","2025-02-28","2025-02-28","","D","0","0","0","82.04.4497|82.32.050|82.32.060|82.32.090|82.87|82.87.020|82.87.050|82.87.070|82.87.080|82.87.100|82.87.110|82.87.120|82.87.150"
"1615","Water system classifications","Increasing consistency in the classifications of water systems.","HB 1615","1615","HB 1615","ENACTED","","","","Effective date 4/16/2025.","1","Valdez","2025-01-27","2025-04-16","SFN,Loc","","0","0","0","70a.125.010|70a.125.130"
"1616 / 5716","Transit conduct/ferries","Expanding the locations where a person can be guilty of unlawful transit conduct to include the Washington state ferries.","SB 5716","1616","HB 1616","RULES","","","H","By resolution, returned to House Rules Committee for third reading.","1","Reed","2025-01-27","2025-04-27","SFN,Loc","","0","0","0",""
"1616 / 5716","Transit conduct/ferries","Expanding the locations where a person can be guilty of unlawful transit conduct to include the Washington state ferries.","SB 5716","1616","SB 5716","ENACTED","","","","Effective date 7/27/2025.","1","Krishnadasan","2025-02-10","2025-05-12","","","0","0","0",""
"1617","UW primate research center","Concerning the Washington national primate research center at the University of Washington.","","1617","HB 1617","COMMITTEE","PEW","true","H","First reading, referred to Postsecondary Education & Workforce.","1","Pollet","2025-01-27","2025-01-27","SFN","","0","0","0",""
"1618","College in HS/private school","Expanding access to college in the high school to private school students.","","1618","HB 1618","COMMITTEE","ED","true","H","First reading, referred to Education.","1","Low","2025-01-27","2025-01-27","","","0","0","0","28a.600.287|28b.10.058"
"1619 / 5191","Dockworkers/family leave","Concerning paid family leave premium collection for dockworkers.","","1619","HB 1619","COMMITTEE","LWS","true","H","First reading, referred to Labor & Workplace Standards.","1","Parshley","2025-01-27","2025-01-27","SFN","","0","0","0",""
"1619 / 5191","Dockworkers/family leave","Concerning paid family leave premium collection for dockworkers.","","1619","SB 5191","SUBSTITUTED","","","S","1st substitute bill substituted.","0","Conway","2025-01-13","2025-02-05","SFN","","0","0","0",""
"1620 / 5575","Parenting plan limitations","Concerning limitations in parenting plans.","","1620","HB 1620","SUBSTITUTED","","","H","1st substitute bill substituted.","0","Taylor","2025-01-27","2025-03-08","SFN","","0","0","0","11.130.215|26.09|26.09.187|26.09.191|26.09.194|26.09.260|26.09.520|26.12.177|26.51.020"
"1620 / 5575","Parenting plan limitations","Concerning limitations in parenting plans.","","1620","SB 5575","COMMITTEE","L&J","true","S","First reading, referred to Law & Justice.","1","Dhingra","2025-01-29","2025-01-29","","","0","0","0","11.130.215|26.09|26.09.187|26.09.191|26.09.194|26.09.260|26.09.520|26.12.177|26.51.020"
"1620","Parenting plan limitations","Concerning limitations in parenting plans.","ESHB 1620","1620","SHB 1620","OTHER","","","H","","0","Taylor","2025-02-07","","SFN","","0","0","0","11.130.215|26.09|26.09.187|26.09.191|26.09.194|26.09.260|26.09.520|26.12.177|26.51.020"
"1620","Parenting plan limitations","Concerning limitations in parenting plans.","ESHB 1620","1620","ESHB 1620","ENACTED","","","","Effective date 7/27/2025.","1","Taylor","2025-02-07","2025-04-25","SFN","","0","0","0","11.130.215|26.09|26.09.187|26.09.191|26.09.194|26.09.260|26.09.520|26.12.177|26.51.020"
"1621","Housing court commissioners","Authorizing superior courts to appoint housing court commissioners.","SHB 1621","1621","HB 1621","SUBSTITUTED","","","H","1st substitute bill substituted.","0","Macri","2025-01-27","2025-03-03","SFN","","0","0","0","59.18|59.2"
"1621","Housing court commissioners","Authorizing superior courts to appoint housing court commissioners.","SHB 1621","1621","SHB 1621","ENACTED","","","","Effective date 5/13/2025.","1","Macri","2025-02-07","2025-05-13","SFN","","0","0","0","59.18|59.2"
"1622 / 5422","Collective bargaining/AI use","Allowing bargaining over matters related to the use of artificial intelligence.","","1622","HB 1622","SUBSTITUTED","","","H","1st substitute bill substituted.","0","Parshley","2025-01-27","2025-03-08","SFN,Loc","","0","0","0","41.56|41.56.021|41.8|41.80.005|41.80.040|41.80.430"
"1622 / 5422","Collective bargaining/AI use","Allowing bargaining over matters related to the use of artificial intelligence.","","1622","SB 5422","COMMITTEE","WM","false","S","Referred to Ways & Means.","1","Bateman","2025-01-22","2025-02-21","SFN,Loc","","0","0","0","41.56|41.56.021|41.8|41.80.005|41.80.040|41.80.430"
"1622","Collective bargaining/AI use","Allowing bargaining over matters related to the use of artificial intelligence.","","1622","SHB 1622","OTHER","","","H","","0","Parshley","2025-02-27","","SFN,Loc","","0","0","0","41.56|41.56.021|41.8|41.80.005|41.80.040|41.80.430"
"1622","Collective bargaining/AI use","Allowing bargaining over matters related to the use of artificial intelligence.","","1622","ESHB 1622","RULES","","","H","By resolution, returned to House Rules Committee for third reading.","1","Parshley","2025-02-27","2025-04-27","SFN,Loc","","0","0","0","41.56|41.56.021|41.8|41.80.005|41.80.040|41.80.430"
"1623","Tips/credit card fees","Prohibiting deductions for credit card transaction processing fees from employee tips.","","1623","HB 1623","RULES","","","H","Referred to Rules 2 Review.","1","Obras","2025-01-27","2025-02-28","SFN","","0","0","0",""
"1623","Tips/credit card fees","Prohibiting deductions for credit card transaction processing fees from employee tips.","","1623","SHB 1623","RULES","","","H","Referred to Rules 2 Review.","1","Obras","2025-02-27","2025-02-28","","","0","0","0","19|49.46.020"
"1624 / 5368","Alcohol taxes and fees study","Studying taxes and fees related to alcohol.","","1624","HB 1624","COMMITTEE","APP","true","H","First reading, referred to Appropriations.","1","Springer","2025-01-27","2025-01-27","SFN","","0","0","0",""
"1624 / 5368","Alcohol taxes and fees study","Studying taxes and fees related to alcohol.","","1624","SB 5368","SUBSTITUTED","","","S","1st substitute bill substituted.","0","Chapman","2025-01-20","2025-03-11","SFN","","0","0","0",""
"1625 / 5631","Back country search & rescue","Supporting back country search and rescue organizations and volunteers through the creation of the back country search and rescue grant program.","","1625","HB 1625","COMMITTEE","APP","false","H","Referred to Appropriations.","1","Stuebe","2025-01-27","2025-02-21","SFN,Loc","","0","0","0","38.52|38.52.010|38.52.020"
"1625 / 5631","Back country search & rescue","Supporting back country search and rescue organizations and volunteers through the creation of the back country search and rescue grant program.","","1625","SB 5631","COMMITTEE","STATE GOVERNMENT, TRIBAL AFFAIRS & ELECTIONS","true","S","First reading, referred to State Government, Tribal Affairs & Elections.","1","Goehner","2025-02-03","2025-02-03","","","0","0","0","38.52|38.52.010|38.52.020"
"1625","Back country search & rescue","Supporting back country search and rescue organizations and volunteers through the creation of the back country search and rescue grant program.","","1625","SHB 1625","COMMITTEE","APP","false","H","Referred to Appropriations.","1","Stuebe","2025-02-19","2025-02-21","SFN,Loc","","0","0","0","38.52|38.52.010|38.52.020"
"1626 / 5378","PFML grants/school districts","Expanding access to grants within the paid family and medical leave insurance program for small school districts.","","1626","HB 1626","COMMITTEE","LWS","true","H","First reading, referred to Labor & Workplace Standards.","1","Timmons","2025-01-27","2025-01-27","SFN","","0","0","0",""
"1626 / 5378","PFML grants/school districts","Expanding access to grants within the paid family and medical leave insurance program for small school districts.","","1626","SB 5378","COMMITTEE","L&C","true","S","First reading, referred to Labor & Commerce.","1","Stanford","2025-01-20","2025-01-20","SFN","","0","0","0",""
"1627","Health plans/annual services","Providing enrollees flexibility in obtaining services covered annually or on a multiyear basis.","","1627","HB 1627","COMMITTEE","HCW","true","H","First reading, referred to Health Care & Wellness.","1","Paul","2025-01-27","2025-01-27","SFN","","0","0","0","41.05.017|48.43"
"1628","Fire service policy board","Creating the fire service policy board.","EHB 1628","1628","HB 1628","FLOOR","","","H","","0","Bronoske","2025-01-27","","SFN,Loc","","0","0","0",""
"1628","Fire service policy board","Creating the fire service policy board.","EHB 1628","1628","EHB 1628","ENACTED","","","","Effective date 7/27/2025.","1","Bronoske","2025-01-27","2025-05-02","SFN,Loc","","0","0","0",""
"1629","Inmate place./biological sex","Concerning restrictions on the placement of inmates of different biological sexes in correctional facilities.","","1629","HB 1629","COMMITTEE","CS","true","H","First reading, referred to Community Safety.","1","Valdez","2025-01-27","2025-01-27","","","0","0","0",""
"1630","Livestock methane emissions","Concerning livestock methane emissions.","","1630","HB 1630","COMMITTEE","E&E","true","H","First reading, referred to Environment & Energy.","1","Parshley","2025-01-27","2025-01-27","SFN","","0","0","0",""
"1631","State marine forest","Establishing the state marine forest.","HB 1631","1631","HB 1631","ENACTED","","","","Effective date 7/27/2025.","1","Nance","2025-01-27","2025-04-16","","","0","0","0",""
"1632 / 5480","Medical debt","Protecting consumers by removing barriers created by medical debt.","","1632","HB 1632","COMMITTEE","CRJ","true","H","First reading, referred to Civil Rights & Judiciary.","1","Timmons","2025-01-27","2025-01-27","","","0","0","0","19.16.100|19.16.250|19.182.040|70.41.400|70.54|70.54.005"
"1632 / 5480","Medical debt","Protecting consumers by removing barriers created by medical debt.","","1632","SB 5480","SUBSTITUTED","","","S","1st substitute bill substituted.","0","Riccelli","2025-01-24","2025-02-26","SFN,Loc","","0","0","0","19.16.100|19.16.250|19.182.040|70.41.400|70.54|70.54.005"
"1633","Public works/bidding","Concerning prime contractor bidding submission requirements on public works contracts.","HB 1633","1633","HB 1633","ENACTED","","","","Effective date 7/27/2025.","1","Hill","2025-01-27","2025-05-17","SFN,Loc","","0","0","0",""
"1634","Behavioral health/schools","Providing school districts and public schools with assistance to coordinate comprehensive behavioral health supports for students.","","1634","HB 1634","COMMITTEE","APP","false","H","Referred to Appropriations.","1","Thai","2025-01-28","2025-02-21","SFN","","0","0","0",""
"1634","Behavioral health/schools","Providing school districts and public schools with assistance to coordinate comprehensive behavioral health supports for students.","","1634","SHB 1634","COMMITTEE","APP","false","H","Referred to Appropriations.","1","Thai","2025-02-20","2025-02-21","SFN","","0","0","0",""
"1635","Consumer cooperative boards","Concerning the composition of the boards of directors of consumer cooperatives and cooperative associations.","","1635","HB 1635","COMMITTEE","CRJ","true","H","First reading, referred to Civil Rights & Judiciary.","1","Ryu","2025-01-28","2025-01-28","","","0","0","0","23.86.080|24.06.130"
"1636 / 5371","Wine & spirit sales limits","Eliminating the per transaction limit for wine and spirit sales.","HB 1636","1636","HB 1636","ENACTED","","","","Effective date 7/27/2025.","1","Volz","2025-01-28","2025-04-21","SFN","","0","0","0","66.24.035|66.24.179|66.24.360|66.24.630"
"1636 / 5371","Wine & spirit sales limits","Eliminating the per transaction limit for wine and spirit sales.","HB 1636","1636","SB 5371","RULES","","","S","Senate Rules ""X"" file.","1","MacEwen","2025-01-20","2025-03-17","SFN","","0","0","0","66.24.035|66.24.179|66.24.360|66.24.630"
"1637","School safety","Concerning nonfirearm measures to increase school safety for students and staff.","","1637","HB 1637","COMMITTEE","ED","true","H","First reading, referred to Education.","1","McClintock","2025-01-28","2025-01-28","","","0","0","0","28a.150|28a.300|28a.300.645|28a.525|28a.600.015|28a.600.020|28a.600.460|28a.710.280|28a.715.040|44.28"
"1638","Chronic pain/good faith","Enacting the good faith pain act.","","1638","HB 1638","COMMITTEE","HCW","true","H","First reading, referred to Health Care & Wellness.","1","Valdez","2025-01-28","2025-01-28","","","0","0","0","18.22|18.32|18.57|18.64|18.71|18.71a|18.79"
"1639","Medicare advantage discl.","Requiring entities offering medicare advantage coverage in Washington to provide certain disclosures to consumers.","","1639","HB 1639","COMMITTEE","HCW","true","H","First reading, referred to Health Care & Wellness.","1","Bernbaum","2025-01-28","2025-01-28","SFN","","0","0","0",""
"1640","Med. & PA licensure compacts","Placing licenses issued in chapters 18.71B and 18.71C RCW under the authority of the uniform disciplinary act.","HB 1640","1640","HB 1640","ENACTED","","","","Effective date 7/27/2025.","1","Zahn","2025-01-28","2025-04-16","SFN","O","0","0","0",""
"1641 / 5385","Definition of timberland","Amending the definition of timberland for purposes of determining the real property excise tax for a governmental entity.","","1641","HB 1641","COMMITTEE","FIN","true","H","First reading, referred to Finance.","1","Tharinger","2025-01-28","2025-01-28","SFN,Loc","D","0","0","0",""
"1641 / 5385","Definition of timberland","Amending the definition of timberland for purposes of determining the real property excise tax for a governmental entity.","","1641","SB 5385","COMMITTEE","WM","false","S","Referred to Ways & Means.","1","Chapman","2025-01-21","2025-02-21","SFN,Loc","D","0","0","0",""
"1642","Pension plan choice","Providing additional plan choice to members of the teachers' retirement system plans 2 and 3, the school employees' retirement system plans 2 and 3, and the public employees' retirement systems plans 2 and 3.","","1642","HB 1642","COMMITTEE","APP","true","H","First reading, referred to Appropriations.","1","Bronoske","2025-01-28","2025-01-28","SFN","","0","0","0","41.32|41.32.835|41.35|41.35.610|41.40.785"
"1643","Utility facility removal","Supporting transportation system improvements by addressing utility facility removal and relocation responsibilities.","","1643","HB 1643","COMMITTEE","TRAN","true","H","First reading, referred to Transportation.","1","Barkis","2025-01-28","2025-01-28","SFN,Loc","","0","0","0","35.23.251|35.27.330|35.99.060|35a.47.040|36.55.060|47.44.020"
"1644 / 5756","Working minors","Concerning the safety and health of working minors.","","1644","HB 1644","SUBSTITUTED","","","H","1st substitute bill substituted.","0","Fosse","2025-01-28","2025-03-10","SFN","","0","0","0","49.12|49.12.390"
"1644 / 5756","Working minors","Concerning the safety and health of working minors.","","1644","SB 5756","COMMITTEE","L&C","true","S","First reading, referred to Labor & Commerce.","1","Stanford","2025-02-14","2025-02-14","SFN","","0","0","0","49.12|49.12.390"
"1644","Working minors","Concerning the safety and health of working minors.","ESHB 1644","1644","SHB 1644","OTHER","","","H","","0","Fosse","2025-02-14","","SFN","","0","0","0","39.04.350|49.12|49.12.390|49.12.410|49.17|49.3|49.30.040"
"1644","Working minors","Concerning the safety and health of working minors.","ESHB 1644","1644","ESHB 1644","ENACTED","","","","Effective date 7/1/2026.","1","Fosse","2025-02-14","2025-04-28","SFN","","0","0","0","39.04.350|49.12|49.12.390|49.12.410|49.17|49.3|49.30.040"
"1645 / 5721","Automobile insurance","Enhancing consumer protections for automobile insurance coverage.","ESB 5721","1645","HB 1645","COMMITTEE","CPB","true","H","First reading, referred to Consumer Protection & Business.","1","Peterson","2025-01-28","2025-01-28","SFN","","0","0","0",""
"1645 / 5721","Automobile insurance","Enhancing consumer protections for automobile insurance coverage.","ESB 5721","1645","ESB 5721","ENACTED","","","","Effective date 7/27/2025.","1","Stanford","2025-02-10","2025-05-20","SFN","","0","0","0",""
"1646 / 5334","DNR civil enforcement appeal","Adding the department of natural resources' civil enforcement decisions under RCW 76.04.205 to appeals that may be heard by the pollution control hearings board.","SB 5334","1646","HB 1646","RULES","","","H","Returned to Rules Committee for second reading.","1","Ormsby","2025-01-28","2025-03-19","SFN","D","0","0","0",""
"1646 / 5334","DNR civil enforcement appeal","Adding the department of natural resources' civil enforcement decisions under RCW 76.04.205 to appeals that may be heard by the pollution control hearings board.","SB 5334","1646","SB 5334","ENACTED","","","","Effective date 7/27/2025.","1","Short","2025-01-17","2025-05-17","SFN","D","0","0","0",""
"1647 / 5319","Surface mine reclamation","Establishing surface mine reclamation permit fees.","SB 5319","1647","HB 1647","RULES","","","H","By resolution, returned to House Rules Committee for third reading.","1","Springer","2025-01-28","2025-04-27","SFN,Loc","D","0","0","0",""
"1647 / 5319","Surface mine reclamation","Establishing surface mine reclamation permit fees.","SB 5319","1647","SB 5319","ENACTED","","","","Effective date 7/27/2025.","1","Shewmake","2025-01-17","2025-05-17","SFN,Loc","D","0","0","0",""
"1648","Child care qualifications","Modifying child care provider qualifications.","E2SHB 1648","1648","HB 1648","SUBSTITUTED","","","H","2nd substitute bill substituted.","0","Dent","2025-01-28","2025-03-06","SFN","","0","0","0",""
"1648","Child care qualifications","Modifying child care provider qualifications.","E2SHB 1648","1648","SHB 1648","SUBSTITUTED","","","H","2nd substitute bill substituted.","0","Dent","2025-02-18","2025-03-06","SFN","","0","0","0",""
"1648","Child care qualifications","Modifying child care provider qualifications.","E2SHB 1648","1648","2SHB 1648","OTHER","","","H","","0","Dent","2025-02-26","","SFN","","0","0","0","43.216|43.216.755"
"1648","Child care qualifications","Modifying child care provider qualifications.","E2SHB 1648","1648","E2SHB 1648","ENACTED","","","","Effective date 7/27/2025.","1","Dent","2025-02-26","2025-05-15","SFN","","0","0","0","43.216|43.216.755"
"1649","Child care/community pathway","Redesigning the community-based training pathway for licensed child care providers.","","1649","HB 1649","COMMITTEE","ELHS","true","H","First reading, referred to Early Learning & Human Services.","1","Dent","2025-01-28","2025-01-28","","","0","0","0",""
"1650","Airport projects/local REET","Concerning the addition of airport capital projects as an allowable use of local real estate excise tax revenues.","SHB 1650","1650","HB 1650","SUBSTITUTED","","","H","1st substitute bill substituted.","0","Dent","2025-01-28","2025-03-12","SFN,Loc","","0","0","0","82.46.010|82.46.035"
"1650","Airport projects/local REET","Concerning the addition of airport capital projects as an allowable use of local real estate excise tax revenues.","SHB 1650","1650","SHB 1650","ENACTED","","","","Effective date 7/27/2025.","1","Dent","2025-02-26","2025-04-21","SFN,Loc","","0","0","0","82.46.010|82.46.035"
"1651 / 5693","Teacher residency & apprent.","Concerning teacher residency and apprenticeship programs.","","1651","HB 1651","SUBSTITUTED","","","H","1st substitute bill substituted.","0","Ortiz-Self","2025-01-28","2025-03-07","SFN","","0","0","0","28a.410|28a.410.045|28a.410.220|28a.410.2211|28a.410.226|28a.410.250|28a.410.251|28a.410.252|28a.410.270|28a.410.278|28a.410.290|28a.660.005|28b.102.110|49.04"
"1651 / 5693","Teacher residency & apprent.","Concerning teacher residency and apprenticeship programs.","","1651","SB 5693","COMMITTEE","ELK12","true","S","First reading, referred to Early Learning & K-12 Education.","1","Cortes","2025-02-06","2025-02-06","SFN","","0","0","0","28a.410|28a.410.045|28a.410.220|28a.410.2211|28a.410.226|28a.410.250|28a.410.251|28a.410.252|28a.410.270|28a.410.278|28a.410.290|28a.660.005|28b.102.110|49.04"
"1651","Teacher residency & apprent.","Concerning teacher residency and apprenticeship programs.","ESHB 1651","1651","SHB 1651","OTHER","","","H","","0","Ortiz-Self","2025-02-17","","SFN","","0","0","0","28a.410|49.04"
"1651","Teacher residency & apprent.","Concerning teacher residency and apprenticeship programs.","ESHB 1651","1651","ESHB 1651","ENACTED","","","","Effective date 7/27/2025.","1","Ortiz-Self","2025-02-17","2025-05-17","SFN","","0","0","0","28a.410|49.04"
"1652 / 5519","Ocean vessels/environment","Reducing environmental impacts associated with the operation of certain ocean-going vessels.","","1652","HB 1652","COMMITTEE","E&E","true","H","First reading, referred to Environment & Energy.","1","Lekanoff","2025-01-28","2025-01-28","SFN,Loc","","0","0","0","43.21b.110|70a"
"1652 / 5519","Ocean vessels/environment","Reducing environmental impacts associated with the operation of certain ocean-going vessels.","","1652","SB 5519","COMMITTEE","EET","true","S","First reading, referred to Environment, Energy & Technology.","1","Lovelett","2025-01-27","2025-01-27","SFN,Loc","","0","0","0","43.21b.110|70a"
"1653 / 5484","Tow truck payments/indigent","Concerning payments to tow truck operators for the release of vehicles to indigent citizens.","","1653","HB 1653","RULES","","","H","Referred to Rules 2 Review.","1","Donaghy","2025-01-28","2025-02-14","SFN","","0","0","0","46.55|46.55.115|46.55.120"
"1653 / 5484","Tow truck payments/indigent","Concerning payments to tow truck operators for the release of vehicles to indigent citizens.","","1653","SB 5484","SUBSTITUTED","","","S","1st substitute bill substituted.","0","Chapman","2025-01-24","2025-03-12","SFN","","0","0","0","46.55|46.55.115|46.55.120"
"1653","Tow truck payments/indigent","Concerning payments to tow truck operators for the release of vehicles to indigent citizens.","","1653","SHB 1653","RULES","","","H","Referred to Rules 2 Review.","1","Donaghy","2025-02-12","2025-02-14","SFN","","0","0","0","46.55|46.55.115|46.55.120"
"1654","International fire code","Concerning the administration of the international fire code.","","1654","HB 1654","COMMITTEE","LG","true","H","First reading, referred to Local Government.","1","Donaghy","2025-01-28","2025-01-28","SFN,Loc","","0","0","0",""
"1655","Provider contract comp.","Concerning provider contract compensation.","","1655","HB 1655","COMMITTEE","HCW","true","H","First reading, referred to Health Care & Wellness.","1","Stonier","2025-01-28","2025-01-28","","","0","0","0",""
"1656 / 5465","Wildfire costs/securitizing","Authorizing electrical companies to securitize certain wildfire-related costs to lower costs to customers.","","1656","HB 1656","RULES","","","H","Referred to Rules 2 Review.","1","Abbarno","2025-01-28","2025-02-17","SFN","","0","0","0","80.08.140|80.28|80.28.005|80.28.303|80.28.306|80.28.309"
"1656 / 5465","Wildfire costs/securitizing","Authorizing electrical companies to securitize certain wildfire-related costs to lower costs to customers.","","1656","SB 5465","COMMITTEE","EET","true","S","First reading, referred to Environment, Energy & Technology.","1","Shewmake","2025-01-23","2025-01-23","SFN","","0","0","0","80.08.140|80.28|80.28.005|80.28.303|80.28.306|80.28.309"
"1656","Wildfire costs/securitizing","Authorizing electrical companies to securitize certain wildfire-related costs to lower costs to customers.","","1656","SHB 1656","RULES","","","H","Referred to Rules 2 Review.","1","Abbarno","2025-02-13","2025-02-17","SFN","","0","0","0","80.08.140|80.28|80.28.005|80.28.303|80.28.306|80.28.309"
"1657","Washington 13 free guarantee","Establishing the Washington 13 free guarantee.","","1657","HB 1657","COMMITTEE","PEW","true","H","First reading, referred to Postsecondary Education & Workforce.","1","Bergquist","2025-01-28","2025-01-28","SFN","","0","0","0","28a.230|28a.230.212|28a.230.310|28b|28b.50.940"
"1658","History museum funding","Ensuring dedicated funding for history and heritage museums and county historic preservation programs.","","1658","HB 1658","COMMITTEE","LG","true","H","First reading, referred to Local Government.","1","Waters","2025-01-28","2025-01-28","SFN,Loc","","0","0","0",""
"1659 / 5149","Early childhood court prg.","Expanding the early childhood court program.","","1659","HB 1659","COMMITTEE","ELHS","true","H","First reading, referred to Early Learning & Human Services.","1","Timmons","2025-01-28","2025-01-28","SFN","","0","0","0",""
"1659 / 5149","Early childhood court prg.","Expanding the early childhood court program.","","1659","SB 5149","SUBSTITUTED","","","S","1st substitute bill substituted.","0","Cortes","2025-01-13","2025-02-19","SFN","","0","0","0",""
"1660","Child welfare/racial dispro.","Reporting information related to racial disproportionality in child welfare.","","1660","HB 1660","RULES","","","H","Referred to Rules 2 Review.","1","Ortiz-Self","2025-01-28","2025-02-20","SFN","","0","0","0",""
"1660","Child welfare/racial dispro.","Reporting information related to racial disproportionality in child welfare.","","1660","SHB 1660","RULES","","","H","Referred to Rules 2 Review.","1","Ortiz-Self","2025-02-18","2025-02-20","","","0","0","0",""
"1661 / 5541","Future fund pilot project","Concerning the Washington future fund pilot project.","","1661","HB 1661","COMMITTEE","ELHS","true","H","First reading, referred to Early Learning & Human Services.","1","Stonier","2025-01-28","2025-01-28","SFN","D","0","0","0","43.08|43.08.190|74.09"
"1661 / 5541","Future fund pilot project","Concerning the Washington future fund pilot project.","","1661","SB 5541","COMMITTEE","WM","true","S","First reading, referred to Ways & Means.","1","Trudeau","2025-01-28","2025-01-28","SFN","D","0","0","0","43.08|43.08.190|74.09"
"1662","Education agencies/OSPI","Removing the requirement for certain education agencies to reside in the office of the superintendent of public instruction for administrative purposes and by making other necessary changes to support independent administration of each agency.","","1662","HB 1662","RULES","","","H","Referred to Rules 2 Review.","1","Santos","2025-01-28","2025-02-28","SFN","","0","0","0","28a.300|28a.300.020|28a.300.450|28a.305|28a.305.130|28a.410|28a.410.200|28a.710|28a.710.070"
"1662","Education agencies/OSPI","Removing the requirement for certain education agencies to reside in the office of the superintendent of public instruction for administrative purposes and by making other necessary changes to support independent administration of each agency.","","1662","SHB 1662","RULES","","","H","Referred to Rules 2 Review.","1","Santos","2025-02-18","2025-02-28","SFN","","0","0","0","28a.300|28a.300.020|28a.300.450|28a.305|28a.305.130|28a.410|28a.410.200|28a.710|28a.710.070"
"1662","Education agencies/OSPI","Removing the requirement for certain education agencies to reside in the office of the superintendent of public instruction for administrative purposes and by making other necessary changes to support independent administration of each agency.","","1662","2SHB 1662","RULES","","","H","Referred to Rules 2 Review.","1","Santos","2025-02-28","2025-02-28","SFN","","0","0","0","28a.300|28a.300.020|28a.300.450|28a.305|28a.305.130|28a.410|28a.410.200|28a.710|28a.710.070"
"1663 / 5369","Youth mental health/schools","Enhancing youth mental health and well-being through advanced training and expansion of the workforce in schools.","","1663","HB 1663","COMMITTEE","ED","true","H","First reading, referred to Education.","1","Rule","2025-01-28","2025-01-28","","","0","0","0","28a.150.260|28a.310|28a.310.235|28a.320.280|28a.410.044"
"1663 / 5369","Youth mental health/schools","Enhancing youth mental health and well-being through advanced training and expansion of the workforce in schools.","","1663","SB 5369","COMMITTEE","WM","false","S","On motion, referred to Ways & Means.","1","Orwall","2025-01-20","2025-02-14","SFN","","0","0","0","28a.150.260|28a.310|28a.310.235|28a.320.280|28a.410.044"
"1664 / 5606","Long-term care ombud funding","Providing sufficient funding for the Washington state long-term care ombuds program.","","1664","HB 1664","COMMITTEE","APP","true","H","First reading, referred to Appropriations.","1","Zahn","2025-01-28","2025-01-28","","","0","0","0",""
"1664 / 5606","Long-term care ombud funding","Providing sufficient funding for the Washington state long-term care ombuds program.","","1664","SB 5606","COMMITTEE","WM","false","S","Referred to Ways & Means.","1","Bateman","2025-01-31","2025-02-21","SFN","","0","0","0",""
"1665","Capital gains tax repeal","Repealing the capital gains income tax.","","1665","HB 1665","COMMITTEE","FIN","true","H","First reading, referred to Finance.","1","Dufault","2025-01-28","2025-01-28","SFN","","0","0","0","82.04.4497|82.87.010|82.87.020|82.87.030|82.87.040|82.87.050|82.87.060|82.87.070|82.87.080|82.87.090|82.87.100|82.87.110|82.87.120|82.87.130|82.87.140|82.87.150"
"1666","Estate tax repeal","Repealing the estate tax.","","1666","HB 1666","COMMITTEE","FIN","true","H","First reading, referred to Finance.","1","Dufault","2025-01-28","2025-01-28","SFN","","0","0","0","83.100.010|83.100.020|83.100.040|83.100.046|83.100.047|83.100.048|83.100.050|83.100.060|83.100.070|83.100.080|83.100.090|83.100.095|83.100.110|83.100.120|83.100.130|83.100.140|83.100.150|83.100.160|83.100.170|83.100.180|83.100.190|83.100.200|83.100.210|83.100.220|83.100.900|83.100.901|83.100.902|83.100.903|83.100.906"
"1667","Cancer education programs","Concerning comprehensive cancer education programs.","","1667","HB 1667","COMMITTEE","APP","true","H","First reading, referred to Appropriations.","1","Rule","2025-01-28","2025-01-28","SFN","","0","0","0",""
"1668","Community custody","Concerning community custody.","","1668","HB 1668","RULES","","","H","Referred to Rules 2 Review.","1","Davis","2025-01-28","2025-02-28","SFN,Loc","","0","0","0","71.24|72.09|72.09.310|9.94a.515|9.94a.525|9.94a.633|9.94a.714|9.94a.722|9.94a.737"
"1668","Community custody","Concerning community custody.","","1668","SHB 1668","RULES","","","H","Referred to Rules 2 Review.","1","Davis","2025-02-20","2025-02-28","SFN,Loc","","0","0","0","71.24|9.94a.525|9.94a.722"
"1668","Community custody","Concerning community custody.","","1668","2SHB 1668","RULES","","","H","Referred to Rules 2 Review.","1","Davis","2025-02-28","2025-02-28","SFN,Loc","","0","0","0","71.24|9.94a.525|9.94a.722"
"1669 / 5629","Prosthetic limb coverage","Concerning coverage requirements for prosthetic limbs and custom orthotic braces.","","1669","HB 1669","SUBSTITUTED","","","H","1st substitute bill substituted.","0","Stonier","2025-01-28","2025-03-12","SFN","","0","0","0","41.05.017|48.43"
"1669 / 5629","Prosthetic limb coverage","Concerning coverage requirements for prosthetic limbs and custom orthotic braces.","","1669","SB 5629","SUBSTITUTED","","","S","1st substitute bill substituted.","0","Harris","2025-02-03","2025-03-06","SFN","","0","0","0","41.05.017|48.43"
"1669","Prosthetic limb coverage","Concerning coverage requirements for prosthetic limbs and custom orthotic braces.","SHB 1669","1669","SHB 1669","ENACTED","","","","Effective date 7/27/2025.","1","Stonier","2025-02-21","2025-04-21","SFN","","0","0","0",""
"1670 / 5450","Sewage-containing spills","Increasing transparency regarding sewage-containing spills.","","1670","HB 1670","SUBSTITUTED","","","H","1st substitute bill substituted.","0","Hunt","2025-01-28","2025-03-03","SFN,Loc","","0","0","0",""
"1670 / 5450","Sewage-containing spills","Increasing transparency regarding sewage-containing spills.","","1670","SB 5450","COMMITTEE","WM","false","S","Referred to Ways & Means.","1","Slatter","2025-01-23","2025-02-19","SFN,Loc","","0","0","0",""
"1670","Sewage-containing spills","Increasing transparency regarding sewage-containing spills.","SHB 1670","1670","SHB 1670","ENACTED","","","","Effective date 7/27/2025.","1","Hunt","2025-02-13","2025-05-17","SFN,Loc","","0","0","0",""
"1671","Personal data privacy","Protecting personal data privacy.","","1671","HB 1671","COMMITTEE","APP","false","H","Referred to Appropriations.","1","Kloba","2025-01-28","2025-02-18","SFN","","0","0","0","19|19.373"
"1671","Personal data privacy","Protecting personal data privacy.","","1671","SHB 1671","COMMITTEE","APP","false","H","Referred to Appropriations.","1","Kloba","2025-02-14","2025-02-18","SFN","","0","0","0","19|19.373"
"1672","Employer technology use","Addressing technology used by employers in the workplace.","","1672","HB 1672","COMMITTEE","APP","false","H","Referred to Appropriations.","1","Kloba","2025-01-28","2025-02-21","SFN","","0","0","0",""
"1672","Employer technology use","Addressing technology used by employers in the workplace.","","1672","SHB 1672","COMMITTEE","APP","false","H","Referred to Appropriations.","1","Kloba","2025-02-19","2025-02-21","SFN","","0","0","0",""
"1673 / 5466","Electric transmission system","Improving reliability and capacity of the electric transmission system in Washington state.","","1673","HB 1673","COMMITTEE","APP","false","H","Referred to Appropriations.","1","Ramel","2025-01-28","2025-02-21","SFN,Loc","","0","0","0","43|43.21c|43.84.092|80.28"
"1673 / 5466","Electric transmission system","Improving reliability and capacity of the electric transmission system in Washington state.","","1673","SB 5466","SUBSTITUTED","","","S","1st substitute bill substituted.","0","Shewmake","2025-01-23","2025-03-10","SFN,Loc","","0","0","0","43|43.21c|43.84.092|80.28"
"1673","Electric transmission system","Improving reliability and capacity of the electric transmission system in Washington state.","","1673","SHB 1673","COMMITTEE","APP","false","H","Referred to Appropriations.","1","Ramel","2025-02-18","2025-02-21","SFN,Loc","","0","0","0","43|43.21c|43.33|43.84.092|80.28"
"1674","Hepatitis B & C screening","Concerning hepatitis B and hepatitis C screening.","","1674","HB 1674","COMMITTEE","HCW","true","H","First reading, referred to Health Care & Wellness.","1","Thai","2025-01-28","2025-01-28","SFN","","0","0","0",""
"1675 / 5387","Corp. practice of medicine","Concerning the corporate practice of medicine.","","1675","HB 1675","COMMITTEE","HCW","true","H","First reading, referred to Health Care & Wellness.","1","Thai","2025-01-28","2025-01-28","SFN","","0","0","0","18.06|18.1|18.108|18.130.180|18.138|18.205|18.22|18.225|18.25|18.29|18.29|18.32|18.36a|18.46|18.47|18.5|18.51|18.53|18.55|18.57|18.59|18.64|18.71|18.71a|18.74|18.79|18.83|19.100.120|70.127|70.23|70.41|71.12"
"1675 / 5387","Corp. practice of medicine","Concerning the corporate practice of medicine.","","1675","SB 5387","RULES","","","S","Senate Rules ""X"" file.","1","Robinson","2025-01-21","2025-03-17","SFN","","0","0","0","18.06|18.1|18.108|18.130.180|18.138|18.205|18.22|18.225|18.25|18.29|18.29|18.32|18.36a|18.46|18.47|18.5|18.51|18.53|18.55|18.57|18.59|18.64|18.71|18.71a|18.74|18.79|18.83|19.100.120|70.127|70.23|70.41|71.12"
"1676","Charter school contracts","Reassigning and authorizing surrendered, revoked, or nonrenewed charter school contracts.","","1676","HB 1676","COMMITTEE","ED","true","H","First reading, referred to Education.","1","Rude","2025-01-28","2025-01-28","SFN","","0","0","0","28a.710|28a.710.150"
"1677","Postsecondary/med. abortion","Concerning access at public postsecondary educational institutions to medication abortion.","","1677","HB 1677","COMMITTEE","PEW","true","H","First reading, referred to Postsecondary Education & Workforce.","1","Thai","2025-01-28","2025-01-28","SFN","","0","0","0",""
"1678","Sewage discharge fee","Providing funding for enhanced wastewater treatment infrastructure for salmon recovery.","","1678","HB 1678","COMMITTEE","APP","true","H","First reading, referred to Appropriations.","1","Dye","2025-01-28","2025-01-28","SFN,Loc","","0","0","0","43.84.092|90.48"
"1679","Nuclear reactor projects","Encouraging electric utility investments in advanced nuclear reactor projects for clean energy transformation act compliance.","","1679","HB 1679","COMMITTEE","E&E","true","H","First reading, referred to Environment & Energy.","1","Barnard","2025-01-29","2025-01-29","","","0","0","0","19.405.020|19.405.040|19.405.100"
"1680","Preventive dental care","Improving access to patient care by increasing preventive dental care.","","1680","HB 1680","COMMITTEE","HCW","true","H","First reading, referred to Health Care & Wellness.","1","Richards","2025-01-29","2025-01-29","SFN","","0","0","0","18.26|18.260.040|18.260.090"
"1681","HVAC electrical work","Allowing HVAC/refrigeration electricians to perform certain electrical work on ductless mini-split HVAC systems.","","1681","HB 1681","COMMITTEE","LWS","true","H","First reading, referred to Labor & Workplace Standards.","1","Klicker","2025-01-29","2025-01-29","","","0","0","0",""
"1682","Unemployment ins./part-time","Concerning part-time workers in the unemployment insurance system.","","1682","HB 1682","COMMITTEE","APP","false","H","Referred to Appropriations.","1","Ortiz-Self","2025-01-29","2025-02-20","SFN","","0","0","0","50.2|50.20.119"
"1682","Unemployment ins./part-time","Concerning part-time workers in the unemployment insurance system.","","1682","SHB 1682","COMMITTEE","APP","false","H","Referred to Appropriations.","1","Ortiz-Self","2025-02-18","2025-02-20","SFN","","0","0","0","50.2|50.20.100|50.20.119"
"1683","School director districts","Adjusting school director districts.","","1683","HB 1683","COMMITTEE","ED","true","H","First reading, referred to Education.","1","Ortiz-Self","2025-01-29","2025-01-29","SFN,Loc","O","0","0","0","28a.343|28a.343.300"
"1684 / 5597","Water recreation facilities","Concerning water recreation facilities.","","1684","HB 1684","RULES","","","H","Referred to Rules 2 Review.","1","Thai","2025-01-29","2025-02-21","SFN,Loc","D","0","0","0","70.90.110|70.90.120|70.90.140|70.90.150|70.90.160|70.90.230|70.90.240|70.90.250"
"1684 / 5597","Water recreation facilities","Concerning water recreation facilities.","","1684","SB 5597","COMMITTEE","HLTC","true","S","First reading, referred to Health & Long-Term Care.","1","Harris","2025-01-30","2025-01-30","SFN,Loc","D","0","0","0","70.90.110|70.90.120|70.90.140|70.90.150|70.90.160|70.90.230|70.90.240|70.90.250"
"1684","Water recreation facilities","Concerning water recreation facilities.","","1684","SHB 1684","RULES","","","H","Referred to Rules 2 Review.","1","Thai","2025-02-19","2025-02-21","SFN,Loc","D","0","0","0","70.90.110|70.90.120|70.90.140|70.90.150|70.90.160|70.90.230|70.90.240|70.90.250"
"1685","Fish and wildlife governance","Restructuring fish and wildlife governance.","","1685","HB 1685","COMMITTEE","AGNR","true","H","First reading, referred to Agriculture & Natural Resources.","1","Springer","2025-01-29","2025-01-29","SFN","","0","0","0","43.300.040|77.04|77.04.012|77.04.013|77.04.055|77.04.080|77.04.090|77.04.130|77.04.140"
"1686 / 5561","Health care entity registry","Creating a health care entity registry.","","1686","HB 1686","SUBSTITUTED","","","H","2nd substitute bill substituted.","0","Bronoske","2025-01-29","2025-03-10","SFN","","0","0","0",""
"1686 / 5561","Health care entity registry","Creating a health care entity registry.","","1686","SB 5561","COMMITTEE","HLTC","true","S","First reading, referred to Health & Long-Term Care.","1","Cleveland","2025-01-28","2025-01-28","SFN","","0","0","0",""
"1686","Health care entity registry","Creating a health care entity registry.","E2SHB 1686","1686","SHB 1686","SUBSTITUTED","","","H","2nd substitute bill substituted.","0","Bronoske","2025-02-21","2025-03-10","SFN","","0","0","0",""
"1686","Health care entity registry","Creating a health care entity registry.","E2SHB 1686","1686","2SHB 1686","OTHER","","","H","","0","Bronoske","2025-02-27","","SFN","","0","0","0",""
"1686","Health care entity registry","Creating a health care entity registry.","E2SHB 1686","1686","E2SHB 1686","ENACTED","","","","Effective date 7/27/2025.","1","Bronoske","2025-02-27","2025-04-22","SFN","","0","0","0",""
"1687","Social housing authorities","Concerning social housing public development authorities.","","1687","HB 1687","RULES","","","H","Referred to Rules 2 Review.","1","Reed","2025-01-29","2025-02-28","SFN,Loc","","0","0","0","35.83.010|35.83.020|35.83.030|35.83.040|35.83.050|35.83.060|35.83.080"
"1688","Electric security alarms","Concerning electric security alarm systems.","ESHB 1688","1688","HB 1688","SUBSTITUTED","","","H","1st substitute bill substituted.","0","Parshley","2025-01-29","2025-03-06","SFN,Loc","","0","0","0","35.21|35a.21|36.01"
"1688","Electric security alarms","Concerning electric security alarm systems.","ESHB 1688","1688","SHB 1688","OTHER","","","H","","0","Parshley","2025-02-14","","SFN,Loc","","0","0","0","35.21|35a.21|36.01"
"1688","Electric security alarms","Concerning electric security alarm systems.","ESHB 1688","1688","ESHB 1688","ENACTED","","","","Effective date 7/27/2025.","1","Parshley","2025-02-14","2025-04-16","SFN,Loc","","0","0","0","35.21|35a.21|36.01"
"1689","Emissions/vessels at berth","Adopting emission standards for ocean-going vessels at berth.","","1689","HB 1689","COMMITTEE","E&E","true","H","First reading, referred to Environment & Energy.","1","Reed","2025-01-29","2025-01-29","SFN,Loc","","0","0","0",""
"1690","Water and sewer systems","Assessing the state's existing water and sewer systems.","","1690","HB 1690","COMMITTEE","APP","false","H","Referred to Appropriations.","1","Wylie","2025-01-29","2025-02-21","SFN,Loc","","0","0","0",""
"1690","Water and sewer systems","Assessing the state's existing water and sewer systems.","","1690","SHB 1690","COMMITTEE","APP","false","H","Referred to Appropriations.","1","Wylie","2025-02-19","2025-02-21","SFN,Loc","","0","0","0",""
"1691 / 5303","Yakima basin water plan","Extending the water supply milestone for the Yakima river basin integrated plan to 2035.","","1691","HB 1691","COMMITTEE","AGNR","true","H","First reading, referred to Agriculture & Natural Resources.","1","Dent","2025-01-29","2025-01-29","","","0","0","0","90.38.010|90.38.110|90.38.130"
"1691 / 5303","Yakima basin water plan","Extending the water supply milestone for the Yakima river basin integrated plan to 2035.","","1691","SB 5303","SUBSTITUTED","","","S","1st substitute bill substituted.","0","Warnick","2025-01-16","2025-02-12","SFN,Loc","","0","0","0","90.38.010|90.38.110|90.38.130"
"1692","Tribes/PRA exemption","Exempting certain data related to American Indians, Alaska Natives, and Indian tribes from public inspection and copying.","","1692","HB 1692","COMMITTEE","SGTR","true","H","First reading, referred to State Government & Tribal Relations.","1","Lekanoff","2025-01-29","2025-01-29","SFN,Loc","","0","0","0","42.56|42.56.010"
"1693 / 5244","WIC hematological screening","Providing an exemption for women, infants, and children program staff to perform hematological screening tests.","SB 5244","1693","HB 1693","COMMITTEE","HCW","true","H","First reading, referred to Health Care & Wellness.","1","Zahn","2025-01-29","2025-01-29","","D","0","0","0",""
"1693 / 5244","WIC hematological screening","Providing an exemption for women, infants, and children program staff to perform hematological screening tests.","SB 5244","1693","SB 5244","ENACTED","","","","Effective date 7/27/2025.","1","Riccelli","2025-01-14","2025-04-04","SFN","D","0","0","0",""
"1694","City & county REET revenues","Concerning revenues from the excise tax on real estate transactions imposed by cities and counties under RCW 82.46.035.","","1694","HB 1694","COMMITTEE","FIN","true","H","First reading, referred to Finance.","1","Thai","2025-01-29","2025-01-29","SFN,Loc","","0","0","0",""
"1695","Unincorporated villages/GMA","Concerning unincorporated villages in the growth management act.","","1695","HB 1695","COMMITTEE","LG","true","H","First reading, referred to Local Government.","1","Engell","2025-01-29","2025-01-29","SFN,Loc","","0","0","0","36.70a.070|36.70a.110"
"1696","Covenant homeownership prg.","Modifying the covenant homeownership program.","2SHB 1696","1696","HB 1696","SUBSTITUTED","","","H","2nd substitute bill substituted.","0","Taylor","2025-01-29","2025-03-06","SFN","","0","0","0","43.181.040|43.181.050"
"1696","Covenant homeownership prg.","Modifying the covenant homeownership program.","2SHB 1696","1696","SHB 1696","SUBSTITUTED","","","H","2nd substitute bill substituted.","0","Taylor","2025-02-18","2025-03-06","SFN","","0","0","0","43.181.040|43.181.050"
"1696","Covenant homeownership prg.","Modifying the covenant homeownership program.","2SHB 1696","1696","2SHB 1696","ENACTED","","","","Effective date 7/27/2025.","1","Taylor","2025-02-27","2025-04-22","SFN","","0","0","0","43.181.040|43.181.050"
"1697 / 5668","Newborn screening additions","Ensuring timely, efficient, and evidence-based additions to newborn screenings.","","1697","HB 1697","COMMITTEE","APP","false","H","Referred to Appropriations.","1","Stonier","2025-01-29","2025-02-21","SFN,Loc","","0","0","0","43.7|43.79a.040|70.83|70.83.020|70.83.023|70.83.030"
"1697 / 5668","Newborn screening additions","Ensuring timely, efficient, and evidence-based additions to newborn screenings.","","1697","SB 5668","COMMITTEE","HLTC","true","S","First reading, referred to Health & Long-Term Care.","1","Harris","2025-02-05","2025-02-05","SFN,Loc","","0","0","0","43.7|43.79a.040|70.83|70.83.020|70.83.023|70.83.030"
"1697","Newborn screening additions","Ensuring timely, efficient, and evidence-based additions to newborn screenings.","","1697","SHB 1697","COMMITTEE","APP","false","H","Referred to Appropriations.","1","Stonier","2025-02-21","2025-02-21","SFN,Loc","","0","0","0","43.7|43.79a.040|70.83|70.83.020|70.83.023|70.83.030"
"1698","Liquor permits & licensing","Updating liquor permit and licensing provisions.","HB 1698","1698","HB 1698","ENACTED","","","","Effective date 7/27/2025.","1","Waters","2025-01-29","2025-04-25","SFN","O","0","0","0","66.20.010|66.20.300|66.20.310|66.20.320|66.24.580"
"1699","Interscholastic sports","Defending equity in interscholastic sports.","","1699","HB 1699","COMMITTEE","ED","true","H","First reading, referred to Education.","1","Volz","2025-01-29","2025-01-29","","","0","0","0","28a.600|28a.600.200|28a.640.020"
"1700","Comprehensive plan updates","Concerning the timing of updates for comprehensive plans and development regulations.","","1700","HB 1700","RULES","","","H","Returned to Rules Committee for second reading.","1","Volz","2025-01-29","2025-03-19","SFN,Loc","","0","0","0","36.70a.130|36.70a.635"
"1700","Comprehensive plan updates","Concerning the timing of updates for comprehensive plans and development regulations.","","1700","SHB 1700","RULES","","","H","Returned to Rules Committee for second reading.","1","Volz","2025-02-14","2025-03-19","SFN,Loc","","0","0","0",""
"1701","Liquor licensee premises","Authorizing multiple liquor licensees to have licensed premises within a facility owned and leased out by another liquor licensee or person.","","1701","HB 1701","RULES","","","H","Returned to Rules Committee for second reading.","1","Steele","2025-01-29","2025-03-19","SFN","","0","0","0","42.56.270|66.24.010|66.28.295"
"1701","Liquor licensee premises","Authorizing multiple liquor licensees to have licensed premises within a facility owned and leased out by another liquor licensee or person.","","1701","SHB 1701","RULES","","","H","Returned to Rules Committee for second reading.","1","Steele","2025-02-18","2025-03-19","SFN","","0","0","0","66.24.010|66.28.295"
"1702","Public utility tax, counties","Authorizing counties to impose a public utility tax.","","1702","HB 1702","RULES","","","H","Referred to Rules 2 Review.","1","Wylie","2025-01-29","2025-02-28","SFN,Loc","","0","0","0",""
"1702","Public utility tax, counties","Authorizing counties to impose a public utility tax.","","1702","SHB 1702","RULES","","","H","Referred to Rules 2 Review.","1","Wylie","2025-02-26","2025-02-28","SFN,Loc","","0","0","0",""
"1703 / 5610","Equine industry","Establishing an equine industry tax credit, allowing the horse racing commission to impose a fee, and using equine industry sales tax revenues for federal regulatory compliance.","","1703","HB 1703","COMMITTEE","APP","false","H","Referred to Appropriations.","1","Stearns","2025-01-29","2025-02-26","SFN","","0","0","0","67.16|82.04"
"1703 / 5610","Equine industry","Establishing an equine industry tax credit, allowing the horse racing commission to impose a fee, and using equine industry sales tax revenues for federal regulatory compliance.","","1703","SB 5610","COMMITTEE","WM","false","S","Referred to Ways & Means.","1","Kauffman","2025-01-31","2025-02-14","SFN","","0","0","0","67.16|82.04"
"1703","Equine industry","Establishing an equine industry tax credit, allowing the horse racing commission to impose a fee, and using equine industry sales tax revenues for federal regulatory compliance.","","1703","SHB 1703","COMMITTEE","APP","false","H","Referred to Appropriations.","1","Stearns","2025-02-25","2025-02-26","SFN","","0","0","0","67.16|82.04"
"1704","Cannabis revenue/local gov.","Increasing cannabis revenue distributions to local governments.","","1704","HB 1704","COMMITTEE","APP","true","H","First reading, referred to Appropriations.","1","Schmidt","2025-01-29","2025-01-29","","","0","0","0",""
"1705","Large animal veterinarians","Convening a work group to study and recommend strategies to recruit, train, and retain large animal veterinarians.","EHB 1705","1705","HB 1705","FLOOR","","","H","","0","Dent","2025-01-29","","SFN","","0","0","0",""
"1705","Large animal veterinarians","Convening a work group to study and recommend strategies to recruit, train, and retain large animal veterinarians.","EHB 1705","1705","EHB 1705","ENACTED","","","","Effective date 7/27/2025.","1","Dent","2025-01-29","2025-04-21","SFN","","0","0","0",""
"1706 / 5324","Prior auth. APIs/health","Aligning the implementation of application programming interfaces for prior authorization with federal guidelines.","","1706","HB 1706","SUBSTITUTED","","","H","1st substitute bill substituted.","0","Simmons","2025-01-29","2025-03-04","SFN","","0","0","0","41.05.845|48.43.830|74.09.840"
"1706 / 5324","Prior auth. APIs/health","Aligning the implementation of application programming interfaces for prior authorization with federal guidelines.","","1706","SB 5324","RULES","","","S","Senate Rules ""X"" file.","1","Cleveland","2025-01-17","2025-03-17","SFN","","0","0","0","41.05.845|48.43.830|74.09.840"
"1706","Prior auth. APIs/health","Aligning the implementation of application programming interfaces for prior authorization with federal guidelines.","SHB 1706","1706","SHB 1706","ENACTED","","","","Effective date 7/27/2025.","1","Simmons","2025-02-19","2025-04-07","SFN","","0","0","0","41.05.845|48.43.830|74.09.840"
"1707","Noxious weeds list/crops","Establishing a review process before the state noxious weed control board may list certain agricultural crops as noxious weeds.","","1707","HB 1707","RULES","","","H","Referred to Rules 2 Review.","1","Dent","2025-01-29","2025-02-20","SFN","","0","0","0",""
"1707","Noxious weeds list/crops","Establishing a review process before the state noxious weed control board may list certain agricultural crops as noxious weeds.","","1707","SHB 1707","RULES","","","H","Referred to Rules 2 Review.","1","Dent","2025-02-18","2025-02-20","","","0","0","0",""
"1708","Homelessness info. dashboard","Helping local governments provide information about the impacts of homelessness.","","1708","HB 1708","COMMITTEE","HSG","true","H","First reading, referred to Housing.","1","Stuebe","2025-01-29","2025-01-29","","","0","0","0",""
"1709","Adrenal insufficiency care","Addressing the care of students with adrenal insufficiency by parent-designated adults.","SHB 1709","1709","HB 1709","SUBSTITUTED","","","H","1st substitute bill substituted.","0","Callan","2025-01-29","2025-03-11","SFN","","0","0","0",""
"1709","Adrenal insufficiency care","Addressing the care of students with adrenal insufficiency by parent-designated adults.","SHB 1709","1709","SHB 1709","ENACTED","","","","Effective date 7/27/2025.","1","Callan","2025-02-18","2025-05-19","SFN","","0","0","0","28a.210|28a.210.350"
"1710","Voting rights act compliance","Concerning compliance with the Washington voting rights act of 2018.","","1710","HB 1710","RULES","","","H","Returned to Rules Committee for second reading.","1","Mena","2025-01-29","2025-03-19","SFN,Loc","","0","0","0",""
"1710","Voting rights act compliance","Concerning compliance with the Washington voting rights act of 2018.","","1710","SHB 1710","RULES","","","H","Returned to Rules Committee for second reading.","1","Mena","2025-02-11","2025-03-19","SFN,Loc","","0","0","0",""
"1710","Voting rights act compliance","Concerning compliance with the Washington voting rights act of 2018.","","1710","2SHB 1710","RULES","","","H","Returned to Rules Committee for second reading.","1","Mena","2025-02-26","2025-03-19","SFN,Loc","","0","0","0",""
"1711 / 5488","DCYF/financial stability","Strengthening the financial stability of persons in the care of the department of children, youth, and families.","","1711","HB 1711","COMMITTEE","APP","true","H","First reading, referred to Appropriations.","1","Callan","2025-01-29","2025-01-29","SFN","","0","0","0","43.216|74.13.060"
"1711 / 5488","DCYF/financial stability","Strengthening the financial stability of persons in the care of the department of children, youth, and families.","","1711","SB 5488","RULES","","","S","Senate Rules ""X"" file.","1","Alvarado","2025-01-24","2025-03-17","SFN","","0","0","0","43.216|74.13.060"
"1712","Qualified biomass facilities","Allowing the use of electricity generated by qualified biomass facilities in the Pacific Northwest to meet renewable resource requirements.","","1712","HB 1712","COMMITTEE","E&E","true","H","First reading, referred to Environment & Energy.","1","Waters","2025-01-29","2025-01-29","SFN,Loc","","0","0","0","19.285.030|19.285.040"
"1713","Automatic voter reg./tribes","Concerning automatic voter registration for tribal members.","","1713","HB 1713","COMMITTEE","SGTR","true","H","First reading, referred to State Government & Tribal Relations.","1","Stearns","2025-01-29","2025-01-29","SFN,Loc","","0","0","0","29a.08|29a.08.110|29a.08.370"
"1714","Small business risk pooling","Enabling opportunities for risk pooling by small businesses for property and liability risks.","","1714","HB 1714","COMMITTEE","FIN","false","H","Referred to Finance.","1","Cortes","2025-01-29","2025-02-21","SFN","","0","0","0",""
"1714","Small business risk pooling","Enabling opportunities for risk pooling by small businesses for property and liability risks.","","1714","SHB 1714","COMMITTEE","FIN","false","H","Referred to Finance.","1","Cortes","2025-02-19","2025-02-21","SFN","","0","0","0","48|82.04"
"1715","Energy standard/comply cost","Regarding the costs of compliance with the state energy performance standard.","2SHB 1715","1715","HB 1715","SUBSTITUTED","","","H","2nd substitute bill substituted.","0","Dye","2025-01-29","2025-03-06","SFN","","0","0","0",""
"1715","Energy standard/comply cost","Regarding the costs of compliance with the state energy performance standard.","2SHB 1715","1715","SHB 1715","SUBSTITUTED","","","H","2nd substitute bill substituted.","0","Dye","2025-02-20","2025-03-06","SFN","","0","0","0",""
"1715","Energy standard/comply cost","Regarding the costs of compliance with the state energy performance standard.","2SHB 1715","1715","2SHB 1715","ENACTED","","","","Effective date 7/27/2025.","1","Dye","2025-02-26","2025-04-24","SFN","","0","0","0",""
"1716","Dog breeding","Modifying dog breeding regulations.","","1716","HB 1716","COMMITTEE","CS","true","H","First reading, referred to Community Safety.","1","Walen","2025-01-29","2025-01-29","","","0","0","0",""
"1717 / 5591","Affordable housing/sales tax","Creating a sales and use tax remittance program for affordable housing.","","1717","HB 1717","COMMITTEE","APP","false","H","Referred to Appropriations.","1","Leavitt","2025-01-29","2025-02-26","SFN,Loc","","0","0","0","82|82.08|82.12"
"1717 / 5591","Affordable housing/sales tax","Creating a sales and use tax remittance program for affordable housing.","","1717","SB 5591","COMMITTEE","HSG","true","S","First reading, referred to Housing.","1","Bateman","2025-01-30","2025-01-30","SFN,Loc","","0","0","0","82|82.08|82.12"
"1718","Health care prof. well-being","Concerning well-being programs for certain health care professionals.","ESHB 1718","1718","HB 1718","SUBSTITUTED","","","H","1st substitute bill substituted.","0","Thai","2025-01-29","2025-03-08","SFN","","0","0","0","18.13|18.130.020|18.130.070"
"1718","Health care prof. well-being","Concerning well-being programs for certain health care professionals.","ESHB 1718","1718","SHB 1718","OTHER","","","H","","0","Thai","2025-02-19","","SFN","","0","0","0","18.13|18.130.020|18.130.070"
"1718","Health care prof. well-being","Concerning well-being programs for certain health care professionals.","ESHB 1718","1718","ESHB 1718","ENACTED","","","","Effective date 7/27/2025.","1","Thai","2025-02-19","2025-04-21","SFN","","0","0","0","18.13|18.130.020|18.130.070"
"1719","Liquor licensee events","Concerning events conducted by liquor manufacturers and retailers.","","1719","HB 1719","COMMITTEE","CPB","true","H","First reading, referred to Consumer Protection & Business.","1","Abbarno","2025-01-29","2025-01-29","SFN","","0","0","0",""
"1720","Community care/Rx assistance","Expanding the types of medication assistance that may be provided to residents of community-based care settings.","SHB 1720","1720","HB 1720","SUBSTITUTED","","","H","1st substitute bill substituted.","0","Schmick","2025-01-29","2025-02-20","SFN","","0","0","0",""
"1720","Community care/Rx assistance","Expanding the types of medication assistance that may be provided to residents of community-based care settings.","SHB 1720","1720","SHB 1720","ENACTED","","","","Effective date 7/27/2025.","1","Schmick","2025-02-12","2025-04-07","SFN","","0","0","0",""
"1721 / 5592","Zero emissions vehicles/sale","Concerning manufacturers and vehicle dealers.","","1721","HB 1721","COMMITTEE","CPB","true","H","First reading, referred to Consumer Protection & Business.","1","Doglio","2025-01-29","2025-01-29","SFN","","0","0","0","46|46.70.011|46.70.180|46.96.010|46.96.105|46.96.140|46.96.185|46.96.230"
"1721 / 5592","Zero emissions vehicles/sale","Concerning manufacturers and vehicle dealers.","","1721","SB 5592","COMMITTEE","L&C","true","S","First reading, referred to Labor & Commerce.","1","Saldaña","2025-01-30","2025-01-30","SFN","","0","0","0","46|46.70.011|46.70.180|46.96.010|46.96.105|46.96.140|46.96.185|46.96.230"
"1722","Secondary career education","Reviewing state restrictions affecting students participating in secondary career and technical education programs and other state-approved career pathways.","HB 1722","1722","HB 1722","ENACTED","","","","Effective date 7/27/2025.","1","Connors","2025-01-29","2025-04-21","SFN,Loc","","0","0","0","18.73|43.43|49.12"
"1723 / 5572","School construction projects","Promoting the efficient administration of school construction assistance program projects.","","1723","HB 1723","COMMITTEE","CAP","true","H","First reading, referred to Capital Budget.","1","Fosse","2025-01-29","2025-01-29","SFN","O","0","0","0",""
"1723 / 5572","School construction projects","Promoting the efficient administration of school construction assistance program projects.","","1723","SB 5572","COMMITTEE","WM","false","S","Referred to Ways & Means.","1","Conway","2025-01-29","2025-02-21","SFN","O","0","0","0",""
"1724","POLST orders","Improving access and practices relating to portable orders for life-sustaining treatment.","","1724","HB 1724","COMMITTEE","APP","false","H","Referred to Appropriations.","1","Paul","2025-01-29","2025-02-17","SFN,Loc","","0","0","0","42.56|43.7|43.70.480|70.122.130"
"1724","POLST orders","Improving access and practices relating to portable orders for life-sustaining treatment.","","1724","SHB 1724","COMMITTEE","APP","false","H","Referred to Appropriations.","1","Paul","2025-02-14","2025-02-17","SFN,Loc","","0","0","0","42.56|43.7|43.70.480|70.122.130"
"1725","Biosimilar medicines","Increasing access to biosimilar medicines.","","1725","HB 1725","COMMITTEE","HCW","true","H","First reading, referred to Health Care & Wellness.","1","Thai","2025-01-30","2025-01-30","SFN","","0","0","0","41.05.410|48.43.420|69.41.120|69.41.125"
"1726","WA lumber mills/public works","Prioritizing lumber procured from Washington state lumber mills for the purpose of public works projects.","","1726","HB 1726","COMMITTEE","CAP","true","H","First reading, referred to Capital Budget.","1","Waters","2025-01-30","2025-01-30","SFN,Loc","","0","0","0",""
"1727","School library info and tech","Concerning school library information and technology programs.","","1727","HB 1727","COMMITTEE","ED","true","H","First reading, referred to Education.","1","Rule","2025-01-30","2025-01-30","","","0","0","0","28a.300|28a.305|28a.320|28a.320.240"
"1728","Estate tax/nonfamilial heir","Adding a nonfamilial heir to the estate tax deduction.","","1728","HB 1728","RULES","","","H","Returned to Rules Committee for second reading.","1","Orcutt","2025-01-30","2025-03-19","SFN","","0","0","0",""
"1728","Estate tax/nonfamilial heir","Adding a nonfamilial heir to the estate tax deduction.","","1728","SHB 1728","RULES","","","H","Returned to Rules Committee for second reading.","1","Orcutt","2025-02-26","2025-03-19","","","0","0","0",""
"1729","State school levies","Providing property tax relief by reducing both parts of the state school levies.","","1729","HB 1729","COMMITTEE","FIN","true","H","First reading, referred to Finance.","1","Orcutt","2025-01-30","2025-01-30","","","0","0","0","84.52.065|84.55.010"
"1730","Aircraft fuel tax proceeds","Directing the deposit of the proceeds from taxes on aircraft fuel to the aeronautics account.","","1730","HB 1730","COMMITTEE","APP","true","H","First reading, referred to Appropriations.","1","Orcutt","2025-01-30","2025-01-30","SFN","","0","0","0","82.21.030|82.23a.020|82.23b.020|82.42.090"
"1731","Unclaimed property/museums","Regarding unclaimed property held by a museum or historical society.","HB 1731","1731","HB 1731","ENACTED","","","","Effective date 7/27/2025.","1","Waters","2025-01-30","2025-05-12","SFN,Loc","","0","0","0","63.26.020|63.26.030|63.26.040|63.26.050"
"1732 / 5496","Home buying by entities","Preserving homeownership options by limiting excessive home buying by certain entities.","","1732","HB 1732","COMMITTEE","HSG","true","H","First reading, referred to Housing.","1","Thomas","2025-01-30","2025-01-30","SFN","","0","0","0","19|19.86.140"
"1732 / 5496","Home buying by entities","Preserving homeownership options by limiting excessive home buying by certain entities.","","1732","SB 5496","RULES","","","S","Senate Rules ""X"" file.","1","Alvarado","2025-01-27","2025-03-17","SFN","","0","0","0","19|19.86.140"
"1733","Agency displacement expenses","Increasing the reimbursement cap for moving and relocation expenses incurred by persons affected by agency displacements.","SHB 1733","1733","HB 1733","SUBSTITUTED","","","H","1st substitute bill substituted.","0","Thomas","2025-01-30","2025-03-11","SFN,Loc","","0","0","0",""
"1733","Agency displacement expenses","Increasing the reimbursement cap for moving and relocation expenses incurred by persons affected by agency displacements.","SHB 1733","1733","SHB 1733","ENACTED","","","","Effective date 7/27/2025.","1","Thomas","2025-02-14","2025-05-17","SFN,Loc","","0","0","0",""
"1734","Outdoor learning grants","Concerning outdoor learning grants to expand and improve the delivery of outdoor learning opportunities.","","1734","HB 1734","COMMITTEE","CAP","true","H","First reading, referred to Capital Budget.","1","Rule","2025-01-30","2025-01-30","SFN,Loc","","0","0","0",""
"1735","Force-feeding of birds","Prohibiting the force-feeding of birds.","","1735","HB 1735","COMMITTEE","AGNR","true","H","First reading, referred to Agriculture & Natural Resources.","1","Parshley","2025-01-30","2025-01-30","SFN","","0","0","0",""
"1736","Missing persons","Concerning procedures and requirements for reporting and investigating missing persons.","","1736","HB 1736","COMMITTEE","APP","false","H","Referred to Appropriations.","1","Lekanoff","2025-01-30","2025-02-20","SFN,Loc","","0","0","0","36.28a.110|36.28a.112|36.28a.120|43.43|68.50.320"
"1736","Missing persons","Concerning procedures and requirements for reporting and investigating missing persons.","","1736","SHB 1736","COMMITTEE","APP","false","H","Referred to Appropriations.","1","Lekanoff","2025-02-17","2025-02-20","SFN,Loc","","0","0","0","36.28a.110|36.28a.112|36.28a.120|43.43|68.50.320"
"1737","Apprenticeships/tribal gov.","Concerning federally approved apprenticeship programs operated by tribal governments.","","1737","HB 1737","COMMITTEE","LWS","true","H","First reading, referred to Labor & Workplace Standards.","1","Schmidt","2025-01-30","2025-01-30","","","0","0","0","49.80.010|49.80.020|49.80.030"
"1738 / 5420","Veteran benefits access","Ensuring access to state benefits and opportunities for veterans, uniformed service members, and military spouses.","","1738","HB 1738","COMMITTEE","APP","false","H","Referred to Appropriations.","1","Shavers","2025-01-30","2025-02-20","SFN,Loc","","0","0","0","38.04.010|38.42.010|41.04.010|41.18.150|41.20.050|41.40.170|41.44.030|41.44.120|43.24.130|73.16.010|73.16.031|73.16.051|73.16.110"
"1738 / 5420","Veteran benefits access","Ensuring access to state benefits and opportunities for veterans, uniformed service members, and military spouses.","","1738","SB 5420","RULES","","","S","By resolution, returned to Senate Rules Committee for third reading.","1","Lovick","2025-01-22","2025-04-27","SFN,Loc","","0","0","0","38.04.010|38.42.010|41.04.010|41.18.150|41.20.050|41.40.170|41.44.030|41.44.120|43.24.130|73.16.010|73.16.031|73.16.051|73.16.110"
"1738","Veteran benefits access","Ensuring access to state benefits and opportunities for veterans, uniformed service members, and military spouses.","","1738","SHB 1738","COMMITTEE","APP","false","H","Referred to Appropriations.","1","Shavers","2025-02-18","2025-02-20","SFN,Loc","","0","0","0","38.04.010|38.42.010|41.04.010|41.18.150|41.20.050|41.40.170|41.44.030|41.44.120|43.24.130|73.16.010|73.16.031|73.16.051|73.16.110"
"1739","Self-service checkout","Regulating the use of self-service checkout stations.","","1739","HB 1739","COMMITTEE","LWS","true","H","First reading, referred to Labor & Workplace Standards.","1","Fosse","2025-01-30","2025-01-30","SFN","","0","0","0","49.85|49.85.015|49.85.045|49.85.050"
"1740 / 5584","OII expansion/prosecutions","Expanding the office of independent investigations to include prosecutions of criminal conduct.","","1740","HB 1740","COMMITTEE","CS","true","H","First reading, referred to Community Safety.","1","Stonier","2025-01-30","2025-01-30","SFN,Loc","","0","0","0","43.10.090|43.102|43.102.010|43.102.020|43.102.030|43.102.050|43.102.060|43.102.080|43.102.130"
"1740 / 5584","OII expansion/prosecutions","Expanding the office of independent investigations to include prosecutions of criminal conduct.","","1740","SB 5584","COMMITTEE","WM","false","S","On motion, referred to Ways & Means.","1","Dhingra","2025-01-30","2025-02-07","SFN,Loc","","0","0","0","43.10.090|43.102|43.102.010|43.102.020|43.102.030|43.102.050|43.102.060|43.102.080|43.102.130"
"1741","PANDAS, pediatric treatment","Expanding access to treatment of pediatric autoimmune neuropsychiatric disorders associated with streptococcal infections and pediatric acute-onset neuropsychiatric syndrome.","","1741","HB 1741","COMMITTEE","HCW","true","H","First reading, referred to Health Care & Wellness.","1","Thai","2025-01-30","2025-01-30","SFN","","0","0","0",""
"1742","Urban design/environment","Concerning environmentally sustainable urban design.","","1742","HB 1742","COMMITTEE","APP","false","H","Referred to Appropriations.","1","Dye","2025-01-30","2025-02-21","SFN","","0","0","0",""
"1742","Urban design/environment","Concerning environmentally sustainable urban design.","","1742","SHB 1742","COMMITTEE","APP","false","H","Referred to Appropriations.","1","Dye","2025-02-18","2025-02-21","SFN","","0","0","0",""
"1743","Health providers/carceral","Enhancing opportunities for community-based providers to provide health care services in carceral settings.","","1743","HB 1743","COMMITTEE","APP","false","H","Referred to Appropriations.","1","Simmons","2025-01-30","2025-02-21","SFN,Loc","","0","0","0","4.92|43.7"
"1744 / 5644","Gift card criminal conduct","Deterring criminal conduct involving gift cards.","","1744","HB 1744","COMMITTEE","CS","true","H","First reading, referred to Community Safety.","1","Obras","2025-01-30","2025-01-30","","","0","0","0","9.94a.515|9a.56|9a.56.010|9a.60|9a.60.020"
"1744 / 5644","Gift card criminal conduct","Deterring criminal conduct involving gift cards.","","1744","SB 5644","COMMITTEE","L&J","true","S","First reading, referred to Law & Justice.","1","Wagoner","2025-02-03","2025-02-03","","","0","0","0","9.94a.515|9a.56|9a.56.010|9a.60|9a.60.020"
"1745","Election audits","Ensuring election integrity at the county level.","","1745","HB 1745","COMMITTEE","SGTR","true","H","First reading, referred to State Government & Tribal Relations.","1","Chase","2025-01-30","2025-01-30","SFN,Loc","","0","0","0",""
"1746","School local effort assist.","Providing local effort assistance for public schools.","","1746","HB 1746","COMMITTEE","APP","true","H","First reading, referred to Appropriations.","1","Springer","2025-01-30","2025-01-30","SFN","","0","0","0",""
"1747 / 5549","Job applicants and employees","Expanding protections for applicants and employees under the Washington fair chance act.","EHB 1747","1747","EHB 1747","ENACTED","","","","Effective date 7/27/2025.","1","Ortiz-Self","2025-01-30","2025-04-21","SFN","","0","0","0","49.94.005|49.94.010|49.94.030"
"1747 / 5549","Job applicants and employees","Expanding protections for applicants and employees under the Washington fair chance act.","EHB 1747","1747","SB 5549","COMMITTEE","L&C","true","S","First reading, referred to Labor & Commerce.","1","Saldaña","2025-01-28","2025-01-28","SFN","","0","0","0","49.94.005|49.94.010|49.94.030"
"1747","Job applicants and employees","Expanding protections for applicants and employees under the Washington fair chance act.","","1747","HB 1747","FLOOR","","","H","","0","Ortiz-Self","2025-01-30","","SFN","","0","0","0","49.94.005|49.94.010|49.94.030"
"1748 / 5589","Insurance & credit study","Conducting a study of credit history, credit-based insurance scores, and other rate factors in making rates for personal insurance.","","1748","HB 1748","COMMITTEE","CPB","true","H","First reading, referred to Consumer Protection & Business.","1","Salahuddin","2025-01-30","2025-01-30","SFN","O","0","0","0",""
"1748 / 5589","Insurance & credit study","Conducting a study of credit history, credit-based insurance scores, and other rate factors in making rates for personal insurance.","","1748","SB 5589","RULES","","","S","By resolution, returned to Senate Rules Committee for third reading.","1","Hasegawa","2025-01-30","2025-04-27","SFN","O","0","0","0",""
"1749","SEPA considerations","Ensuring consideration of climate change, carbon sequestration, environmental health disparities, and treaty-protected and cultural resources in the state environmental policy act.","","1749","HB 1749","COMMITTEE","E&E","true","H","First reading, referred to Environment & Energy.","1","Pollet","2025-01-30","2025-01-30","","","0","0","0",""
"1750","Voting rights act claims","Creating guidelines for voter suppression and vote dilution claims under the Washington voting rights act.","","1750","HB 1750","RULES","","","H","Referred to Rules 2 Review.","1","Hill","2025-01-30","2025-02-28","SFN,Loc","","0","0","0","29a.92|29a.92.005|29a.92.010|29a.92.020|29a.92.030|29a.92.040|29a.92.050|29a.92.060|29a.92.070|29a.92.080|29a.92.090|29a.92.100|29a.92.110|29a.92.130"
"1750","Voting rights act claims","Creating guidelines for voter suppression and vote dilution claims under the Washington voting rights act.","","1750","SHB 1750","RULES","","","H","Referred to Rules 2 Review.","1","Hill","2025-02-11","2025-02-28","SFN,Loc","","0","0","0","29a.92|29a.92.005|29a.92.010|29a.92.020|29a.92.030|29a.92.040|29a.92.050|29a.92.060|29a.92.070|29a.92.080|29a.92.090|29a.92.100|29a.92.110|29a.92.115|29a.92.120|29a.92.130|29a.92.700"
"1751","Course materials sales tax","Establishing a sales and use tax exemption for required course materials at public institutions of higher education.","","1751","HB 1751","COMMITTEE","FIN","true","H","First reading, referred to Finance.","1","Timmons","2025-01-30","2025-01-30","SFN,Loc","","0","0","0","82.08|82.12"
"1752","Juvenile misdemeanor jdx","Concerning concurrent jurisdiction for courts of limited jurisdiction over juvenile misdemeanor offenses.","","1752","HB 1752","COMMITTEE","ELHS","true","H","First reading, referred to Early Learning & Human Services.","1","Duerr","2025-01-31","2025-01-31","SFN,Loc","","0","0","0","13.04|13.04.030"
"1753","Child removal/opioid use","Addressing threats of harm to children by modifying the child removal standard related to another person's use or possession of a high-potency synthetic opioid.","","1753","HB 1753","COMMITTEE","ELHS","true","H","First reading, referred to Early Learning & Human Services.","1","Rule","2025-01-31","2025-01-31","","","0","0","0","13.34.065|13.34.130"
"1754","Medicare suppl./guaranteed","Requiring medicare supplemental insurance to be offered on a guaranteed issue basis during an open enrollment period.","","1754","HB 1754","COMMITTEE","HCW","true","H","First reading, referred to Health Care & Wellness.","1","Thai","2025-01-31","2025-01-31","SFN","","0","0","0",""
"1755","Coronary interventions/CN","Exempting elective percutaneous coronary intervention performed in certain hospitals owned or operated by a state entity from certificate of need requirements.","HB 1755","1755","HB 1755","ENACTED","","","","Effective date 7/27/2025.","1","Street","2025-01-31","2025-04-22","SFN","","0","0","0",""
"1756 / 5628","Lead in cookware","Concerning lead in cookware.","","1756","HB 1756","RULES","","","H","Referred to Rules 2 Review.","1","Street","2025-01-31","2025-02-20","SFN","","0","0","0","70a.565.010|70a.565.020"
"1756 / 5628","Lead in cookware","Concerning lead in cookware.","","1756","SB 5628","SUBSTITUTED","","","S","1st substitute bill substituted.","0","Harris","2025-02-03","2025-03-12","SFN","","0","0","0","70a.565.010|70a.565.020"
"1756","Lead in cookware","Concerning lead in cookware.","","1756","SHB 1756","RULES","","","H","Referred to Rules 2 Review.","1","Street","2025-02-18","2025-02-20","SFN","","0","0","0","70a.565.010|70a.565.020"
"1757","Residential use/existing","Modifying regulations for existing buildings used for residential purposes.","HB 1757","1757","HB 1757","ENACTED","","","","Effective date 7/27/2025.","1","Walen","2025-01-31","2025-05-07","SFN,Loc","","0","0","0","35.21.990|35a.21.440"
"1758","Aquatic land lease inflation","Calculating the inflation rate for aquatic land leases.","","1758","HB 1758","SUBSTITUTED","","","H","1st substitute bill substituted.","0","Parshley","2025-01-31","2025-03-10","SFN","","0","0","0",""
"1758","Aquatic land lease inflation","Calculating the inflation rate for aquatic land leases.","","1758","SHB 1758","RULES","","","H","By resolution, returned to House Rules Committee for third reading.","1","Parshley","2025-02-14","2025-04-27","","","0","0","0",""
"1759","Day of the 12s","Designating the twelfth day of December as the day of the 12s.","","1759","HB 1759","RULES","","","H","By resolution, returned to House Rules Committee for third reading.","1","Mena","2025-01-31","2025-04-27","","","0","0","0",""
"1760","Manufactured homes/org. sale","Removing barriers for organizations selling manufactured homes to low-income households.","HB 1760","1760","HB 1760","ENACTED","","","","Effective date 7/27/2025.","1","Volz","2025-01-31","2025-04-16","SFN,Loc","","0","0","0",""
"1761","Local elected official oaths","Concerning timing of the oath of office for local elected officials.","","1761","HB 1761","COMMITTEE","SGTR","true","H","First reading, referred to State Government & Tribal Relations.","1","Volz","2025-01-31","2025-01-31","","","0","0","0",""
"1762","Higher ed./residence req.","Prohibiting institutions of higher education from requiring students to live on campus.","","1762","HB 1762","COMMITTEE","PEW","true","H","First reading, referred to Postsecondary Education & Workforce.","1","Keaton","2025-01-31","2025-01-31","SFN","","0","0","0",""
"1763 / 5576","Affordable housing funding","Providing state funding for essential affordable housing programs.","","1763","HB 1763","COMMITTEE","FIN","true","H","First reading, referred to Finance.","1","Parshley","2025-01-31","2025-01-31","SFN,Loc","","0","0","0","67.28.181|82|82.14.410|82.32.145"
"1763 / 5576","Affordable housing funding","Providing state funding for essential affordable housing programs.","","1763","SB 5576","SUBSTITUTED","","","S","1st substitute bill substituted.","0","Lovelett","2025-01-29","2025-03-11","SFN,Loc","","0","0","0","67.28.181|82|82.14.410|82.32.145"
"1764 / 5578","Labor standards","Concerning labor standards.","","1764","HB 1764","COMMITTEE","LWS","true","H","First reading, referred to Labor & Workplace Standards.","1","Mena","2025-01-31","2025-01-31","SFN,Loc","","0","0","0","49.46|49.46.010|49.46.020|49.46.180|49.46.200|49.46.210|49.46.300"
"1764 / 5578","Labor standards","Concerning labor standards.","","1764","SB 5578","COMMITTEE","L&C","true","S","First reading, referred to Labor & Commerce.","1","Saldaña","2025-01-30","2025-01-30","SFN,Loc","","0","0","0","49.46|49.46.010|49.46.020|49.46.180|49.46.200|49.46.210|49.46.300"
"1765 / 5707","Subscriber emails/PRA","Exempting email addresses of individuals who subscribe to regular communications and updates from local agencies.","","1765","HB 1765","COMMITTEE","SGTR","true","H","First reading, referred to State Government & Tribal Relations.","1","Simmons","2025-01-31","2025-01-31","","","0","0","0",""
"1765 / 5707","Subscriber emails/PRA","Exempting email addresses of individuals who subscribe to regular communications and updates from local agencies.","","1765","SB 5707","COMMITTEE","STATE GOVERNMENT, TRIBAL AFFAIRS & ELECTIONS","true","S","First reading, referred to State Government, Tribal Affairs & Elections.","1","Short","2025-02-07","2025-02-07","","","0","0","0",""
"1766","Health carrier practices","Prohibiting certain contracting practices by a health carrier acting as a third-party administrator for self-insured coverage offered to public employees.","","1766","HB 1766","COMMITTEE","HCW","true","H","First reading, referred to Health Care & Wellness.","1","Macri","2025-01-31","2025-01-31","SFN","","0","0","0",""
"1767","School enrollment/funding","Concerning school enrollments for enrichment funding.","","1767","HB 1767","COMMITTEE","FIN","true","H","First reading, referred to Finance.","1","Zahn","2025-01-31","2025-01-31","","","0","0","0","28a.500.015|84.52.0531"
"1768","Manuf. housing purchases","Preserving manufactured housing communities by limiting purchases by certain entities.","","1768","HB 1768","COMMITTEE","APP","false","H","Referred to Appropriations.","1","Lekanoff","2025-01-31","2025-02-21","SFN","","0","0","0","19|19.86.140"
"1768","Manuf. housing purchases","Preserving manufactured housing communities by limiting purchases by certain entities.","","1768","SHB 1768","COMMITTEE","APP","false","H","Referred to Appropriations.","1","Lekanoff","2025-02-20","2025-02-21","SFN","","0","0","0","19|19.86.140"
"1769 / 5072","Abandoned vehicle auctions","Concerning abandoned vehicles sold at auctions conducted by registered tow truck operators.","","1769","HB 1769","RULES","","","H","Referred to Rules 2 Review.","1","Springer","2025-01-31","2025-02-27","SFN","","0","0","0","82.04|82.04.040|82.08"
"1769 / 5072","Abandoned vehicle auctions","Concerning abandoned vehicles sold at auctions conducted by registered tow truck operators.","","1769","SB 5072","COMMITTEE","WM","false","S","Referred to Ways & Means.","1","Warnick","2025-01-13","2025-01-22","SFN","","0","0","0","82.04|82.04.040|82.08"
"1770","Vision benefits","Concerning the administration of vision benefits.","","1770","HB 1770","COMMITTEE","HCW","true","H","First reading, referred to Health Care & Wellness.","1","Thai","2025-01-31","2025-01-31","","","0","0","0","41.05.017|48.2|48.200.020|48.43"
"1771 / 5505","Universal communications","Concerning the state universal communications services program.","","1771","HB 1771","COMMITTEE","TEDV","true","H","First reading, referred to Technology, Economic Development, & Veterans.","1","Shavers","2025-01-31","2025-01-31","","","0","0","0","80.36.300|80.36.630|80.36.650|80.36.660|80.36.670|80.36.680|80.36.690|80.36.700"
"1771 / 5505","Universal communications","Concerning the state universal communications services program.","","1771","SB 5505","COMMITTEE","EET","true","S","First reading, referred to Environment, Energy & Technology.","1","Chapman","2025-01-27","2025-01-27","SFN","","0","0","0","80.36.300|80.36.630|80.36.650|80.36.660|80.36.670|80.36.680|80.36.690|80.36.700"
"1772 / 5595","Shared streets","Establishing shared streets.","ESB 5595","1772","HB 1772","COMMITTEE","TRAN","true","H","First reading, referred to Transportation.","1","Reed","2025-01-31","2025-01-31","SFN,Loc","","0","0","0","46.61|46.61.110|46.61.240|46.61.250|46.61.415|46.61.770"
"1772 / 5595","Shared streets","Establishing shared streets.","ESB 5595","1772","ESB 5595","ENACTED","","","","Effective date 7/27/2025.","1","Alvarado","2025-01-30","2025-05-17","SFN,Loc","","0","0","0","46.61|46.61.110|46.61.240|46.61.250|46.61.415|46.61.770"
"1773 / 5626","Wage replacement","Creating a wage replacement program for certain Washington workers excluded from unemployment insurance.","","1773","HB 1773","COMMITTEE","APP","false","H","Referred to Appropriations.","1","Cortes","2025-01-31","2025-02-20","SFN","","0","0","0","42.56.410|50|50.24.014|50.29.025|50.29.041"
"1773 / 5626","Wage replacement","Creating a wage replacement program for certain Washington workers excluded from unemployment insurance.","","1773","SB 5626","COMMITTEE","WM","false","S","Referred to Ways & Means.","1","Saldaña","2025-01-31","2025-02-21","SFN","","0","0","0","42.56.410|50|50.24.014|50.29.025|50.29.041"
"1773","Wage replacement","Creating a wage replacement program for certain Washington workers excluded from unemployment insurance.","","1773","SHB 1773","COMMITTEE","APP","false","H","Referred to Appropriations.","1","Cortes","2025-02-14","2025-02-20","SFN","","0","0","0","42.56.410|50.24.014|50.29.025|50.29.041"
"1774","Lease of unused highway land","Modifying allowable terms for the lease of unused highway land.","SHB 1774","1774","HB 1774","SUBSTITUTED","","","H","1st substitute bill substituted.","0","Fey","2025-02-03","2025-03-04","SFN,Loc","","0","0","0",""
"1774","Lease of unused highway land","Modifying allowable terms for the lease of unused highway land.","SHB 1774","1774","SHB 1774","ENACTED","","","","Effective date 7/27/2025.","1","Fey","2025-02-20","2025-05-17","SFN,Loc","","0","0","0",""
"1775","Fur products","Prohibiting activities related to the production and manufacturing of fur products.","","1775","HB 1775","COMMITTEE","APP","false","H","Referred to Appropriations.","1","Walen","2025-02-03","2025-02-21","SFN","","0","0","0","16.72|16.72.010|16.72.020|16.72.030|16.72.040"
"1775","Fur products","Prohibiting activities related to the production and manufacturing of fur products.","","1775","SHB 1775","COMMITTEE","APP","false","H","Referred to Appropriations.","1","Walen","2025-02-19","2025-02-21","","","0","0","0","16.72|16.72.010|16.72.020"
"1776","Firearm check fee refunds","Providing reimbursement of firearm background check fees.","","1776","HB 1776","COMMITTEE","APP","true","H","First reading, referred to Appropriations.","1","Volz","2025-02-03","2025-02-03","SFN","","0","0","0",""
"1777","Apprenticeship approval","Concerning the requirements and process for approving and registering apprenticeship programs.","","1777","HB 1777","COMMITTEE","PEW","true","H","First reading, referred to Postsecondary Education & Workforce.","1","Schmidt","2025-02-03","2025-02-03","SFN","","0","0","0","49.04.010|49.04.030|49.04.035|49.04.040|49.04.050|49.04.060|49.04.065|49.04.070|49.04.080|49.04.090|49.04.100|49.04.110|49.04.120|49.04.130|49.04.141|49.04.150|49.04.160|49.04.170|49.04.180|49.04.190|49.04.200|49.04.210|49.04.220|49.04.230|49.04.240|49.04.250|49.04.260|49.04.270|49.04.280|49.04.290|49.04.300|49.04.910"
"1778","State sales tax revenues","Sharing state sales tax revenues with local governments and not increasing the state or local sales tax rate.","","1778","HB 1778","COMMITTEE","APP","true","H","First reading, referred to Appropriations.","1","Dufault","2025-02-03","2025-02-03","","","0","0","0","82.08|82.14.050"
"1779","Ag. employers/overtime","Authorizing agricultural employers to select 26 weeks a year to employ workers for up to 50 hours a week before overtime applies.","","1779","HB 1779","COMMITTEE","LWS","true","H","First reading, referred to Labor & Workplace Standards.","1","Dufault","2025-02-03","2025-02-03","","","0","0","0",""
"1780","Doctor title/health provider","Promoting accurate communications between patients and health care providers.","","1780","HB 1780","COMMITTEE","HCW","true","H","First reading, referred to Health Care & Wellness.","1","Marshall","2025-02-03","2025-02-03","","","0","0","0","18.71a.030|18.79.030"
"1781","PDC enforcement actions","Concerning enforcement actions by the public disclosure commission.","","1781","HB 1781","COMMITTEE","SGTR","true","H","First reading, referred to State Government & Tribal Relations.","1","Marshall","2025-02-03","2025-02-03","SFN","","0","0","0","29b.60.020|42.17a.755"
"1782","Campaign reporting timeline","Amending the timeline for reporting campaign contributions and expenditures.","","1782","HB 1782","RULES","","","H","Referred to Rules 2 Review.","1","Marshall","2025-02-03","2025-02-21","SFN","","0","0","0","29b.25.090|42.17a.235"
"1782","Campaign reporting timeline","Amending the timeline for reporting campaign contributions and expenditures.","","1782","SHB 1782","RULES","","","H","Referred to Rules 2 Review.","1","Marshall","2025-02-19","2025-02-21","SFN","","0","0","0","29b.25.090|29b.25.120|42.17a.235|42.17a.255"
"1783","Law enf. officers/colleges","Concerning law enforcement officers participating in college and technical school programs.","","1783","HB 1783","RULES","","","H","Returned to Rules Committee for second reading.","1","Mendoza","2025-02-03","2025-03-19","","","0","0","0","28b.50|42.52.120"
"1783","Law enf. officers/colleges","Concerning law enforcement officers participating in college and technical school programs.","","1783","SHB 1783","RULES","","","H","Returned to Rules Committee for second reading.","1","Mendoza","2025-02-19","2025-03-19","","","0","0","0","28b.50|42.52.120"
"1784","Certified medical assistants","Concerning certified medical assistants.","","1784","HB 1784","SUBSTITUTED","","","H","1st substitute bill substituted.","0","Marshall","2025-02-03","2025-03-05","SFN","","0","0","0","18.36|18.360.050|18.360.060"
"1784","Certified medical assistants","Concerning certified medical assistants.","","1784","SHB 1784","RULES","","","H","By resolution, returned to House Rules Committee for third reading.","1","Marshall","2025-02-18","2025-04-27","SFN","","0","0","0","18.36|18.360.010|18.360.050|18.360.060"
"1785","Excessive executive comp.","Imposing a surcharge on publicly traded companies providing excessive executive compensation.","","1785","HB 1785","COMMITTEE","FIN","true","H","First reading, referred to Finance.","1","Doglio","2025-02-03","2025-02-03","SFN","","0","0","0","82.04|82.16"
"1786","Public safety facilities","Adding public safety facilities to the allowable uses of revenues for local infrastructure financing projects.","","1786","HB 1786","COMMITTEE","FIN","true","H","First reading, referred to Finance.","1","Volz","2025-02-03","2025-02-03","","","0","0","0","39.102.020|39.104.020|39.114.010|39.89.020"
"1787","Substance use/commitment","Updating the involuntary treatment commitment standards for individuals suffering from a substance use disorder.","","1787","HB 1787","COMMITTEE","CRJ","true","H","First reading, referred to Civil Rights & Judiciary.","1","Griffey","2025-02-03","2025-02-03","","","0","0","0","71.05|71.05.020|71.34.020"
"1788 / 5548","Workers' compensation","Concerning workers' compensation benefits.","","1788","HB 1788","SUBSTITUTED","","","H","2nd substitute bill substituted.","0","Richards","2025-02-03","2025-03-05","SFN","","0","0","0","51.32.010|51.32.060"
"1788 / 5548","Workers' compensation","Concerning workers' compensation benefits.","","1788","SB 5548","RULES","","","S","Senate Rules ""X"" file.","1","Shewmake","2025-01-28","2025-03-17","SFN","","0","0","0","51.32.010|51.32.060"
"1788","Workers' compensation","Concerning workers' compensation benefits.","2SHB 1788","1788","SHB 1788","SUBSTITUTED","","","H","2nd substitute bill substituted.","0","Richards","2025-02-19","2025-03-05","SFN","","0","0","0","51.32.010|51.32.060"
"1788","Workers' compensation","Concerning workers' compensation benefits.","2SHB 1788","1788","2SHB 1788","ENACTED","","","","Effective date 7/1/2026.","1","Richards","2025-02-27","2025-04-25","SFN","","0","0","0","51.32.010|51.32.060"
"1789 / 5175","Photovoltaic modules","Concerning the photovoltaic module stewardship and takeback program.","","1789","HB 1789","COMMITTEE","E&E","true","H","First reading, referred to Environment & Energy.","1","Kloba","2025-02-03","2025-02-03","","D","0","0","0","70a.510|70a.510.010"
"1789 / 5175","Photovoltaic modules","Concerning the photovoltaic module stewardship and takeback program.","","1789","SB 5175","SUBSTITUTED","","","S","2nd substitute bill substituted.","0","Shewmake","2025-01-13","2025-03-05","SFN","D","0","0","0","70a.510|70a.510.010"
"1790","Defined benefit accrual","Increasing defined benefit accrual for specified years of service in the state retirement systems.","","1790","HB 1790","COMMITTEE","APP","true","H","First reading, referred to Appropriations.","1","Kloba","2025-02-03","2025-02-03","","","0","0","0","41.32.760|41.32.840|41.35.400|41.35.620|41.40.620|41.40.790"
"1791","Local real estate excise tax","Increasing the flexibility of existing funding sources to fund public safety and other facilities by modifying the local real estate excise tax.","SHB 1791","1791","HB 1791","SUBSTITUTED","","","H","1st substitute bill substituted.","0","Paul","2025-02-03","2025-03-06","SFN,Loc","","0","0","0","82.45.010|82.46.010|82.46.015|82.46.035|82.46.037"
"1791","Local real estate excise tax","Increasing the flexibility of existing funding sources to fund public safety and other facilities by modifying the local real estate excise tax.","SHB 1791","1791","SHB 1791","ENACTED","","","","Effective date 7/27/2025*.","1","Paul","2025-02-26","2025-04-24","SFN,Loc","","0","0","0","82.45.010|82.46.010|82.46.015|82.46.035|82.46.037"
"1792 / 5051","Nursing assistant regulation","Consolidating regulatory authority for nursing assistants.","SB 5051","1792","HB 1792","COMMITTEE","HCW","true","H","First reading, referred to Health Care & Wellness.","1","Obras","2025-02-03","2025-02-03","","O","0","0","0","18.130.040|18.79.070|18.88a.020|18.88a.030|18.88a.040|18.88a.050|18.88a.060|18.88a.080|18.88a.082|18.88a.085|18.88a.087|18.88a.088|18.88a.090|18.88a.100|18.88a.110|18.88a.120|18.88a.150|18.88a.210|18.88b.060"
"1792 / 5051","Nursing assistant regulation","Consolidating regulatory authority for nursing assistants.","SB 5051","1792","SB 5051","ENACTED","","","","Effective date 7/1/2026*.","1","Bateman","2025-01-13","2025-04-04","SFN","O","0","0","0","18.130.040|18.79.070|18.88a.020|18.88a.030|18.88a.040|18.88a.050|18.88a.060|18.88a.080|18.88a.082|18.88a.085|18.88a.087|18.88a.088|18.88a.090|18.88a.100|18.88a.110|18.88a.120|18.88a.150|18.88a.210|18.88b.060"
"1793 / 5419","Reports of fire losses","Modifying reports of fire losses.","","1793","HB 1793","RULES","","","H","Referred to Rules 2 Review.","1","Griffey","2025-02-03","2025-02-21","SFN,Loc","O","0","0","0","42.56.400|48.05.320|48.50.040"
"1793 / 5419","Reports of fire losses","Modifying reports of fire losses.","","1793","SB 5419","SUBSTITUTED","","","S","1st substitute bill substituted.","0","Lovick","2025-01-22","2025-02-28","SFN,Loc","O","0","0","0","42.56.400|48.05.320|48.50.040"
"1793","Reports of fire losses","Modifying reports of fire losses.","","1793","SHB 1793","RULES","","","H","Referred to Rules 2 Review.","1","Griffey","2025-02-19","2025-02-21","","O","0","0","0","42.56.400|48.05.320|48.50.040"
"1794","OFM, eliminating","Eliminating the office of financial management.","","1794","HB 1794","COMMITTEE","APP","true","H","First reading, referred to Appropriations.","1","Dufault","2025-02-03","2025-02-03","SFN","","0","0","0","43.41|43.41.030|43.41.040|43.41.050|43.41.060|43.41.070|43.41.080|43.41.100|43.41.102|43.41.104|43.41.106|43.41.110|43.41.113|43.41.120|43.41.160|43.41.170|43.41.180|43.41.260|43.41.270|43.41.275|43.41.391|43.41.392|43.41.393|43.41.394|43.41.399|43.41.400|43.41.405|43.41.410|43.41.415|43.41.420|43.41.423|43.41.425|43.41.430|43.41.433|43.41.435|43.41.440|43.41.450|43.41.455|43.41.460|43.41.470|43.41.472|43.41.970"
"1795 / 5654","Student restraint, isolation","Addressing restraint or isolation of students in public schools and educational programs.","","1795","HB 1795","COMMITTEE","APP","false","H","Referred to Appropriations.","1","Callan","2025-02-03","2025-02-20","SFN","","0","0","0","28a.155.210|28a.155.250|28a.300|28a.310|28a.320.127|28a.410|28a.413.050|28a.415.330|28a.415.445|28a.600|28a.600.485|28a.600.486"
"1795 / 5654","Student restraint, isolation","Addressing restraint or isolation of students in public schools and educational programs.","","1795","SB 5654","COMMITTEE","ELK12","true","S","First reading, referred to Early Learning & K-12 Education.","1","Wilson, C.","2025-02-04","2025-02-04","SFN","","0","0","0","28a.155.210|28a.155.250|28a.300|28a.310|28a.320.127|28a.410|28a.413.050|28a.415.330|28a.415.445|28a.600|28a.600.485|28a.600.486"
"1796 / 5095","School construction debt","Concerning school districts' authority to contract indebtedness for school construction.","","1796","HB 1796","RULES","","","H","By resolution, returned to House Rules Committee for third reading.","1","Callan","2025-02-03","2025-04-27","SFN,Loc","","0","0","0",""
"1796 / 5095","School construction debt","Concerning school districts' authority to contract indebtedness for school construction.","","1796","SB 5095","RULES","","","S","Senate Rules ""X"" file.","1","Dhingra","2025-01-13","2025-03-17","SFN","","0","0","0",""
"1797","DCYF & law enforcement","Concerning cooperation by the department of children, youth, and families with law enforcement.","","1797","HB 1797","COMMITTEE","ELHS","true","H","First reading, referred to Early Learning & Human Services.","1","Burnett","2025-02-03","2025-02-03","","","0","0","0",""
"1798","Firefighters' pension boards","Enabling county auditors and county treasurers to have designees appointed to firefighters' pension boards.","","1798","HB 1798","RULES","","","H","Returned to Rules Committee for second reading.","1","Volz","2025-02-03","2025-03-19","","","0","0","0",""
"1799","Violent firearm offenses","Concerning persons convicted of violent offenses with a firearm.","","1799","HB 1799","COMMITTEE","CS","true","H","First reading, referred to Community Safety.","1","Graham","2025-02-03","2025-02-03","","","0","0","0",""
"1800","Homeless housing grants","Establishing accountability requirements for homeless housing grant programs.","","1800","HB 1800","COMMITTEE","HSG","true","H","First reading, referred to Housing.","1","Graham","2025-02-03","2025-02-03","","","0","0","0",""
"1801","Sentencing guidelines commn.","Including legislative members in the voting membership of the sentencing guidelines commission.","","1801","HB 1801","COMMITTEE","CS","true","H","First reading, referred to Community Safety.","1","Graham","2025-02-03","2025-02-03","","","0","0","0",""
"1802","Obstructing first responder","Prohibiting obstructing a law enforcement officer or other first responder.","","1802","HB 1802","COMMITTEE","CS","true","H","First reading, referred to Community Safety.","1","Graham","2025-02-03","2025-02-03","","","0","0","0",""
"1803","Safety of youth sports","Promoting safety of youth sports.","","1803","HB 1803","COMMITTEE","ELHS","true","H","First reading, referred to Early Learning & Human Services.","1","Rule","2025-02-03","2025-02-03","","","0","0","0","26.44|26.44.020|26.44.030|28a.600|43.43.830|43.43.834"
"1804 / 5634","Community solar projects","Improving accessibility of community solar projects in Washington state.","","1804","HB 1804","COMMITTEE","FIN","false","H","Referred to Finance.","1","Fey","2025-02-03","2025-02-21","SFN,Loc","","0","0","0","80.28.370|82.16.170|82.16.182|82.16.183|82.16.184"
"1804 / 5634","Community solar projects","Improving accessibility of community solar projects in Washington state.","","1804","SB 5634","COMMITTEE","EET","true","S","First reading, referred to Environment, Energy & Technology.","1","Lovelett","2025-02-03","2025-02-03","SFN,Loc","","0","0","0","80.28.370|82.16.170|82.16.182|82.16.183|82.16.184"
"1804","Community solar projects","Improving accessibility of community solar projects in Washington state.","","1804","SHB 1804","COMMITTEE","FIN","false","H","Referred to Finance.","1","Fey","2025-02-20","2025-02-21","SFN,Loc","","0","0","0","80.28.370|82.16.170|82.16.182|82.16.183|82.16.184"
"1805","Children services/local tax","Creating a local sales and use tax to fund services for children and families that enhance well-being, promote mental health, and provide early interventions.","","1805","HB 1805","RULES","","","H","Referred to Rules 2 Review.","1","Tharinger","2025-02-03","2025-02-28","SFN,Loc","","0","0","0",""
"1806","Commercial fishing revenue","Ensuring that commercial fishing revenue benefits communities most dependent on the industry.","","1806","HB 1806","COMMITTEE","APP","false","H","Referred to Appropriations.","1","Tharinger","2025-02-03","2025-02-26","SFN,Loc","","0","0","0",""
"1806","Commercial fishing revenue","Ensuring that commercial fishing revenue benefits communities most dependent on the industry.","","1806","SHB 1806","COMMITTEE","APP","false","H","Referred to Appropriations.","1","Tharinger","2025-02-25","2025-02-26","SFN,Loc","","0","0","0",""
"1807","Catered events with alcohol","Regarding catered events with alcohol.","","1807","HB 1807","COMMITTEE","CPB","true","H","First reading, referred to Consumer Protection & Business.","1","Springer","2025-02-03","2025-02-03","SFN","","0","0","0",""
"1808","Homeownership revolving loan","Creating an affordable homeownership revolving loan fund program.","","1808","HB 1808","COMMITTEE","CAP","false","H","Referred to Capital Budget.","1","Zahn","2025-02-03","2025-02-21","SFN","","0","0","0",""
"1808","Homeownership revolving loan","Creating an affordable homeownership revolving loan fund program.","","1808","SHB 1808","COMMITTEE","CAP","false","H","Referred to Capital Budget.","1","Zahn","2025-02-18","2025-02-21","SFN","","0","0","0","43|43.84.092"
"1809","Behavioral health response","Professionalizing first responders and co-responders through training and reimbursement for behavioral health emergency response.","","1809","HB 1809","COMMITTEE","HCW","true","H","First reading, referred to Health Care & Wellness.","1","Nance","2025-02-03","2025-02-03","SFN,Loc","","0","0","0","18.71.205|18.73|71.24|71.24.905"
"1810","Seismic hazard risk, reduce","Concerning seismic hazard risk reduction.","","1810","HB 1810","COMMITTEE","APP","true","H","First reading, referred to Appropriations.","1","Donaghy","2025-02-03","2025-02-03","","","0","0","0",""
"1811","Crisis co-response","Enhancing crisis response services through co-response integration and support.","SHB 1811","1811","HB 1811","SUBSTITUTED","","","H","1st substitute bill substituted.","0","Salahuddin","2025-02-03","2025-03-04","SFN,Loc","","0","0","0","5.60.060|51.32.181|71.24|71.24.025"
"1811","Crisis co-response","Enhancing crisis response services through co-response integration and support.","SHB 1811","1811","SHB 1811","ENACTED","","","","Effective date 7/27/2025.","1","Salahuddin","2025-02-19","2025-05-19","SFN,Loc","","0","0","0","5.60.060|51.32.181|71.24.025|71.24.905"
"1812","Anesthesia services","Concerning patient-centered equitable access to anesthesia services and reimbursement.","","1812","HB 1812","COMMITTEE","HCW","true","H","First reading, referred to Health Care & Wellness.","1","Rule","2025-02-04","2025-02-04","","","0","0","0","41.05.017|48.43|74.09"
"1813","Medical assist reprocurement","Concerning the reprocurement of medical assistance services, including the realignment of behavioral health crisis services for medicaid enrollees.","E2SHB 1813","1813","HB 1813","SUBSTITUTED","","","H","2nd substitute bill substituted.","0","Macri","2025-02-04","2025-03-11","SFN","","0","0","0","71.24.045|71.24.380|74.09|74.09.871"
"1813","Medical assist reprocurement","Concerning the reprocurement of medical assistance services, including the realignment of behavioral health crisis services for medicaid enrollees.","E2SHB 1813","1813","SHB 1813","SUBSTITUTED","","","H","2nd substitute bill substituted.","0","Macri","2025-02-18","2025-03-11","SFN","","0","0","0","71.24.045|71.24.380|74.09|74.09.871"
"1813","Medical assist reprocurement","Concerning the reprocurement of medical assistance services, including the realignment of behavioral health crisis services for medicaid enrollees.","E2SHB 1813","1813","2SHB 1813","OTHER","","","H","","0","Macri","2025-02-28","","SFN","","0","0","0","71.24.045|71.24.380|74.09"
"1813","Medical assist reprocurement","Concerning the reprocurement of medical assistance services, including the realignment of behavioral health crisis services for medicaid enrollees.","E2SHB 1813","1813","E2SHB 1813","ENACTED","","","","Effective date 7/27/2025.","1","Macri","2025-02-28","2025-05-12","SFN","","0","0","0","71.24.045|71.24.380|74.09"
"1814","SEPA/trails and paths","Streamlining certain decisions pertaining to the development or extension of a trail or path from the state environmental policy act.","","1814","HB 1814","FLOOR","","","H","","0","Fitzgibbon","2025-02-04","","SFN,Loc","","0","0","0",""
"1814","SEPA/trails and paths","Streamlining certain decisions pertaining to the development or extension of a trail or path from the state environmental policy act.","","1814","EHB 1814","RULES","","","H","By resolution, returned to House Rules Committee for third reading.","1","Fitzgibbon","2025-02-04","2025-04-27","SFN,Loc","","0","0","0",""
"1815","Prison riot offenses","Concerning prison riot offenses.","ESHB 1815","1815","HB 1815","SUBSTITUTED","","","H","1st substitute bill substituted.","0","Peterson","2025-02-04","2025-03-12","SFN,Loc","","0","0","0","13.4|9.94.049|9.94a|9.94a.640"
"1815","Prison riot offenses","Concerning prison riot offenses.","ESHB 1815","1815","SHB 1815","OTHER","","","H","","0","Peterson","2025-02-18","","SFN,Loc","","0","0","0","13.4|9.94.049|9.94a|9.94a.640"
"1815","Prison riot offenses","Concerning prison riot offenses.","ESHB 1815","1815","ESHB 1815","ENACTED","","","","Effective date 4/25/2025.","1","Peterson","2025-02-18","2025-04-25","SFN,Loc","","0","0","0","13.4|9.94.049|9.94a|9.94a.640"
"1816","Civilian crisis resp. teams","Concerning civilian-staffed crisis response teams.","","1816","HB 1816","RULES","","","H","Returned to Rules Committee for second reading.","1","Scott","2025-02-04","2025-03-19","SFN,Loc","","0","0","0","38.52|42.56.230"
"1816","Civilian crisis resp. teams","Concerning civilian-staffed crisis response teams.","","1816","SHB 1816","RULES","","","H","Returned to Rules Committee for second reading.","1","Scott","2025-02-18","2025-03-19","SFN,Loc","","0","0","0","38.52|42.56.230"
"1817 / 5386","Schools/sexual assault","Supporting survivors of sexual assault in public elementary and secondary schools.","","1817","HB 1817","RULES","","","H","Returned to Rules Committee for second reading.","1","Scott","2025-02-04","2025-03-19","SFN","","0","0","0","28a.300|28a.400.317|28a.640"
"1817 / 5386","Schools/sexual assault","Supporting survivors of sexual assault in public elementary and secondary schools.","","1817","SB 5386","RULES","","","S","Senate Rules ""X"" file.","1","Orwall","2025-01-21","2025-03-17","SFN","","0","0","0","28a.300|28a.400.317|28a.640"
"1817","Schools/sexual assault","Supporting survivors of sexual assault in public elementary and secondary schools.","","1817","SHB 1817","RULES","","","H","Returned to Rules Committee for second reading.","1","Scott","2025-02-18","2025-03-19","SFN","","0","0","0","28a.300|28a.400.317|28a.640"
"1818","Administration of plats","Concerning the administration of plats.","","1818","HB 1818","COMMITTEE","LG","true","H","First reading, referred to Local Government.","1","Penner","2025-02-04","2025-02-04","SFN,Loc","","0","0","0","58.17|58.17.010|58.17.020|58.17.030|58.17.033|58.17.035|58.17.040|58.17.040|58.17.060|58.17.065|58.17.070|58.17.080|58.17.090|58.17.092|58.17.095|58.17.100|58.17.110|58.17.120|58.17.130|58.17.140|58.17.150|58.17.155|58.17.160|58.17.165|58.17.170|58.17.180|58.17.190|58.17.195|58.17.200|58.17.210|58.17.212|58.17.215|58.17.217|58.17.225|58.17.240|58.17.250|58.17.255|58.17.275|58.17.280|58.17.310|58.17.320|58.17.330"
"1819","Transmission capacity","Increasing transmission capacity.","","1819","HB 1819","SUBSTITUTED","","","H","1st substitute bill substituted.","0","Barnard","2025-02-04","2025-03-12","SFN,Loc","","0","0","0","19.280.030|43.21c|80.28"
"1819","Transmission capacity","Increasing transmission capacity.","","1819","SHB 1819","OTHER","","","H","","0","Barnard","2025-02-18","","SFN,Loc","","0","0","0","19.280.030|43.21c"
"1819","Transmission capacity","Increasing transmission capacity.","","1819","ESHB 1819","RULES","","","H","By resolution, returned to House Rules Committee for third reading.","1","Barnard","2025-02-18","2025-04-27","SFN,Loc","","0","0","0","19.280.030|43.21c"
"1820","Family vlogs/minor children","Protecting the interests of minor children featured on for-profit family vlogs.","","1820","HB 1820","COMMITTEE","CRJ","true","H","First reading, referred to Civil Rights & Judiciary.","1","Reeves","2025-02-04","2025-02-04","","","0","0","0","63.6|63.60.020|63.60.040"
"1821","Interested party/prev. wage","Expanding the definition of ""interested party"" for the purposes of prevailing wage laws.","SHB 1821","1821","HB 1821","SUBSTITUTED","","","H","1st substitute bill substituted.","0","Cortes","2025-02-04","2025-03-07","SFN","","0","0","0","39.12.010|39.12.120"
"1821","Interested party/prev. wage","Expanding the definition of ""interested party"" for the purposes of prevailing wage laws.","SHB 1821","1821","SHB 1821","ENACTED","","","","Effective date 7/27/2025*.","1","Cortes","2025-02-19","2025-04-21","SFN","","0","0","0","39.12.010|39.12.120"
"1822 / 5717","Driver course/work zones","Establishing a driver work zone and first responder safety course requirement.","","1822","HB 1822","SUBSTITUTED","","","H","1st substitute bill substituted.","0","Low","2025-02-04","2025-03-12","SFN","","0","0","0","43.59|46.2|46.20.075|46.63.200"
"1822 / 5717","Driver course/work zones","Establishing a driver work zone and first responder safety course requirement.","","1822","SB 5717","COMMITTEE","TRAN","true","S","First reading, referred to Transportation.","1","Lovick","2025-02-10","2025-02-10","SFN","","0","0","0","43.59|46.2|46.20.075|46.63.200"
"1822","Driver course/work zones","Establishing a driver work zone and first responder safety course requirement.","","1822","SHB 1822","RULES","","","H","By resolution, returned to House Rules Committee for third reading.","1","Low","2025-02-20","2025-04-27","SFN","","0","0","0","46.2|46.20.075|46.63.200"
"1823","Transp. improvement board","Modifying transportation improvement board provisions.","","1823","HB 1823","RULES","","","H","Returned to Rules Committee for second reading.","1","Low","2025-02-04","2025-03-19","","","0","0","0","47.26.084|47.26.086|47.26.121|47.26.140|47.26.170|47.26.300|47.26.420|47.26.500"
"1824","Accredited birthing centers","Concerning inspections for accredited birthing centers.","SHB 1824","1824","HB 1824","SUBSTITUTED","","","H","1st substitute bill substituted.","0","Barnard","2025-02-04","2025-03-04","SFN,Loc","","0","0","0",""
"1824","Accredited birthing centers","Concerning inspections for accredited birthing centers.","SHB 1824","1824","SHB 1824","ENACTED","","","","Effective date 7/27/2025.","1","Barnard","2025-02-19","2025-04-16","SFN,Loc","","0","0","0",""
"1825","Grizzly bear management","Concerning grizzly bear management.","","1825","HB 1825","COMMITTEE","AGNR","true","H","First reading, referred to Agriculture & Natural Resources.","1","Springer","2025-02-04","2025-02-04","SFN","","0","0","0",""
"1826 / 5680","Mobility equipment repair","Establishing a right to repair for mobility equipment for persons with physical disabilities.","SB 5680","1826","HB 1826","RULES","","","H","Referred to Rules 2 Review.","1","Gregerson","2025-02-04","2025-02-21","SFN","","0","0","0",""
"1826 / 5680","Mobility equipment repair","Establishing a right to repair for mobility equipment for persons with physical disabilities.","SB 5680","1826","SB 5680","ENACTED","","","","Effective date 7/27/2025.","1","Hansen","2025-02-06","2025-05-19","SFN","","0","0","0",""
"1827","Basic education/juv. justice","Concerning the effective delivery and administration of basic education services to justice-involved students.","SHB 1827","1827","HB 1827","SUBSTITUTED","","","H","1st substitute bill substituted.","0","Callan","2025-02-04","2025-03-04","SFN","","0","0","0","28a.190.150|28a.300.040|28a.300.850"
"1827","Basic education/juv. justice","Concerning the effective delivery and administration of basic education services to justice-involved students.","SHB 1827","1827","SHB 1827","ENACTED","","","","Effective date 7/27/2025.","1","Callan","2025-02-17","2025-04-16","SFN","","0","0","0","28a.190.150|28a.300.040|28a.300.850"
"1828 / 5657","Plasma donation/physicians","Authorizing certain health professions to act as physician substitutes for plasma source donation centers.","","1828","HB 1828","COMMITTEE","HCW","true","H","First reading, referred to Health Care & Wellness.","1","Obras","2025-02-04","2025-02-04","","","0","0","0","18.360.040|18.360.050"
"1828 / 5657","Plasma donation/physicians","Authorizing certain health professions to act as physician substitutes for plasma source donation centers.","","1828","SB 5657","COMMITTEE","HLTC","true","S","First reading, referred to Health & Long-Term Care.","1","Harris","2025-02-04","2025-02-04","","","0","0","0","18.360.040|18.360.050"
"1829 / 5585","Tribal warrants","Concerning tribal warrants.","","1829","HB 1829","SUBSTITUTED","","","H","1st substitute bill substituted.","0","Lekanoff","2025-02-04","2025-03-05","SFN,Loc","","0","0","0","10.32|10.32.010|10.32.070|10.32.090|10.32.100|10.32.130|9a.72.010"
"1829 / 5585","Tribal warrants","Concerning tribal warrants.","","1829","SB 5585","COMMITTEE","L&J","true","S","First reading, referred to Law & Justice.","1","Dhingra","2025-01-30","2025-01-30","SFN,Loc","","0","0","0","10.32|10.32.010|10.32.070|10.32.090|10.32.100|10.32.130|9a.72.010"
"1829","Tribal warrants","Concerning tribal warrants.","ESHB 1829","1829","SHB 1829","OTHER","","","H","","0","Lekanoff","2025-02-20","","SFN,Loc","","0","0","0","10.32|10.32.010|10.32.070|10.32.090|10.32.100|10.32.130|9a.72.010"
"1829","Tribal warrants","Concerning tribal warrants.","ESHB 1829","1829","ESHB 1829","ENACTED","","","","Effective date 7/27/2025.","1","Lekanoff","2025-02-20","2025-05-13","SFN,Loc","","0","0","0","10.32|10.32.010|10.32.070|10.32.090|10.32.100|10.32.130|9a.72.010"
"1830 / 5730","Dev. disabilities/rec checks","Concerning record checks for certain volunteers and contractors who will have access to children or persons with developmental disabilities.","","1830","HB 1830","COMMITTEE","ED","true","H","First reading, referred to Education.","1","Richards","2025-02-04","2025-02-04","SFN","","0","0","0","28a.400.303|28a.400.305"
"1830 / 5730","Dev. disabilities/rec checks","Concerning record checks for certain volunteers and contractors who will have access to children or persons with developmental disabilities.","","1830","SB 5730","COMMITTEE","ELK12","true","S","First reading, referred to Early Learning & K-12 Education.","1","Liias","2025-02-11","2025-02-11","","","0","0","0","28a.400.303|28a.400.305"
"1831 / 5408","Wage and salary disclosures","Allowing for corrections to wage and salary disclosures.","","1831","HB 1831","COMMITTEE","LWS","true","H","First reading, referred to Labor & Workplace Standards.","1","Springer","2025-02-04","2025-02-04","","","0","0","0",""
"1831 / 5408","Wage and salary disclosures","Allowing for corrections to wage and salary disclosures.","","1831","SB 5408","SUBSTITUTED","","","S","1st substitute bill substituted.","0","King","2025-01-21","2025-02-28","SFN","","0","0","0",""
"1832","Student performance","Improving student performance and success.","","1832","HB 1832","COMMITTEE","ED","true","H","First reading, referred to Education.","1","Keaton","2025-02-04","2025-02-04","","","0","0","0","28a.150.220|28a.165|28a.165.100|28a.300|28a.300.290|28a.300.300|28a.300.330|28a.300.340|28a.300.530|28a.300.570|28a.300.720|28a.320.202|28a.320.202|28a.320.260|28a.400.200|28a.405|28a.405.415|28a.410|28a.410.285|28a.415.265|28a.415.350|28a.415.360|28a.415.400|28a.630|28a.655.230|28a.655.235|28a.710|28a.715|28b.10.033|28b.10.033"
"1833","AI grant program","Creating an artificial intelligence grant program.","","1833","HB 1833","SUBSTITUTED","","","H","1st substitute bill substituted.","0","Keaton","2025-02-04","2025-03-05","SFN","","0","0","0",""
"1833","AI grant program","Creating an artificial intelligence grant program.","","1833","SHB 1833","RULES","","","H","By resolution, returned to House Rules Committee for third reading.","1","Keaton","2025-02-27","2025-04-27","SFN","","0","0","0",""
"1834 / 5708","Online services/minors","Protecting Washington children online.","","1834","HB 1834","RULES","","","H","Returned to Rules Committee for second reading.","1","Callan","2025-02-04","2025-03-19","SFN","D","0","0","0",""
"1834 / 5708","Online services/minors","Protecting Washington children online.","","1834","SB 5708","SUBSTITUTED","","","S","1st substitute bill substituted.","0","Frame","2025-02-07","2025-03-12","SFN","D","0","0","0",""
"1834","Online services/minors","Protecting Washington children online.","","1834","SHB 1834","RULES","","","H","Returned to Rules Committee for second reading.","1","Callan","2025-02-21","2025-03-19","SFN","D","0","0","0",""
"1834","Online services/minors","Protecting Washington children online.","","1834","2SHB 1834","RULES","","","H","Returned to Rules Committee for second reading.","1","Callan","2025-02-28","2025-03-19","SFN","D","0","0","0",""
"1835","Cannabis licensing/zoning","Aligning cannabis licensing decisions by the liquor and cannabis board with local zoning ordinances.","","1835","HB 1835","COMMITTEE","CPB","true","H","First reading, referred to Consumer Protection & Business.","1","Burnett","2025-02-04","2025-02-04","SFN,Loc","","0","0","0","69.50.331|69.51a.250"
"1836 / 5400","Local news journalism","Supporting local news journalism.","","1836","HB 1836","COMMITTEE","FIN","true","H","First reading, referred to Finance.","1","Ramel","2025-02-04","2025-02-04","SFN","","0","0","0","43.79.195|82.04.299"
"1836 / 5400","Local news journalism","Supporting local news journalism.","","1836","SB 5400","COMMITTEE","WM","false","S","Referred to Ways & Means.","1","Liias","2025-01-21","2025-02-18","SFN","","0","0","0","43.79.195|82.04.299"
"1837 / 5667","Intercity passenger rail","Establishing intercity passenger rail improvement priorities.","","1837","HB 1837","SUBSTITUTED","","","H","1st substitute bill substituted.","0","Reed","2025-02-04","2025-03-12","SFN","","0","0","0",""
"1837 / 5667","Intercity passenger rail","Establishing intercity passenger rail improvement priorities.","","1837","SB 5667","COMMITTEE","TRAN","true","S","First reading, referred to Transportation.","1","Valdez","2025-02-05","2025-02-05","SFN","","0","0","0",""
"1837","Intercity passenger rail","Establishing intercity passenger rail improvement priorities.","ESHB 1837","1837","SHB 1837","OTHER","","","H","","0","Reed","2025-02-27","","SFN","","0","0","0",""
"1837","Intercity passenger rail","Establishing intercity passenger rail improvement priorities.","ESHB 1837","1837","ESHB 1837","ENACTED","","","","Effective date 7/27/2025.","1","Reed","2025-02-27","2025-05-19","SFN","","0","0","0",""
"1838","College grant/cert. programs","Expanding access to the Washington college grant to students enrolled in certificate programs for high-demand fields.","","1838","HB 1838","COMMITTEE","APP","true","H","First reading, referred to Appropriations.","1","Parshley","2025-02-05","2025-02-05","SFN","","0","0","0",""
"1839","Advanced computing surcharge","Increasing the investments in our workforce by amending the advanced computing surcharge.","","1839","HB 1839","COMMITTEE","FIN","true","H","First reading, referred to Finance.","1","Reed","2025-02-05","2025-02-05","SFN","","0","0","0",""
"1840 / 5471","Middle housing","Authorizing middle housing in unincorporated growth areas and unincorporated urban growth areas, certain limited areas of more intensive rural development, and fully contained communities.","ESB 5471","1840","HB 1840","COMMITTEE","HSG","true","H","First reading, referred to Housing.","1","Peterson","2025-02-05","2025-02-05","SFN,Loc","","0","0","0","36.70a|36.70a.280|43.21c.495"
"1840 / 5471","Middle housing","Authorizing middle housing in unincorporated growth areas and unincorporated urban growth areas, certain limited areas of more intensive rural development, and fully contained communities.","ESB 5471","1840","ESB 5471","ENACTED","","","","Effective date 7/27/2025.","1","Goehner","2025-01-23","2025-05-20","SFN,Loc","","0","0","0","36.70a|36.70a.280|43.21c.495"
"1841","Art purchase program","Establishing the own your own art purchase program.","","1841","HB 1841","RULES","","","H","Referred to Rules 2 Review.","1","Wylie","2025-02-05","2025-02-28","SFN","","0","0","0",""
"1841","Art purchase program","Establishing the own your own art purchase program.","","1841","SHB 1841","RULES","","","H","Referred to Rules 2 Review.","1","Wylie","2025-02-25","2025-02-28","SFN","","0","0","0",""
"1842","Captive insurers/PUDs","Allowing public utility districts to form, own, or use captive insurers.","HB 1842","1842","HB 1842","ENACTED","","","","Effective date 7/27/2025.","1","Steele","2025-02-05","2025-04-16","SFN,Loc","","0","0","0","48.201.020|48.62.011|48.62.031|54.04"
"1843 / 5540","Students/unemployment ins.","Concerning students' eligibility to receive unemployment insurance benefits.","","1843","HB 1843","RULES","","","H","Referred to Rules 2 Review.","1","Entenman","2025-02-05","2025-02-20","SFN","","0","0","0",""
"1843 / 5540","Students/unemployment ins.","Concerning students' eligibility to receive unemployment insurance benefits.","","1843","SB 5540","RULES","","","S","Senate Rules ""X"" file.","1","Hasegawa","2025-01-28","2025-03-17","SFN","","0","0","0",""
"1844 / 5601","Alternative jet fuels","Advancing the production and use of alternative jet fuels in Washington.","","1844","HB 1844","COMMITTEE","E&E","true","H","First reading, referred to Environment & Energy.","1","Gregerson","2025-02-05","2025-02-05","","","0","0","0","43.21c.535|43.330.570|70a.535|82.29a|82.89.010|84.36"
"1844 / 5601","Alternative jet fuels","Advancing the production and use of alternative jet fuels in Washington.","","1844","SB 5601","COMMITTEE","WM","false","S","Referred to Ways & Means.","1","Liias","2025-01-30","2025-02-18","SFN,Loc","","0","0","0","43.21c.535|43.330.570|70a.535|82.29a|82.89.010|84.36"
"1845","Cash assistance payments","Concerning payment standards for cash assistance programs.","","1845","HB 1845","COMMITTEE","ELHS","true","H","First reading, referred to Early Learning & Human Services.","1","Scott","2025-02-05","2025-02-05","","","0","0","0",""
"1846","Sounders FC license plate","Modifying the fee disposition for the Seattle Sounders FC special license plate.","","1846","HB 1846","COMMITTEE","TRAN","true","H","First reading, referred to Transportation.","1","Richards","2025-02-05","2025-02-05","SFN","","0","0","0",""
"1847","Distributed alt. energy dev.","Prioritizing the development of distributed alternative energy resources in targeted circumstances.","","1847","HB 1847","COMMITTEE","APP","false","H","Referred to Appropriations.","1","Doglio","2025-02-05","2025-02-27","SFN,Loc","","0","0","0","19.280.030|19.405.060|19.405.090|35.21|35a.21|36.34|36.70a.060|36.70a.177|43.19|43.20a|43.216|43.21c.530|43.21f|43.3|43.33|47.01|53.08|72.09|77.04|79a.05|82.29a|84.34.020|84.34.070"
"1847","Distributed alt. energy dev.","Prioritizing the development of distributed alternative energy resources in targeted circumstances.","","1847","SHB 1847","COMMITTEE","APP","false","H","Referred to Appropriations.","1","Doglio","2025-02-18","2025-02-27","SFN,Loc","","0","0","0","43.21c.530|43.21f|84.34.020|84.34.070"
"1847","Distributed alt. energy dev.","Prioritizing the development of distributed alternative energy resources in targeted circumstances.","","1847","2SHB 1847","COMMITTEE","APP","false","H","Referred to Appropriations.","1","Doglio","2025-02-26","2025-02-27","SFN,Loc","","0","0","0","43.21c.530|43.21f|84.34.020|84.34.070"
"1848","Traumatic brain injuries","Concerning services and supports for individuals with traumatic brain injuries.","SHB 1848","1848","HB 1848","SUBSTITUTED","","","H","1st substitute bill substituted.","0","Doglio","2025-02-05","2025-04-18","SFN","","0","0","0","46.63.110|74.31.040|74.31.050|74.31.060"
"1848","Traumatic brain injuries","Concerning services and supports for individuals with traumatic brain injuries.","SHB 1848","1848","SHB 1848","ENACTED","","","","Effective date 7/27/2025.","1","Doglio","2025-02-27","2025-05-19","SFN","","0","0","0","46.63.110|74.31.040|74.31.050|74.31.060"
"1849","Rx drug donation program","Expanding the drugs eligible for the unexpired prescription drug donation program.","","1849","HB 1849","COMMITTEE","HCW","true","H","First reading, referred to Health Care & Wellness.","1","Graham","2025-02-05","2025-02-05","","","0","0","0",""
"1850","Glucose monitor replacement","Facilitating the prompt replacement of defective continuous glucose monitoring equipment.","","1850","HB 1850","COMMITTEE","HCW","true","H","First reading, referred to Health Care & Wellness.","1","Graham","2025-02-05","2025-02-05","","","0","0","0",""
"1851","Higher ed. property damage","Prohibiting the use of state appropriated funds by institutions of higher education to repair property damaged in a disruptive activity.","","1851","HB 1851","COMMITTEE","PEW","true","H","First reading, referred to Postsecondary Education & Workforce.","1","Graham","2025-02-05","2025-02-05","","","0","0","0",""
"1852","Local gov. property transfer","Prohibiting local governments from transferring real property to nongovernment entities without fair consideration.","","1852","HB 1852","COMMITTEE","HSG","true","H","First reading, referred to Housing.","1","Graham","2025-02-05","2025-02-05","","","0","0","0","35.21|35a.21|36.01|39.33.015"
"1853","Green community schoolyards","Designating school district recreational properties as green community schoolyards and developing a model shared-use agreement to increase the use of existing playgrounds and playfields.","","1853","HB 1853","COMMITTEE","ED","true","H","First reading, referred to Education.","1","Abbarno","2025-02-05","2025-02-05","","","0","0","0","28a.525.162|28a.620"
"1854","Rural areas/subdivision","Authorizing subdivision of land in rural areas for families.","","1854","HB 1854","COMMITTEE","LG","true","H","First reading, referred to Local Government.","1","Engell","2025-02-05","2025-02-05","SFN,Loc","","0","0","0","36.7|36.70a"
"1855 / 5123","Discrimination in schools","Expanding protections for certain students to promote inclusivity in public schools.","","1855","HB 1855","COMMITTEE","ED","true","H","First reading, referred to Education.","1","Zahn","2025-02-05","2025-02-05","","","0","0","0","28a.642|28a.642.010"
"1855 / 5123","Discrimination in schools","Expanding protections for certain students to promote inclusivity in public schools.","","1855","SB 5123","SUBSTITUTED","","","S","1st substitute bill substituted.","0","Nobles","2025-01-13","2025-03-06","SFN","","0","0","0","28a.642|28a.642.010"
"1856 / 5698","Municipal gas utilities/CCA","Concerning the compliance obligation under the climate commitment act for certain municipal gas utilities.","","1856","HB 1856","COMMITTEE","E&E","true","H","First reading, referred to Environment & Energy.","1","Hunt","2025-02-05","2025-02-05","SFN","","0","0","0","70a.65|70a.65.080|70a.65.130"
"1856 / 5698","Municipal gas utilities/CCA","Concerning the compliance obligation under the climate commitment act for certain municipal gas utilities.","","1856","SB 5698","COMMITTEE","EET","true","S","First reading, referred to Environment, Energy & Technology.","1","Ramos","2025-02-07","2025-02-07","","","0","0","0","70a.65|70a.65.080|70a.65.130"
"1857","Asbestos building materials","Concerning asbestos-containing building materials.","","1857","HB 1857","SUBSTITUTED","","","H","1st substitute bill substituted.","0","Ley","2025-02-05","2025-03-12","SFN","","0","0","0","70a.450.020|70a.450.030|70a.450.060|70a.450.070"
"1857","Asbestos building materials","Concerning asbestos-containing building materials.","","1857","SHB 1857","RULES","","","H","By resolution, returned to House Rules Committee for third reading.","1","Ley","2025-02-18","2025-04-27","","","0","0","0","70a.450.020|70a.450.030|70a.450.060|70a.450.070"
"1858","Deed of trust assignment/fee","Eliminating the exemption for assignments or substitutions of previously recorded deeds of trust from the document recording fee and the covenant homeownership program assessment.","HB 1858","1858","HB 1858","ENACTED","","","","Effective date 7/27/2025.","1","Scott","2025-02-06","2025-04-21","SFN,Loc","","0","0","0","36.22.185|36.22.250"
"1859 / 5885","Housing dev./religious orgs.","Expanding opportunities for affordable housing developments on properties owned by religious organizations.","","1859","HB 1859","COMMITTEE","FIN","false","H","Referred to Finance.","1","Salahuddin","2025-02-06","2025-02-21","SFN,Loc","","0","1","0","35.63.280|35a.63.300|36.70a.545|82.59.010"
"1859 / 5885","Housing dev./religious orgs.","Expanding opportunities for affordable housing developments on properties owned by religious organizations.","","1859","SB 5885","PREFILED","","","S","Prefiled for introduction.","1","Riccelli","","2025-12-15","","","0","1","1","35.63.280|35a.63.300|36.70a.545|82.59.010"
"1859","Housing dev./religious orgs.","Expanding opportunities for affordable housing developments on properties owned by religious organizations.","","1859","SHB 1859","COMMITTEE","FIN","false","H","Referred to Finance.","1","Salahuddin","2025-02-20","2025-02-21","SFN,Loc","","0","0","0","35.63.280|35a.63.300|36.70a.545|82.08|82.12"
"1860 / 5649","Supply chain competitiveness","Creating a Washington state supply chain competitiveness infrastructure program.","","1860","HB 1860","COMMITTEE","TRAN","false","H","Referred to Transportation.","1","Reed","2025-02-06","2025-02-20","SFN,Loc","","0","0","0","43.84.092|47.04"
"1860 / 5649","Supply chain competitiveness","Creating a Washington state supply chain competitiveness infrastructure program.","","1860","SB 5649","RULES","","","S","By resolution, returned to Senate Rules Committee for third reading.","1","Liias","2025-02-03","2025-04-27","SFN,Loc","","0","0","0","43.84.092|47.04"
"1861","Smoke impacts/DNR burns","Requiring notification of smoke impacts from department of natural resources-initiated or silvicultural burns.","","1861","HB 1861","COMMITTEE","AGNR","true","H","First reading, referred to Agriculture & Natural Resources.","1","Dufault","2025-02-06","2025-02-06","SFN","","0","0","0",""
"1862","Train length","Regulating the length of trains on railroads.","","1862","HB 1862","COMMITTEE","TRAN","true","H","First reading, referred to Transportation.","1","Santos","2025-02-06","2025-02-06","SFN","","0","0","0",""
"1863","Schools/cardiac emergencies","Promoting cardiac emergency response plans in schools.","","1863","HB 1863","COMMITTEE","ED","true","H","First reading, referred to Education.","1","Rule","2025-02-06","2025-02-06","","","0","0","0","28a.300|28a.300.471|28a.600"
"1864","Ambulances/transport options","Transporting patients by ambulance to facilities other than emergency departments.","","1864","HB 1864","COMMITTEE","HCW","true","H","First reading, referred to Health Care & Wellness.","1","Thomas","2025-02-06","2025-02-06","SFN,Loc","","0","0","0","18.71.210|18.73.280|41.05|48.43.121|70.168.015|70.168.100|74.09.330"
"1865","Working conn. child care","Expanding access for small business employees and adjusting implementation dates for working connections child care.","","1865","HB 1865","COMMITTEE","ELHS","true","H","First reading, referred to Early Learning & Human Services.","1","Bergquist","2025-02-06","2025-02-06","","G","0","0","0","43.216|43.216.802|43.216.810"
"1866","Grant fund advances pilot","Creating a pilot program to advance funds to nonprofits to support grant performance.","","1866","HB 1866","COMMITTEE","APP","true","H","First reading, referred to Appropriations.","1","Cortes","2025-02-06","2025-02-06","","","0","0","0","39.34.150|43.33"
"1867","Affordable housing REET","Allowing counties or cities to impose a real estate excise tax for the purpose of developing affordable housing, subject to the will of the voters.","","1867","HB 1867","RULES","","","H","Referred to Rules 2 Review.","1","Ramel","2025-02-06","2025-02-28","SFN,Loc","","0","0","0",""
"1867","Affordable housing REET","Allowing counties or cities to impose a real estate excise tax for the purpose of developing affordable housing, subject to the will of the voters.","","1867","SHB 1867","RULES","","","H","Referred to Rules 2 Review.","1","Ramel","2025-02-26","2025-02-28","SFN,Loc","","0","0","0",""
"1868","Athletic trainers in schools","Expanding access to athletic trainers in schools.","","1868","HB 1868","COMMITTEE","APP","true","H","First reading, referred to Appropriations.","1","Schmick","2025-02-06","2025-02-06","","","0","0","0",""
"1869","Transit costs/adjacent state","Prohibiting the expenditure of Washington state funds for any capital costs of a transit agency created pursuant to the laws of an adjacent state.","","1869","HB 1869","COMMITTEE","TRAN","true","H","First reading, referred to Transportation.","1","Ley","2025-02-06","2025-02-06","","","0","0","0",""
"1870 / 5709","Public health clinics/tax","Concerning county property tax levies for public health clinic purposes.","","1870","HB 1870","RULES","","","H","Referred to Rules 2 Review.","1","Zahn","2025-02-06","2025-02-28","SFN,Loc","","0","0","0","84.52|84.52.010|84.52.043"
"1870 / 5709","Public health clinics/tax","Concerning county property tax levies for public health clinic purposes.","","1870","SB 5709","COMMITTEE","WM","true","S","First reading, referred to Ways & Means.","1","Alvarado","2025-02-07","2025-02-07","","","0","0","0","84.52|84.52.010|84.52.043"
"1871 / 5727","Residential energy storage","Incentivizing grid-connected residential battery energy storage systems.","","1871","HB 1871","COMMITTEE","APP","false","H","Referred to Appropriations.","1","Hunt","2025-02-06","2025-02-27","SFN,Loc","","0","0","0",""
"1871 / 5727","Residential energy storage","Incentivizing grid-connected residential battery energy storage systems.","","1871","SB 5727","COMMITTEE","EET","true","S","First reading, referred to Environment, Energy & Technology.","1","Slatter","2025-02-11","2025-02-11","SFN,Loc","","0","0","0",""
"1871","Residential energy storage","Incentivizing grid-connected residential battery energy storage systems.","","1871","SHB 1871","COMMITTEE","APP","false","H","Referred to Appropriations.","1","Hunt","2025-02-18","2025-02-27","SFN,Loc","","0","0","0",""
"1871","Residential energy storage","Incentivizing grid-connected residential battery energy storage systems.","","1871","2SHB 1871","COMMITTEE","APP","false","H","Referred to Appropriations.","1","Hunt","2025-02-26","2025-02-27","SFN,Loc","","0","0","0",""
"1872","Firearms","Concerning firearms.","","1872","HB 1872","COMMITTEE","CRJ","true","H","First reading, referred to Civil Rights & Judiciary.","1","Marshall","2025-02-06","2025-02-06","","","0","0","0","9.41.010|9.41.092|9.41.370|9.41.390"
"1873","WC child care/grad. students","Increasing access to the working connections child care program for graduate and professional students.","","1873","HB 1873","COMMITTEE","ELHS","true","H","First reading, referred to Early Learning & Human Services.","1","Zahn","2025-02-06","2025-02-06","","","0","0","0","43.216|43.216.802|43.216.804"
"1874","Textured hair training","Requiring training for cosmetologists, barbers, estheticians, and hair designers on the care, styling, and treatment of textured hair.","EHB 1874","1874","HB 1874","FLOOR","","","H","","0","Morgan","2025-02-06","","SFN","","0","0","0","18.16.020|18.16.030"
"1874","Textured hair training","Requiring training for cosmetologists, barbers, estheticians, and hair designers on the care, styling, and treatment of textured hair.","EHB 1874","1874","EHB 1874","ENACTED","","","","Effective date 3/1/2026.","1","Morgan","2025-02-06","2025-05-02","SFN","","0","0","0","18.16.020|18.16.030"
"1875","Sick leave/immigration","Allowing the use of paid sick leave to prepare for or participate in certain immigration proceedings.","ESHB 1875","1875","HB 1875","SUBSTITUTED","","","H","1st substitute bill substituted.","0","Salahuddin","2025-02-06","2025-03-06","SFN","","0","0","0",""
"1875","Sick leave/immigration","Allowing the use of paid sick leave to prepare for or participate in certain immigration proceedings.","ESHB 1875","1875","SHB 1875","OTHER","","","H","","0","Salahuddin","2025-02-19","","SFN","","0","0","0",""
"1875","Sick leave/immigration","Allowing the use of paid sick leave to prepare for or participate in certain immigration proceedings.","ESHB 1875","1875","ESHB 1875","ENACTED","","","","Effective date 7/27/2025.","1","Salahuddin","2025-02-19","2025-04-25","SFN","","0","0","0",""
"1876","Death with dignity act","Concerning the requirements for accessing the Washington death with dignity act.","","1876","HB 1876","COMMITTEE","ELHS","true","H","First reading, referred to Early Learning & Human Services.","1","Peterson","2025-02-07","2025-02-07","","","0","0","0","70.245.010|70.245.090|70.245.230"
"1877","Public education system","Eliminating the offices, agencies, programs, and services of the public education system that do not have direct daily interaction with students.","","1877","HB 1877","COMMITTEE","SGTR","true","H","First reading, referred to State Government & Tribal Relations.","1","Dufault","2025-02-07","2025-02-07","","","0","0","0",""
"1878 / 5695","Young driver safety","Improving young driver safety.","","1878","HB 1878","SUBSTITUTED","","","H","1st substitute bill substituted.","0","Donaghy","2025-02-07","2025-03-11","SFN,Loc","","0","0","0","28a.220.020|42.56|43.84.092|46.17.025|46.2|46.20.055|46.20.100|46.20.120|46.20.181|46.63.200|46.68.041|46.68.220|46.82|46.82.280"
"1878 / 5695","Young driver safety","Improving young driver safety.","","1878","SB 5695","COMMITTEE","TRAN","true","S","First reading, referred to Transportation.","1","Liias","2025-02-06","2025-02-06","SFN","","0","0","0","28a.220.020|42.56|43.84.092|46.17.025|46.2|46.20.055|46.20.100|46.20.120|46.20.181|46.63.200|46.68.041|46.68.220|46.82|46.82.280"
"1878","Young driver safety","Improving young driver safety.","ESHB 1878","1878","SHB 1878","OTHER","","","H","","0","Donaghy","2025-02-27","","SFN,Loc","","0","0","0","28a.220.020|42.56|43.84.092|46.17.025|46.2|46.20.055|46.20.075|46.20.100|46.20.120|46.20.181|46.63.200|46.68.041|46.68.220|46.82|46.82.280|46.82.420"
"1878","Young driver safety","Improving young driver safety.","ESHB 1878","1878","ESHB 1878","ENACTED","","","","Effective date 7/27/2025*.","1","Donaghy","2025-02-27","2025-05-17","SFN,Loc","","0","0","0","28a.220.020|42.56|43.84.092|46.17.025|46.2|46.20.055|46.20.075|46.20.100|46.20.120|46.20.181|46.63.200|46.68.041|46.68.220|46.82|46.82.280|46.82.420"
"1879","Hospital worker breaks","Concerning meal and rest breaks for hospital workers.","SHB 1879","1879","HB 1879","SUBSTITUTED","","","H","1st substitute bill substituted.","0","Thomas","2025-02-07","2025-03-04","SFN,Loc","","0","0","0",""
"1879","Hospital worker breaks","Concerning meal and rest breaks for hospital workers.","SHB 1879","1879","SHB 1879","ENACTED","","","","Effective date 1/1/2026.","1","Thomas","2025-02-18","2025-04-21","SFN,Loc","","0","0","0",""
"1880","Legislature/appropriations","Protecting the sole authority of the legislature to determine and make appropriations.","","1880","HB 1880","COMMITTEE","SGTR","true","H","First reading, referred to State Government & Tribal Relations.","1","Dufault","2025-02-07","2025-02-07","","","0","0","0",""
"1881 / 5704","Health care marketplace","Concerning material changes to the operations and governance structure of participants in the health care marketplace.","","1881","HB 1881","COMMITTEE","CRJ","true","H","First reading, referred to Civil Rights & Judiciary.","1","Taylor","2025-02-07","2025-02-07","SFN,Loc","","0","0","0","19.39|19.390.010|19.390.020|19.390.030|19.390.040|19.390.050|19.390.070|19.390.080"
"1881 / 5704","Health care marketplace","Concerning material changes to the operations and governance structure of participants in the health care marketplace.","","1881","SB 5704","COMMITTEE","L&J","true","S","First reading, referred to Law & Justice.","1","Dhingra","2025-02-07","2025-02-07","SFN,Loc","","0","0","0","19.39|19.390.010|19.390.020|19.390.030|19.390.040|19.390.050|19.390.070|19.390.080"
"1882","State tax on lodging","Imposing an additional temporary state tax on lodging.","","1882","HB 1882","COMMITTEE","FIN","true","H","First reading, referred to Finance.","1","Cortes","2025-02-07","2025-02-07","SFN,Loc","","0","0","0","43.31|82.08.020"
"1883 / 5682","Employment training program","Concerning the Washington customized employment training program.","SB 5682","1883","HB 1883","COMMITTEE","FIN","true","H","First reading, referred to Finance.","1","Salahuddin","2025-02-07","2025-02-07","SFN","","0","0","0",""
"1883 / 5682","Employment training program","Concerning the Washington customized employment training program.","SB 5682","1883","SB 5682","ENACTED","","","","Effective date 7/27/2025.","1","Warnick","2025-02-06","2025-05-15","SFN","","0","0","0",""
"1884","Cannabis regulation","Concerning cannabis regulation.","","1884","HB 1884","COMMITTEE","CPB","true","H","First reading, referred to Consumer Protection & Business.","1","Waters","2025-02-07","2025-02-07","SFN","","0","0","0","34.05.328|69.5|69.50.342|69.50.345|69.50.562"
"1885","Legislative privilege/PRA","Eliminating any legislative privilege exemption from the public records act.","","1885","HB 1885","COMMITTEE","SGTR","true","H","First reading, referred to State Government & Tribal Relations.","1","Dufault","2025-02-07","2025-02-07","","","0","0","0",""
"1886","Firefighter memorial plate","Creating a firefighter memorial special license plate.","","1886","HB 1886","COMMITTEE","TRAN","true","H","First reading, referred to Transportation.","1","Rude","2025-02-07","2025-02-07","SFN,Loc","","0","0","0","46.04|46.17.220|46.18.200|46.68.420"
"1887","Data broker registry & tax","Creating a data broker registry for the purpose of imposing a data broker severance tax.","","1887","HB 1887","COMMITTEE","CPB","true","H","First reading, referred to Consumer Protection & Business.","1","Kloba","2025-02-07","2025-02-07","SFN","","0","0","0","18.235.020|19|82"
"1888","Naturopathic physician scope","Concerning naturopathic physician scope of practice.","","1888","HB 1888","COMMITTEE","HCW","true","H","First reading, referred to Health Care & Wellness.","1","Berg","2025-02-07","2025-02-07","","","0","0","0","18.36a|18.36a.020|18.36a.040|69.41.030|69.50.101"
"1889 / 5691","Continuing care oversight","Adopting the department of social and health services report recommendations addressing a regulatory oversight plan for continuing care retirement communities.","","1889","HB 1889","COMMITTEE","HCW","true","H","First reading, referred to Health Care & Wellness.","1","Macri","2025-02-07","2025-02-07","","","0","0","0","18|18.390.010|18.390.030|18.390.040|18.390.080"
"1889 / 5691","Continuing care oversight","Adopting the department of social and health services report recommendations addressing a regulatory oversight plan for continuing care retirement communities.","","1889","SB 5691","SUBSTITUTED","","","S","1st substitute bill substituted.","0","Cleveland","2025-02-06","2025-03-03","SFN","","0","0","0","18|18.390.010|18.390.030|18.390.040|18.390.080"
"1890","Prosecutor liability","Concerning the establishment of liability standards for prosecutors.","","1890","HB 1890","COMMITTEE","CRJ","true","H","First reading, referred to Civil Rights & Judiciary.","1","Graham","2025-02-07","2025-02-07","","","0","0","0","4.92.070|4.92.075|4.96.041|7"
"1891","Defense counsel liability","Concerning the establishment of liability standards for criminal defense counsel.","","1891","HB 1891","COMMITTEE","CRJ","true","H","First reading, referred to Civil Rights & Judiciary.","1","Graham","2025-02-07","2025-02-07","","","0","0","0","4.92.070|4.92.075|4.96.041|7"
"1892","State legislator liability","Concerning the establishment of liability standards for state legislators.","","1892","HB 1892","COMMITTEE","CRJ","true","H","First reading, referred to Civil Rights & Judiciary.","1","Graham","2025-02-07","2025-02-07","","","0","0","0","4.92.070|4.92.075|4.96.041|7"
"1893","Judicial liability","Concerning the establishment of liability standards for superior, district, and municipal court judges.","","1893","HB 1893","COMMITTEE","CRJ","true","H","First reading, referred to Civil Rights & Judiciary.","1","Graham","2025-02-07","2025-02-07","","","0","0","0","4.92.070|4.92.075|4.96.041|7"
"1894 / 5570","Tribes/K-12 instruction","Supporting public school instruction in tribal sovereignty and federally recognized Indian tribes.","","1894","HB 1894","COMMITTEE","ED","true","H","First reading, referred to Education.","1","Lekanoff","2025-02-07","2025-02-07","","","0","0","0","28a.300.105|28a.305|28a.320.170"
"1894 / 5570","Tribes/K-12 instruction","Supporting public school instruction in tribal sovereignty and federally recognized Indian tribes.","","1894","SB 5570","SUBSTITUTED","","","S","1st substitute bill substituted.","0","Kauffman","2025-01-29","2025-03-06","SFN","","0","0","0","28a.300.105|28a.305|28a.320.170"
"1895","Educational assist./B&O tax","Establishing a business and occupation tax credit for small business employers providing educational assistance to employees.","","1895","HB 1895","COMMITTEE","FIN","true","H","First reading, referred to Finance.","1","Richards","2025-02-07","2025-02-07","SFN,Loc","","0","0","0",""
"1896","Local law enf. officers","Increasing local law enforcement officers by authorizing a local sales and use tax credited against the state portion to hire additional officers and increasing the number of basic law enforcement courses offered by the criminal justice training commission.","","1896","HB 1896","COMMITTEE","FIN","true","H","First reading, referred to Finance.","1","Abell","2025-02-07","2025-02-07","SFN,Loc","","0","0","0","43.101.200|82.14"
"1897","Community safety/liability","Concerning liability protections for community public safety programs.","","1897","HB 1897","COMMITTEE","CRJ","true","H","First reading, referred to Civil Rights & Judiciary.","1","Obras","2025-02-07","2025-02-07","SFN,Loc","","0","0","0",""
"1898","Truck and trailer length","Concerning truck and trailer length limitations.","","1898","HB 1898","RULES","","","H","Returned to Rules Committee for second reading.","1","Klicker","2025-02-07","2025-03-19","SFN,Loc","","0","0","0",""
"1899","Homelessness point-in-time","Concerning the homelessness point-in-time count.","SHB 1899","1899","HB 1899","SUBSTITUTED","","","H","1st substitute bill substituted.","0","Zahn","2025-02-07","2025-03-04","SFN,Loc","","0","0","0",""
"1899","Homelessness point-in-time","Concerning the homelessness point-in-time count.","SHB 1899","1899","SHB 1899","ENACTED","","","","Effective date 7/27/2025.","1","Zahn","2025-02-18","2025-04-24","SFN,Loc","","0","0","0",""
"1900","Financial fraud protections","Enhancing consumer protections against financial fraud.","","1900","HB 1900","COMMITTEE","CPB","true","H","First reading, referred to Consumer Protection & Business.","1","Doglio","2025-02-07","2025-02-07","SFN","","0","0","0","21.2|30a.22|30a.22.020|30a.22.210|74.34.215"
"1901","Mattress producer resp.","Concerning mattress producer responsibility organizations.","","1901","HB 1901","COMMITTEE","E&E","true","H","First reading, referred to Environment & Energy.","1","Hunt","2025-02-07","2025-02-07","SFN,Loc","","0","0","0","43.21b.110|43.21b.300|70a|82.04"
"1902","Transp. project permitting","Convening a work group regarding the streamlining of permitting for transportation projects.","ESHB 1902","1902","HB 1902","SUBSTITUTED","","","H","1st substitute bill substituted.","0","Richards","2025-02-07","2025-03-10","SFN,Loc","","0","0","0",""
"1902","Transp. project permitting","Convening a work group regarding the streamlining of permitting for transportation projects.","ESHB 1902","1902","SHB 1902","OTHER","","","H","","0","Richards","2025-02-26","","SFN,Loc","","0","0","0",""
"1902","Transp. project permitting","Convening a work group regarding the streamlining of permitting for transportation projects.","ESHB 1902","1902","ESHB 1902","ENACTED","","","","Effective date 7/27/2025.","1","Richards","2025-02-26","2025-05-19","SFN,Loc","","0","0","0",""
"1903","Low-income energy assistance","Establishing a statewide low-income energy assistance program.","","1903","HB 1903","COMMITTEE","APP","false","H","Referred to Appropriations.","1","Mena","2025-02-07","2025-02-21","SFN,Loc","","0","0","0","19.405.120|43.33|70a.65.260|80.28"
"1903","Low-income energy assistance","Establishing a statewide low-income energy assistance program.","","1903","SHB 1903","COMMITTEE","APP","false","H","Referred to Appropriations.","1","Mena","2025-02-20","2025-02-21","SFN,Loc","","0","0","0","19.405.120|43.33|70a.65.260|80.28"
"1904","Declawing cats","Prohibiting the act of declawing cats.","","1904","HB 1904","COMMITTEE","HCW","true","H","First reading, referred to Health Care & Wellness.","1","Peterson","2025-02-10","2025-02-10","","","0","0","0",""
"1905","Invol. treatment counsel","Concerning appointed counsel for individuals detained under the involuntary treatment act.","","1905","HB 1905","COMMITTEE","CRJ","true","H","First reading, referred to Civil Rights & Judiciary.","1","Macri","2025-02-10","2025-02-10","","","0","0","0","2.70.023|71.05.020|71.05.110|71.05.130|71.05.730|71.34.020|72.23.010|72.23.020"
"1906","Water system rates","Increasing transparency and consumer protection in water system rates.","","1906","HB 1906","COMMITTEE","APP","false","H","Referred to Appropriations.","1","Tharinger","2025-02-10","2025-02-21","SFN,Loc","","0","0","0","43.20.050|43.20.260|80.12.020|80.28.022"
"1906","Water system rates","Increasing transparency and consumer protection in water system rates.","","1906","SHB 1906","COMMITTEE","APP","false","H","Referred to Appropriations.","1","Tharinger","2025-02-20","2025-02-21","SFN,Loc","","0","0","0","43.20.050|43.20.260|80.12.020|80.28.022"
"1907 / 5711","Self-service storage/tax","Defining the rental or lease of individual storage space at self-service storage facilities as a retail transaction for the imposition of business and occupation and sales and use taxes.","","1907","HB 1907","COMMITTEE","FIN","true","H","First reading, referred to Finance.","1","Peterson","2025-02-10","2025-02-10","SFN,Loc","","0","0","0",""
"1907 / 5711","Self-service storage/tax","Defining the rental or lease of individual storage space at self-service storage facilities as a retail transaction for the imposition of business and occupation and sales and use taxes.","","1907","SB 5711","COMMITTEE","WM","true","S","First reading, referred to Ways & Means.","1","Bateman","2025-02-10","2025-02-10","SFN,Loc","","0","0","0",""
"1908","Res. habilitation centers","Protecting developmentally disabled individuals and their families by maintaining the operation of existing state facilities with underutilized capacity and allowing new residents.","","1908","HB 1908","COMMITTEE","ELHS","true","H","First reading, referred to Early Learning & Human Services.","1","Dufault","2025-02-10","2025-02-10","SFN","","0","0","0","71a.20.020|71a.20.180"
"1909","Court unification task force","Establishing the court unification task force.","","1909","HB 1909","COMMITTEE","APP","false","H","Referred to Appropriations.","1","Taylor","2025-02-10","2025-02-20","SFN,Loc","","0","0","0",""
"1909","Court unification task force","Establishing the court unification task force.","","1909","SHB 1909","COMMITTEE","APP","false","H","Referred to Appropriations.","1","Taylor","2025-02-18","2025-02-20","SFN,Loc","","0","0","0",""
"1910","Teacher-librarian funding","Increasing funding for teacher-librarians.","","1910","HB 1910","COMMITTEE","APP","true","H","First reading, referred to Appropriations.","1","Rule","2025-02-10","2025-02-10","","","0","0","0",""
"1911","Pollinator license plates","Creating special license plates for pollinator research and education.","","1911","HB 1911","COMMITTEE","TRAN","true","H","First reading, referred to Transportation.","1","Dent","2025-02-10","2025-02-10","SFN,Loc","","0","0","0","46.04|46.17.220|46.18.200|46.68.420"
"1912","Agricultural fuel/CCA ex.","Concerning the exemption for fuels used for agricultural purposes in the climate commitment act.","E2SHB 1912","1912","HB 1912","SUBSTITUTED","","","H","2nd substitute bill substituted.","0","Dent","2025-02-10","2025-03-12","SFN","","0","0","0","70a.65|70a.65.080"
"1912","Agricultural fuel/CCA ex.","Concerning the exemption for fuels used for agricultural purposes in the climate commitment act.","E2SHB 1912","1912","SHB 1912","SUBSTITUTED","","","H","2nd substitute bill substituted.","0","Dent","2025-02-20","2025-03-12","SFN","","0","0","0","70a.65|70a.65.080"
"1912","Agricultural fuel/CCA ex.","Concerning the exemption for fuels used for agricultural purposes in the climate commitment act.","E2SHB 1912","1912","2SHB 1912","OTHER","","","H","","0","Dent","2025-02-28","","SFN","","0","0","0","70a.65|70a.65.080"
"1912","Agricultural fuel/CCA ex.","Concerning the exemption for fuels used for agricultural purposes in the climate commitment act.","E2SHB 1912","1912","E2SHB 1912","ENACTED","","","","Effective date 5/15/2025.","1","Dent","2025-02-28","2025-05-15","SFN","","0","0","0","70a.65|70a.65.080"
"1913","Public utility tax credit","Repealing the public utility tax credit for home energy assistance.","","1913","HB 1913","RULES","","","H","Referred to Rules 2 Review.","1","Berg","2025-02-10","2025-02-28","SFN,Loc","","0","0","0",""
"1914 / 5390","Discover pass, day-use cost","Updating the cost of the discover pass and day-use permits.","","1914","HB 1914","COMMITTEE","APP","true","H","First reading, referred to Appropriations.","1","Doglio","2025-02-10","2025-02-10","SFN,Loc","","0","0","0","79a.80.020|79a.80.030"
"1914 / 5390","Discover pass, day-use cost","Updating the cost of the discover pass and day-use permits.","","1914","SB 5390","SUBSTITUTED","","","S","1st substitute bill substituted.","0","Stanford","2025-01-21","2025-03-11","SFN,Loc","","0","0","0","79a.80.020|79a.80.030"
"1915","Tenant protections","Strengthening tenant protections.","","1915","HB 1915","COMMITTEE","HSG","true","H","First reading, referred to Housing.","1","Richards","2025-02-10","2025-02-10","SFN","","0","0","0","59.18.057|59.18.365|59.18.410|59.18.630|59.18.650|59.20.080"
"1916","Voter registrations","Amending voter registration challenges and managing voter registration lists.","","1916","HB 1916","RULES","","","H","Returned to Rules Committee for second reading.","1","Doglio","2025-02-10","2025-03-19","SFN,Loc","","0","0","0","29a.08.135|29a.08.510|29a.08.630|29a.08.810|29a.08.820|29a.08.835|29a.08.840|29a.08.850"
"1916","Voter registrations","Amending voter registration challenges and managing voter registration lists.","","1916","SHB 1916","RULES","","","H","Returned to Rules Committee for second reading.","1","Doglio","2025-02-14","2025-03-19","SFN,Loc","","0","0","0","29a.08.135|29a.08.510|29a.08.630|29a.08.810|29a.08.820|29a.08.835|29a.08.840|29a.08.850"
"1917","Juvenile rehabilitation","Concerning management of individuals who are placed in juvenile rehabilitation institutions.","","1917","HB 1917","RULES","","","H","Referred to Rules 2 Review.","1","Callan","2025-02-10","2025-02-28","SFN,Loc","","0","0","0","13.40.020|13.40.215|13.40.460|72.01.410|72.05.420"
"1917","Juvenile rehabilitation","Concerning management of individuals who are placed in juvenile rehabilitation institutions.","","1917","SHB 1917","RULES","","","H","Referred to Rules 2 Review.","1","Callan","2025-02-19","2025-02-28","SFN,Loc","","0","0","0","13.40.020|13.40.215|13.40.460|72.01.410|72.05.420"
"1917","Juvenile rehabilitation","Concerning management of individuals who are placed in juvenile rehabilitation institutions.","","1917","2SHB 1917","RULES","","","H","Referred to Rules 2 Review.","1","Callan","2025-02-27","2025-02-28","SFN,Loc","","0","0","0","13.40.020|13.40.215|13.40.460|72.01|72.01.410|72.05.420"
"1918","Supreme court districts","Creating supreme court judicial districts.","","1918","HB 1918","COMMITTEE","CRJ","true","H","First reading, referred to Civil Rights & Judiciary.","1","Dufault","2025-02-10","2025-02-10","","","0","0","0","2.04|2.04.100"
"1919","Working conn. child care","Modifying access to the working connections child care program.","","1919","HB 1919","COMMITTEE","ELHS","true","H","First reading, referred to Early Learning & Human Services.","1","Bergquist","2025-02-10","2025-02-10","SFN","G","0","0","0","43.216|43.216.802|43.216.810"
"1920","Juvenile access to attorneys","Concerning juvenile access to attorneys when contacted by law enforcement.","","1920","HB 1920","COMMITTEE","CRJ","true","H","First reading, referred to Civil Rights & Judiciary.","1","Mendoza","2025-02-10","2025-02-10","","","0","0","0",""
"1921 / 5726","Transportation revenue","Establishing new sources of transportation revenue based on motor vehicle use of public roadways.","","1921","HB 1921","COMMITTEE","TRAN","true","H","First reading, referred to Transportation.","1","Fey","2025-02-10","2025-02-10","SFN,Loc","","0","0","0","42.56.330|43.84.092|46|46.01.030|46.01.040|46.01.110|46.08|46.12.650|46.16a.040|46.16a.110|46.16a.170|46.17.050|46.17.323|46.17.324|46.68"
"1921 / 5726","Transportation revenue","Establishing new sources of transportation revenue based on motor vehicle use of public roadways.","","1921","SB 5726","COMMITTEE","TRAN","true","S","First reading, referred to Transportation.","1","Ramos","2025-02-11","2025-02-11","SFN,Loc","","0","0","0","42.56.330|43.84.092|46|46.01.030|46.01.040|46.01.110|46.08|46.12.650|46.16a.040|46.16a.110|46.16a.170|46.17.050|46.17.323|46.17.324|46.68"
"1922","Hydraulic project mitigation","Concerning hydraulic project approval mitigation after natural events.","","1922","HB 1922","RULES","","","H","Referred to Rules 2 Review.","1","Hunt","2025-02-10","2025-02-21","SFN,Loc","","0","0","0",""
"1922","Hydraulic project mitigation","Concerning hydraulic project approval mitigation after natural events.","","1922","SHB 1922","RULES","","","H","Referred to Rules 2 Review.","1","Hunt","2025-02-19","2025-02-21","SFN,Loc","","0","0","0",""
"1923","Passenger-only ferries","Increasing the availability of passenger-only ferries by establishing the mosquito fleet act.","","1923","HB 1923","SUBSTITUTED","","","H","1st substitute bill substituted.","0","Nance","2025-02-10","2025-03-07","SFN,Loc","","0","0","0","36|36.57a.222|43.84.092"
"1923","Passenger-only ferries","Increasing the availability of passenger-only ferries by establishing the mosquito fleet act.","","1923","SHB 1923","OTHER","","","H","","0","Nance","2025-02-27","","SFN,Loc","","0","0","0",""
"1923","Passenger-only ferries","Increasing the availability of passenger-only ferries by establishing the mosquito fleet act.","","1923","ESHB 1923","RULES","","","H","By resolution, returned to House Rules Committee for third reading.","1","Nance","2025-02-27","2025-04-27","SFN,Loc","","0","0","0",""
"1924 / 5673","Manufacturing/sales tax","Providing a sales and use tax exemption for manufacturing facilities and green manufacturing facilities.","","1924","HB 1924","COMMITTEE","FIN","true","H","First reading, referred to Finance.","1","Fey","2025-02-10","2025-02-10","SFN,Loc","","0","0","0","82.08|82.12"
"1924 / 5673","Manufacturing/sales tax","Providing a sales and use tax exemption for manufacturing facilities and green manufacturing facilities.","","1924","SB 5673","COMMITTEE","WM","true","S","First reading, referred to Ways & Means.","1","Boehnke","2025-02-05","2025-02-05","SFN,Loc","","0","0","0","82.08|82.12"
"1925 / 5567","Natural resources careers","Expanding secondary training for careers in natural resources and conservation.","","1925","HB 1925","COMMITTEE","ED","true","H","First reading, referred to Education.","1","Rule","2025-02-10","2025-02-10","","","0","0","0",""
"1925 / 5567","Natural resources careers","Expanding secondary training for careers in natural resources and conservation.","","1925","SB 5567","COMMITTEE","WM","false","S","Referred to Ways & Means.","1","Nobles","2025-01-29","2025-02-19","SFN","","0","0","0",""
"1926","Home care aides","Regarding training and testing of home care aides.","","1926","HB 1926","COMMITTEE","APP","false","H","Referred to Appropriations.","1","Timmons","2025-02-10","2025-02-21","SFN","","0","0","0","18.88b|18.88b.021|18.88b.031"
"1926","Home care aides","Regarding training and testing of home care aides.","","1926","SHB 1926","COMMITTEE","APP","false","H","Referred to Appropriations.","1","Timmons","2025-02-19","2025-02-21","SFN","","0","0","0","18.88b|18.88b.021|18.88b.031"
"1927","Rent payment reporting","Facilitating positive rent payment information to consumer reporting agencies at tenant request.","","1927","HB 1927","COMMITTEE","APP","false","H","Referred to Appropriations.","1","Hill","2025-02-10","2025-02-21","SFN,Loc","","0","0","0",""
"1927","Rent payment reporting","Facilitating positive rent payment information to consumer reporting agencies at tenant request.","","1927","SHB 1927","COMMITTEE","APP","false","H","Referred to Appropriations.","1","Hill","2025-02-20","2025-02-21","SFN,Loc","","0","0","0",""
"1928","Supreme court vacancies","Requiring senate confirmation of gubernatorial appointments to vacancies on the supreme court.","","1928","HB 1928","COMMITTEE","CRJ","true","H","First reading, referred to Civil Rights & Judiciary.","1","Abell","2025-02-10","2025-02-10","","","0","0","0","2.04.100|43.06.092|43.06.094"
"1929","Court of appeals vacancies","Requiring senate confirmation of gubernatorial appointments to vacancies on the court of appeals.","","1929","HB 1929","COMMITTEE","CRJ","true","H","First reading, referred to Civil Rights & Judiciary.","1","Abell","2025-02-10","2025-02-10","","","0","0","0","2.06.080|43.06.092|43.06.094"
"1930","Fish and wildlife commission","Reforming the fish and wildlife commission.","","1930","HB 1930","COMMITTEE","AGNR","true","H","First reading, referred to Agriculture & Natural Resources.","1","Dent","2025-02-10","2025-02-10","SFN,Loc","","0","0","0","77.04|77.04.030|77.04.040|77.12"
"1931","Special license plate funds","Modifying the conditions for use of funds for special license plates.","","1931","HB 1931","RULES","","","H","Referred to Rules 2 Review.","1","Bernbaum","2025-02-10","2025-02-28","SFN","","0","0","0",""
"1931","Special license plate funds","Modifying the conditions for use of funds for special license plates.","","1931","SHB 1931","RULES","","","H","Referred to Rules 2 Review.","1","Bernbaum","2025-02-27","2025-02-28","SFN","","0","0","0",""
"1932","Cannabis consumption","Authorizing cannabis consumption in regulated environments.","","1932","HB 1932","COMMITTEE","CPB","true","H","First reading, referred to Consumer Protection & Business.","1","Morgan","2025-02-10","2025-02-10","SFN,Loc","","0","0","0","43.06.490|69.5|69.50.101|69.50.325|69.50.328|69.50.331|69.50.334|69.50.335|69.50.339|69.50.342|69.50.345|69.50.346|69.50.354|69.50.357|69.50.369|69.50.380|69.50.390|69.50.4013|69.50.445|69.50.465|69.50.475|69.50.535|70.160.020|70.160.060"
"1933","Overdose information","Providing universal access to overdose information to law enforcement and emergency services providers.","","1933","HB 1933","COMMITTEE","HCW","true","H","First reading, referred to Health Care & Wellness.","1","Manjarrez","2025-02-11","2025-02-11","","","0","0","0",""
"1934","Employment investigation/PRA","Concerning the disclosure of information pertaining to complainants, accusers, and witnesses in an employment investigation.","HB 1934","1934","HB 1934","ENACTED","","","","Effective date 7/27/2025.","1","Chase","2025-02-11","2025-05-15","SFN,Loc","","0","0","0",""
"1935","Project permit definition","Concerning the definition of project permit and project permit application.","SHB 1935","1935","HB 1935","SUBSTITUTED","","","H","1st substitute bill substituted.","0","Duerr","2025-02-11","2025-03-11","SFN,Loc","","0","0","0",""
"1935","Project permit definition","Concerning the definition of project permit and project permit application.","SHB 1935","1935","SHB 1935","ENACTED","","","","Effective date 7/27/2025.","1","Duerr","2025-02-18","2025-04-21","SFN,Loc","","0","0","0","36.70b.020|36.70b.140"
"1936","Schools/postretirement","Extending the expiration of certain school employee postretirement employment restrictions.","HB 1936","1936","HB 1936","ENACTED","","","","Effective date 5/15/2025.","1","Chase","2025-02-11","2025-05-15","SFN","","0","0","0","41.32.570|41.32.802|41.32.862|41.35.060|41.40.037"
"1937 / 5712","Industrial stormwater permit","Establishing a presumption of compliance for entities covered under the state’s industrial stormwater general permit under certain circumstances.","","1937","HB 1937","COMMITTEE","E&E","true","H","First reading, referred to Environment & Energy.","1","Fey","2025-02-11","2025-02-11","SFN,Loc","","0","0","0",""
"1937 / 5712","Industrial stormwater permit","Establishing a presumption of compliance for entities covered under the state’s industrial stormwater general permit under certain circumstances.","","1937","SB 5712","COMMITTEE","EET","true","S","First reading, referred to Environment, Energy & Technology.","1","Boehnke","2025-02-10","2025-02-10","SFN,Loc","","0","0","0",""
"1938","State flag redesign","Creating the Washington state flag redesign committee.","","1938","HB 1938","COMMITTEE","SGTR","true","H","First reading, referred to State Government & Tribal Relations.","1","Peterson","2025-02-11","2025-02-11","SFN","","0","0","0","1.2|1.20.010"
"1939","FIFA world cup/low-income","Promoting opportunities during the fédération internationale de football association world cup 2026.","","1939","HB 1939","COMMITTEE","TEDV","true","H","First reading, referred to Technology, Economic Development, & Veterans.","1","Manjarrez","2025-02-11","2025-02-11","","","0","0","0",""
"1940","Cannabis industry","Concerning the cannabis industry.","","1940","HB 1940","COMMITTEE","FIN","false","H","Referred to Finance.","1","Morgan","2025-02-11","2025-02-21","SFN","","0","0","0","69.50.325|69.50.331|82.04"
"1941","Agricultural coops/cannabis","Authorizing agricultural cooperatives for cannabis producers.","","1941","HB 1941","COMMITTEE","AGNR","true","H","First reading, referred to Agriculture & Natural Resources.","1","Morgan","2025-02-11","2025-02-11","","","0","0","0","24.34.010|69.50.325"
"1942","AI economic development","Promoting the economic development of innovative uses of artificial intelligence.","","1942","HB 1942","COMMITTEE","TEDV","true","H","First reading, referred to Technology, Economic Development, & Veterans.","1","Keaton","2025-02-11","2025-02-11","","","0","0","0",""
"1943 / 5641","Blood donation/school instr.","Encouraging public school instruction in awareness of blood donation.","SB 5641","1943","HB 1943","COMMITTEE","ED","true","H","First reading, referred to Education.","1","Obras","2025-02-11","2025-02-11","","","0","0","0",""
"1943 / 5641","Blood donation/school instr.","Encouraging public school instruction in awareness of blood donation.","SB 5641","1943","SB 5641","ENACTED","","","","Effective date 7/27/2025.","1","Harris","2025-02-03","2025-04-22","SFN","","0","0","0",""
"1944 / 5467","Water-sewer district surplus","Concerning the sale of surplus property by water-sewer districts.","","1944","HB 1944","COMMITTEE","LG","true","H","First reading, referred to Local Government.","1","Griffey","2025-02-11","2025-02-11","","","0","0","0","57.08.015|57.08.016"
"1944 / 5467","Water-sewer district surplus","Concerning the sale of surplus property by water-sewer districts.","","1944","SB 5467","RULES","","","S","By resolution, returned to Senate Rules Committee for third reading.","1","Goehner","2025-01-23","2025-04-27","Loc","","0","0","0","57.08.015|57.08.016"
"1945","Crime victims ombuds","Establishing an office of the crime victims ombuds.","","1945","HB 1945","COMMITTEE","CS","true","H","First reading, referred to Community Safety.","1","Graham","2025-02-11","2025-02-11","","","0","0","0",""
"1946","Local board of health/tribes","Clarifying tribal membership on local boards of health.","ESHB 1946","1946","HB 1946","SUBSTITUTED","","","H","1st substitute bill substituted.","0","Hill","2025-02-11","2025-03-12","SFN,Loc","","0","0","0","70.05.030|70.05.035|70.46.020|70.46.031"
"1946","Local board of health/tribes","Clarifying tribal membership on local boards of health.","ESHB 1946","1946","SHB 1946","OTHER","","","H","","0","Hill","2025-02-19","","SFN,Loc","","0","0","0","70.05.030|70.05.035|70.46.020|70.46.031"
"1946","Local board of health/tribes","Clarifying tribal membership on local boards of health.","ESHB 1946","1946","ESHB 1946","ENACTED","","","","Effective date 7/27/2025.","1","Hill","2025-02-19","2025-05-13","SFN,Loc","","0","0","0","70.05.030|70.05.035|70.46.020|70.46.031"
"1947","Group B public water systems","Reducing satellite management agency requirements for simple group B public water systems.","HB 1947","1947","HB 1947","ENACTED","","","","Effective date 7/27/2025.","1","Engell","2025-02-11","2025-04-11","SFN,Loc","","0","0","0",""
"1948 / 5652","Environment/port districts","Reducing environmental and health disparities and improving the health of Washington state residents in large port districts.","","1948","HB 1948","COMMITTEE","LG","true","H","First reading, referred to Local Government.","1","Santos","2025-02-11","2025-02-11","SFN,Loc","","0","0","0",""
"1948 / 5652","Environment/port districts","Reducing environmental and health disparities and improving the health of Washington state residents in large port districts.","","1948","SB 5652","COMMITTEE","EET","true","S","First reading, referred to Environment, Energy & Technology.","1","Orwall","2025-02-04","2025-02-04","SFN,Loc","","0","0","0",""
"1949","Scholarly communications/PRA","Exempting certain scholarly communications from disclosure under the public records act.","","1949","HB 1949","COMMITTEE","SGTR","true","H","First reading, referred to State Government & Tribal Relations.","1","Pollet","2025-02-11","2025-02-11","","","0","0","0",""
"1950","Subcontractors, indemnifying","Requiring subcontractors on public works contracts to be indemnified for certain expenses incurred as a result of late payments from a contractor or a subcontractor.","","1950","HB 1950","COMMITTEE","CAP","true","H","First reading, referred to Capital Budget.","1","Entenman","2025-02-12","2025-02-12","SFN","","0","0","0",""
"1951 / 5600","TNCs/large-scale events","Concerning regulation of transportation network companies during large-scale events.","","1951","HB 1951","COMMITTEE","LWS","true","H","First reading, referred to Labor & Workplace Standards.","1","Thomas","2025-02-12","2025-02-12","SFN,Loc","","0","0","0","46.72b.050|46.72b.190"
"1951 / 5600","TNCs/large-scale events","Concerning regulation of transportation network companies during large-scale events.","","1951","SB 5600","RULES","","","S","Senate Rules ""X"" file.","1","Alvarado","2025-01-30","2025-03-17","SFN,Loc","","0","0","0","46.72b.050|46.72b.190"
"1952","Special license plates","Concerning special license plates.","","1952","HB 1952","RULES","","","H","Returned to Rules Committee for second reading.","1","Donaghy","2025-02-12","2025-03-19","SFN","","0","0","0",""
"1952","Special license plates","Concerning special license plates.","","1952","SHB 1952","RULES","","","H","Returned to Rules Committee for second reading.","1","Donaghy","2025-02-27","2025-03-19","SFN","","0","0","0",""
"1953","Unclaimed property/local gov","Regarding the distribution of unclaimed property to local governments.","","1953","HB 1953","COMMITTEE","FIN","true","H","First reading, referred to Finance.","1","Walen","2025-02-12","2025-02-12","SFN,Loc","","0","0","0",""
"1954","Critical comm infrastructure","Establishing criminal and civil penalties for destruction of critical communications infrastructure.","","1954","HB 1954","COMMITTEE","CS","true","H","First reading, referred to Community Safety.","1","Griffey","2025-02-12","2025-02-12","","","0","0","0","9.94a.515|9a.56|9a.82.010"
"1955","Fishing & shellfishing/youth","Encouraging youth participation in fishing and shellfishing.","","1955","HB 1955","COMMITTEE","AGNR","true","H","First reading, referred to Agriculture & Natural Resources.","1","Rule","2025-02-12","2025-02-12","SFN","","0","0","0","77.08.010|77.32.470|77.32.520"
"1956 / 5453","Public defense recruitment","Concerning public defense recruitment and retention.","","1956","HB 1956","COMMITTEE","CRJ","true","H","First reading, referred to Civil Rights & Judiciary.","1","Salahuddin","2025-02-12","2025-02-12","","","0","0","0",""
"1956 / 5453","Public defense recruitment","Concerning public defense recruitment and retention.","","1956","SB 5453","COMMITTEE","WM","false","S","Referred to Ways & Means.","1","Slatter","2025-01-23","2025-02-07","SFN","","0","0","0",""
"1957","Health plan rate approval","Providing consistency in the rate approval process for individual and small group market health plans.","","1957","HB 1957","COMMITTEE","HCW","true","H","First reading, referred to Health Care & Wellness.","1","Schmick","2025-02-12","2025-02-12","SFN","","0","0","0","48.18.110|48.44.020|48.46.060"
"1958 / 5734","Interstate bridge toll bonds","Concerning the interstate bridge replacement toll bond authority.","","1958","HB 1958","SUBSTITUTED","","","H","1st substitute bill substituted.","0","Fey","2025-02-12","2025-04-18","","D","0","0","0","47.1|47.10.905|47.10.906|47.10.907"
"1958 / 5734","Interstate bridge toll bonds","Concerning the interstate bridge replacement toll bond authority.","","1958","SB 5734","RULES","","","S","Passed to Rules Committee for second reading.","1","Liias","2025-02-12","2025-04-08","","D","0","0","0","47.1|47.10.905|47.10.906|47.10.907"
"1958","Interstate bridge toll bonds","Concerning the interstate bridge replacement toll bond authority.","SHB 1958","1958","SHB 1958","ENACTED","","","","Effective date 7/27/2025.","1","Fey","2025-04-07","2025-05-20","","D","0","0","0","47.1|47.10.907"
"1959","Office of equity repeal","Eliminating the office of equity.","","1959","HB 1959","COMMITTEE","SGTR","true","H","First reading, referred to State Government & Tribal Relations.","1","Dufault","2025-02-12","2025-02-12","","","0","0","0","43.06d.010|43.06d.020|43.06d.030|43.06d.040|43.06d.050|43.06d.060|43.06d.900|43.06d.901"
"1960","Renewable energy","Encouraging renewable energy in Washington through tax policy and investment in local communities.","","1960","HB 1960","RULES","","","H","Referred to Rules 2 Consideration.","1","Ramel","2025-02-12","2025-04-27","SFN,Loc","","0","0","0","43.21a|43.63a|82.32.330|82.96|82.96.010|82.96.020|84.36|84.36.680|84.55|84.55.010|84.55.020|84.55.030|84.55.092|84.55.120"
"1960","Renewable energy","Encouraging renewable energy in Washington through tax policy and investment in local communities.","","1960","SHB 1960","RULES","","","H","Referred to Rules 2 Consideration.","1","Ramel","2025-02-25","2025-04-27","SFN,Loc","","0","0","0","43.21a|43.63a|82.32.330|82.96|82.96.010|82.96.020|84.36|84.36.680|84.55|84.55.010|84.55.020|84.55.030|84.55.092|84.55.120"
"1960","Renewable energy","Encouraging renewable energy in Washington through tax policy and investment in local communities.","","1960","2SHB 1960","RULES","","","H","Referred to Rules 2 Consideration.","1","Ramel","2025-02-28","2025-04-27","SFN,Loc","","0","0","0","43.21a|43.63a|82.32.330|82.96|82.96.010|82.96.020|82.96.030|84.36|84.36.680|84.55|84.55.010|84.55.020|84.55.030|84.55.092|84.55.120"
"1961","Motor vehicle revenues use","Directing revenues from fees, charges, or taxes assessed on motor vehicles based on miles traveled on the highways to be used for highway purposes in accordance with the state Constitution.","","1961","HB 1961","COMMITTEE","TRAN","true","H","First reading, referred to Transportation.","1","Walsh","2025-02-13","2025-02-13","","","0","0","0","46.08|46.17"
"1962","Spring blade knives","Concerning spring blade knives.","","1962","HB 1962","COMMITTEE","CRJ","true","H","First reading, referred to Civil Rights & Judiciary.","1","Walsh","2025-02-13","2025-02-13","","","0","0","0","10.31.100|43.216.760|9.41.250|9.41.251|9.41.280|9.41.282|9.41.300"
"1963 / 5637","Media literacy & civic ed.","Promoting student access to information about media literacy and civic education.","","1963","HB 1963","COMMITTEE","ED","true","H","First reading, referred to Education.","1","Salahuddin","2025-02-13","2025-02-13","","","0","0","0",""
"1963 / 5637","Media literacy & civic ed.","Promoting student access to information about media literacy and civic education.","","1963","SB 5637","RULES","","","S","By resolution, returned to Senate Rules Committee for third reading.","1","Fortunato","2025-02-03","2025-04-27","SFN","","0","0","0",""
"1964","Lists of individuals/PRA","Concerning persons requesting disclosure of lists of individuals under the public records act.","","1964","HB 1964","COMMITTEE","SGTR","true","H","First reading, referred to State Government & Tribal Relations.","1","Fosse","2025-02-13","2025-02-13","SFN,Loc","","0","0","0",""
"1965","Bullion tax preference","Modifying the tax preferences for precious metal bullion and monetized bullion.","","1965","HB 1965","COMMITTEE","FIN","true","H","First reading, referred to Finance.","1","Ramel","2025-02-13","2025-02-13","SFN","","0","0","0",""
"1966","Public works contracting","Concerning public works contracting.","","1966","HB 1966","COMMITTEE","LG","true","H","First reading, referred to Local Government.","1","Zahn","2025-02-13","2025-02-13","SFN,Loc","","0","0","0","35.22.620|35.23.352|52.14.110|54.04.070|57.08.050"
"1967","Design-build projects/bonds","Modifying bonding requirements in the design portion of design-build public works projects.","SHB 1967","1967","HB 1967","SUBSTITUTED","","","H","1st substitute bill substituted.","0","Zahn","2025-02-13","2025-03-11","SFN,Loc","","0","0","0","39.08.030|39.10.330"
"1967","Design-build projects/bonds","Modifying bonding requirements in the design portion of design-build public works projects.","SHB 1967","1967","SHB 1967","ENACTED","","","","Effective date 7/27/2025.","1","Zahn","2025-02-26","2025-04-21","SFN,Loc","","0","0","0","39.08.030|39.10.330"
"1968","Controlled sub. endangerment","Concerning endangerment with a controlled substance.","","1968","HB 1968","COMMITTEE","CS","true","H","First reading, referred to Community Safety.","1","Rule","2025-02-13","2025-02-13","SFN,Loc","","0","0","0",""
"1969 / 5763","Law enf. aviation support","Concerning the law enforcement aviation support grant program.","","1969","HB 1969","SUBSTITUTED","","","H","1st substitute bill substituted.","0","Burnett","2025-02-13","2025-03-08","SFN,Loc","","0","0","0","38.52|76.04.192|76.04.194"
"1969 / 5763","Law enf. aviation support","Concerning the law enforcement aviation support grant program.","","1969","SB 5763","COMMITTEE","STATE GOVERNMENT, TRIBAL AFFAIRS & ELECTIONS","true","S","First reading, referred to State Government, Tribal Affairs & Elections.","1","Lovick","2025-02-18","2025-02-18","SFN,Loc","","0","0","0","38.52|76.04.192|76.04.194"
"1969","Law enf. aviation support","Concerning the law enforcement aviation support grant program.","","1969","SHB 1969","RULES","","","H","By resolution, returned to House Rules Committee for third reading.","1","Burnett","2025-02-28","2025-04-27","SFN,Loc","","0","0","0",""
"1970","Highway alt. contracting","Concerning state highway construction project alternative contracting procedures.","HB 1970","1970","HB 1970","ENACTED","","","","Effective date 5/12/2025.","1","Zahn","2025-02-13","2025-05-12","SFN","","0","0","0","39.10.270|39.10.280|43.131.408|47.20.780|47.20.785"
"1971","Prescription hormone therapy","Increasing access to prescription hormone therapy.","ESHB 1971","1971","HB 1971","SUBSTITUTED","","","H","1st substitute bill substituted.","0","Macri","2025-02-13","2025-03-08","SFN","","0","0","0","41.05.017|48.43"
"1971","Prescription hormone therapy","Increasing access to prescription hormone therapy.","ESHB 1971","1971","SHB 1971","OTHER","","","H","","0","Macri","2025-02-21","","SFN","","0","0","0","41.05.017|48.43"
"1971","Prescription hormone therapy","Increasing access to prescription hormone therapy.","ESHB 1971","1971","ESHB 1971","ENACTED","","","","Effective date 7/27/2025.","1","Macri","2025-02-21","2025-04-25","SFN","","0","0","0","41.05.017|48.43"
"1972","Violent offenses","Concerning violent offenses.","","1972","HB 1972","COMMITTEE","CS","true","H","First reading, referred to Community Safety.","1","Rule","2025-02-13","2025-02-13","","","0","0","0","10.19.055|9.94a.030"
"1973","Professional license fees","Concerning professional license accounts and fees.","","1973","HB 1973","COMMITTEE","APP","true","H","First reading, referred to Appropriations.","1","Donaghy","2025-02-13","2025-02-13","SFN","","0","0","0","18.14|43.24"
"1974","Land banking authorities","Establishing land banking authorities.","","1974","HB 1974","COMMITTEE","HSG","true","H","First reading, referred to Housing.","1","Hill","2025-02-14","2025-02-14","SFN,Loc","","0","0","0","35.21.755|36|36.35.150|39.33.015|84.36"
"1975","Climate commitment act","Amending the climate commitment act by adjusting auction price containment mechanisms and ceiling prices, addressing the department of ecology's authority to amend rules to facilitate linkage with other jurisdictions, and providing for market dynamic analysis.","2SHB 1975","1975","HB 1975","SUBSTITUTED","","","H","2nd substitute bill substituted.","0","Fitzgibbon","2025-02-14","2025-03-10","SFN","","0","0","0","70a.65|70a.65.070|70a.65.150|70a.65.160"
"1975","Climate commitment act","Amending the climate commitment act by adjusting auction price containment mechanisms and ceiling prices, addressing the department of ecology's authority to amend rules to facilitate linkage with other jurisdictions, and providing for market dynamic analysis.","2SHB 1975","1975","SHB 1975","SUBSTITUTED","","","H","2nd substitute bill substituted.","0","Fitzgibbon","2025-02-20","2025-03-10","SFN","","0","0","0","70a.65|70a.65.070|70a.65.150|70a.65.160"
"1975","Climate commitment act","Amending the climate commitment act by adjusting auction price containment mechanisms and ceiling prices, addressing the department of ecology's authority to amend rules to facilitate linkage with other jurisdictions, and providing for market dynamic analysis.","2SHB 1975","1975","2SHB 1975","ENACTED","","","","Effective date 7/27/2025.","1","Fitzgibbon","2025-02-27","2025-05-17","SFN","","0","0","0","70a.15.2200|70a.65|70a.65.070|70a.65.150|70a.65.160|70a.65.310"
"1976","Release of pets & plants","Increasing awareness of the potential harm caused by releasing pets or aquatic plants into the natural environment.","","1976","HB 1976","RULES","","","H","Referred to Rules 2 Review.","1","Donaghy","2025-02-14","2025-02-21","SFN","","0","0","0",""
"1977","Commercial servers of liquor","Concerning the indemnification of commercial servers of liquor.","","1977","HB 1977","COMMITTEE","CPB","true","H","First reading, referred to Consumer Protection & Business.","1","Donaghy","2025-02-14","2025-02-14","","","0","0","0",""
"1978","Election tabulation devices","Concerning transparency in election tabulation devices.","","1978","HB 1978","COMMITTEE","SGTR","true","H","First reading, referred to State Government & Tribal Relations.","1","Chase","2025-02-14","2025-02-14","","","0","0","0",""
"1979","Cardiac care cert. of need","Updating cardiac care certificate of need requirements.","","1979","HB 1979","COMMITTEE","HCW","true","H","First reading, referred to Health Care & Wellness.","1","Bronoske","2025-02-14","2025-02-14","","","0","0","0","70.38.111|70.38.128"
"1980","Employer transp. services","Allowing certain private employer transportation services to use certain public transportation facilities.","","1980","HB 1980","SUBSTITUTED","","","H","1st substitute bill substituted.","0","Zahn","2025-02-14","2025-03-05","SFN,Loc","","0","0","0","46.61.165|47.52.025"
"1980","Employer transp. services","Allowing certain private employer transportation services to use certain public transportation facilities.","","1980","SHB 1980","RULES","","","H","By resolution, returned to House Rules Committee for third reading.","1","Zahn","2025-02-27","2025-04-27","","","0","0","0","46.61.165|47.52.025"
"1981","Energy facility transfer/tax","Imposing a local option tax on the sale or transfer of renewable energy facilities.","","1981","HB 1981","COMMITTEE","FIN","true","H","First reading, referred to Finance.","1","Dye","2025-02-14","2025-02-14","Loc","","0","0","0",""
"1982","Treaty rights/convictions","Vacating convictions involving the exercise of treaty rights by Indian tribal members.","","1982","HB 1982","COMMITTEE","CS","true","H","First reading, referred to Community Safety.","1","Lekanoff","2025-02-14","2025-02-14","","","0","0","0","2.7|2.70.020|2.70.023|9.96.060"
"1983","Timberland definition/REET","Amending the definition of timberland for purposes of determining the real estate excise tax for a governmental entity.","","1983","HB 1983","RULES","","","H","Referred to Rules 2 Consideration.","1","Tharinger","2025-02-17","2025-04-27","SFN","","0","0","0",""
"1984","Autonomous vehicles","Concerning vehicle and operator requirements for autonomous vehicles.","","1984","HB 1984","COMMITTEE","TRAN","true","H","First reading, referred to Transportation.","1","Kloba","2025-02-17","2025-02-17","SFN","","0","0","0","46.92|46.92.010"
"1985","Animal services districts","Concerning the creation of animal services districts.","","1985","HB 1985","COMMITTEE","LG","true","H","First reading, referred to Local Government.","1","Parshley","2025-02-17","2025-02-17","","","0","0","0",""
"1986","Vehicles for rental/tax","Concerning the application of taxes to sales of motor vehicles for use in retail car rentals.","","1986","HB 1986","COMMITTEE","FIN","true","H","First reading, referred to Finance.","1","Street","2025-02-17","2025-02-17","SFN","","0","0","0",""
"1987","Food security strategy","Developing a statewide food security strategy.","","1987","HB 1987","COMMITTEE","AGNR","true","H","First reading, referred to Agriculture & Natural Resources.","1","Reeves","2025-02-17","2025-02-17","SFN","","0","0","0",""
"1988 / 5738","Retired employees/work","Permitting individuals retired from the public employees' retirement system, the teachers' retirement system, and the school employees' retirement system additional opportunities to work for up to 1,040 hours per year while in receipt of pension benefits.","","1988","HB 1988","COMMITTEE","APP","true","H","First reading, referred to Appropriations.","1","Callan","2025-02-17","2025-02-17","SFN,Loc","","0","0","0","41.32.570|41.32.802|41.32.862|41.35.060|41.40.037"
"1988 / 5738","Retired employees/work","Permitting individuals retired from the public employees' retirement system, the teachers' retirement system, and the school employees' retirement system additional opportunities to work for up to 1,040 hours per year while in receipt of pension benefits.","","1988","SB 5738","SUBSTITUTED","","","S","1st substitute bill substituted.","0","Wellman","2025-02-12","2025-03-12","SFN,Loc","","0","0","0","41.32.570|41.32.802|41.32.862|41.35.060|41.40.037"
"1989","Assault of transit employee","Concerning assaults committed against transit employees or contractors.","","1989","HB 1989","COMMITTEE","CS","true","H","First reading, referred to Community Safety.","1","Rule","2025-02-17","2025-02-17","","","0","0","0",""
"1990","Utility disaster costs","Authorizing utility companies to securitize certain costs related to disasters or emergencies to lower costs to customers.","2SHB 1990","1990","HB 1990","SUBSTITUTED","","","H","2nd substitute bill substituted.","0","Abbarno","2025-02-17","2025-03-10","SFN,Loc","","0","0","0","80.08.140|80.28|80.28.005|80.28.303|80.28.306|80.28.309"
"1990","Utility disaster costs","Authorizing utility companies to securitize certain costs related to disasters or emergencies to lower costs to customers.","2SHB 1990","1990","SHB 1990","SUBSTITUTED","","","H","2nd substitute bill substituted.","0","Abbarno","2025-02-20","2025-03-10","SFN,Loc","","0","0","0","80.08.140|80.28|80.28.005|80.28.303|80.28.306|80.28.309"
"1990","Utility disaster costs","Authorizing utility companies to securitize certain costs related to disasters or emergencies to lower costs to customers.","2SHB 1990","1990","2SHB 1990","ENACTED","","","","Effective date 5/17/2025.","1","Abbarno","2025-02-27","2025-05-17","SFN,Loc","","0","0","0","80.08.140|80.28|80.28.005|80.28.303|80.28.306|80.28.309"
"1991","Agency email subscribers/PRA","Exempting from public inspection and copying requirements email addresses of individuals who subscribe to regular communications of certain agencies as defined under the public records act.","","1991","HB 1991","COMMITTEE","SGTR","true","H","First reading, referred to State Government & Tribal Relations.","1","Simmons","2025-02-17","2025-02-17","","","0","0","0",""
"1992 / 5581","Safe system approach strat.","Implementing safe system approach strategies for active transportation infrastructure.","","1992","HB 1992","COMMITTEE","TRAN","true","H","First reading, referred to Transportation.","1","Zahn","2025-02-17","2025-02-17","SFN","","0","0","0","46.04|46.04.118|46.04.160|46.04.220|46.61.135|46.61.140|47.04.010|47.04.035|47.04.300|47.04.380|47.04.430|47.30.010|47.30.020|47.30.030|47.30.040"
"1992 / 5581","Safe system approach strat.","Implementing safe system approach strategies for active transportation infrastructure.","","1992","SB 5581","RULES","","","S","By resolution, returned to Senate Rules Committee for third reading.","1","Shewmake","2025-01-30","2025-04-27","SFN","","0","0","0","46.04|46.04.118|46.04.160|46.04.220|46.61.135|46.61.140|47.04.010|47.04.035|47.04.300|47.04.380|47.04.430|47.30.010|47.30.020|47.30.030|47.30.040"
"1993","Child care providers/B&O tax","Exempting child care providers from the business and occupation tax.","","1993","HB 1993","COMMITTEE","FIN","true","H","First reading, referred to Finance.","1","Waters","2025-02-18","2025-02-18","SFN","","0","0","0",""
"1994","Renewable energy hosts/tax","Encouraging local support of communities that host renewable energy through changes in tax policy.","","1994","HB 1994","COMMITTEE","FIN","true","H","First reading, referred to Finance.","1","Klicker","2025-02-18","2025-02-18","SFN,Loc","","0","0","0",""
"1995","Tax preferences","Concerning tax preferences.","","1995","HB 1995","COMMITTEE","FIN","true","H","First reading, referred to Finance.","1","Thomas","2025-02-18","2025-02-18","SFN,Loc","","0","0","0","36.100.090|36.102.070|82.04.050|82.04.110|82.04.120|82.04.260|82.04.260|82.04.367|82.04.421|82.04.426|82.04.4282|82.04.4295|82.04.4331|82.04.4332|82.04.43395|82.04.434|82.04.447|82.04.448|82.04.4482|82.04.545|82.08.02566|82.08.02568|82.08.02569|82.08.965|82.08.970|82.12.022|82.12.024|82.12.02566|82.12.02568|82.12.02569|82.12.0265|82.12.965|82.12.970|82.16.046|82.16.0495|82.16.0498|82.16.315|82.21.040|82.23a.030|82.23b.030|82.29a.130|82.29a.132|82.29a.137|82.45.010|82.45.030|82.45.190|82.64.030|84.36.010|84.36.030|84.36.047"
"1996","Behavioral health diversion","Authorizing a qualified county to impose a tax for the funding of behavioral health diversion from the criminal justice system.","","1996","HB 1996","RULES","","","H","Referred to Rules 2 Review.","1","Farivar","2025-02-18","2025-02-28","SFN,Loc","","0","0","0",""
"1996","Behavioral health diversion","Authorizing a qualified county to impose a tax for the funding of behavioral health diversion from the criminal justice system.","","1996","SHB 1996","RULES","","","H","Referred to Rules 2 Review.","1","Farivar","2025-02-26","2025-02-28","SFN,Loc","","0","0","0",""
"1997","Property tax cut","Cutting statewide property tax revenues by 10 percent without creating a shift to other taxpayers.","","1997","HB 1997","COMMITTEE","FIN","true","H","First reading, referred to Finance.","1","Mendoza","2025-02-18","2025-02-18","","","0","0","0","84.52.065|84.55.010"
"1998 / 5774","Investment income/B&O tax","Clarifying the scope of the investment income business and occupation tax deduction.","","1998","HB 1998","COMMITTEE","FIN","true","H","First reading, referred to Finance.","1","Walen","2025-02-18","2025-02-18","","","0","0","0",""
"1998 / 5774","Investment income/B&O tax","Clarifying the scope of the investment income business and occupation tax deduction.","","1998","SB 5774","COMMITTEE","WM","true","S","First reading, referred to Ways & Means.","1","Torres","2025-02-24","2025-02-24","","","0","0","0",""
"1999","Ag. land/foreign ownership","Concerning foreign ownership of agricultural land in Washington.","","1999","HB 1999","COMMITTEE","CRJ","true","H","First reading, referred to Civil Rights & Judiciary.","1","Schmick","2025-02-19","2025-02-19","","","0","0","0","64.16|64.16.005"
"2000 / 5743","Law enforcement memorial","Regarding names to be included on the Washington state law enforcement memorial.","","2000","HB 2000","COMMITTEE","CAP","true","H","First reading, referred to Capital Budget.","1","Valdez","2025-02-19","2025-02-19","","","0","0","0",""
"2000 / 5743","Law enforcement memorial","Regarding names to be included on the Washington state law enforcement memorial.","","2000","SB 5743","COMMITTEE","STATE GOVERNMENT, TRIBAL AFFAIRS & ELECTIONS","true","S","First reading, referred to State Government, Tribal Affairs & Elections.","1","Krishnadasan","2025-02-13","2025-02-13","","","0","0","0",""
"2001","Sunsetting state entities","Sunsetting all nonconstitutionally mandated state agencies, commissions, boards, task forces, work groups, and councils every 10 years absent affirmative reestablishment by the legislature.","","2001","HB 2001","COMMITTEE","SGTR","true","H","First reading, referred to State Government & Tribal Relations.","1","Dufault","2025-02-19","2025-02-19","","","0","0","0",""
"2002","Firearm recovery rewards","Concerning criminal justice and the recovery of firearms used in the commission of a crime.","","2002","HB 2002","COMMITTEE","CS","true","H","First reading, referred to Community Safety.","1","Couture","2025-02-19","2025-02-19","","","0","0","0","10.85|82.14.310|82.14.320|82.14.330"
"2003","Columbia river endorsement","Concerning the Columbia river recreational salmon and steelhead endorsement program.","HB 2003","2003","HB 2003","ENACTED","","","","Effective date 1/1/2026.","1","Reeves","2025-02-20","2025-05-17","SFN","","0","0","0",""
"2004","Voter database access","Providing secure online access to the voter registration database.","","2004","HB 2004","COMMITTEE","SGTR","true","H","First reading, referred to State Government & Tribal Relations.","1","Chase","2025-02-20","2025-02-20","","","0","0","0",""
"2005","EV charging station damage","Providing for enforcement actions for property damage of electric vehicle charging stations.","","2005","HB 2005","COMMITTEE","CS","true","H","First reading, referred to Community Safety.","1","Barkis","2025-02-20","2025-02-20","","","0","0","0",""
"2006","Industrial land banks","Extending the deadline for a rural county collecting the sales and use tax for economic development purposes to designate industrial land banks under the growth management act.","","2006","HB 2006","COMMITTEE","LG","true","H","First reading, referred to Local Government.","1","Ybarra","2025-02-20","2025-02-20","","","0","0","0",""
"2007 / 5859","Competency-based assessments","Expanding opportunities for competency-based assessments in graduation pathway options.","","2007","HB 2007","COMMITTEE","ED","true","H","First reading, referred to Education.","1","Stonier","2025-02-20","2025-02-20","","","0","1","0",""
"2007 / 5859","Competency-based assessments","Expanding opportunities for competency-based assessments in graduation pathway options.","","2007","SB 5859","PREFILED","","","S","Prefiled for introduction.","1","Wellman","","2025-12-09","","","0","1","1",""
"2008","Personal hygiene products","Concerning chemicals in certain personal hygiene products.","","2008","HB 2008","COMMITTEE","E&E","true","H","First reading, referred to Environment & Energy.","1","Mena","2025-02-20","2025-02-20","","","0","0","0",""
"2009","Controlling interest/REET","Clarifying the calculation of the real estate excise tax for the transfer of a controlling interest in an entity holding real property.","","2009","HB 2009","COMMITTEE","FIN","true","H","First reading, referred to Finance.","1","Salahuddin","2025-02-20","2025-02-20","SFN,Loc","","0","0","0",""
"2010","Safe drinking water grants","Creating a safe drinking water grant program for economically distressed communities.","","2010","HB 2010","COMMITTEE","E&E","true","H","First reading, referred to Environment & Energy.","1","Manjarrez","2025-02-21","2025-02-21","","","0","0","0","43.20.050|70a.125"
"2011 / 5761","Dependency/attorney appt.","Developing a schedule for court appointment of attorneys for children and youth in dependency and termination proceedings.","SB 5761","2011","HB 2011","COMMITTEE","APP","true","H","First reading, referred to Appropriations.","1","Ormsby","2025-02-21","2025-02-21","","","0","0","0",""
"2011 / 5761","Dependency/attorney appt.","Developing a schedule for court appointment of attorneys for children and youth in dependency and termination proceedings.","SB 5761","2011","SB 5761","ENACTED","","","","Effective date 7/27/2025.","1","Frame","2025-02-17","2025-05-20","SFN","","0","0","0",""
"2012","Transition to kindergarten","Funding the transition to kindergarten program.","","2012","HB 2012","COMMITTEE","APP","true","H","First reading, referred to Appropriations.","1","Bergquist","2025-02-21","2025-02-21","SFN","","1","0","0",""
"2013","Liquor licensees/fan zones","Concerning temporary authorizations for liquor licensees in fan zones or host cities.","","2013","HB 2013","COMMITTEE","CPB","true","H","First reading, referred to Consumer Protection & Business.","1","Richards","2025-02-21","2025-02-21","","","0","0","0","66.08.030|66.24.710|66.44.100"
"2014 / 5219","Partial confinement","Concerning partial confinement eligibility and alignment.","","2014","HB 2014","COMMITTEE","CS","true","H","First reading, referred to Community Safety.","1","Goodman","2025-02-21","2025-02-21","","","0","0","0","9.94a.030|9.94a.6551|9.94a.728|9.94a.733"
"2014 / 5219","Partial confinement","Concerning partial confinement eligibility and alignment.","","2014","SB 5219","SUBSTITUTED","","","S","1st substitute bill substituted.","0","Wilson, C.","2025-01-13","2025-02-19","SFN","G","0","0","0","9.94a.030|9.94a.6551|9.94a.728|9.94a.733"
"2015","Public safety funding","Improving public safety funding by providing resources to local governments and state and local criminal justice agencies, and authorizing a local option tax.","ESHB 2015","2015","HB 2015","SUBSTITUTED","","","H","1st substitute bill substituted.","0","Entenman","2025-02-21","2025-03-11","SFN,Loc","","0","0","0","43.101|82.14"
"2015","Public safety funding","Improving public safety funding by providing resources to local governments and state and local criminal justice agencies, and authorizing a local option tax.","ESHB 2015","2015","SHB 2015","OTHER","","","H","","0","Entenman","2025-02-28","","SFN,Loc","","0","0","0","36.28a|43.101|82.14"
"2015","Public safety funding","Improving public safety funding by providing resources to local governments and state and local criminal justice agencies, and authorizing a local option tax.","ESHB 2015","2015","ESHB 2015","ENACTED","","","","Effective date 7/27/2025.","1","Entenman","2025-02-28","2025-05-19","SFN,Loc","","0","0","0","36.28a|43.101|82.14"
"2016","Capital budget for broadband","Concerning an additive capital budget for state matching funds and federal expenditure authority for broadband.","","2016","HB 2016","RULES","","","H","Referred to Rules 2 Review.","1","Tharinger","2025-02-21","2025-02-28","","","0","0","0",""
"2017","School director training","Making a required school director governance training program available at no cost and virtually.","","2017","HB 2017","COMMITTEE","ED","true","H","First reading, referred to Education.","1","Walsh","2025-02-24","2025-02-24","","","0","0","0",""
"2018","Solid waste/local government","Concerning solid waste and establishing the local government solid waste assistance account.","","2018","HB 2018","COMMITTEE","FIN","true","H","First reading, referred to Finance.","1","Doglio","2025-02-24","2025-02-24","","","0","0","0","82.18|82.18.020|82.18.040"
"2019","Estate tax","Making the estate tax more progressive.","","2019","HB 2019","COMMITTEE","FIN","true","H","First reading, referred to Finance.","1","Street","2025-02-24","2025-02-24","SFN","","0","0","0","83.100.020|83.100.040"
"2020 / 5777","Payment card processing/tax","Creating a business and occupation tax deduction and increasing the rate for persons conducting payment card processing activities.","","2020","HB 2020","SUBSTITUTED","","","H","1st substitute bill substituted.","0","Berg","2025-02-24","2025-04-17","SFN","","0","0","0","82.04|82.04.290|82.04.29004|82.04.299"
"2020 / 5777","Payment card processing/tax","Creating a business and occupation tax deduction and increasing the rate for persons conducting payment card processing activities.","","2020","SB 5777","COMMITTEE","WM","true","S","First reading, referred to Ways & Means.","1","Robinson","2025-02-25","2025-02-25","SFN","","0","0","0","82.04|82.04.290|82.04.29004|82.04.299"
"2020","Payment card processing/tax","Creating a business and occupation tax deduction and increasing the rate for persons conducting payment card processing activities.","SHB 2020","2020","SHB 2020","ENACTED","","","","Effective date 1/1/2026.","1","Berg","2025-04-08","2025-05-20","SFN","","0","0","0","82.04|82.04.290|82.04.29004|82.04.299"
"2021","Public works board bonds","Authorizing the public works board to issue bonds for the purpose of financing public works infrastructure projects.","","2021","HB 2021","COMMITTEE","CAP","true","H","First reading, referred to Capital Budget.","1","Steele","2025-02-24","2025-02-24","SFN,Loc","","0","0","0","43.155|43.155.010|43.155.020|43.155.040|43.155.060|43.155.070"
"2022","Landlord-tenant","Concerning reforms of landlord-tenant laws.","","2022","HB 2022","COMMITTEE","HSG","true","H","First reading, referred to Housing.","1","Richards","2025-02-25","2025-02-25","","","0","0","0","59.18|59.18.370|59.18.650|59.2"
"2023","Investment income taxation","Establishing a work group to study the taxation of investment income under RCW 82.04.4281.","","2023","HB 2023","COMMITTEE","FIN","true","H","First reading, referred to Finance.","1","Berg","2025-02-25","2025-02-25","SFN","","0","0","0",""
"2024 / 5770","Primary residence/tax","Providing housing safety, security, and protection by creating the primary residence property tax exemption.","","2024","HB 2024","COMMITTEE","FIN","true","H","First reading, referred to Finance.","1","Berg","2025-02-25","2025-02-25","SFN,Loc","","0","0","0","84.36|84.48.010"
"2024 / 5770","Primary residence/tax","Providing housing safety, security, and protection by creating the primary residence property tax exemption.","","2024","SB 5770","RULES","","","S","Senate Rules ""X"" file.","1","Robinson","2025-02-21","2025-03-17","SFN,Loc","","0","0","0","84.36|84.48.010"
"2025 / 5771","WFTC increase/tenants","Increasing the working families' tax credit to reflect the economic impact of property taxes incorporated into rental amounts charged to residential tenants.","","2025","HB 2025","COMMITTEE","FIN","true","H","First reading, referred to Finance.","1","Berg","2025-02-25","2025-02-25","SFN","","0","0","0",""
"2025 / 5771","WFTC increase/tenants","Increasing the working families' tax credit to reflect the economic impact of property taxes incorporated into rental amounts charged to residential tenants.","","2025","SB 5771","RULES","","","S","Senate Rules ""X"" file.","1","Robinson","2025-02-21","2025-03-17","SFN","","0","0","0",""
"2026","Education funding","Creating the fairness in education funding act.","","2026","HB 2026","COMMITTEE","FIN","true","H","First reading, referred to Finance.","1","Dufault","2025-02-25","2025-02-25","","","0","0","0","28a.150|28a.150.276|28a.150.410|28a.150.412|28a.150.413|28a.300.0401|28a.320.245|28a.320.330|28a.500.010|28a.500.015|28a.500.040|28a.500.060|28a.500.900|28a.505.240|28a.545.010|28a.545.020|28a.545.030|28a.545.040|28a.545.050|28a.545.060|28a.545.070|28a.545.080|28a.545.090|28a.545.100|28a.545.110|28a.545.120|28a.545.130|28a.545.140|43.09.2856|84.09.037|84.52.053|84.52.0531"
"2027","Housing/taxes","Increasing the supply of affordable and workforce housing.","","2027","HB 2027","COMMITTEE","FIN","true","H","First reading, referred to Finance.","1","Berg","2025-02-27","2025-02-27","SFN,Loc","","0","0","0","82.45|82.45.060|82.46|82.46.010|82.46.035"
"2028","Farmland purchases","Preserving Washington farmland by limiting purchases by certain entities.","","2028","HB 2028","COMMITTEE","CRJ","true","H","First reading, referred to Civil Rights & Judiciary.","1","Walsh","2025-02-27","2025-02-27","","","0","0","0",""
"2029","Legal personhood","Concerning recognition of legal personhood by a governmental entity.","","2029","HB 2029","COMMITTEE","CRJ","true","H","First reading, referred to Civil Rights & Judiciary.","1","Abell","2025-02-27","2025-02-27","","","0","0","0",""
"2030","Interstate bridge/financial","Studying the financial oversight of the interstate bridge replacement project.","","2030","HB 2030","COMMITTEE","TRAN","true","H","First reading, referred to Transportation.","1","Ley","2025-02-27","2025-02-27","","","0","0","0",""
"2031","Fishing and hunting licenses","Concerning recreational fishing and hunting licenses.","","2031","HB 2031","COMMITTEE","APP","true","H","First reading, referred to Appropriations.","1","Fitzgibbon","2025-02-28","2025-02-28","SFN","","0","0","0","77.08.010|77.12|77.12.810|77.32|77.32.070|77.32.155|77.32.350|77.32.370|77.32.430|77.32.440|77.32.450|77.32.460|77.32.470|77.32.480|77.32.520|77.32.570|77.32.575"
"2032","Language access providers","Concerning language access providers.","","2032","HB 2032","COMMITTEE","SGTR","true","H","First reading, referred to State Government & Tribal Relations.","1","Schmidt","2025-03-03","2025-03-03","","","0","0","0",""
"2033","Nicotine product taxation","Concerning the taxation of nicotine products.","","2033","HB 2033","RULES","","","H","Referred to Rules 2 Review.","1","Stonier","2025-03-07","2025-04-08","SFN","","0","0","0",""
"2033","Nicotine product taxation","Concerning the taxation of nicotine products.","","2033","SHB 2033","RULES","","","H","Referred to Rules 2 Review.","1","Stonier","2025-04-08","2025-04-08","","","0","0","0",""
"2034","LEOFF 1 restatement","Concerning termination and restatement of plan 1 of the law enforcement officers' and firefighters' retirement system.","","2034","HB 2034","RULES","","","H","Referred to Rules 2 Review.","1","Ormsby","2025-03-07","2025-04-08","SFN,Loc","","0","0","0","2.10.155|26.09.138|28b.15.380|28b.15.520|35.21.935|35a.21.380|36.28a.010|41|41.04.205|41.04.270|41.04.350|41.04.393|41.04.400|41.04.440|41.04.450|41.04.803|41.05.011|41.05.320|41.16.020|41.16.060|41.16.145|41.18.015|41.18.104|41.18.210|41.20.010|41.20.170|41.20.175|41.24.400|41.26.005|41.26.010|41.26.030|41.26.035|41.26.040|41.26.045|41.26.046|41.26.047|41.26.061|41.26.075|41.26.080|41.26.090|41.26.100|41.26.105|41.26.110|41.26.115|41.26.120|41.26.125|41.26.130|41.26.135|41.26.140|41.26.150|41.26.160|41.26.161|41.26.162|41.26.164|41.26.170|41.26.190|41.26.192|41.26.194|41.26.195|41.26.197|41.26.199|41.26.200|41.26.211|41.26.221|41.26.240|41.26.250|41.26.260|41.26.270|41.26.281|41.26.291|41.26.3901|41.26.3902|41.26.3903|41.26.410|41.32.800|41.32.802|41.32.860|41.32.862|41.35.060|41.35.230|41.37.050|41.37.180|41.40.010|41.40.037|41.40.059|41.40.690|41.40.850|41.45.010|41.45.020|41.45.050|41.45.060|41.45.230|41.48.030|41.48.050|41.50.030|41.50.033|41.50.055|41.50.075|41.50.080|41.50.090|41.50.110|41.50.112|41.50.150|41.50.255|41.50.500|41.50.650|41.50.670|41.50.700|41.56.030|43.79a.040|43.84.092|46.52.130|49.44.160|51.08.142|51.32.050|51.32.185|6.15.020|72.72.060"
"2034","LEOFF 1 restatement","Concerning termination and restatement of plan 1 of the law enforcement officers' and firefighters' retirement system.","","2034","SHB 2034","RULES","","","H","Referred to Rules 2 Review.","1","Ormsby","2025-04-03","2025-04-08","SFN,Loc","","0","0","0","2.10.155|26.09.138|28b.15.380|28b.15.520|35.21.935|35a.21.380|36.28a.010|41|41.04.205|41.04.270|41.04.350|41.04.393|41.04.400|41.04.440|41.04.450|41.04.803|41.05.011|41.05.320|41.16.020|41.16.060|41.16.145|41.18.015|41.18.104|41.18.210|41.20.010|41.20.170|41.20.175|41.24.400|41.26.005|41.26.010|41.26.030|41.26.035|41.26.040|41.26.045|41.26.046|41.26.047|41.26.061|41.26.075|41.26.080|41.26.090|41.26.100|41.26.105|41.26.110|41.26.115|41.26.120|41.26.125|41.26.130|41.26.135|41.26.140|41.26.150|41.26.160|41.26.161|41.26.162|41.26.164|41.26.170|41.26.190|41.26.192|41.26.194|41.26.195|41.26.197|41.26.199|41.26.200|41.26.211|41.26.221|41.26.240|41.26.250|41.26.260|41.26.270|41.26.281|41.26.291|41.26.3901|41.26.3902|41.26.3903|41.26.410|41.32.800|41.32.802|41.32.860|41.32.862|41.35.060|41.35.230|41.37.050|41.37.180|41.40.010|41.40.037|41.40.059|41.40.690|41.40.850|41.45.010|41.45.020|41.45.050|41.45.060|41.45.230|41.48.030|41.48.050|41.50.030|41.50.033|41.50.055|41.50.075|41.50.080|41.50.090|41.50.110|41.50.112|41.50.150|41.50.255|41.50.500|41.50.650|41.50.670|41.50.700|41.56.030|43.79a.040|43.84.092|46.52.130|49.44.160|51.08.142|51.32.050|51.32.185|6.15.020|72.72.060"
"2035 / 5786","Liquor license fees","Increasing license, permit, and endorsement fees.","","2035","HB 2035","RULES","","","H","Referred to Rules 2 Review.","1","Lekanoff","2025-03-09","2025-03-25","SFN","","0","0","0","66.08|66.20.010|66.20.400|66.24.015|66.24.035|66.24.055|66.24.140|66.24.146|66.24.150|66.24.160|66.24.165|66.24.170|66.24.179|66.24.185|66.24.200|66.24.203|66.24.240|66.24.244|66.24.250|66.24.261|66.24.310|66.24.320|66.24.330|66.24.350|66.24.354|66.24.360|66.24.363|66.24.371|66.24.395|66.24.400|66.24.420|66.24.425|66.24.450|66.24.452|66.24.495|66.24.520|66.24.530|66.24.540|66.24.550|66.24.570|66.24.580|66.24.590|66.24.600|66.24.610|66.24.630|66.24.650|66.24.655|66.24.680|66.24.690|66.24.695"
"2035 / 5786","Liquor license fees","Increasing license, permit, and endorsement fees.","","2035","SB 5786","SUBSTITUTED","","","S","2nd substitute bill substituted.","0","Stanford","2025-03-11","2025-04-16","SFN","","0","0","0","66.08|66.20.010|66.20.400|66.24.015|66.24.035|66.24.055|66.24.140|66.24.146|66.24.150|66.24.160|66.24.165|66.24.170|66.24.179|66.24.185|66.24.200|66.24.203|66.24.240|66.24.244|66.24.250|66.24.261|66.24.310|66.24.320|66.24.330|66.24.350|66.24.354|66.24.360|66.24.363|66.24.371|66.24.395|66.24.400|66.24.420|66.24.425|66.24.450|66.24.452|66.24.495|66.24.520|66.24.530|66.24.540|66.24.550|66.24.570|66.24.580|66.24.590|66.24.600|66.24.610|66.24.630|66.24.650|66.24.655|66.24.680|66.24.690|66.24.695"
"2035","Liquor license fees","Increasing license, permit, and endorsement fees.","","2035","SHB 2035","RULES","","","H","Referred to Rules 2 Review.","1","Lekanoff","2025-03-20","2025-03-25","SFN","","0","0","0","66.08|66.08.180|66.20.010|66.20.400|66.24.015|66.24.035|66.24.055|66.24.140|66.24.146|66.24.150|66.24.160|66.24.165|66.24.170|66.24.179|66.24.185|66.24.200|66.24.203|66.24.240|66.24.244|66.24.250|66.24.261|66.24.310|66.24.320|66.24.330|66.24.350|66.24.354|66.24.360|66.24.363|66.24.371|66.24.395|66.24.400|66.24.420|66.24.425|66.24.450|66.24.452|66.24.495|66.24.520|66.24.530|66.24.540|66.24.550|66.24.570|66.24.580|66.24.590|66.24.600|66.24.610|66.24.630|66.24.650|66.24.655|66.24.680|66.24.690|66.24.695"
"2036","Violent firearm offenses","Concerning persons convicted of violent offenses with a firearm.","","2036","HB 2036","COMMITTEE","CS","true","H","First reading, referred to Community Safety.","1","Graham","2025-03-09","2025-03-09","","","0","0","0",""
"2037","Cannabis","Modernizing adult use cannabis laws.","","2037","HB 2037","COMMITTEE","FIN","true","H","First reading, referred to Finance.","1","Morgan","2025-03-13","2025-03-13","SFN","","0","0","0","19.86.070|24.34.010|69.50.325|69.50.331|82.04"
"2038 / 5799","Youth behavioral health acc.","Establishing the youth behavioral health account and funding the account through the imposition of a business and occupation additional tax on the operation of social media platforms.","","2038","HB 2038","COMMITTEE","FIN","true","H","First reading, referred to Finance.","1","Callan","2025-03-18","2025-03-18","SFN","","0","0","0",""
"2038 / 5799","Youth behavioral health acc.","Establishing the youth behavioral health account and funding the account through the imposition of a business and occupation additional tax on the operation of social media platforms.","","2038","SB 5799","COMMITTEE","WM","true","S","First reading, referred to Ways & Means.","1","Wilson, C.","2025-03-24","2025-03-24","SFN","","0","0","0",""
"2039","Child support pass through","Concerning child support pass through.","HB 2039","2039","HB 2039","ENACTED","","","","Effective date 7/27/2025.","1","Macri","2025-03-19","2025-05-20","SFN","","0","0","0",""
"2040","ABD assistance recovery","Concerning the recovery of the aged, blind, or disabled assistance program.","HB 2040","2040","HB 2040","ENACTED","","","","Effective date 7/27/2025.","1","Macri","2025-03-19","2025-05-20","SFN","","0","0","0",""
"2041","Postpartum coverage","Concerning postpartum coverage.","","2041","HB 2041","SUBSTITUTED","","","H","1st substitute bill substituted.","0","Macri","2025-03-20","2025-04-17","SFN","","0","0","0",""
"2041","Postpartum coverage","Concerning postpartum coverage.","","2041","SHB 2041","RULES","","","H","By resolution, returned to House Rules Committee for third reading.","1","Macri","2025-04-05","2025-04-27","SFN","","0","0","0",""
"2042 / 5767","Federal employee hiring pref","Providing hiring preferences for state employment to certain federal employees.","","2042","HB 2042","COMMITTEE","SGTR","true","H","First reading, referred to State Government & Tribal Relations.","1","Reed","2025-03-21","2025-03-21","","","0","0","0","41.04|41.04.010"
"2042 / 5767","Federal employee hiring pref","Providing hiring preferences for state employment to certain federal employees.","","2042","SB 5767","COMMITTEE","STATE GOVERNMENT, TRIBAL AFFAIRS & ELECTIONS","true","S","First reading, referred to State Government, Tribal Affairs & Elections.","1","Saldaña","2025-02-19","2025-02-19","","","0","0","0","41.04|41.04.010"
"2043","Transportation resources","Concerning transportation resources.","","2043","HB 2043","COMMITTEE","TRAN","true","H","First reading, referred to Transportation.","1","Fey","2025-03-21","2025-03-21","SFN,Loc","","0","0","0",""
"2044","Unexcused student absences","Addressing unexcused student absences.","","2044","HB 2044","FLOOR","","","H","","0","Ormsby","2025-03-24","","SFN,Loc","","0","0","0","2.56.140|28a.225.015|28a.225.020|28a.225.025|28a.225.0261|28a.225.030|28a.225.035|28a.225.090|28a.225.151|28a.225.900|28a.710|28a.715"
"2044","Unexcused student absences","Addressing unexcused student absences.","","2044","EHB 2044","RULES","","","H","By resolution, returned to House Rules Committee for third reading.","1","Ormsby","2025-03-24","2025-04-27","SFN,Loc","","0","0","0","2.56.140|28a.225.015|28a.225.020|28a.225.025|28a.225.0261|28a.225.030|28a.225.035|28a.225.090|28a.225.151|28a.225.900|28a.710|28a.715"
"2045","Business and occupation tax","Investing in Washington families by restructuring the business and occupation tax on high grossing businesses and financial institutions.","","2045","HB 2045","COMMITTEE","FIN","true","H","First reading, referred to Finance.","1","Fitzgibbon","2025-03-24","2025-03-24","SFN","","0","0","0","82.04|82.04.29004"
"2046","Intangible assets tax","Creating fairness in Washington's tax by imposing a tax on select financial intangible assets.","","2046","HB 2046","COMMITTEE","FIN","true","H","First reading, referred to Finance.","1","Berg","2025-03-24","2025-03-24","SFN","","0","0","0","43.135.034|82.32.160|82.32.655"
"2047","Employee ownership program","Eliminating the Washington employee ownership program.","SHB 2047","2047","HB 2047","SUBSTITUTED","","","H","1st substitute bill substituted.","0","Richards","2025-03-24","2025-04-17","SFN","","0","0","0","43.330.590|43.330.592|43.330.595"
"2047","Employee ownership program","Eliminating the Washington employee ownership program.","SHB 2047","2047","SHB 2047","ENACTED","","","","Effective date 7/27/2025.","1","Richards","2025-04-05","2025-05-19","SFN","","0","0","0","43.330.590|43.330.592|43.330.595|82.04.4488"
"2048","Leadership board","Eliminating the Washington state leadership board.","","2048","HB 2048","RULES","","","H","Referred to Rules 2 Review.","1","Rule","2025-03-24","2025-04-08","SFN","","0","0","0","43.15.020|43.15.095|43.388.010|43.388.020|43.388.030|43.388.040|46.68.420"
"2048","Leadership board","Eliminating the Washington state leadership board.","","2048","SHB 2048","RULES","","","H","Referred to Rules 2 Review.","1","Rule","2025-04-05","2025-04-08","SFN","","0","0","0","43.15.020|43.15.095|43.388.010|43.388.020|43.388.030|43.388.040|46.68.420"
"2049 / 5812","K-12 education funding","Investing in the state's paramount duty to fund K-12 education and build strong and safe communities.","","2049","HB 2049","SUBSTITUTED","","","H","1st substitute bill substituted.","0","Bergquist","2025-03-24","2025-04-21","SFN,Loc","","0","0","0","28a.150.390|28a.150.392|28a.150.560|28a.500.015|84.52.0531|84.55.005|84.55.0101|84.55.100"
"2049 / 5812","K-12 education funding","Investing in the state's paramount duty to fund K-12 education and build strong and safe communities.","","2049","SB 5812","COMMITTEE","WM","true","S","First reading, referred to Ways & Means.","1","Wellman","2025-04-16","2025-04-16","SFN,Loc","","0","0","0","28a.150.390|28a.150.392|28a.150.560|28a.500.015|84.52.0531|84.55.005|84.55.0101|84.55.100"
"2049","K-12 education funding","Investing in the state's paramount duty to fund K-12 education and build strong and safe communities.","ESHB 2049","2049","SHB 2049","OTHER","","","H","","0","Bergquist","2025-04-19","","SFN,Loc","","0","0","0","28a.500.015|84.52.0531"
"2049","K-12 education funding","Investing in the state's paramount duty to fund K-12 education and build strong and safe communities.","ESHB 2049","2049","ESHB 2049","ENACTED","","","","Effective date 7/27/2025.","1","Bergquist","2025-04-19","2025-05-20","SFN,Loc","","0","0","0","28a.500.015|84.52.0531"
"2050","K-12 savings & efficiencies","Implementing K-12 savings and efficiencies.","HB 2050","2050","HB 2050","ENACTED","","","","Effective date 1/1/2026.","1","Ormsby","2025-03-24","2025-05-20","SFN","","0","0","0",""
"2051","Medicaid patients/discharge","Concerning payment to acute care hospitals for difficult to discharge medicaid patients.","SHB 2051","2051","HB 2051","SUBSTITUTED","","","H","1st substitute bill substituted.","0","Gregerson","2025-03-24","2025-04-17","SFN,Loc","","0","0","0",""
"2051","Medicaid patients/discharge","Concerning payment to acute care hospitals for difficult to discharge medicaid patients.","SHB 2051","2051","SHB 2051","ENACTED","","","","Effective date 7/27/2025.","1","Gregerson","2025-04-05","2025-05-19","SFN,Loc","","0","0","0",""
"2052","Agricultural overtime waiver","Allowing agricultural employees to voluntarily waive overtime requirements for up to 15 workweeks in a calendar year.","","2052","HB 2052","COMMITTEE","LWS","true","H","First reading, referred to Labor & Workplace Standards.","1","Mendoza","2025-03-25","2025-03-25","","","0","0","0",""
"2053","State employment FTE limit","Concerning limiting state employment based on population.","","2053","HB 2053","COMMITTEE","APP","true","H","First reading, referred to Appropriations.","1","Couture","2025-03-25","2025-03-25","","","0","0","0",""
"2054","Higher education FTE limit","Limiting the number of full-time equivalent employees in higher education.","","2054","HB 2054","COMMITTEE","APP","true","H","First reading, referred to Appropriations.","1","Couture","2025-03-25","2025-03-25","","","0","0","0","28b.35.390|28b.40.390|28b.50.090"
"2055","State revenue limit","Establishing a state revenue limit and directing excess revenues be deposited in the budget stabilization account.","","2055","HB 2055","COMMITTEE","APP","true","H","First reading, referred to Appropriations.","1","Couture","2025-03-25","2025-03-25","","","0","0","0","43.135|43.135.025|43.79.495"
"2056","State expenditure limit","Reestablishing a state expenditure limit.","","2056","HB 2056","COMMITTEE","APP","true","H","First reading, referred to Appropriations.","1","Couture","2025-03-25","2025-03-25","","","0","0","0","43.135|43.135.025"
"2057","New programs","Concerning the identification and review of new programs.","","2057","HB 2057","COMMITTEE","SGTR","true","H","First reading, referred to State Government & Tribal Relations.","1","Couture","2025-03-25","2025-03-25","","","0","0","0","43.09|43.88.090"
"2058","Private entity audits","Concerning third-party audits of private entities receiving public moneys.","","2058","HB 2058","COMMITTEE","SGTR","true","H","First reading, referred to State Government & Tribal Relations.","1","Couture","2025-03-25","2025-03-25","","","0","0","0",""
"2059","State funds/private entities","Requiring certain disclosures from private entities that receive state funding.","","2059","HB 2059","COMMITTEE","CPB","true","H","First reading, referred to Consumer Protection & Business.","1","Couture","2025-03-25","2025-03-25","","","0","0","0",""
"2060","Elected officials/employment","Prohibiting elected officials and their spouses from holding employment or any beneficial interest in private entities.","","2060","HB 2060","COMMITTEE","SGTR","true","H","First reading, referred to State Government & Tribal Relations.","1","Couture","2025-03-25","2025-03-25","","","0","0","0",""
"2061","Duty-free sales enterprises","Regarding concession fees by duty-free sales enterprises.","ESHB 2061","2061","HB 2061","SUBSTITUTED","","","H","1st substitute bill substituted.","0","Fitzgibbon","2025-03-26","2025-04-18","SFN","","0","0","0","14.08.330|19"
"2061","Duty-free sales enterprises","Regarding concession fees by duty-free sales enterprises.","ESHB 2061","2061","SHB 2061","OTHER","","","H","","0","Fitzgibbon","2025-04-08","","SFN","","0","0","0","14.08.330|19|43.31|43.384.040"
"2061","Duty-free sales enterprises","Regarding concession fees by duty-free sales enterprises.","ESHB 2061","2061","ESHB 2061","ENACTED","","","","Effective date 1/1/2026.","1","Fitzgibbon","2025-04-08","2025-05-20","SFN","","0","0","0","14.08.330|19|43.31|43.384.040"
"2062 / 5778","Maple syrup processing","Addressing maple syrup processing operations.","","2062","HB 2062","COMMITTEE","AGNR","true","H","First reading, referred to Agriculture & Natural Resources.","1","Bernbaum","2025-03-27","2025-03-27","SFN","","0","0","0",""
"2062 / 5778","Maple syrup processing","Addressing maple syrup processing operations.","","2062","SB 5778","COMMITTEE","AGNR","true","S","First reading, referred to Agriculture & Natural Resources.","1","Shewmake","2025-02-25","2025-02-25","SFN","","0","0","0",""
"2063","HS completers/CTC tuition","Adjusting tuition waivers for high school completers at community and technical colleges.","","2063","HB 2063","COMMITTEE","PEW","true","H","First reading, referred to Postsecondary Education & Workforce.","1","Couture","2025-03-27","2025-03-27","","","0","0","0",""
"2064","Electronic ballot return","Authorizing the secretary of state to develop and test electronic methods of ballot return for service and overseas voters, disabled voters, and certain incarcerated voters.","","2064","HB 2064","COMMITTEE","SGTR","true","H","First reading, referred to State Government & Tribal Relations.","1","Farivar","2025-03-28","2025-03-28","","","0","0","0",""
"2065","Higher ed. admin. staffing","Reducing administrative staffing at institutions of higher education.","","2065","HB 2065","COMMITTEE","PEW","true","H","First reading, referred to Postsecondary Education & Workforce.","1","Couture","2025-03-28","2025-03-28","","","0","0","0",""
"2066","Sales tax holiday","Providing financial relief for families by establishing a sales tax holiday for back-to-school shopping.","","2066","HB 2066","COMMITTEE","FIN","true","H","First reading, referred to Finance.","1","Couture","2025-03-31","2025-03-31","","","0","0","0","82.08|82.12"
"2067","Document recording fee","Concerning the document recording fee.","","2067","HB 2067","COMMITTEE","APP","true","H","First reading, referred to Appropriations.","1","Manjarrez","2025-03-31","2025-03-31","","","0","0","0","36.18.010|36.22.170|36.22.175|36.22.181|36.22.185|36.22.240|36.22.250"
"2068 / 5803","Tobacco & nicotine products","Regulating tobacco and nicotine products.","","2068","HB 2068","COMMITTEE","FIN","true","H","First reading, referred to Finance.","1","Reeves","2025-04-01","2025-04-01","SFN","","0","0","0","26.28.080|70|70.155.010|70.155.020|70.155.090|70.155.100|70.345|70.345.030|70.345.040|70.345.050|70.345.060|70.345.070|70.345.120|70.345.180|82.24|82.24.520|82.24.530|82.25.005|82.25.010|82.25.030|82.25.095|82.25.110|82.26.010|82.26.020|82.26.030|82.26.060|82.26.160|82.26.170|82.26.190|82.26.200|82.26.240|82.26.260"
"2068 / 5803","Tobacco & nicotine products","Regulating tobacco and nicotine products.","","2068","SB 5803","COMMITTEE","WM","true","S","First reading, referred to Ways & Means.","1","Nobles","2025-03-29","2025-03-29","SFN","","0","0","0","26.28.080|70|70.155.010|70.155.020|70.155.090|70.155.100|70.345|70.345.030|70.345.040|70.345.050|70.345.060|70.345.070|70.345.120|70.345.180|82.24|82.24.520|82.24.530|82.25.005|82.25.010|82.25.030|82.25.095|82.25.110|82.26.010|82.26.020|82.26.030|82.26.060|82.26.160|82.26.170|82.26.190|82.26.200|82.26.240|82.26.260"
"2069","Precious metal bullion","Concerning the taxation of precious metal bullion made of gold and silver and monetized bullion, and providing that the use of bullion as tender is voluntary.","","2069","HB 2069","COMMITTEE","FIN","true","H","First reading, referred to Finance.","1","Chase","2025-04-03","2025-04-03","","","0","0","0","43|82.04.062|84.36.070"
"2070","WWU state funding parity","Providing state funding parity for Western Washington University.","","2070","HB 2070","COMMITTEE","PEW","true","H","First reading, referred to Postsecondary Education & Workforce.","1","Timmons","2025-04-04","2025-04-04","","","0","0","0",""
"2071","Online dating/excise tax","Generating resources to combat domestic violence by imposing an excise tax on owners of online dating applications.","","2071","HB 2071","COMMITTEE","FIN","true","H","First reading, referred to Finance.","1","Davis","2025-04-08","2025-04-08","SFN","","0","0","0",""
"2072","Opioid impact fee","Sustaining and expanding behavioral health services by levying an opioid impact fee on opioid manufacturers.","","2072","HB 2072","COMMITTEE","APP","true","H","First reading, referred to Appropriations.","1","Davis","2025-04-08","2025-04-08","SFN","","0","0","0","69|70.225.040"
"2073 / 5808","Health carrier surpluses","Funding health insurance premium assistance.","","2073","HB 2073","COMMITTEE","APP","true","H","First reading, referred to Appropriations.","1","Parshley","2025-04-08","2025-04-08","","","0","0","0",""
"2073 / 5808","Health carrier surpluses","Funding health insurance premium assistance.","","2073","SB 5808","COMMITTEE","WM","true","S","First reading, referred to Ways & Means.","1","Robinson","2025-04-08","2025-04-08","SFN","","0","0","0",""
"2074","Electors/influencing","Prohibiting the offer or acceptance of anything of value to influence the judgment or conduct of an elector in voting for or against any person or ballot measure.","","2074","HB 2074","COMMITTEE","CS","true","H","First reading, referred to Community Safety.","1","Thai","2025-04-09","2025-04-09","","","0","0","0","29a.84.620|9a.08.030"
"2075","High THC cannabis excise tax","Increasing the cannabis excise tax on high THC cannabis products.","","2075","HB 2075","COMMITTEE","FIN","true","H","First reading, referred to Finance.","1","Davis","2025-04-09","2025-04-09","SFN","","0","0","0",""
"2076","Government efficiency, dept.","Creating the Washington department of government efficiency.","","2076","HB 2076","COMMITTEE","SGTR","true","H","First reading, referred to State Government & Tribal Relations.","1","Walsh","2025-04-12","2025-04-12","","","0","0","0","34.05|43|43.88.230|44.04.260|44.80.020|44.90.020"
"2077 / 5811","Zero-emission vehicle prg.","Establishing a tax on certain business activities related to surpluses generated under the zero-emission vehicle program.","","2077","HB 2077","SUBSTITUTED","","","H","1st substitute bill substituted.","0","Fitzgibbon","2025-04-14","2025-04-22","SFN","","0","0","0","42.56.270|82"
"2077 / 5811","Zero-emission vehicle prg.","Establishing a tax on certain business activities related to surpluses generated under the zero-emission vehicle program.","","2077","SB 5811","COMMITTEE","WM","true","S","First reading, referred to Ways & Means.","1","Lovelett","2025-04-16","2025-04-16","SFN","","0","0","0","42.56.270|82"
"2077","Zero-emission vehicle prg.","Establishing a tax on certain business activities related to surpluses generated under the zero-emission vehicle program.","SHB 2077","2077","SHB 2077","ENACTED","","","","Effective date 5/20/2025.","1","Fitzgibbon","2025-04-19","2025-05-20","SFN","","0","0","0","42.56.270|82"
"2078","Medical cannabis","Expanding access to medical cannabis consultants and department of health compliant cannabis product.","","2078","HB 2078","COMMITTEE","CPB","true","H","First reading, referred to Consumer Protection & Business.","1","Kloba","2025-04-15","2025-04-15","","","0","0","0","69.50.325|69.50.375|69.51a.230|69.51a.290|69.51a.310"
"2079","Alcohol taxes","Increasing alcohol taxes.","","2079","HB 2079","COMMITTEE","FIN","true","H","First reading, referred to Finance.","1","Davis","2025-04-16","2025-04-16","SFN","","0","0","0","66.24.210|66.24.290|82.02.030"
"2080","Taxes on singular entity","Prohibiting the Tesla tax or any other tax that applies to only one individual, business, or entity or a group of individuals affiliated with a singular business or entity.","","2080","HB 2080","COMMITTEE","FIN","true","H","First reading, referred to Finance.","1","Dufault","2025-04-16","2025-04-16","","","0","0","0",""
"2081 / 5815","Business and occupation tax","Modifying business and occupation tax surcharges, rates, and the advanced computing surcharge cap, clarifying the business and occupation tax deduction for certain investments, and creating a temporary business and occupation tax surcharge on large companies.","","2081","HB 2081","SUBSTITUTED","","","H","1st substitute bill substituted.","0","Fitzgibbon","2025-04-16","2025-04-21","SFN,Loc","","0","0","0","82.04|82.04.230|82.04.240|82.04.250|82.04.257|82.04.260|82.04.260|82.04.263|82.04.270|82.04.280|82.04.285|82.04.290|82.04.29004|82.04.2905|82.04.2906|82.04.299|82.04.4281"
"2081 / 5815","Business and occupation tax","Modifying business and occupation tax surcharges, rates, and the advanced computing surcharge cap, clarifying the business and occupation tax deduction for certain investments, and creating a temporary business and occupation tax surcharge on large companies.","","2081","SB 5815","COMMITTEE","WM","true","S","First reading, referred to Ways & Means.","1","Saldaña","2025-04-16","2025-04-16","SFN,Loc","","0","0","0","82.04|82.04.230|82.04.240|82.04.250|82.04.257|82.04.260|82.04.260|82.04.263|82.04.270|82.04.280|82.04.285|82.04.290|82.04.29004|82.04.2905|82.04.2906|82.04.299|82.04.4281"
"2081","Business and occupation tax","Modifying business and occupation tax surcharges, rates, and the advanced computing surcharge cap, clarifying the business and occupation tax deduction for certain investments, and creating a temporary business and occupation tax surcharge on large companies.","ESHB 2081","2081","SHB 2081","FLOOR","","","H","","0","Fitzgibbon","2025-04-19","","SFN,Loc","","0","0","0","82.04|82.04.230|82.04.240|82.04.250|82.04.257|82.04.260|82.04.260|82.04.263|82.04.270|82.04.280|82.04.285|82.04.290|82.04.29004|82.04.2905|82.04.2906|82.04.299|82.04.4281|82.32"
"2081","Business and occupation tax","Modifying business and occupation tax surcharges, rates, and the advanced computing surcharge cap, clarifying the business and occupation tax deduction for certain investments, and creating a temporary business and occupation tax surcharge on large companies.","ESHB 2081","2081","ESHB 2081","ENACTED","","","","Effective date 7/27/2025*.","1","Fitzgibbon","2025-04-19","2025-05-20","SFN,Loc","","0","0","0","82.04|82.04.230|82.04.240|82.04.250|82.04.257|82.04.260|82.04.260|82.04.263|82.04.270|82.04.280|82.04.285|82.04.290|82.04.29004|82.04.2905|82.04.2906|82.04.299|82.04.4281|82.32"
"2082 / 5813","Tax rates/cap. gains, estate","Increasing funding to the education legacy trust account by creating a more progressive rate structure for the capital gains tax and estate tax.","","2082","HB 2082","COMMITTEE","FIN","true","H","First reading, referred to Finance.","1","Street","2025-04-16","2025-04-16","SFN","","0","0","0","82.87.040|83.100.020|83.100.040"
"2082 / 5813","Tax rates/cap. gains, estate","Increasing funding to the education legacy trust account by creating a more progressive rate structure for the capital gains tax and estate tax.","","2082","SB 5813","SUBSTITUTED","","","S","1st substitute bill substituted.","0","Wilson, C.","2025-04-16","2025-04-19","SFN","","0","0","0","82.87.040|83.100.020|83.100.040"
"2083 / 5814","Excise taxes","Modernizing the excise taxes on select services and nicotine products and requiring certain large businesses to make a one-time prepayment of state sales tax collection.","","2083","HB 2083","COMMITTEE","FIN","true","H","First reading, referred to Finance.","1","Stonier","2025-04-17","2025-04-17","SFN","","0","0","0","82.04.050|82.04.192|82.26.010|82.32.045|82.32.050"
"2083 / 5814","Excise taxes","Modernizing the excise taxes on select services and nicotine products and requiring certain large businesses to make a one-time prepayment of state sales tax collection.","","2083","SB 5814","SUBSTITUTED","","","S","1st substitute bill substituted.","0","Frame","2025-04-16","2025-04-19","SFN","","0","0","0","82.04.050|82.04.192|82.26.010|82.32.045|82.32.050"
"2084","Tax preferences","Increasing funding for K-12, health care, and public safety by repealing or modifying tax preferences for certain industries and goods.","","2084","HB 2084","RULES","","","H","Referred to Rules 2 Consideration.","1","Ramel","2025-04-17","2025-04-27","SFN","","0","0","0","82.04|82.04.062|82.04.272|82.04.390|82.04.460"
"2084","Tax preferences","Increasing funding for K-12, health care, and public safety by repealing or modifying tax preferences for certain industries and goods.","","2084","SHB 2084","RULES","","","H","Referred to Rules 2 Consideration.","1","Ramel","2025-04-19","2025-04-27","SFN","","0","0","0","82.04.062|82.04.290|82.04.390"
"2085","Autonomous regions","Concerning autonomous regions in Washington state.","","2085","HB 2085","COMMITTEE","SGTR","true","H","First reading, referred to State Government & Tribal Relations.","1","Chase","2025-04-24","2025-04-24","","","0","0","0",""
"2087","Travel insurance","Addressing travel insurance.","","2087","HB 2087","PREFILED","","","H","Prefiled for introduction.","1","Ryu","","2025-12-01","","","0","1","1","48.17.060|48.43|48.43.005"
"2088","Dietitian licensure compact","Concerning the dietitian licensure compact.","","2088","HB 2088","PREFILED","","","H","Prefiled for introduction.","1","Leavitt","","2025-12-01","","","0","1","1",""
"2089","Taxes on loan interest","Supporting wildfire mitigation by modifying RCW 82.04.29005, concerning taxes on loan interest.","","2089","HB 2089","PREFILED","","","H","Prefiled for introduction.","1","Scott","","2025-12-02","","","0","1","1","82.04.29005|82.32"
"2090 / 5821","Advanced nuclear energy","Integrating advanced nuclear energy into the state energy strategy.","","2090","HB 2090","PREFILED","","","H","Prefiled for introduction.","1","Barnard","","2025-12-02","","","0","1","1",""
"2090 / 5821","Advanced nuclear energy","Integrating advanced nuclear energy into the state energy strategy.","","2090","SB 5821","PREFILED","","","S","Prefiled for introduction.","1","Braun","","2025-12-03","","","0","1","1",""
"2091","Bargaining/employee info.","Requiring public employers under chapter 41.80 RCW to provide employee information to exclusive bargaining representatives.","","2091","HB 2091","PREFILED","","","H","Prefiled for introduction.","1","Reed","","2025-12-02","","","0","1","1",""
"2092","Passenger rail adv. comm.","Establishing a passenger rail advisory committee.","","2092","HB 2092","PREFILED","","","H","Prefiled for introduction.","1","Reed","","2025-12-02","","","0","1","1",""
"2093","Precious metals tax exempt.","Reinstating the tax exemptions for the sale of precious metals and bullion.","","2093","HB 2093","PREFILED","","","H","Prefiled for introduction.","1","Dufault","","2025-12-02","","","0","1","1",""
"2094","Coroner appointment","Requiring coroners to be appointed rather than elected.","","2094","HB 2094","PREFILED","","","H","Prefiled for introduction.","1","Dufault","","2025-12-02","","","0","1","1","36.16.030|36.16.050|36.17.020|36.24.205|43.101.480"
"2095","Public way vulnerable users","Protecting vulnerable users of public ways.","","2095","HB 2095","PREFILED","","","H","Prefiled for introduction.","1","Reed","","2025-12-02","","","0","1","1","2.56|4.24|43.101"
"2096 / 5829","Attorney general inv. ID","Addressing the issuance of confidential identification to investigators employed by the office of the attorney general.","","2096","HB 2096","PREFILED","","","H","Prefiled for introduction.","1","Reed","","2025-12-03","","D","0","1","1",""
"2096 / 5829","Attorney general inv. ID","Addressing the issuance of confidential identification to investigators employed by the office of the attorney general.","","2096","SB 5829","PREFILED","","","S","Prefiled for introduction.","1","Nobles","","2025-12-04","","D","0","1","1",""
"2097","County B&O tax","Authorizing counties to impose a business and occupation tax.","","2097","HB 2097","PREFILED","","","H","Prefiled for introduction.","1","Scott","","2025-12-04","","","0","1","1",""
"2098","Higher education funding","Adjusting higher education funding.","","2098","HB 2098","PREFILED","","","H","Prefiled for introduction.","1","Reed","","2025-12-04","","","0","1","1","28b.15.067|28b.92.205|82.04.299"
"2099 / 5907","ECEAP access/military","Expanding access to the early childhood education and assistance program for military families.","","2099","HB 2099","PREFILED","","","H","Prefiled for introduction.","1","Leavitt","","2025-12-04","","","0","1","1","43.216|43.216.512|43.216.514"
"2099 / 5907","ECEAP access/military","Expanding access to the early childhood education and assistance program for military families.","","2099","SB 5907","PREFILED","","","S","Prefiled for introduction.","1","Nobles","","2025-12-17","","","0","1","1","43.216|43.216.512|43.216.514"
"2100","Payroll expense tax","Enacting an excise tax on large operating companies on the amount of payroll expenses above the minimum wage threshold of the additional medicare tax to fund services to benefit Washingtonians and establishing the Well Washington fund account.","","2100","HB 2100","PREFILED","","","H","Prefiled for introduction.","1","Scott","","2025-12-04","","","0","1","1",""
"2101","Live presentations/sales tax","Exempting live presentations from retail sales and use tax.","","2101","HB 2101","PREFILED","","","H","Prefiled for introduction.","1","Dufault","","2025-12-04","","","0","1","1",""
"2102","Legal financial obligations","Concerning legal financial obligations.","","2102","HB 2102","PREFILED","","","H","Prefiled for introduction.","1","Reed","","2025-12-05","","","0","1","1","10.01|10.01.090|10.01.160|10.01.170|10.01.180|10.01.185|10.05.140|10.05.170|10.101.020|10.46.190|10.64.015|10.64.120|10.73.160|10.82.070|10.82.090|3.50.100|3.62.020|3.62.040|3.62.085|3.66.120|35.20.220|36.18.016|36.18.020|4.56.110|43.79.505|6.17.020|7.68.035|70.48.390|9.92.060|9.92.070|9.94a.6333|9.94a.725|9.94a.750|9.94a.753|9.94a.760|9.94b.040|9.95.210"
"2103","Electric/public contracts","Authorizing certain public entities to contract for the capability of renewable or nonemitting electric generation projects.","","2103","HB 2103","PREFILED","","","H","Prefiled for introduction.","1","Stearns","","2025-12-05","","","0","1","1","35.22.705|35.23.705|35.27.610|35.92.420|35a.80.020|35a.80.050|43.52.410|43.52.595|54.16.370"
"2104","Aviation assurance funding","Concerning aviation assurance funding in response to wildland fires.","","2104","HB 2104","PREFILED","","","H","Prefiled for introduction.","1","Dent","","2025-12-08","","","0","1","1",""
"2105 / 5852","Immigrant workers","Concerning immigrant worker protections.","","2105","HB 2105","PREFILED","","","H","Prefiled for introduction.","1","Ortiz-Self","","2025-12-08","","D","0","1","1",""
"2105 / 5852","Immigrant workers","Concerning immigrant worker protections.","","2105","SB 5852","PREFILED","","","S","Prefiled for introduction.","1","Saldaña","","2025-12-08","","D","0","1","1",""
"2106","Health carrier modif. notice","Requiring carriers to provide substantive notice to health care providers and health care facilities about significant contract modifications.","","2106","HB 2106","PREFILED","","","H","Prefiled for introduction.","1","Simmons","","2025-12-08","","","0","1","1","41.05.017|48.43"
"2107 / 5869","Construction hazards notice","Concerning notice requirements of identified hazards at construction worksites.","","2107","HB 2107","PREFILED","","","H","Prefiled for introduction.","1","Schmidt","","2025-12-08","","","0","1","1",""
"2107 / 5869","Construction hazards notice","Concerning notice requirements of identified hazards at construction worksites.","","2107","SB 5869","PREFILED","","","S","Prefiled for introduction.","1","Saldaña","","2025-12-11","","","0","1","1",""
"2108","Juvenile justice transfer","Concerning the transfer of the juvenile justice functions.","","2108","HB 2108","PREFILED","","","H","Prefiled for introduction.","1","Walsh","","2025-12-08","","","0","1","1","13.04.011|13.06.020|13.06.030|13.06.040|13.06.050|13.16.100|13.40.020|13.40.050|13.40.087|13.40.165|13.40.205|13.40.210|13.40.280|13.40.285|13.40.468|13.40.660|13.40.730|28a.190.050|28a.190.060|28a.225.010|43.216.005|43.216.015|43.216.035|71.34.795|72.01.045|72.01.050|72.01.210|72.01.410|72.05.010|72.05.020|72.05.130|72.05.154|72.05.440|72.09|72.19.010|72.19.020|72.19.030|72.19.040|72.19.050|72.19.060|72.72.030|72.72.040|74.14a.030|74.14a.040"
"2109","Vehicle loads","Addressing vehicle loads on public highways.","","2109","HB 2109","PREFILED","","","H","Prefiled for introduction.","1","Dent","","2025-12-08","","","0","1","1",""
"2110","Specialty care transports","Concerning personnel for ambulance service interfacility specialty care transports.","","2110","HB 2110","PREFILED","","","H","Prefiled for introduction.","1","Schmick","","2025-12-08","","","0","1","1","18.73.030|18.73.150"
"2111","I-5 bridge account earnings","Allowing the Interstate 5 bridge replacement project toll facility bond retirement account to receive its proportionate share of earnings.","","2111","HB 2111","PREFILED","","","H","Prefiled for introduction.","1","Fey","","2025-12-08","","D","0","1","1",""
"2112","Adult content/age minimum","Establishing an age minimum to access certain adult content online.","","2112","HB 2112","PREFILED","","","H","Prefiled for introduction.","1","Leavitt","","2025-12-08","","","0","1","1",""
"2113","Radiologic technologists","Concerning the supervision of diagnostic radiologic technologists, therapeutic radiologic technologists, and magnetic resonance imaging technologists.","","2113","HB 2113","PREFILED","","","H","Prefiled for introduction.","1","Engell","","2025-12-08","","","0","1","1","18.84|18.84.020"
"2114","Defective license plates","Concerning defective license plates issued by the department of licensing.","","2114","HB 2114","PREFILED","","","H","Prefiled for introduction.","1","Engell","","2025-12-08","","","0","1","1","46.16a.200|46.17|46.17.200"
"2115 / 5894","Precious metals tax exempt.","Restoring the 1985 tax exemptions for the sale of precious metals and bullion.","","2115","HB 2115","PREFILED","","","H","Prefiled for introduction.","1","Walen","","2025-12-08","","","0","1","1",""
"2115 / 5894","Precious metals tax exempt.","Restoring the 1985 tax exemptions for the sale of precious metals and bullion.","","2115","SB 5894","PREFILED","","","S","Prefiled for introduction.","1","Riccelli","","2025-12-16","","","0","1","1",""
"2116","School enrichment funding","Updating school enrichment funding.","","2116","HB 2116","PREFILED","","","H","Prefiled for introduction.","1","Bergquist","","2025-12-08","","","0","1","1","28a.500.015|84.52.0531"
"2117 / 5838","Board of natural resources","Adding a tribal member to the board of natural resources.","","2117","HB 2117","PREFILED","","","H","Prefiled for introduction.","1","Stearns","","2025-12-08","","D","0","1","1",""
"2117 / 5838","Board of natural resources","Adding a tribal member to the board of natural resources.","","2117","SB 5838","PREFILED","","","S","Prefiled for introduction.","1","Kauffman","","2025-12-05","","D","0","1","1",""
"2118","Community restrictions","Concerning common interest community restrictions.","","2118","HB 2118","PREFILED","","","H","Prefiled for introduction.","1","Jacobsen","","2025-12-09","","","0","1","1","64.32|64.34|64.38|64.9"
"2119","Permanent standard time","Moving Washington state to permanent standard time.","","2119","HB 2119","PREFILED","","","H","Prefiled for introduction.","1","Dufault","","2025-12-09","","","0","1","1","1.20.050|1.20.055|35a.21.190"
"2120 / 5879","JLARC work plans","Modifying joint legislative audit and review committee work plans to ensure efficient use of staff resources.","","2120","HB 2120","PREFILED","","","H","Prefiled for introduction.","1","Pollet","","2025-12-09","","","0","1","1","50.22.157|67.28.1816"
"2120 / 5879","JLARC work plans","Modifying joint legislative audit and review committee work plans to ensure efficient use of staff resources.","","2120","SB 5879","PREFILED","","","S","Prefiled for introduction.","1","Wagoner","","2025-12-12","","","0","1","1","50.22.157|67.28.1816"
"2121","Nonprofits, schools/taxes","Exempting nonprofits and schools from certain sales and use taxes on services.","","2121","HB 2121","PREFILED","","","H","Prefiled for introduction.","1","Walsh","","2025-12-09","","","0","1","1",""
"2122","Hospital influenza imm.","Requiring hospitals to offer immunizations for influenza in certain cases.","","2122","HB 2122","PREFILED","","","H","Prefiled for introduction.","1","Leavitt","","2025-12-09","","","0","1","1",""
"2123","Foreign nationals/elections","Concerning foreign national participation in Washington state elections.","","2123","HB 2123","PREFILED","","","H","Prefiled for introduction.","1","Fitzgibbon","","2025-12-10","","","0","1","1","29b.10.250|29b.25.100|29b.25.110|29b.25.120|29b.25.130|29b.25.140|29b.30.020|29b.40.050|29b.40.060"
"2124 / 5835","Lump sum retirement payments","Concerning the threshold for payment of a lump sum retirement allowance in lieu of a monthly benefit.","","2124","HB 2124","PREFILED","","","H","Prefiled for introduction.","1","Couture","","2025-12-10","","D","0","1","1","41.26.425|41.32.762|41.35.410|41.37.200|41.40.625"
"2124 / 5835","Lump sum retirement payments","Concerning the threshold for payment of a lump sum retirement allowance in lieu of a monthly benefit.","","2124","SB 5835","PREFILED","","","S","Prefiled for introduction.","1","Conway","","2025-12-05","","D","0","1","1","41.26.425|41.32.762|41.35.410|41.37.200|41.40.625"
"2125 / 5834","Retirement funds/expenses","Concerning payment of expenses from the earnings of retirement system trust funds.","","2125","HB 2125","PREFILED","","","H","Prefiled for introduction.","1","Couture","","2025-12-10","","D","0","1","1",""
"2125 / 5834","Retirement funds/expenses","Concerning payment of expenses from the earnings of retirement system trust funds.","","2125","SB 5834","PREFILED","","","S","Prefiled for introduction.","1","Conway","","2025-12-05","","D","0","1","1",""
"2126","School bus fuel tax exempt.","Providing an exemption for taxes on fuel used in school buses.","","2126","HB 2126","PREFILED","","","H","Prefiled for introduction.","1","Marshall","","2025-12-10","","","0","1","1","82.38.080|82.38.180"
"2127","Physician assistants/title","Changing the legal title for physician assistants to physician associates.","","2127","HB 2127","PREFILED","","","H","Prefiled for introduction.","1","Marshall","","2025-12-10","","","0","1","1","10.77.575|11.130.290|11.130.390|11.130.615|18.130.020|18.130.410|18.134.010|18.16.260|18.250.010|18.360.010|18.50.005|18.50.115|18.57.040|18.59.100|18.71.015|18.71.030|18.71.310|18.71.315|18.71.360|18.71a.010|18.71a.020|18.71a.030|18.71a.045|18.71a.050|18.71a.060|18.71a.085|18.71a.090|18.71a.100|18.71a.110|18.71a.120|18.71a.140|18.71a.800|18.71a.810|18.71a.820|18.71c.010|18.79.040|18.79.060|18.79.260|18.79.270|18.89.020|28a.210.090|4.24.240|41.05|41.05.177|41.05.180|43.70.110|43.70.442|43.70.470|46.19.010|46.19.010|46.19.080|46.61.506|46.61.508|48.125.200|48.20.392|48.20.393|48.21.225|48.21.227|48.43|48.43.835|48.44.325|48.44.327|48.46.275|48.46.277|51.04.030|51.08.200|51.28.010|51.28.020|51.28.100|51.36.010|69.41.010|69.41.030|69.45.010|69.50.101|69.51a.010|7.68.030|7.70.020|70.05.030|70.05.035|70.128.120|70.180.005|70.180.009|70.180.020|70.180.030|70.180.040|70.225.040|70.245.010|70.30.061|70.41.210|70.41.230|70.46.020|70.46.031|70.47.210|70.54.400|71.05.020|71.05.148|71.05.154|71.05.210|71.05.215|71.05.217|71.05.230|71.05.290|71.05.300|71.05.585|71.05.660|71.06.040|71.12.540|71.32.110|71.32.140|71.32.250|71.32.260|71.34.020|71.34.355|71.34.720|71.34.730|71.34.750|71.34.755|71.34.770|71.34.815|74.09|74.09.010|74.09.328|74.09.497|74.09.725|74.42.010|74.42.230|9.02.110|9.02.130|9.02.170|9.41.010|9.97.020"
"2128","Alcohol service/recreational","Concerning alcohol service at facilities with sports, amusement, or recreational activities engaged in by patrons.","","2128","HB 2128","PREFILED","","","H","Prefiled for introduction.","1","Steele","","2025-12-10","","","0","1","1",""
"2129","Agritourism","Fortifying agritourism.","","2129","HB 2129","PREFILED","","","H","Prefiled for introduction.","1","Low","","2025-12-10","","","0","1","1","15.04.402|36.70a|36.70a.030|36.70a.060|36.70a.177"
"2130","New 2025 taxes repeal","Repealing new taxes imposed by Engrossed Substitute Senate Bill No. 5814 during the 2025 regular legislative session.","","2130","HB 2130","PREFILED","","","H","Prefiled for introduction.","1","Orcutt","","2025-12-10","","","0","1","1",""
"2131","Sea lion predation donations","Providing for voluntary donations to the sea lion predation control account at the time of vessel registration for the purpose of salmon level preservation.","","2131","HB 2131","PREFILED","","","H","Prefiled for introduction.","1","Orcutt","","2025-12-10","","","0","1","1","43.84.092|88.02"
"2132","Financial aid applic./PRA","Concerning applications for state financial aid.","","2132","HB 2132","PREFILED","","","H","Prefiled for introduction.","1","Leavitt","","2025-12-10","","","0","1","1",""
"2133","Senior citizen centers/tax","Making the property tax exemption for multipurpose senior citizen centers permanent.","","2133","HB 2133","PREFILED","","","H","Prefiled for introduction.","1","Barnard","","2025-12-11","","","0","1","1",""
"2134","Regional transp. plans","Concerning regional transportation plans, of regional transportation planning organizations containing certain counties, providing for reductions in greenhouse gas emissions and vehicle miles traveled.","","2134","HB 2134","PREFILED","","","H","Prefiled for introduction.","1","Duerr","","2025-12-11","","","0","1","1",""
"2135","Adaptive housing tax pref.","Modifying and extending the adaptive housing retail sales and use tax preference for disabled veterans.","","2135","HB 2135","PREFILED","","","H","Prefiled for introduction.","1","Barnard","","2025-12-11","","","0","1","1","82.08.0207|82.12.0207"
"2136","TRS plan 1 benefit increase","Providing a benefit increase to certain retirees of the teachers' retirement system plan 1.","","2136","HB 2136","PREFILED","","","H","Prefiled for introduction.","1","Dufault","","2025-12-11","","","0","1","1",""
"2137 / 5972","Correctional officers/arb.","Expanding the definition of law enforcement personnel regarding correctional officers for purposes of interest arbitration.","","2137","HB 2137","PREFILED","","","H","Prefiled for introduction.","1","Bronoske","","2025-12-15","","","0","1","1",""
"2137 / 5972","Correctional officers/arb.","Expanding the definition of law enforcement personnel regarding correctional officers for purposes of interest arbitration.","","2137","SB 5972","PREFILED","","","S","Prefiled for introduction.","1","Stanford","","2026-01-05","","","0","1","1",""
"2138","Student performance","Improving student performance and success.","","2138","HB 2138","PREFILED","","","H","Prefiled for introduction.","1","Keaton","","2025-12-15","","","0","1","1","28a.150.220|28a.300|28a.300.290|28a.300.300|28a.300.330|28a.300.340|28a.300.530|28a.300.570|28a.300.720|28a.320.202|28a.320.202|28a.320.260|28a.410|28a.410.285|28a.415.265|28a.415.350|28a.415.360|28a.415.400|28a.630|28a.655.230|28a.655.235|28a.710|28a.715|28b.10.033|28b.10.033"
"2139 / 5234","Snowmobile registration fees","Concerning snowmobile registration fees.","","2139","HB 2139","PREFILED","","","H","Prefiled for introduction.","1","Bronoske","","2025-12-15","","O","0","1","1",""
"2139 / 5234","Snowmobile registration fees","Concerning snowmobile registration fees.","","2139","SB 5234","RULES","","","S","By resolution, returned to Senate Rules Committee for third reading.","1","Shewmake","2025-01-14","2025-04-27","SFN,Loc","O","0","1","0",""
"2140 / 5983","Current use land/sale to gov","Exempting land classified under current use that is sold or transferred to a governmental entity from additional tax in certain circumstances.","","2140","HB 2140","PREFILED","","","H","Prefiled for introduction.","1","Low","","2025-12-15","","","0","1","1",""
"2140 / 5983","Current use land/sale to gov","Exempting land classified under current use that is sold or transferred to a governmental entity from additional tax in certain circumstances.","","2140","SB 5983","PREFILED","","","S","Prefiled for introduction.","1","Liias","","2026-01-05","","","0","1","1",""
"2141","Building codes","Concerning building codes.","","2141","HB 2141","PREFILED","","","H","Prefiled for introduction.","1","Connors","","2025-12-15","","","0","1","1","19.27.031|19.27.032|19.27a.015|19.27a.020|19.27a.160"
"2142","Remote and hybrid learning","Replacing statutory references to alternative learning experiences with remote and hybrid learning.","","2142","HB 2142","PREFILED","","","H","Prefiled for introduction.","1","McClintock","","2025-12-15","","","0","1","1","28a.150.100|28a.225.020|28a.225.151|28a.232.005|28a.232.010|28a.232.020|28a.232.030|28a.250.070|28a.340.080|28a.340.085|28a.500.015|28a.520.020|28a.525.162|28a.525.166"
"2143","Transp. district boards","Addressing representation within transportation benefit districts.","","2143","HB 2143","PREFILED","","","H","Prefiled for introduction.","1","Ley","","2025-12-15","","","0","1","1","36.57a.050|47.66.170"
"2144","Employee monitoring notices","Requiring notices to employees when electronic monitoring is used to assist employers conducting performance evaluations.","","2144","HB 2144","PREFILED","","","H","Prefiled for introduction.","1","Parshley","","2025-12-15","","","0","1","1",""
"2145 / 5981","340B drug pricing program","Protecting patient access to discounted medications and health care services through Washington's health care safety net by preventing manufacturer limitations on the 340B drug pricing program.","","2145","HB 2145","PREFILED","","","H","Prefiled for introduction.","1","Thai","","2025-12-15","","","0","1","1",""
"2145 / 5981","340B drug pricing program","Protecting patient access to discounted medications and health care services through Washington's health care safety net by preventing manufacturer limitations on the 340B drug pricing program.","","2145","SB 5981","PREFILED","","","S","Prefiled for introduction.","1","Cleveland","","2026-01-05","","","0","1","1",""
"2146","Sexual exploitation of minor","Combating sexual exploitation of minors.","","2146","HB 2146","PREFILED","","","H","Prefiled for introduction.","1","Jacobsen","","2025-12-15","","","0","1","1",""
"2147 / 5918","School operating costs","Providing funding for school materials, supplies, and operating costs.","","2147","HB 2147","PREFILED","","","H","Prefiled for introduction.","1","Gregerson","","2025-12-15","","O","0","1","1",""
"2147 / 5918","School operating costs","Providing funding for school materials, supplies, and operating costs.","","2147","SB 5918","PREFILED","","","S","Prefiled for introduction.","1","Wellman","","2025-12-18","","O","0","1","1",""
"2148","Pay it forward program","Creating the pay it forward program.","","2148","HB 2148","PREFILED","","","H","Prefiled for introduction.","1","Reed","","2025-12-16","","","0","1","1",""
"2149 / 5987","SR 165 replacements","Addressing the emergency replacement of failed infrastructure on state route number 165.","","2149","HB 2149","PREFILED","","","H","Prefiled for introduction.","1","Barkis","","2025-12-16","","","0","1","1","47.2|70a.65.260"
"2149 / 5987","SR 165 replacements","Addressing the emergency replacement of failed infrastructure on state route number 165.","","2149","SB 5987","PREFILED","","","S","Prefiled for introduction.","1","Fortunato","","2026-01-05","","","0","1","1","47.2|70a.65.260"
"2150","Climate policy/reporting","Making the implementation of climate policy contingent on the department of ecology reporting greenhouse gas emissions in a manner that allows for measuring the effectiveness of those policies.","","2150","HB 2150","PREFILED","","","H","Prefiled for introduction.","1","Manjarrez","","2025-12-16","","","0","1","1","19.27a|19.405|70a.30|70a.45.020|70a.535|70a.60|70a.65"
"2151","Factory built structures","Adopting national standards for factory built housing and commercial structures.","","2151","HB 2151","PREFILED","","","H","Prefiled for introduction.","1","Manjarrez","","2025-12-16","","D","0","1","1","43.22.450|43.22.470|43.22.480"
"2152 / 5900","Cannabis/health facilities","Permitting the medical use of cannabis by qualifying patients in specified health care facilities.","","2152","HB 2152","PREFILED","","","H","Prefiled for introduction.","1","Kloba","","2025-12-16","","","0","1","1","18.51|69.51a|70.127|70.41"
"2152 / 5900","Cannabis/health facilities","Permitting the medical use of cannabis by qualifying patients in specified health care facilities.","","2152","SB 5900","PREFILED","","","S","Prefiled for introduction.","1","Riccelli","","2025-12-16","","","0","1","1","18.51|69.51a|70.127|70.41"
"2153","Down payment assistance","Prohibiting homebuyers from receiving multiple state-funded down payment assistance loans or grants.","","2153","HB 2153","PREFILED","","","H","Prefiled for introduction.","1","Connors","","2025-12-16","","","0","1","1","43.181.040|43.185a.140|43.79.567"
"2154","Conservation district land","Concerning land ownership by conservation districts.","","2154","HB 2154","PREFILED","","","H","Prefiled for introduction.","1","Schmick","","2025-12-16","","","0","1","1","89.08|89.08.220"
"2155 / 5904","Use of nursing titles","Concerning the use of nursing titles.","","2155","HB 2155","PREFILED","","","H","Prefiled for introduction.","1","Obras","","2025-12-16","","","0","1","1",""
"2155 / 5904","Use of nursing titles","Concerning the use of nursing titles.","","2155","SB 5904","PREFILED","","","S","Prefiled for introduction.","1","Bateman","","2025-12-16","","","0","1","1",""
"2156","AGO investigator authority","Concerning the authority of investigators of the attorney general's office.","","2156","HB 2156","PREFILED","","","H","Prefiled for introduction.","1","Obras","","2025-12-16","","D","0","1","1",""
"2157","High-risk AI","Regulating high-risk artificial intelligence system development, deployment, and use.","","2157","HB 2157","PREFILED","","","H","Prefiled for introduction.","1","Ryu","","2025-12-16","","","0","1","1",""
"2158","Electronic notarial acts","Concerning electronic notarial acts.","","2158","HB 2158","PREFILED","","","H","Prefiled for introduction.","1","Abell","","2025-12-16","","O","0","1","1",""
"2159 / 5872","PreK promise account","Establishing the preK promise account.","","2159","HB 2159","PREFILED","","","H","Prefiled for introduction.","1","Bergquist","","2025-12-16","","G","0","1","1","43.216|43.79a.040"
"2159 / 5872","PreK promise account","Establishing the preK promise account.","","2159","SB 5872","PREFILED","","","S","Prefiled for introduction.","1","Wilson, C.","","2025-12-11","","G","0","1","1","43.216|43.79a.040"
"2160 / 5883","SEBB membership/second year","Concerning eligibility for membership in the school employees' benefits board programs during the second school year of employment.","","2160","HB 2160","PREFILED","","","H","Prefiled for introduction.","1","Bernbaum","","2025-12-17","","","0","1","1",""
"2160 / 5883","SEBB membership/second year","Concerning eligibility for membership in the school employees' benefits board programs during the second school year of employment.","","2160","SB 5883","PREFILED","","","S","Prefiled for introduction.","1","Riccelli","","2025-12-15","","","0","1","1",""
"2161 / 5925","AGO investigation powers","Concerning the general powers and duties of the attorney general’s office.","","2161","HB 2161","PREFILED","","","H","Prefiled for introduction.","1","Farivar","","2025-12-17","","D","0","1","1",""
"2161 / 5925","AGO investigation powers","Concerning the general powers and duties of the attorney general’s office.","","2161","SB 5925","PREFILED","","","S","Prefiled for introduction.","1","Hansen","","2025-12-22","","D","0","1","1",""
"2162","Public interest law grants","Establishing a public interest law grant program and a business and occupation tax credit for approved contributions to the program account.","","2162","HB 2162","PREFILED","","","H","Prefiled for introduction.","1","Richards","","2025-12-17","","","0","1","1","28b.77|82.04"
"2163 / 5913","Public defense caseloads","Clarifying public defense caseload standards for local jurisdictions.","","2163","HB 2163","PREFILED","","","H","Prefiled for introduction.","1","Richards","","2025-12-17","","","0","1","1",""
"2163 / 5913","Public defense caseloads","Clarifying public defense caseload standards for local jurisdictions.","","2163","SB 5913","PREFILED","","","S","Prefiled for introduction.","1","Torres","","2025-12-17","","","0","1","1",""
"2164 / 5934","Postconviction DNA testing","Reducing litigation costs by removing barriers to postconviction DNA testing.","","2164","HB 2164","PREFILED","","","H","Prefiled for introduction.","1","Farivar","","2025-12-17","","","0","1","1",""
"2164 / 5934","Postconviction DNA testing","Reducing litigation costs by removing barriers to postconviction DNA testing.","","2164","SB 5934","PREFILED","","","S","Prefiled for introduction.","1","Orwall","","2025-12-23","","","0","1","1",""
"2165 / 5876","Peace officer false ident.","Concerning false identification as a peace officer.","","2165","HB 2165","PREFILED","","","H","Prefiled for introduction.","1","Obras","","2025-12-17","","G","0","1","1",""
"2165 / 5876","Peace officer false ident.","Concerning false identification as a peace officer.","","2165","SB 5876","PREFILED","","","S","Prefiled for introduction.","1","Cortes","","2025-12-12","","G","0","1","1",""
"2166","Major religious holidays","Recognizing major religious holidays.","","2166","HB 2166","PREFILED","","","H","Prefiled for introduction.","1","Marshall","","2025-12-17","","","0","1","1",""
"2167","Sales tax reductions","Keeping the legislature's promises by reducing the sales tax in the event of an income tax or a tax on individual earnings.","","2167","HB 2167","PREFILED","","","H","Prefiled for introduction.","1","Couture","","2025-12-18","","","0","1","1",""
"2168 / 5933","Overdose mapping information","Facilitating the rapid sharing of overdose mapping information for overdose prevention.","","2168","HB 2168","PREFILED","","","H","Prefiled for introduction.","1","Manjarrez","","2025-12-18","","","0","1","1","43.7|70.168.090"
"2168 / 5933","Overdose mapping information","Facilitating the rapid sharing of overdose mapping information for overdose prevention.","","2168","SB 5933","PREFILED","","","S","Prefiled for introduction.","1","Riccelli","","2025-12-23","","","0","1","1","43.7|70.168.090"
"2169 / 5911","DCYF/financial stability","Strengthening the financial stability of persons in the care of the department of children, youth, and families.","","2169","HB 2169","PREFILED","","","H","Prefiled for introduction.","1","Callan","","2025-12-18","","","0","1","1","43.216|74.13.060"
"2169 / 5911","DCYF/financial stability","Strengthening the financial stability of persons in the care of the department of children, youth, and families.","","2169","SB 5911","PREFILED","","","S","Prefiled for introduction.","1","Alvarado","","2025-12-17","","","0","1","1","43.216|74.13.060"
"2170 / 5999","Ecosystem services","Expanding revenue generation and economic opportunities from natural climate solutions and ecosystem services.","","2170","HB 2170","PREFILED","","","H","Prefiled for introduction.","1","Reeves","","2025-12-18","","D","0","1","1","79|79.02.010|79.105.150|79.22.050|79.64.110"
"2170 / 5999","Ecosystem services","Expanding revenue generation and economic opportunities from natural climate solutions and ecosystem services.","","2170","SB 5999","PREFILED","","","S","Prefiled for introduction.","1","Lovelett","","2026-01-05","","D","0","1","1","79|79.02.010|79.105.150|79.22.050|79.64.110"
"2171","Foster youth","Supporting foster youth.","","2171","HB 2171","PREFILED","","","H","Prefiled for introduction.","1","Steele","","2025-12-19","","","0","1","1","43.06a|43.43|74.13|74.13.250|74.14b.010"
"2172","Road jurisdiction transfer","Concerning route jurisdiction transfer and abandonment.","","2172","HB 2172","PREFILED","","","H","Prefiled for introduction.","1","Bernbaum","","2025-12-19","","","0","1","1","36.75.090|47.01.425|47.17.001|47.24.010|47.28.010"
"2173 / 5855","Law enf. face coverings","Concerning the use of face coverings by law enforcement officers.","","2173","HB 2173","PREFILED","","","H","Prefiled for introduction.","1","Cortes","","2025-12-19","","","0","1","1",""
"2173 / 5855","Law enf. face coverings","Concerning the use of face coverings by law enforcement officers.","","2173","SB 5855","PREFILED","","","S","Prefiled for introduction.","1","Valdez","","2025-12-08","","","0","1","1",""
"2174","Accident risk zones","Establishing accident risk zones.","","2174","HB 2174","PREFILED","","","H","Prefiled for introduction.","1","Klicker","","2025-12-19","","","0","1","1","35.77|36.89.030|46.61"
"2175","Free DME providers/tax","Exempting providers of free durable medical equipment from retail sales and use tax for certain items.","","2175","HB 2175","PREFILED","","","H","Prefiled for introduction.","1","Klicker","","2025-12-19","","","0","1","1","82.08|82.12"
"2176","Drug therapy agreements/PRA","Exempting information in collaborative drug therapy agreements from disclosure under the public records act.","","2176","HB 2176","PREFILED","","","H","Prefiled for introduction.","1","Thai","","2025-12-19","","","0","1","1",""
"2177","Definition of fetal death","Modifying the vital statistics definition of fetal death.","","2177","HB 2177","PREFILED","","","H","Prefiled for introduction.","1","Thai","","2025-12-19","","","0","1","1",""
"2178","Court rules and procedures","Concerning court rules and procedures.","","2178","HB 2178","PREFILED","","","H","Prefiled for introduction.","1","Thai","","2025-12-19","","O","0","1","1","2.56.190|7.105.105|7.80.050|7.80.070|7.80.120|9a.48.100"
"2179 / 5905","Port workers PERS membership","Concerning membership in the public employees' retirement system for port workers who participate in a federal railroad retirement plan, a union-sponsored defined benefit retirement plan, or another employer-funded private pension plan.","","2179","HB 2179","PREFILED","","","H","Prefiled for introduction.","1","Abell","","2025-12-22","","","0","1","1",""
"2179 / 5905","Port workers PERS membership","Concerning membership in the public employees' retirement system for port workers who participate in a federal railroad retirement plan, a union-sponsored defined benefit retirement plan, or another employer-funded private pension plan.","","2179","SB 5905","PREFILED","","","S","Prefiled for introduction.","1","Short","","2025-12-17","","","0","1","1",""
"2180","Coaches of youth sports","Concerning coaches of youth sports organizations.","","2180","HB 2180","PREFILED","","","H","Prefiled for introduction.","1","Ley","","2025-12-22","","","0","1","1","26.44|26.44.020|26.44.030|43.43.830|43.43.834"
"2181","Atmospheric river response","Paying for response activities for the December 2025 significant atmospheric river and winter event.","","2181","HB 2181","PREFILED","","","H","Prefiled for introduction.","1","Barkis","","2025-12-22","","","1","1","1",""
"2182 / 5917","Abortion medications","Improving access to abortion medications.","","2182","HB 2182","PREFILED","","","H","Prefiled for introduction.","1","Thomas","","2025-12-22","","O","0","1","1",""
"2182 / 5917","Abortion medications","Improving access to abortion medications.","","2182","SB 5917","PREFILED","","","S","Prefiled for introduction.","1","Bateman","","2025-12-18","","O","0","1","1",""
"2183","Heat response plans","Requiring counties to develop and implement heat response plans.","","2183","HB 2183","PREFILED","","","H","Prefiled for introduction.","1","Parshley","","2025-12-22","","","0","1","1","36.70a|70.05.060"
"2184","OT intramuscular needling","Concerning occupational therapists performing intramuscular needling.","","2184","HB 2184","PREFILED","","","H","Prefiled for introduction.","1","Parshley","","2025-12-22","","","0","1","1","18.59|18.59.020"
"2185 / 5957","Homeless youth committee","Concerning the office of homeless youth prevention and protection programs advisory committee.","","2185","HB 2185","PREFILED","","","H","Prefiled for introduction.","1","Fey","","2025-12-22","","","0","1","1",""
"2185 / 5957","Homeless youth committee","Concerning the office of homeless youth prevention and protection programs advisory committee.","","2185","SB 5957","PREFILED","","","S","Prefiled for introduction.","1","Orwall","","2025-12-31","","","0","1","1",""
"2186","Federal funds","Supporting the acquisition of federal funds to promote economic development.","","2186","HB 2186","PREFILED","","","H","Prefiled for introduction.","1","Barnard","","2025-12-23","","","0","1","1","43.33|43.330.260"
"2187","Child care assist./B&O tax","Supporting employers providing child care assistance to employees by establishing a business and occupation and public utility tax credit.","","2187","HB 2187","PREFILED","","","H","Prefiled for introduction.","1","Penner","","2025-12-23","","","0","1","1","82.04|82.16"
"2188","Industrial insurance rates","Promoting transparency in certain industrial insurance rate increases.","","2188","HB 2188","PREFILED","","","H","Prefiled for introduction.","1","Schmidt","","2025-12-23","","","0","1","1",""
"2189","Workers' comp. settlements","Expanding eligibility for voluntary workers' compensation settlements.","","2189","HB 2189","PREFILED","","","H","Prefiled for introduction.","1","Schmidt","","2025-12-23","","","0","1","1",""
"2190 / 5944","Language access providers","Concerning language access providers' collective bargaining.","","2190","HB 2190","PREFILED","","","H","Prefiled for introduction.","1","Cortes","","2025-12-23","","","0","1","1",""
"2190 / 5944","Language access providers","Concerning language access providers' collective bargaining.","","2190","SB 5944","PREFILED","","","S","Prefiled for introduction.","1","Cortes","","2025-12-29","","","0","1","1",""
"2191","Construction worker wages","Concerning workers' wages and benefits in the construction industry.","","2191","HB 2191","PREFILED","","","H","Prefiled for introduction.","1","Cortes","","2025-12-23","","","0","1","1","18.27|49"
"2192","Roadway fatalities","Updating the role of the Washington traffic safety commission in identifying the risk factors that lead to roadway fatalities.","","2192","HB 2192","PREFILED","","","H","Prefiled for introduction.","1","Low","","2025-12-24","","O","0","1","1","42.56.360|43.59|43.59.010|43.59.040|43.59.156"
"2193 / 5109","Mortgage lending fraud acc.","Concerning the mortgage lending fraud prosecution account.","","2193","HB 2193","PREFILED","","","H","Prefiled for introduction.","1","Ryu","","2025-12-24","","","0","1","1","36.22.181|43.320.140"
"2193 / 5109","Mortgage lending fraud acc.","Concerning the mortgage lending fraud prosecution account.","","2193","SB 5109","RULES","","","S","By resolution, returned to Senate Rules Committee for third reading.","1","Kauffman","2025-01-13","2025-04-27","SFN,Loc","","0","1","0","36.22.181|43.320.140"
"2194","Cultural access sales tax","Concerning sales and use tax for cultural access programs.","","2194","HB 2194","PREFILED","","","H","Prefiled for introduction.","1","Parshley","","2025-12-24","","","0","1","1",""
"2195","City initiatives, referenda","Concerning city initiatives and referendums.","","2195","HB 2195","PREFILED","","","H","Prefiled for introduction.","1","Parshley","","2025-12-24","","","0","1","1","35.17.230|35.17.240|35.17.260|35.17.270|35.17.280|35.17.290|35.17.330|35.17.340|35.17.350|35.22.200|35a.11.080|35a.11.090|35a.11.100"
"2196","PANDAS, pediatric treatment","Expanding access to PANDA PANS treatment.","","2196","HB 2196","PREFILED","","","H","Prefiled for introduction.","1","Simmons","","2025-12-24","","","0","1","1",""
"2197","English as state language","Designating English as the official language of the state.","","2197","HB 2197","PREFILED","","","H","Prefiled for introduction.","1","Abell","","2025-12-24","","","0","1","1",""
"2198 / 5968","Permitting and licensing","Improving regulatory efficiency by integrating executive order 25-03, concerning permitting and licensing processes, into chapter 43.42A RCW.","","2198","HB 2198","PREFILED","","","H","Prefiled for introduction.","1","Richards","","2025-12-26","","G","0","1","1","43.42a|43.42a.005|43.42a.010|43.42a.020|43.42a.030|43.42a.040"
"2198 / 5968","Permitting and licensing","Improving regulatory efficiency by integrating executive order 25-03, concerning permitting and licensing processes, into chapter 43.42A RCW.","","2198","SB 5968","PREFILED","","","S","Prefiled for introduction.","1","Krishnadasan","","2026-01-05","","G","0","1","1","43.42a|43.42a.005|43.42a.010|43.42a.020|43.42a.030|43.42a.040"
"2199","Derelict vessels","Reducing impacts from derelict vessels.","","2199","HB 2199","PREFILED","","","H","Prefiled for introduction.","1","Richards","","2025-12-26","","","0","1","1","79.100.010|79.100.050|79.100.120"
"2200","DD residential settings data","Increasing access to data related to the safety and stability of residential settings for individuals with developmental disabilities.","","2200","HB 2200","PREFILED","","","H","Prefiled for introduction.","1","Penner","","2025-12-26","","","0","1","1",""
"2201","Urban growth area planning","Standardizing city and county planning and development regulations with an urban growth area.","","2201","HB 2201","PREFILED","","","H","Prefiled for introduction.","1","Parshley","","2025-12-29","","","0","1","1","36.70a.110|36.70a.130"
"2202","Rainier school dental care","Establishing a dental care pilot at the Rainier school residential habilitation center.","","2202","HB 2202","PREFILED","","","H","Prefiled for introduction.","1","Penner","","2025-12-29","","","0","1","1",""
"2203","Interference with emergency","Creating the offense of reckless interference with emergency operations.","","2203","HB 2203","PREFILED","","","H","Prefiled for introduction.","1","Penner","","2025-12-29","","","0","1","1",""
"2204","Health technology assessment","Concerning the health technology assessment program.","","2204","HB 2204","PREFILED","","","H","Prefiled for introduction.","1","Parshley","","2025-12-29","","","0","1","1","70.14.100|70.14.110"
"2205","Regulated sports wagering","Concerning the regulated sports wagering industry.","","2205","HB 2205","PREFILED","","","H","Prefiled for introduction.","1","Mena","","2025-12-29","","","0","1","1","9.46.0364|9.46.0368|9.46.038"
"2206","Uniformed & overseas voting","Adopting national standards for uniformed and overseas civilian voting, including conforming amendments to existing statute.","","2206","HB 2206","PREFILED","","","H","Prefiled for introduction.","1","Mena","","2025-12-29","","D","0","1","1","29a|29a.04|29a.04.109|29a.04.151|29a.04.163|29a.04.210|29a.08.107|29a.40.050|29a.40.070|29a.40.091|29a.40.110|29a.40.110"
"2207","Warehousing of alcohol","Concerning warehousing of alcohol.","","2207","HB 2207","PREFILED","","","H","Prefiled for introduction.","1","McClintock","","2025-12-29","","","0","1","1",""
"2208","Health continuing ed./tax","Exempting health care continuing education classes from retail sales and use tax.","","2208","HB 2208","PREFILED","","","H","Prefiled for introduction.","1","McClintock","","2025-12-29","","","0","1","1",""
"2209","Stolen property/sentencing","Concerning sentencing enhancements for theft offenses, robbery, possessing stolen property, and trafficking stolen property.","","2209","HB 2209","PREFILED","","","H","Prefiled for introduction.","1","Leavitt","","2025-12-30","","","0","1","1",""
"2210","Local government elections","Protecting local representation by strengthening and securing fair elections in local governments.","","2210","HB 2210","PREFILED","","","H","Prefiled for introduction.","1","Gregerson","","2025-12-30","","","0","1","1","28a.343.320|29a.04|29a.04.127|29a.04.410|29a.12.080|29a.24.010|29a.36.121|29a.36.170|29a.52|29a.52.112|29a.52.220|29a.60.221|35a.12.040|36.32.040|36.32.050|52.14|53.12"
"2211 / 5966","Medically tailored meals","Concerning medically tailored meals.","","2211","HB 2211","PREFILED","","","H","Prefiled for introduction.","1","Reeves","","2025-12-30","","","0","1","1","74.09|74.39a"
"2211 / 5966","Medically tailored meals","Concerning medically tailored meals.","","2211","SB 5966","PREFILED","","","S","Prefiled for introduction.","1","Nobles","","2026-01-05","","","0","1","1","74.09|74.39a"
"2212","Washing machine microplastic","Reducing microplastic pollution from washing machines.","","2212","HB 2212","PREFILED","","","H","Prefiled for introduction.","1","Pollet","","2025-12-30","","","0","1","1","43.21b.110|43.21b.300|70a"
"2213","Metal property","Addressing theft and vandalism involving metal property.","","2213","HB 2213","PREFILED","","","H","Prefiled for introduction.","1","Ryu","","2025-12-30","","","0","1","1","19.290.020|19.290.030|19.290.050|19.290.060|43.1"
"2214 / 5997","Self-insurers/claims","Allowing self-insurers to accept certain industrial insurance claims","","2214","HB 2214","PREFILED","","","H","Prefiled for introduction.","1","McEntire","","2025-12-30","","","0","1","1","51.14.130|51.32.190"
"2214 / 5997","Self-insurers/claims","Allowing self-insurers to accept certain industrial insurance claims","","2214","SB 5997","PREFILED","","","S","Prefiled for introduction.","1","MacEwen","","2026-01-05","","","0","1","1","51.14.130|51.32.190"
"2215","Fuels/climate commitment act","Concerning climate commitment act compliance obligations for fuels supplied or otherwise sold into Washington.","","2215","HB 2215","PREFILED","","","H","Prefiled for introduction.","1","Fitzgibbon","","2025-12-30","","","0","1","1","70a.15.2200|70a.65.080|70a.65.090"
"2216","Emergency response","Protecting emergency responders and emergency response operations in Washington.","","2216","HB 2216","PREFILED","","","H","Prefiled for introduction.","1","Parshley","","2025-12-30","","","0","1","1","35.21|36.01|38.52|9a.76.020"
"2217","Rehabilitative pathways","Concerning rehabilitative pathways for persons charged with certain felony offenses who have no prior felony convictions in adult criminal court.","","2217","HB 2217","PREFILED","","","H","Prefiled for introduction.","1","Farivar","","2025-12-30","","","0","1","1",""
"2218 / 5847","Workers' comp. medical care","Concerning access to medical care in workers' compensation.","","2218","HB 2218","PREFILED","","","H","Prefiled for introduction.","1","Ortiz-Self","","2025-12-30","","","0","1","1","51.32.160|51.36.010"
"2218 / 5847","Workers' comp. medical care","Concerning access to medical care in workers' compensation.","","2218","SB 5847","PREFILED","","","S","Prefiled for introduction.","1","Saldaña","","2025-12-08","","","0","1","1","51.32.160|51.36.010"
"2219","Child care providers","Enhancing the operational efficiency of child care providers.","","2219","HB 2219","PREFILED","","","H","Prefiled for introduction.","1","Ortiz-Self","","2025-12-30","","","0","1","1","43.216|43.216.255"
"2220","CJTC oversight","Concerning state oversight and accountability of the criminal justice training commission.","","2220","HB 2220","PREFILED","","","H","Prefiled for introduction.","1","Leavitt","","2025-12-30","","","0","1","1","43.101|43.101.010|43.101.080|43.101.380"
"2221 / 5960","Ungulate populations","Restoring and sustaining healthy ungulate populations.","","2221","HB 2221","PREFILED","","","H","Prefiled for introduction.","1","Abell","","2025-12-31","","","0","1","1",""
"2221 / 5960","Ungulate populations","Restoring and sustaining healthy ungulate populations.","","2221","SB 5960","PREFILED","","","S","Prefiled for introduction.","1","Short","","2026-01-05","","","0","1","1",""
"2222","Weather modification","Restricting weather modification activities.","","2222","HB 2222","PREFILED","","","H","Prefiled for introduction.","1","Chase","","2025-12-31","","","0","1","1","43.21c.210|43.27a.190|70a.10|70a.10.010|70a.10.020|70a.10.030|70a.10.040|70a.10.050|70a.10.060|70a.10.070|70a.10.080|70a.10.090|70a.10.100|70a.10.110|70a.10.120|70a.10.130|70a.10.140|70a.10.150|70a.10.160|70a.10.170|70a.10.180|70a.10.190|70a.10.200|70a.10.210|70a.10.900|70a.15.1010"
"2223 / 5930","Irrigation dist. directors","Concerning irrigation district director beneficial interests in contracts.","","2223","HB 2223","PREFILED","","","H","Prefiled for introduction.","1","Klicker","","2025-12-31","","","0","1","1",""
"2223 / 5930","Irrigation dist. directors","Concerning irrigation district director beneficial interests in contracts.","","2223","SB 5930","PREFILED","","","S","Prefiled for introduction.","1","Goehner","","2025-12-22","","","0","1","1",""
"2224","Fire protection districts","Concerning fire protection districts.","","2224","HB 2224","PREFILED","","","H","Prefiled for introduction.","1","Stuebe","","2025-12-31","","","0","1","1","52.02.160|52.02.180|84.55.092"
"2225 / 5984","AI companion chatbots","Concerning regulation of artificial intelligence companion chatbots.","","2225","HB 2225","PREFILED","","","H","Prefiled for introduction.","1","Callan","","2025-12-31","","G","0","1","1",""
"2225 / 5984","AI companion chatbots","Concerning regulation of artificial intelligence companion chatbots.","","2225","SB 5984","PREFILED","","","S","Prefiled for introduction.","1","Wellman","","2026-01-05","","G","0","1","1",""
"2226","PTBA governing bodies","Addressing representation within the governing body of a public transportation benefit area.","","2226","HB 2226","PREFILED","","","H","Prefiled for introduction.","1","Ley","","2025-12-31","","","0","1","1","36.57a.050|47.66.170"
"2227","Affordable housing/REET","Providing a real estate excise tax exemption for the sale of qualified affordable housing.","","2227","HB 2227","PREFILED","","","H","Prefiled for introduction.","1","Ramel","","2025-12-31","","","0","1","1",""
"2228","Scissor stairs","Concerning scissor stair regulations in the state building code.","","2228","HB 2228","PREFILED","","","H","Prefiled for introduction.","1","Zahn","","2025-12-31","","","0","1","1",""
"2229","Professional engineers","Concerning the professional engineers' registration act.","","2229","HB 2229","PREFILED","","","H","Prefiled for introduction.","1","Zahn","","2025-12-31","","D","0","1","1","18.43.020|18.43.030|18.43.033|18.43.035|18.43.040|18.43.050|18.43.060|18.43.070|18.43.080|18.43.100|18.43.130|18.43.150|18.43.170|18.43.200"
"2230","DD res. service providers","Streamlining monitoring and oversight activities related to community residential service business providers.","","2230","HB 2230","PREFILED","","","H","Prefiled for introduction.","1","Zahn","","2025-12-31","","","0","1","1",""
"2231","Felonies/postsecondary inst.","Enhancing penalties for felony offenses committed at a postsecondary institution.","","2231","HB 2231","PREFILED","","","H","Prefiled for introduction.","1","Leavitt","","2025-12-31","","","0","1","1","9.94a|9.94a.533"
"2232","Time-sensitive emergencies","Improving system outcomes for time-sensitive emergencies.","","2232","HB 2232","PREFILED","","","H","Prefiled for introduction.","1","Parshley","","2025-12-31","","","0","1","1","70.168.090|70.168.150"
"2233 / 5965","Retail bags","Reducing environmental impacts associated with bags provided to customers at retail establishments.","","2233","HB 2233","PREFILED","","","H","Prefiled for introduction.","1","Parshley","","2025-12-31","","","0","1","1","70a.530.005|70a.530.010|70a.530.020|70a.530.030|70a.530.040|70a.530.050"
"2233 / 5965","Retail bags","Reducing environmental impacts associated with bags provided to customers at retail establishments.","","2233","SB 5965","PREFILED","","","S","Prefiled for introduction.","1","Bateman","","2026-01-05","","","0","1","1","70a.530.005|70a.530.010|70a.530.020|70a.530.030|70a.530.040|70a.530.050"
"2234","School utility costs","Addressing increased school utility costs due to the climate commitment act.","","2234","HB 2234","PREFILED","","","H","Prefiled for introduction.","1","Walsh","","2025-12-31","","","0","1","1","28a.150.260|70a.65.260"
"2235","PRA firearm exemptions","Concerning public records act exemptions regarding concealed pistol licenses, permits to purchase firearms, and firearms purchases or transfers.","","2235","HB 2235","PREFILED","","","H","Prefiled for introduction.","1","Walsh","","2025-12-31","","","0","1","1",""
"2236","Housing finance commission","Concerning the housing finance commission.","","2236","HB 2236","PREFILED","","","H","Prefiled for introduction.","1","Zahn","","2026-01-02","","","0","1","1","43.180.010|43.180.050|43.180.070|43.180.080|43.180.090|43.180.150|43.180.220|43.180.230|43.180.240"
"2237","Deputy state fire marshals","Concerning deputy state fire marshals.","","2237","HB 2237","PREFILED","","","H","Prefiled for introduction.","1","Bronoske","","2026-01-02","","","0","1","1",""
"2238","Statewide food security","Concerning statewide food security.","","2238","HB 2238","PREFILED","","","H","Prefiled for introduction.","1","Reeves","","2026-01-02","","","0","1","1",""
"2239","Family burial grounds","Providing Washingtonians and their loved ones with location choices for interment of remains.","","2239","HB 2239","PREFILED","","","H","Prefiled for introduction.","1","Abell","","2026-01-02","","","0","1","1","68|68.04|68.04.060|68.04.080|68.04.100|68.05.400|68.20.010|68.20.140|68.28|68.50.130|7.80.120|84.36.020"
"2240 / 5844","Storage space rentals","Concerning the delivery, execution, acceptance, and provisions of individual storage space rental agreements and modifying the use of individual storage spaces after notice of termination or nonrenewal of rental agreements.","","2240","HB 2240","PREFILED","","","H","Prefiled for introduction.","1","Leavitt","","2026-01-02","","","0","1","1",""
"2240 / 5844","Storage space rentals","Concerning the delivery, execution, acceptance, and provisions of individual storage space rental agreements and modifying the use of individual storage spaces after notice of termination or nonrenewal of rental agreements.","","2240","SB 5844","PREFILED","","","S","Prefiled for introduction.","1","Lovick","","2025-12-08","","","0","1","1",""
"2241","Radiation dose standards","Establishing radiation dose standards for the operation of ionizing radiation screening systems regulated by the department of health.","","2241","HB 2241","PREFILED","","","H","Prefiled for introduction.","1","Couture","","2026-01-02","","","0","1","1","70a.388|70a.388.040"
"2242 / 5967","Preventive health services","Preserving access to preventive services by clarifying state authority and definitions.","","2242","HB 2242","PREFILED","","","H","Prefiled for introduction.","1","Bronoske","","2026-01-02","","G","0","1","1","43.7|48.43.047|70.290.010|70.290.040"
"2242 / 5967","Preventive health services","Preserving access to preventive services by clarifying state authority and definitions.","","2242","SB 5967","PREFILED","","","S","Prefiled for introduction.","1","Cleveland","","2026-01-05","","G","0","1","1","43.7|48.43.047|70.290.010|70.290.040"
"2243","Workers' comp./PTs & OTs","Including physical and occupational therapists as attending providers for workers' compensation.","","2243","HB 2243","PREFILED","","","H","Prefiled for introduction.","1","Bronoske","","2026-01-02","","","0","1","1","51.08.200|51.28.010|51.28.020|51.36.010"
"2244","Public records exemptions","Adopting the recommendations of the public records exemptions accountability committee in its 2025 annual report.","","2244","HB 2244","PREFILED","","","H","Prefiled for introduction.","1","Mena","","2026-01-05","","","0","1","1","10.27.160|18.46.090|21.20.480|24.06.480|26.12.080|27.53.070|42.56.320|43.190.110|43.41.100|46.52.065|46.52.080|46.52.120|72.05.130"
"2245 / 5982","Consumer-owned utilities","Updating provisions for consumer-owned utilities, including port districts, and affected market customers under the clean energy transformation act.","","2245","HB 2245","PREFILED","","","H","Prefiled for introduction.","1","Doglio","","2026-01-05","","","0","1","1","19.405|19.405.020|19.405.100"
"2245 / 5982","Consumer-owned utilities","Updating provisions for consumer-owned utilities, including port districts, and affected market customers under the clean energy transformation act.","","2245","SB 5982","PREFILED","","","S","Prefiled for introduction.","1","Hunt","","2026-01-05","","","0","1","1","19.405|19.405.020|19.405.100"
"2246","Student firearm violations","Updating policies for elementary and secondary school students with firearm violations.","","2246","HB 2246","PREFILED","","","H","Prefiled for introduction.","1","Low","","2026-01-05","","","0","1","1",""
"2247","Veterinarian relationship","Concerning veterinarian-client-patient relationships.","","2247","HB 2247","PREFILED","","","H","Prefiled for introduction.","1","Parshley","","2026-01-05","","","0","1","1","18.92|18.92.015"
"2248","Corporate filings","Concerning corporate filings and other documents processed by the secretary of state's corporations and charities division.","","2248","HB 2248","PREFILED","","","H","Prefiled for introduction.","1","Salahuddin","","2026-01-05","","D","0","1","1","19.166.040|19.77.060|23.95.225|23.95.255|23.95.260|23.95.515|23.95.520|43.07.032|43.07.130"
"2249","Civil service/WaTech","Amending the state civil service statutes to include Washington technology solutions network and security systems employees.","","2249","HB 2249","PREFILED","","","H","Prefiled for introduction.","1","Salahuddin","","2026-01-05","","","0","1","1",""
"2250 / 5959","Charity care residency","Concerning residency requirements for charity care.","","2250","HB 2250","PREFILED","","","H","Prefiled for introduction.","1","Engell","","2026-01-05","","","0","1","1","70.17|70.170.020"
"2250 / 5959","Charity care residency","Concerning residency requirements for charity care.","","2250","SB 5959","PREFILED","","","S","Prefiled for introduction.","1","Short","","2026-01-05","","","0","1","1","70.17|70.170.020"
"2251","Climate commit. act accounts","Concerning climate commitment act accounts.","","2251","HB 2251","PREFILED","","","H","Prefiled for introduction.","1","Fitzgibbon","","2026-01-05","","","0","1","1","43.21b.300|70a.65|70a.65.030|70a.65.040|70a.65.060|70a.65.100|70a.65.200|70a.65.230|70a.65.250|70a.65.260|70a.65.270|70a.65.280|70a.65.300|70a.65.305|76.04.196|76.13.120"
"2252 / 5863","State historical records","Concerning the preservation and inspection of state historical records.","","2252","HB 2252","PREFILED","","","H","Prefiled for introduction.","1","Farivar","","2026-01-05","","","0","1","1",""
"2252 / 5863","State historical records","Concerning the preservation and inspection of state historical records.","","2252","SB 5863","PREFILED","","","S","Prefiled for introduction.","1","Kauffman","","2025-12-10","","","0","1","1",""
"2253","DCYF licensing division","Concerning updates to the licensing division of the department of children, youth, and families.","","2253","HB 2253","PREFILED","","","H","Prefiled for introduction.","1","Bernbaum","","2026-01-05","","D","0","1","1","43.185c.295|72.40.280|74.13.289|74.15.020|74.15.020|74.15.030|74.15.100|74.15.125"
"2254","Partnership access line","Providing flexibility in the partnership access line assessment to cover administrative costs.","","2254","HB 2254","PREFILED","","","H","Prefiled for introduction.","1","Callan","","2026-01-05","","O","0","1","1",""
"2255","Litigation finance","Concerning litigation finance.","","2255","HB 2255","PREFILED","","","H","Prefiled for introduction.","1","Walen","","2026-01-05","","","0","1","1",""
"2256","Unauthorized UCC filings","Concerning termination of unauthorized Uniform Commercial Code filings.","","2256","HB 2256","PREFILED","","","H","Prefiled for introduction.","1","Ryu","","2026-01-05","","D","0","1","1","62a.9a-509|62a.9a-522"
"2257","Tax administration","Concerning taxes administered by the department of revenue.","","2257","HB 2257","PREFILED","","","H","Prefiled for introduction.","1","Berg","","2026-01-05","","D","0","1","1","70a.205.405|82.04|82.04.050|82.04.060|82.04.192|82.04.29001|82.04.29004|82.04.299|82.04.4451|82.08.010|82.08.020|82.08.0208|82.08.0256|82.08.9999|82.12.010|82.12.020|82.12.0208|82.32.023|82.32.087|82.32.730|82.48a.020|83.100.048|84.34.020"
"2258","Animal control excise tax","Authorizing cities and counties the ability to levy a household excise tax for the operation, maintenance, and capital needs of animal control and shelter systems.","","2258","HB 2258","PREFILED","","","H","Prefiled for introduction.","1","Parshley","","2026-01-05","","","0","1","1",""
"2259 / 5973","Initiatives and referenda","Protecting the integrity of the state initiative and referendum process by requiring a demonstration of support before issuance of a ballot measure title and authorizing citizen actions for certain signature gatherer compensation violations.","","2259","HB 2259","PREFILED","","","H","Prefiled for introduction.","1","Mena","","2026-01-05","","","0","1","1","29a.72|29a.72.010|29a.72.020|29a.72.030"
"2259 / 5973","Initiatives and referenda","Protecting the integrity of the state initiative and referendum process by requiring a demonstration of support before issuance of a ballot measure title and authorizing citizen actions for certain signature gatherer compensation violations.","","2259","SB 5973","PREFILED","","","S","Prefiled for introduction.","1","Valdez","","2026-01-05","","","0","1","1","29a.72|29a.72.010|29a.72.020|29a.72.030"
"2260","Ballot measure petitions","Concerning requirements pertaining to signatures and addresses of ballot measure petitioners and petition signature gatherers.","","2260","HB 2260","PREFILED","","","H","Prefiled for introduction.","1","Ramel","","2026-01-05","","","0","1","1","29a.72|29a.72.110|29a.72.120|29a.72.130"
"2261","Health care credentials","Ensuring transparency in credentials and communications between patients and health care professionals.","","2261","HB 2261","PREFILED","","","H","Prefiled for introduction.","1","Marshall","","2026-01-06","","","0","1","1","18.13|18.130.180|18.2|18.51|18.57.031|18.71.021|70.128|70.23|70.41"
"2262","Signature education","Concerning civics education for public school students through instruction and information about the production and use of official signatures.","","2262","HB 2262","PREFILED","","","H","Prefiled for introduction.","1","Connors","","2026-01-06","","","0","1","1","28a.230.094|28a.305|29a.60.300"
"2263","Public counsel","Establishing a public counsel integrity act.","","2263","HB 2263","PREFILED","","","H","Prefiled for introduction.","1","Walsh","","2026-01-06","","","0","1","1",""
"2264","Unemployment ins./layoffs","Concerning unemployment insurance benefits for workers separated from employment as a result of employer-initiated layoffs or workforce reductions.","","2264","HB 2264","PREFILED","","","H","Prefiled for introduction.","1","Berry","","2026-01-06","","","0","1","1",""
"2265","Extreme heat/tenants","Protecting tenants from periods of extreme heat.","","2265","HB 2265","PREFILED","","","H","Prefiled for introduction.","1","Mena","","2026-01-06","","","0","1","1","59.18|59.18.060|59.18.390|59.2"
"2266","Supportive & emerg. housing","Encouraging permanent supportive housing, transitional housing, indoor emergency housing, and indoor emergency shelters.","","2266","HB 2266","PREFILED","","","H","Prefiled for introduction.","1","Peterson","","2026-01-06","","","0","1","1","35.21.683|35.21.990|35a.21.430|35a.21.440|36.130.020|36.70a"
"2267","Urban forest management","Concerning urban forest management ordinances.","","2267","HB 2267","PREFILED","","","H","Prefiled for introduction.","1","Duerr","","2026-01-06","","","0","1","1","36.70a.190|43.31|70a.45.120"
"2268","Mortgage escrow accounts","Concerning residential mortgage loan escrow accounts.","","2268","HB 2268","PREFILED","","","H","Prefiled for introduction.","1","Bernbaum","","2026-01-06","","","0","1","1",""
"2269","Middle housing/uninc. areas","Concerning middle housing in unincorporated areas.","","2269","HB 2269","PREFILED","","","H","Prefiled for introduction.","1","Bernbaum","","2026-01-06","","","0","1","1",""
"2270","Lodging tax revenue use","Providing specified flexibility for use of lodging tax revenues for small cities.","","2270","HB 2270","PREFILED","","","H","Prefiled for introduction.","1","Bernbaum","","2026-01-06","","","0","1","1","67.28|67.28.1815"
"2271","Plastics/recycled content","Concerning postconsumer recycled content requirements for plastic products.","","2271","HB 2271","PREFILED","","","H","Prefiled for introduction.","1","Berry","","2026-01-06","","","0","1","1","39.26|43.21b.110|70a.245|70a.245.010|70a.245.020|70a.245.030|70a.245.040|70a.245.050|70a.245.060|70a.245.090|70a.245.120"
"2272","Ski areas and winter sports","Updating terminology related to ski areas and winter sports activities.","","2272","HB 2272","PREFILED","","","H","Prefiled for introduction.","1","Hall","","2026-01-06","","O","0","1","1","79a.40.010|79a.45.030|79a.45.060"
"2273","Embodied carbon/buildings","Reducing embodied carbon emissions of buildings and building materials.","","2273","HB 2273","PREFILED","","","H","Prefiled for introduction.","1","Duerr","","2026-01-06","","","0","1","1","19.27|43.33"
"2274 / 5976","Commercial electronic mail","Modifying the Washington commercial electronic mail act.","","2274","HB 2274","PREFILED","","","H","Prefiled for introduction.","1","Springer","","2026-01-06","","","0","1","1","19.190.020|19.190.030|19.190.040|19.190.100"
"2274 / 5976","Commercial electronic mail","Modifying the Washington commercial electronic mail act.","","2274","SB 5976","PREFILED","","","S","Prefiled for introduction.","1","Harris","","2026-01-05","","","0","1","1","19.190.020|19.190.030|19.190.040|19.190.100"
"2275","Wildfire prevention","Concerning wildfire prevention and creating the Washington wildfire prevention and protection council.","","2275","HB 2275","PREFILED","","","H","Prefiled for introduction.","1","Reeves","","2026-01-06","","","0","1","1","43.84.092|76|76.04.185|80.28.445"
"2276","Home care rates","Improving the functioning of home care rate statutes.","","2276","HB 2276","PREFILED","","","H","Prefiled for introduction.","1","Rule","","2026-01-06","","","0","1","1","74.39a.310|74.39a.530"
"2277 / 5928","Wildfire risk models","Concerning wildfire risk models and score disclosure.","","2277","HB 2277","PREFILED","","","H","Prefiled for introduction.","1","Hall","","2026-01-06","","O","0","1","1","48.18|48.19"
"2277 / 5928","Wildfire risk models","Concerning wildfire risk models and score disclosure.","","2277","SB 5928","PREFILED","","","S","Prefiled for introduction.","1","Warnick","","2025-12-22","","O","0","1","1","48.18|48.19"
"2278","Tourism promotion areas","Concerning tourism promotion areas.","","2278","HB 2278","PREFILED","","","H","Prefiled for introduction.","1","Barnard","","2026-01-06","","","0","1","1",""
"2279","Agriculture/PFAS chemicals","Evaluating the use of PFAS chemicals in agriculture.","","2279","HB 2279","PREFILED","","","H","Prefiled for introduction.","1","Parshley","","2026-01-06","","","0","1","1","15.54|15.54.436|15.58|43.23.110"
"2280","Legislator facility access","Providing access for legislators to facilities owned and operated by the state and facilities that contract with or are licensed by state agencies.","","2280","HB 2280","PREFILED","","","H","Prefiled for introduction.","1","Penner","","2026-01-06","","","0","1","1",""
"2281","State-tribal relationship","Concerning the state and tribal government-to-government relationship.","","2281","HB 2281","PREFILED","","","H","Prefiled for introduction.","1","Stearns","","2026-01-06","","","0","1","1","43.376|43.376.010|43.376.020|43.376.060"
"5000","State nickname","Adopting the evergreen state as the state nickname.","","5000","SB 5000","RULES","","","S","By resolution, returned to Senate Rules Committee for third reading.","1","Wilson, J.","2025-01-13","2025-04-27","","","0","0","0",""
"5001","Year-round Pacific std. time","Implementing year-round Pacific standard time.","","5001","SB 5001","COMMITTEE","STATE GOVERNMENT, TRIBAL AFFAIRS & ELECTIONS","true","S","First reading, referred to State Government, Tribal Affairs & Elections.","1","Wilson, J.","2025-01-13","2025-01-13","","","0","0","0","1.20.050|1.20.051|35a.21.190"
"5002","Immigration enforcement","Concerning federal immigration enforcement.","","5002","SB 5002","COMMITTEE","L&J","true","S","First reading, referred to Law & Justice.","1","Fortunato","2025-01-13","2025-01-13","","","0","0","0","10.93.160|2.28.300|2.28.310|2.28.320|2.28.330|2.28.340|3.02.070|35.20.290|43|43.10.310|43.10.315|43.17.420|43.17.425|43.330.510"
"5003","School security grants","Establishing the school security and preparedness infrastructure grant program.","","5003","SB 5003","COMMITTEE","ELK12","true","S","First reading, referred to Early Learning & K-12 Education.","1","Torres","2025-01-13","2025-01-13","SFN","","0","0","0",""
"5004","School emergency response","Updating emergency response systems in public schools including panic or alert buttons.","ESSB 5004","5004","SB 5004","SUBSTITUTED","","","S","1st substitute bill substituted.","0","Torres","2025-01-13","2025-02-12","SFN,Loc","","0","0","0",""
"5004","School emergency response","Updating emergency response systems in public schools including panic or alert buttons.","ESSB 5004","5004","SSB 5004","OTHER","","","S","","0","Torres","2025-01-30","","SFN,Loc","","0","0","0",""
"5004","School emergency response","Updating emergency response systems in public schools including panic or alert buttons.","ESSB 5004","5004","ESSB 5004","ENACTED","","","","Effective date 7/27/2025.","1","Torres","2025-01-30","2025-05-19","SFN,Loc","","0","0","0",""
"5005","Jail system","Concerning the city, county, and regional jail system in Washington state.","","5005","SSB 5005","COMMITTEE","WM","false","S","Referred to Ways & Means.","1","Saldaña","2025-01-29","2025-01-30","SFN,Loc","","0","0","0","43|70.48.510"
"5006","Corporation acts","Making updates to Washington's corporation acts.","SB 5006","5006","SB 5006","ENACTED","","","","Effective date 7/27/2025.","1","Pedersen","2025-01-13","2025-04-04","","O","0","0","0","23b.06.240|23b.08.250|23b.11a.070|23b.13.020|23b.14.020|24.03a.575|24.06.145"
"5007","Chronically absent students","Supporting students who are chronically absent and at risk for not graduating high school.","","5007","SB 5007","COMMITTEE","WM","false","S","Referred to Ways & Means.","1","Braun","2025-01-13","2025-02-19","SFN","","0","0","0","28a.175.025|28a.175.035|28a.175.105|28a.310"
"5008","Public school tools","Supporting the use of assessment, diagnostic, and learning tools in public schools.","","5008","SB 5008","COMMITTEE","ELK12","true","S","First reading, referred to Early Learning & K-12 Education.","1","Braun","2025-01-13","2025-01-13","SFN","","0","0","0",""
"5009","Student transp. allocation","Modifying the student transportation allocation to accommodate multiple vehicle types for transporting students.","ESSB 5009","5009","SB 5009","SUBSTITUTED","","","S","1st substitute bill substituted.","0","Braun","2025-01-13","2025-03-07","SFN","","0","0","0","28a.160.150|28a.160.170|28a.160.180|28a.160.195|28a.160.210"
"5009","Student transp. allocation","Accommodating multiple vehicle types for transporting students.","ESSB 5009","5009","SSB 5009","OTHER","","","S","","0","Braun","2025-02-05","","SFN","","0","0","0","28a.160.150|28a.160.170|28a.160.180|28a.160.195|28a.160.210|46.25.010|46.25.050"
"5009","Student transp. allocation","Accommodating multiple vehicle types for transporting students.","ESSB 5009","5009","ESSB 5009","ENACTED","","","","Effective date 7/27/2025*.","1","Braun","2025-02-05","2025-05-20","SFN","","0","0","0","28a.160.150|28a.160.170|28a.160.180|28a.160.195|28a.160.210|46.25.010|46.25.050"
"5010","Election security cameras","Creating an election security camera grant program.","","5010","SB 5010","COMMITTEE","STATE GOVERNMENT, TRIBAL AFFAIRS & ELECTIONS","true","S","First reading, referred to State Government, Tribal Affairs & Elections.","1","Wilson, J.","2025-01-13","2025-01-13","","","0","0","0",""
"5011","Ballot drop box labeling","Labeling ballot drop boxes.","","5011","SB 5011","COMMITTEE","WM","false","S","Referred to Ways & Means.","1","Wilson, J.","2025-01-13","2025-01-28","SFN,Loc","","0","0","0",""
"5012","Interscholastic athletics","Concerning the organization of interscholastic athletics.","","5012","SB 5012","COMMITTEE","ELK12","true","S","First reading, referred to Early Learning & K-12 Education.","1","Fortunato","2025-01-13","2025-01-13","","","0","0","0","28a.600|28a.600.200|28b.10|28b.10.703"
"5013","Campaign signage map","Establishing a department of transportation map for the placement of campaign signage.","","5013","SB 5013","COMMITTEE","TRAN","true","S","First reading, referred to Transportation.","1","Wilson, J.","2025-01-13","2025-01-13","SFN","","0","0","0",""
"5014","Election security","Concerning election security.","ESSB 5014","5014","SB 5014","SUBSTITUTED","","","S","1st substitute bill substituted.","0","Boehnke","2025-01-13","2025-02-25","SFN,Loc","D","0","0","0","29a.12|29a.12.050|29a.12.180"
"5014","Election security","Concerning election security.","ESSB 5014","5014","SSB 5014","OTHER","","","S","","0","Boehnke","2025-02-07","","SFN,Loc","D","0","0","0","29a.12|29a.12.050|29a.12.180"
"5014","Election security","Concerning election security.","ESSB 5014","5014","ESSB 5014","ENACTED","","","","Effective date 7/27/2025.","1","Boehnke","2025-02-07","2025-05-17","SFN,Loc","D","0","0","0","29a.12|29a.12.050|29a.12.180"
"5015","EFSEC governor approval","Increasing efficiency at the energy facility site evaluation council by removing the governor from the project approval process.","","5015","SB 5015","COMMITTEE","EET","true","S","First reading, referred to Environment, Energy & Technology.","1","Boehnke","2025-01-13","2025-01-13","","","0","0","0","70a.15.3130|80.50.040|80.50.045|80.50.060|80.50.071|80.50.090|80.50.100|80.50.105|80.50.130|80.50.320|80.50.330|80.70.020|80.80.040|90.48.262|90.58.140"
"5017","Uniformed & overseas voting","Adopting national standards for uniformed and overseas civilian voting, including conforming amendments to existing statute.","","5017","SB 5017","SUBSTITUTED","","","S","1st substitute bill substituted.","0","Nobles","2025-01-13","2025-02-12","SFN,Loc","D","0","0","0","29a|29a.04|29a.04.109|29a.04.151|29a.04.163|29a.04.210|29a.08.107|29a.40.050|29a.40.070|29a.40.091|29a.40.110|29a.40.110"
"5017","Uniformed & overseas voting","Adopting national standards for uniformed and overseas civilian voting, including conforming amendments to existing statute.","","5017","SSB 5017","RULES","","","S","By resolution, returned to Senate Rules Committee for third reading.","1","Nobles","2025-01-17","2025-04-27","SFN,Loc","D","0","0","0","29a|29a.04|29a.04.109|29a.04.151|29a.04.163|29a.04.210|29a.08.107|29a.40.050|29a.40.070|29a.40.091|29a.40.110|29a.40.110"
"5018","County weed boards","Concerning the geographic composition of county weed boards.","","5018","SB 5018","COMMITTEE","LG","true","S","First reading, referred to Local Government.","1","Wilson, J.","2025-01-13","2025-01-13","SFN,Loc","","0","0","0",""
"5019","Prepacked medication distr.","Concerning prepacked medication distribution.","","5019","SB 5019","RULES","","","S","Senate Rules ""X"" file.","1","Chapman","2025-01-13","2025-03-17","SFN,Loc","","0","0","0","18.64.450|70.41.480"
"5019","Prepacked medication distr.","Expanding the situations in which medications can be dispensed or delivered from hospitals and health care entities.","","5019","SSB 5019","RULES","","","S","Senate Rules ""X"" file.","1","Chapman","2025-02-06","2025-03-17","","","0","0","0","18.64.450|70.41.480"
"5020","Senior citizens/prop. taxes","Providing property tax relief to senior citizens.","","5020","SB 5020","COMMITTEE","WM","true","S","First reading, referred to Ways & Means.","1","Fortunato","2025-01-13","2025-01-13","SFN,Loc","","0","0","0",""
"5021","Retention of court exhibits","Concerning retention of court exhibits.","SB 5021","5021","SB 5021","ENACTED","","","","Effective date 7/27/2025.","1","Wagoner","2025-01-13","2025-04-22","SFN","","0","0","0",""
"5022","Law enf. hiring","Concerning law enforcement agency and prosecutor offices hiring.","","5022","SB 5022","COMMITTEE","L&J","true","S","First reading, referred to Law & Justice.","1","Lovick","2025-01-13","2025-01-13","","","0","0","0","10.93.165|10.93.200|36.27|36.27.040|41.08.070|41.12.070|41.14.100|43.101.095|77.15.075"
"5023","Domestic workers","Providing labor market protections for domestic workers.","","5023","SSB 5023","OTHER","","","S","","0","Saldaña","2025-02-14","","SFN","","0","0","0","49|49.46.010|49.6|49.60.040|49.60.230"
"5023","Domestic workers","Providing labor market protections for domestic workers.","","5023","ESSB 5023","RULES","","","S","By resolution, returned to Senate Rules Committee for third reading.","1","Saldaña","2025-02-14","2025-04-27","SFN","","0","0","0","49|49.46.010|49.6|49.60.040|49.60.230"
"5024","Wine/alcohol tax exemption","Providing a tax exemption for the first 20,000 gallons of wine sold by a winery in Washington.","","5024","SB 5024","COMMITTEE","L&C","true","S","First reading, referred to Labor & Commerce.","1","Warnick","2025-01-13","2025-01-13","SFN","","0","0","0",""
"5025","Educational interpreters","Concerning educational interpreters.","SSB 5025","5025","SB 5025","SUBSTITUTED","","","S","1st substitute bill substituted.","0","Lovick","2025-01-13","2025-02-19","SFN","","0","0","0",""
"5025","Educational interpreters","Concerning educational interpreters.","SSB 5025","5025","SSB 5025","ENACTED","","","","Effective date 7/27/2025.","1","Lovick","2025-02-05","2025-05-13","SFN","","0","0","0",""
"5026","Motor vehicle sales tax","Dedicating the state sales tax on motor vehicles for transportation.","","5026","SB 5026","COMMITTEE","WM","true","S","First reading, referred to Ways & Means.","1","King","2025-01-13","2025-01-13","SFN","","0","0","0","43.84.092|46.68|82.08.020|82.12.020"
"5027","Law school loan repayment","Establishing a loan repayment program for public defense attorneys and prosecutors.","","5027","SB 5027","COMMITTEE","WM","false","S","Referred to Ways & Means.","1","Torres","2025-01-13","2025-01-31","SFN","","0","0","0",""
"5027","Law school loan repayment","Establishing a loan repayment program for public defense attorneys and prosecutors.","","5027","SSB 5027","COMMITTEE","WM","false","S","Referred to Ways & Means.","1","Torres","2025-01-30","2025-01-31","SFN","","0","0","0",""
"5028","Unlawful camping","Concerning unlawful camping.","","5028","SB 5028","COMMITTEE","L&J","true","S","First reading, referred to Law & Justice.","1","Wagoner","2025-01-13","2025-01-13","","","0","0","0",""
"5029","DOC release transportation","Concerning the transportation of individuals released or discharged from the custody of the department of corrections.","ESSB 5029","5029","SB 5029","SUBSTITUTED","","","S","1st substitute bill substituted.","0","Wilson, C.","2025-01-13","2025-02-26","SFN","","0","0","0",""
"5029","DOC release transportation","Concerning the transportation of individuals released or discharged from the custody of the department of corrections.","ESSB 5029","5029","SSB 5029","OTHER","","","S","","0","Wilson, C.","2025-01-22","","SFN","","0","0","0",""
"5029","DOC release transportation","Concerning the transportation of individuals released or discharged from the custody of the department of corrections.","ESSB 5029","5029","ESSB 5029","ENACTED","","","","Effective date 7/27/2025.","1","Wilson, C.","2025-01-22","2025-05-12","SFN","","0","0","0",""
"5030","Vital records access","Improving access to educational services by reducing barriers to obtaining vital records and allowing alternative forms of documentation.","SSB 5030","5030","SB 5030","SUBSTITUTED","","","S","1st substitute bill substituted.","0","Wilson, C.","2025-01-13","2025-03-12","SFN,Loc","","0","0","0","28a.225|43.216|70.58a.560"
"5030","Vital records access","Improving access to educational services by reducing barriers to obtaining vital records and allowing alternative forms of documentation.","SSB 5030","5030","SSB 5030","ENACTED","","","","Effective date 7/27/2025.","1","Wilson, C.","2025-01-29","2025-04-22","SFN,Loc","","0","0","0","28a.225|43.216|70.58a.560"
"5031","Confinement health coord.","Concerning health care coordination regarding confined individuals.","","5031","SB 5031","COMMITTEE","WM","false","S","Referred to Ways & Means.","1","Wilson, C.","2025-01-13","2025-02-06","SFN,Loc","","0","0","0",""
"5031","Confinement health coord.","Concerning health care coordination regarding confined individuals.","","5031","SSB 5031","COMMITTEE","WM","false","S","Referred to Ways & Means.","1","Wilson, C.","2025-02-05","2025-02-06","SFN,Loc","","0","0","0",""
"5032","Juvenile rehab. ombuds","Expanding the duties of the office of the family and children's ombuds to include juvenile rehabilitation facilities operated by the department of children, youth, and families.","SB 5032","5032","SB 5032","ENACTED","","","","Effective date 7/27/2025.","1","Wilson, C.","2025-01-13","2025-05-19","SFN","","0","0","0","43.06a.010|43.06a.030|43.06a.100"
"5033","Biosolids/PFAS chemicals","Concerning sampling or testing of biosolids for PFAS chemicals.","SSB 5033","5033","SB 5033","SUBSTITUTED","","","S","1st substitute bill substituted.","0","Wilson, J.","2025-01-13","2025-03-07","SFN,Loc","","0","0","0","70a.226|70a.226.005|70a.226.007|70a.226.010|70a.226.020|70a.226.030"
"5033","Biosolids/PFAS chemicals","Concerning sampling or testing of biosolids for PFAS chemicals.","SSB 5033","5033","SSB 5033","ENACTED","","","","Effective date 7/27/2025.","1","Wilson, J.","2025-02-18","2025-05-17","SFN,Loc","","0","0","0","70a.226|70a.226.005|70a.226.007|70a.226.010|70a.226.020|70a.226.030"
"5035","Voter education","Concerning voter education during a period in which a jurisdiction is changing the method of selecting candidates.","","5035","SB 5035","COMMITTEE","STATE GOVERNMENT, TRIBAL AFFAIRS & ELECTIONS","true","S","First reading, referred to State Government, Tribal Affairs & Elections.","1","Chapman","2025-01-13","2025-01-13","","D","0","0","0",""
"5036","Statewide emissions data","Strengthening Washington's leadership and accountability on climate policy by transitioning to annual reporting of statewide emissions data.","SB 5036","5036","SB 5036","ENACTED","","","","Effective date 7/27/2025.","1","Boehnke","2025-01-13","2025-05-02","SFN","","0","0","0","70a.45.005|70a.45.020|70a.65.130"
"5037","Uniform custodial trust act","Enacting the uniform custodial trust act.","SB 5037","5037","SB 5037","ENACTED","","","","Effective date 7/27/2025.","1","Holy","2025-01-13","2025-04-22","SFN,Loc","O","0","0","0","11|11.135.010"
"5040","Uniformed personnel","Expanding the definition of uniformed personnel to all law enforcement officers employed by a city, town, county, or governing body of a municipal airport operating under the provisions of chapter 14.08 RCW.","SSB 5040","5040","SSB 5040","ENACTED","","","","Effective date 7/27/2025.","1","Stanford","2025-02-11","2025-04-22","SFN,Loc","","0","0","0",""
"5041","Unemp ins/strikes & lockouts","Concerning unemployment insurance benefits for striking or lockout workers.","ESSB 5041","5041","SB 5041","SUBSTITUTED","","","S","1st substitute bill substituted.","0","Riccelli","2025-01-13","2025-03-07","SFN,Loc","","0","0","0","50.2|50.20.090|50.20.160|50.29.021"
"5041","Unemp ins/strikes & lockouts","Concerning unemployment insurance benefits for striking or lockout workers.","ESSB 5041","5041","SSB 5041","OTHER","","","S","","0","Riccelli","2025-02-14","","SFN,Loc","","0","0","0","49.08|49.08.060|50.2|50.20.090|50.20.160|50.29.021|50.29.026"
"5041","Unemp ins/strikes & lockouts","Concerning unemployment insurance benefits for striking or lockout workers.","ESSB 5041","5041","ESSB 5041","ENACTED","","","","Effective date 7/27/2025*.","1","Riccelli","2025-02-14","2025-05-19","SFN,Loc","","0","0","0","49.08|49.08.060|50.2|50.20.090|50.20.160|50.29.021|50.29.026"
"5042","Autonomous vehicles","Concerning vehicle and operator requirements for autonomous vehicles.","","5042","SB 5042","COMMITTEE","TRAN","true","S","First reading, referred to Transportation.","1","Lovick","2025-01-13","2025-01-13","","","0","0","0","46.92|46.92.010"
"5043","PTSD/correctional workers","Concerning industrial insurance coverage for posttraumatic stress disorders affecting correctional facility workers.","","5043","SSB 5043","COMMITTEE","WM","false","S","Referred to Ways & Means.","1","Dhingra","2025-02-14","2025-02-18","SFN,Loc","","0","0","0","51.08.142|51.32"
"5045","Battery stewardship/EVs","Expanding the state battery stewardship program to include electric vehicle batteries.","","5045","SB 5045","COMMITTEE","EET","true","S","First reading, referred to Environment, Energy & Technology.","1","Wilson, J.","2025-01-13","2025-01-13","SFN","","0","0","0","70a.205.505|70a.205.510|70a.205.515|70a.205.520|70a.205.525|70a.205.530|70a.555|70a.555.005|70a.555.010|70a.555.020|70a.555.030|70a.555.040|70a.555.060|70a.555.070|70a.555.130|70a.555.140"
"5046","Kimchi day","Designating kimchi day.","","5046","SB 5046","COMMITTEE","STATE GOVERNMENT, TRIBAL AFFAIRS & ELECTIONS","true","S","First reading, referred to State Government, Tribal Affairs & Elections.","1","Wilson, J.","2025-01-13","2025-01-13","","","0","0","0",""
"5047","Signature gathering/protests","Establishing protections for citizens participating in the initiative and referendum process.","","5047","SB 5047","COMMITTEE","STATE GOVERNMENT, TRIBAL AFFAIRS & ELECTIONS","true","S","First reading, referred to State Government, Tribal Affairs & Elections.","1","Wilson, J.","2025-01-13","2025-01-13","","","0","0","0",""
"5048","Initiative sig. challenges","Notifying legislators of initiative signature challenges.","","5048","SB 5048","COMMITTEE","STATE GOVERNMENT, TRIBAL AFFAIRS & ELECTIONS","true","S","First reading, referred to State Government, Tribal Affairs & Elections.","1","Wilson, J.","2025-01-13","2025-01-13","","","0","0","0",""
"5049","Sunshine committee","Concerning the public records exemptions accountability committee.","SSB 5049","5049","SB 5049","SUBSTITUTED","","","S","1st substitute bill substituted.","0","Wilson, J.","2025-01-13","2025-02-25","SFN","","0","0","0",""
"5049","Sunshine committee","Concerning the public records exemptions accountability committee.","SSB 5049","5049","SSB 5049","ENACTED","","","","Effective date 7/27/2025.","1","Wilson, J.","2025-02-07","2025-04-22","","","0","0","0",""
"5050","Presidential primary privacy","Concerning the privacy of party selections during presidential primaries.","","5050","SB 5050","COMMITTEE","WM","false","S","Referred to Ways & Means.","1","Wilson, J.","2025-01-13","2025-02-11","SFN,Loc","","0","0","0",""
"5052","Law enf. juvenile contact","Modifying law enforcement ability to contact juvenile witnesses and victims not suspected of criminal involvement or activity.","","5052","SB 5052","RULES","","","S","Senate Rules ""X"" file.","1","Salomon","2025-01-13","2025-03-17","SFN,Loc","","0","0","0",""
"5052","Law enf. juvenile contact","Clarifying law enforcement ability to contact juvenile witnesses and victims not suspected of criminal involvement or activity.","","5052","SSB 5052","RULES","","","S","Senate Rules ""X"" file.","1","Salomon","2025-02-12","2025-03-17","","","0","0","0",""
"5053","PFD formation","Concerning public facilities district formation.","","5053","SSB 5053","COMMITTEE","WM","false","S","Referred to Ways & Means.","1","Warnick","2025-02-20","2025-02-21","SFN,Loc","","0","0","0","35.57.010|36.100.010"
"5055","Agritourism","Promoting agritourism in Washington.","","5055","SB 5055","SUBSTITUTED","","","S","1st substitute bill substituted.","0","Warnick","2025-01-13","2025-03-04","SFN,Loc","","0","0","0","19.27|36.7|36.70a.177|66.24"
"5055","Agritourism","Promoting agritourism in Washington.","","5055","SSB 5055","RULES","","","S","By resolution, returned to Senate Rules Committee for third reading.","1","Warnick","2025-02-20","2025-04-27","SFN,Loc","","0","0","0",""
"5056","WSP firearms records system","Concerning Washington state patrol providing firearm background checks when state record systems are unavailable.","","5056","SB 5056","COMMITTEE","L&J","true","S","First reading, referred to Law & Justice.","1","Wagoner","2025-01-13","2025-01-13","SFN,Loc","","0","0","0","43.43.580|9.41.090"
"5057","Agricultural real estate","Concerning ownership of agricultural real estate.","","5057","SB 5057","COMMITTEE","L&J","true","S","First reading, referred to Law & Justice.","1","Wagoner","2025-01-13","2025-01-13","","","0","0","0",""
"5060","Law enforcement personnel","Increasing the number of law enforcement agency personnel.","","5060","SSB 5060","RULES","","","S","Senate Rules ""X"" file.","1","Holy","2025-01-23","2025-03-17","SFN,Loc","","1","0","0","36.28a|43.101"
"5060","Law enforcement personnel","Increasing the number of law enforcement agency and county corrections officer personnel.","","5060","2SSB 5060","RULES","","","S","Senate Rules ""X"" file.","1","Holy","2025-02-27","2025-03-17","SFN,Loc","","1","0","0","36.28a|43.101"
"5061","Public works wages","Requiring certain wages in public works contracts to be at least the prevailing wage in effect when the work is performed.","","5061","SB 5061","SUBSTITUTED","","","S","2nd substitute bill substituted.","0","Conway","2025-01-13","2025-03-12","SFN,Loc","","0","0","0",""
"5061","Public works wages","Requiring certain wages in public works contracts to be at least the prevailing wage in effect when the work is performed.","","5061","SSB 5061","SUBSTITUTED","","","S","2nd substitute bill substituted.","0","Conway","2025-02-21","2025-03-12","SFN,Loc","","0","0","0",""
"5061","Public works wages","Requiring certain wages in public works contracts to be at least the prevailing wage in effect when the work is performed.","","5061","2SSB 5061","OTHER","","","S","","0","Conway","2025-02-25","","SFN,Loc","","0","0","0",""
"5061","Public works wages","Requiring certain wages in public works contracts to be at least the prevailing wage in effect when the work is performed.","","5061","E2SSB 5061","RULES","","","S","By resolution, returned to Senate Rules Committee for third reading.","1","Conway","2025-02-25","2025-04-27","SFN,Loc","","0","0","0",""
"5062","Child care workforce board","Establishing a child care workforce standards board.","","5062","SSB 5062","COMMITTEE","WM","false","S","Referred to Ways & Means.","1","Stanford","2025-01-31","2025-02-03","SFN","","0","0","0",""
"5064","Rare diseases adv. council","Creating an advisory council on rare diseases.","","5064","SSB 5064","COMMITTEE","WM","false","S","Referred to Ways & Means.","1","Liias","2025-01-30","2025-01-31","","","0","0","0",""
"5065","Traveling animal acts","Prohibiting the use of certain animals in traveling animal acts.","ESB 5065","5065","SB 5065","FLOOR","","","S","","0","Liias","2025-01-13","","SFN,Loc","","0","0","0",""
"5065","Traveling animal acts","Prohibiting the use of certain animals in traveling animal acts.","ESB 5065","5065","ESB 5065","ENACTED","","","","Effective date 7/27/2025.","1","Liias","2025-01-13","2025-04-22","SFN,Loc","","0","0","0",""
"5066","Law enf. misconduct","Concerning law enforcement and local corrections agency misconduct through investigations and legal actions.","","5066","SSB 5066","COMMITTEE","WM","false","S","Referred to Ways & Means.","1","Hansen","2025-02-06","2025-02-07","SFN,Loc","","0","0","0",""
"5067","Impaired driving","Concerning impaired driving.","","5067","SB 5067","RULES","","","S","Senate Rules ""X"" file.","1","Lovick","2025-01-13","2025-03-17","SFN,Loc","O","0","0","0","38.38.760|43.59|46.20.308|46.20.3101|46.25.090|46.61.502|46.61.504|46.61.5055|46.61.506|66.08|66.44|79a.60.040"
"5067","Impaired driving","Concerning impaired driving.","","5067","SSB 5067","RULES","","","S","Senate Rules ""X"" file.","1","Lovick","2025-01-16","2025-03-17","SFN,Loc","O","0","0","0","38.38.760|43.59|46.20.308|46.20.3101|46.25.090|46.61.502|46.61.504|46.61.5055|46.61.506|66.08|66.44|79a.60.040"
"5068","Public employ. eligibility","Concerning agencies, firefighters, prosecutors, and general or limited authority law enforcement, extending eligibility for employment to all United States citizens or persons legally authorized to work in the United States under federal law.","","5068","SB 5068","RULES","","","S","By resolution, returned to Senate Rules Committee for third reading.","1","Lovick","2025-01-13","2025-04-27","SFN,Loc","","0","0","0","10.93.165|10.93.200|36.27|36.27.040|41.08.070|41.12.070|41.14.100|43.101.095|77.15.075"
"5069","Voters' pamphlets","Requiring the secretary of state to print and distribute a voters' pamphlet for the primary in each even-numbered year and for the general election every year.","","5069","SB 5069","COMMITTEE","WM","false","S","Referred to Ways & Means.","1","Valdez","2025-01-13","2025-01-21","SFN,Loc","D","0","0","0","29a.32.010|29a.32.210"
"5070","Interchange fees on tips","Concerning prohibiting fees on certain acts of commerce to protect tipped wages for workers while reducing the financial burden on employers.","","5070","SB 5070","COMMITTEE","L&C","true","S","First reading, referred to Labor & Commerce.","1","Saldaña","2025-01-13","2025-01-13","SFN","","0","0","0","19|49.46.020"
"5071","Controlled sub. endangerment","Updating the endangerment with a controlled substance statute.","","5071","SB 5071","SUBSTITUTED","","","S","1st substitute bill substituted.","0","Braun","2025-01-13","2025-02-05","SFN,Loc","","0","0","0","9a.42.010|9a.42.100"
"5071","Controlled sub. endangerment","Updating the endangerment with a controlled substance statute to include fentanyl or synthetic opioids.","","5071","SSB 5071","RULES","","","S","By resolution, returned to Senate Rules Committee for third reading.","1","Braun","2025-01-23","2025-04-27","SFN,Loc","","0","0","0",""
"5073","Motor vehicles sales tax use","Dedicating the sales tax on motor vehicles to highway uses.","","5073","SB 5073","COMMITTEE","WM","true","S","First reading, referred to Ways & Means.","1","Fortunato","2025-01-13","2025-01-13","SFN","","0","0","0","46.68.090|82.08.020|82.12.020"
"5074","Turfgrass seed contracts","Concerning the payment of turfgrass seed contracts.","SSB 5074","5074","SB 5074","SUBSTITUTED","","","S","1st substitute bill substituted.","0","Boehnke","2025-01-13","2025-03-03","SFN","","0","0","0","20.01.010|20.01.465"
"5074","Turfgrass seed contracts","Concerning payment of seed contracts.","SSB 5074","5074","SSB 5074","ENACTED","","","","Effective date 7/27/2025.","1","Boehnke","2025-02-13","2025-04-22","SFN","","0","0","0",""
"5075","Prenatal and postnatal care","Concerning cost sharing for prenatal and postnatal care.","","5075","SB 5075","COMMITTEE","WM","false","S","Referred to Ways & Means.","1","Muzzall","2025-01-13","2025-02-14","SFN","","0","0","0",""
"5075","Prenatal and postnatal care","Concerning cost sharing for prenatal and postnatal care.","","5075","SSB 5075","COMMITTEE","WM","false","S","Referred to Ways & Means.","1","Muzzall","2025-02-13","2025-02-14","SFN","","0","0","0","41.05.017|48.43"
"5076","Nonspot shrimp pot license","Establishing a Puget Sound nonspot shrimp pot fishery license.","SSB 5076","5076","SB 5076","SUBSTITUTED","","","S","1st substitute bill substituted.","0","Muzzall","2025-01-13","2025-02-19","SFN","","0","0","0","77.65.220|77.7|77.70.005|77.70.410|77.70.420"
"5076","Nonspot shrimp pot license","Establishing a Puget Sound nonspot shrimp pot fishery license.","SSB 5076","5076","SSB 5076","ENACTED","","","","Effective date 7/27/2025.","1","Muzzall","2025-01-30","2025-04-22","SFN","","0","0","0","77.65.220|77.7|77.70.005|77.70.410|77.70.420"
"5077","Agency voter registration","Concerning expansion of voter registration services by government agencies.","SB 5077","5077","SB 5077","ENACTED","","","","Effective date 7/27/2025.","1","Valdez","2025-01-13","2025-05-17","SFN,Loc","","0","0","0","29a.08.123|29a.08.310|29a.08.362|29a.08.365"
"5078","Agricultural real estate","Concerning ownership of agricultural real estate.","","5078","SB 5078","COMMITTEE","L&J","true","S","First reading, referred to Law & Justice.","1","Boehnke","2025-01-13","2025-01-13","","","0","0","0",""
"5080","Financial education","Making financial education instruction a graduation requirement.","","5080","SB 5080","COMMITTEE","ELK12","true","S","First reading, referred to Early Learning & K-12 Education.","1","Valdez","2025-01-13","2025-01-13","SFN","D","0","0","0","28a.230|28a.300.468"
"5081","Unattended motor vehicles","Revising the provisions around unattended motor vehicles.","","5081","SB 5081","FLOOR","","","S","","0","Fortunato","2025-01-13","","","","0","0","0",""
"5081","Unattended motor vehicles","Revising the provisions around unattended motor vehicles.","","5081","ESB 5081","RULES","","","S","By resolution, returned to Senate Rules Committee for third reading.","1","Fortunato","2025-01-13","2025-04-27","","","0","0","0",""
"5082","Extended foster care/housing","Creating a housing assistance program for youth enrolled in extended foster care.","","5082","SSB 5082","COMMITTEE","WM","false","S","Referred to Ways & Means.","1","Wilson, C.","2025-02-05","2025-02-06","SFN","","0","0","0","13.34|74.13"
"5083","Health carrier reimbursement","Ensuring access to primary care, behavioral health, and affordable hospital services.","E2SSB 5083","5083","SSB 5083","SUBSTITUTED","","","S","2nd substitute bill substituted.","0","Robinson","2025-02-11","2025-03-11","SFN","O","0","0","0",""
"5083","Health carrier reimbursement","Ensuring access to primary care, behavioral health, and affordable hospital services.","E2SSB 5083","5083","2SSB 5083","OTHER","","","S","","0","Robinson","2025-02-27","","SFN","O","0","0","0",""
"5083","Health carrier reimbursement","Ensuring access to primary care, behavioral health, and affordable hospital services.","E2SSB 5083","5083","E2SSB 5083","ENACTED","","","","Effective date 7/27/2025.","1","Robinson","2025-02-27","2025-05-20","SFN","O","0","0","0",""
"5085","Closed retirement plans","Concerning three of Washington state's closed retirement plans.","","5085","SB 5085","SUBSTITUTED","","","S","1st substitute bill substituted.","0","Robinson","2025-01-13","2025-03-03","SFN,Loc","","0","0","0","41|41.04.440|41.04.445|41.04.450|41.04.803|41.05.320|41.24.400|41.26|41.32|41.32.4992|41.35|41.37|41.4|41.40.1987|41.45.010|41.45.020|41.45.035|41.45.050|41.45.060|41.45.070|41.45.150|41.45.200|41.45.203|41.45.207|41.5|41.50.030|41.50.075|41.50.080|41.50.110|41.50.235|41.50.255|41.50.500|41.54.010|41.54.040|43.84.092|6.15.020"
"5085","Closed retirement plans","Concerning three of Washington state's closed retirement plans.","","5085","SSB 5085","RULES","","","S","By resolution, returned to Senate Rules Committee for third reading.","1","Robinson","2025-02-13","2025-04-27","","","0","0","0","41|41.04.440|41.04.445|41.04.450|41.04.803|41.05.320|41.24.400|41.26|41.32|41.32.4992|41.35|41.37|41.4|41.40.1987|41.45.010|41.45.020|41.45.035|41.45.050|41.45.060|41.45.070|41.45.150|41.45.200|41.45.203|41.45.207|41.5|41.50.030|41.50.075|41.50.080|41.50.110|41.50.235|41.50.255|41.50.500|41.54.010|41.54.040|43.84.092|6.15.020"
"5087","CTC legal education programs","Establishing legal education programs at community and technical colleges.","","5087","SB 5087","COMMITTEE","HEWD","true","S","First reading, referred to Higher Education & Workforce Development.","1","Torres","2025-01-13","2025-01-13","SFN","","0","0","0",""
"5088","Public utility tax, counties","Authorizing counties to impose a public utility tax.","","5088","SB 5088","COMMITTEE","LG","true","S","First reading, referred to Local Government.","1","Chapman","2025-01-13","2025-01-13","SFN,Loc","","0","0","0",""
"5089","Rural county coroners","Concerning funding rural county coroners and medical examiners.","","5089","SB 5089","COMMITTEE","LG","true","S","First reading, referred to Local Government.","1","Chapman","2025-01-13","2025-01-13","SFN,Loc","","0","0","0",""
"5091","Motor vehicle emissions","Concerning motor vehicle emission standards for Washington.","","5091","SB 5091","COMMITTEE","EET","true","S","First reading, referred to Environment, Energy & Technology.","1","Boehnke","2025-01-13","2025-01-13","SFN","","0","0","0","46.16a.060|46.37.470|70a.30|70a.30.010"
"5092","Farm machinery sales tax","Providing a sales and use tax exemption for qualifying farm machinery and equipment.","","5092","SB 5092","COMMITTEE","AGNR","true","S","First reading, referred to Agriculture & Natural Resources.","1","Boehnke","2025-01-13","2025-01-13","SFN,Loc","","0","0","0","82.08|82.12"
"5093","Pregnancy loss","Concerning dignity in pregnancy loss.","SSB 5093","5093","SSB 5093","ENACTED","","","","Effective date 7/27/2025*.","1","Dhingra","2025-01-23","2025-05-20","SFN,Loc","","0","0","0","43.7|68.50.010|9.02.050"
"5094","Sexually explicit depictions","Concerning sexually explicit depictions of minors.","","5094","SB 5094","COMMITTEE","L&J","true","S","First reading, referred to Law & Justice.","1","Dhingra","2025-01-13","2025-01-13","SFN,Loc","","0","0","0","9.68a.011|9.68a.040|9a.04.080"
"5095","School construction debt","Concerning school districts' authority to contract indebtedness for school construction.","","5095","SSB 5095","RULES","","","S","Senate Rules ""X"" file.","1","Dhingra","2025-02-04","2025-03-17","","","0","0","0",""
"5095","School construction debt","Concerning school districts' authority to contract indebtedness for school construction.","","5095","2SSB 5095","RULES","","","S","Senate Rules ""X"" file.","1","Dhingra","2025-02-28","2025-03-17","","","0","0","0","28a.525.162|28a.530.080"
"5097","Girls' athletic activities","Safeguarding competitiveness in girls' interscholastic athletic activities.","","5097","SB 5097","COMMITTEE","ELK12","true","S","First reading, referred to Early Learning & K-12 Education.","1","Warnick","2025-01-13","2025-01-13","","","0","0","0","28a.600|28a.600.200|49.6"
"5098","Weapons in certain areas","Restricting the possession of weapons on the premises of state or local public buildings, parks or playground facilities where children are likely to be present, and county fairs and county fair facilities.","","5098","SB 5098","SUBSTITUTED","","","S","2nd substitute bill substituted.","0","Valdez","2025-01-13","2025-03-05","SFN,Loc","","0","0","0",""
"5098","Weapons in certain areas","Restricting the possession of weapons on the premises of state or local public buildings, parks or playground facilities where children are likely to be present, and county fairs and county fair facilities.","","5098","SSB 5098","SUBSTITUTED","","","S","2nd substitute bill substituted.","0","Valdez","2025-01-16","2025-03-05","SFN,Loc","","0","0","0",""
"5098","Weapons in certain areas","Restricting the possession of weapons on the premises of state or local public buildings, parks or playground facilities where children are likely to be present, and county fairs and county fair facilities.","","5098","2SSB 5098","OTHER","","","S","","0","Valdez","2025-02-27","","SFN,Loc","","0","0","0",""
"5098","Weapons in certain areas","Restricting the possession of weapons on the premises of state or local public buildings, parks or playground facilities where children are likely to be present, and county fairs and county fair facilities.","","5098","E2SSB 5098","RULES","","","S","By resolution, returned to Senate Rules Committee for third reading.","1","Valdez","2025-02-27","2025-04-27","SFN,Loc","","0","0","0",""
"5099","Firearms dealers","Protecting the public from gun violence by establishing additional requirements for the business operations of licensed firearms dealers.","","5099","SB 5099","COMMITTEE","WM","false","S","Referred to Ways & Means.","1","Lovick","2025-01-13","2025-01-24","SFN","","0","0","0","9.41|9.41.010|9.41.100|9.41.110"
"5099","Firearms dealers","Protecting the public from gun violence by establishing additional requirements for the business operations of licensed firearms dealers.","","5099","SSB 5099","COMMITTEE","WM","false","S","Referred to Ways & Means.","1","Lovick","2025-01-23","2025-01-24","SFN","","0","0","0","9.41|9.41.010|9.41.100|9.41.110"
"5101","Worker leave/hate crimes","Expanding access to leave and safety accommodations to include workers who are victims of hate crimes or bias incidents.","SSB 5101","5101","SB 5101","SUBSTITUTED","","","S","1st substitute bill substituted.","0","Valdez","2025-01-13","2025-02-28","SFN","","0","0","0","49.76.010|49.76.020|49.76.030|49.76.040|49.76.060|49.76.115|7.69.030"
"5101","Worker leave/hate crimes","Expanding access to leave and safety accommodations to include workers who are victims of hate crimes or bias incidents.","SSB 5101","5101","SSB 5101","ENACTED","","","","Effective date 1/1/2026.","1","Valdez","2025-01-31","2025-05-20","SFN","","0","0","0","49.76.010|49.76.020|49.76.030|49.76.040|49.76.060|49.76.115|7.69.030"
"5102","Public risk pool records","Establishing a public records exemption for the proprietary information of public risk pools.","SB 5102","5102","SB 5102","ENACTED","","","","Effective date 7/27/2025.","1","Hasegawa","2025-01-13","2025-04-29","","","0","0","0",""
"5103","Sentence review/deportation","Expediting review of sentences when there exists a pending deportation proceeding.","","5103","SB 5103","RULES","","","S","By resolution, returned to Senate Rules Committee for third reading.","1","Hasegawa","2025-01-13","2025-04-27","SFN","","0","0","0",""
"5104","Immigration status coercion","Protecting employees from coercion in the workplace based on immigration status.","SSB 5104","5104","SB 5104","SUBSTITUTED","","","S","1st substitute bill substituted.","0","Hasegawa","2025-01-13","2025-02-12","SFN","","0","0","0","49.46|49.46.010"
"5104","Immigration status coercion","Protecting employees from coercion in the workplace based on immigration status.","SSB 5104","5104","SSB 5104","ENACTED","","","","Effective date 7/1/2025.","1","Hasegawa","2025-01-31","2025-05-12","SFN","","0","0","0","49.46|49.46.010"
"5105","Sexually explicit depictions","Concerning sexually explicit depictions of minors.","","5105","SSB 5105","OTHER","","","S","","0","Orwall","2025-01-23","","SFN,Loc","","0","0","0","9.68a|9.68a.011|9.68a.040|9.68a.050|9.68a.053|9.68a.060|9.68a.070|9.68a.075|9.68a.110|9a.04.080"
"5105","Sexually explicit depictions","Concerning sexually explicit depictions of minors.","","5105","ESSB 5105","RULES","","","S","By resolution, returned to Senate Rules Committee for third reading.","1","Orwall","2025-01-23","2025-04-27","SFN,Loc","","0","0","0","9.68a|9.68a.011|9.68a.040|9.68a.050|9.68a.053|9.68a.060|9.68a.070|9.68a.075|9.68a.110|9a.04.080"
"5106","Eid al-Fitr & Eid al-Adha","Celebrating Eid al-Fitr and Eid al-Adha.","SSB 5106","5106","SSB 5106","ENACTED","","","","Effective date 7/27/2025.","1","Trudeau","2025-02-07","2025-04-08","","","0","0","0",""
"5107","Local gov. vehicle insurance","Concerning underinsured motorist coverage for local government employees.","","5107","SB 5107","COMMITTEE","LG","true","S","First reading, referred to Local Government.","1","Boehnke","2025-01-13","2025-01-13","SFN,Loc","","0","0","0","4.92|48.62.031"
"5110","Tribal elder tuition waivers","Providing tuition waivers for tribal elders at Washington’s community and technical colleges.","SB 5110","5110","SB 5110","ENACTED","","","","Effective date 7/27/2025.","1","Kauffman","2025-01-13","2025-04-29","SFN","O","0","0","0",""
"5112","Prescribing psychologists","Establishing a prescribing psychologist certification in Washington state.","","5112","SSB 5112","RULES","","","S","Senate Rules ""X"" file.","1","Bateman","2025-02-21","2025-03-17","SFN","","0","0","0","18.64.011|18.79.260|18.83|18.83.010|18.83.035|18.83.050|18.83.080|18.83.090|69.41.010|69.41.030|69.50.101"
"5115","Service grant program","Creating the Washington dream act service incentive program.","","5115","SB 5115","COMMITTEE","HEWD","true","S","First reading, referred to Higher Education & Workforce Development.","1","Valdez","2025-01-13","2025-01-13","SFN","","0","0","0",""
"5116","Marriage/medical emergency","Concerning the immediate use of marriage licenses for medical necessity.","","5116","SB 5116","COMMITTEE","L&J","true","S","First reading, referred to Law & Justice.","1","Christian","2025-01-13","2025-01-13","SFN,Loc","","0","0","0",""
"5117","Agriculture impacts","Protecting agriculture.","","5117","SB 5117","COMMITTEE","WM","false","S","Referred to Ways & Means.","1","Muzzall","2025-01-13","2025-02-21","SFN","","0","0","0",""
"5117","Agriculture impacts","Protecting agriculture.","","5117","SSB 5117","COMMITTEE","WM","false","S","Referred to Ways & Means.","1","Muzzall","2025-02-20","2025-02-21","SFN","","0","0","0",""
"5118","International medical grads","Updating the requirements for the clinical experience license for international medical graduates.","SSB 5118","5118","SB 5118","SUBSTITUTED","","","S","1st substitute bill substituted.","0","Valdez","2025-01-13","2025-02-26","SFN","","0","0","0",""
"5118","International medical grads","Updating the requirements for the clinical experience license for international medical graduates.","SSB 5118","5118","SSB 5118","ENACTED","","","","Effective date 7/27/2025.","1","Valdez","2025-02-14","2025-04-04","SFN","","0","0","0",""
"5120","Learning assistance program","Expanding the learning assistance program.","","5120","SB 5120","COMMITTEE","ELK12","true","S","First reading, referred to Early Learning & K-12 Education.","1","Nobles","2025-01-13","2025-01-13","SFN","O","0","0","0",""
"5121","Fertility-related services","Concerning health plan coverage of fertility-related services.","","5121","SSB 5121","COMMITTEE","WM","false","S","Referred to Ways & Means.","1","Frame","2025-02-21","2025-02-21","","","0","0","0","41.05|48.43|74.09"
"5122","Uniform antitrust premerger","Enacting the uniform antitrust premerger notification act.","SB 5122","5122","SB 5122","ENACTED","","","","Effective date 7/27/2025.","1","Trudeau","2025-01-13","2025-04-04","SFN","O","0","0","0","19|19.390.060"
"5123","Discrimination in schools","Expanding protections for certain students to promote inclusivity in public schools.","","5123","SSB 5123","RULES","","","S","By resolution, returned to Senate Rules Committee for third reading.","1","Nobles","2025-02-05","2025-04-27","SFN","","0","0","0","28a.642|28a.642.010"
"5124","SNF & rehab network adequacy","Establishing network adequacy standards for skilled nursing facilities and rehabilitation hospitals.","","5124","SB 5124","SUBSTITUTED","","","S","1st substitute bill substituted.","0","Muzzall","2025-01-13","2025-03-03","SFN","","0","0","0","74.09|74.09.522"
"5124","SNF & rehab network adequacy","Establishing network adequacy standards for skilled nursing facilities and rehabilitation hospitals.","","5124","SSB 5124","RULES","","","S","By resolution, returned to Senate Rules Committee for third reading.","1","Muzzall","2025-02-06","2025-04-27","SFN","","0","0","0","74.09|74.09.522"
"5125","Residential services rate","Calculating the provider rate for certain community residential services.","","5125","SB 5125","COMMITTEE","WM","true","S","First reading, referred to Ways & Means.","1","Lovick","2025-01-13","2025-01-13","SFN","","0","0","0",""
"5127","Collector vehicle licenses","Creating additional requirements for collector vehicle and horseless carriage license plates to improve compliance and public safety.","SSB 5127","5127","SSB 5127","ENACTED","","","","Effective date 1/15/2026.","1","Lovick","2025-02-06","2025-05-17","","D","0","0","0","46.04.199|46.16a.070|46.18.220|46.18.255|46.30.020"
"5128","Juvenile detention, medical","Concerning the provision of medical assistance to individuals in juvenile detention facilities.","ESSB 5128","5128","SB 5128","SUBSTITUTED","","","S","1st substitute bill substituted.","0","Wilson, C.","2025-01-13","2025-02-25","SFN,Loc","","0","0","0","74.09.555|74.09.670|9.94.049"
"5128","Juvenile detention, medical","Concerning medical services for individuals in juvenile detention facilities.","ESSB 5128","5128","SSB 5128","OTHER","","","S","","0","Wilson, C.","2025-01-29","","SFN,Loc","","0","0","0","71.24.715|74.09.555|74.09.670"
"5128","Juvenile detention, medical","Concerning medical services for individuals in juvenile detention facilities.","ESSB 5128","5128","ESSB 5128","ENACTED","","","","Effective date 7/27/2025.","1","Wilson, C.","2025-01-29","2025-04-04","SFN,Loc","","0","0","0","71.24.715|74.09.555|74.09.670"
"5129","Common interest communities","Concerning common interest communities.","ESSB 5129","5129","SB 5129","SUBSTITUTED","","","S","1st substitute bill substituted.","0","Pedersen","2025-01-13","2025-02-12","","","0","0","0","61.24.030|64.32.250|64.32.260|64.32.290|64.32.350|64.34.076|64.34.332|64.34.393|64.34.395|64.38|64.38.035|64.38.062|64.38.095|64.38.180|64.90.010|64.90.015|64.90.210|64.90.300|64.90.360|64.90.365|64.90.405|64.90.410|64.90.435|64.90.445|64.90.455|64.90.475|64.90.480|64.90.485|64.90.509|64.90.513|64.90.525|64.90.530|64.90.535|64.90.580|64.90.600|64.90.610|64.90.635|64.90.640|64.90.665"
"5129","Common interest communities","Concerning common interest communities.","ESSB 5129","5129","SSB 5129","OTHER","","","S","","0","Pedersen","2025-01-22","","","","0","0","0","61.24.030|64.32.250|64.32.260|64.32.290|64.32.350|64.34.076|64.34.332|64.34.393|64.34.395|64.38|64.38.035|64.38.062|64.38.095|64.38.180|64.90.010|64.90.015|64.90.210|64.90.300|64.90.360|64.90.365|64.90.405|64.90.410|64.90.420|64.90.435|64.90.445|64.90.455|64.90.475|64.90.480|64.90.485|64.90.509|64.90.513|64.90.525|64.90.530|64.90.535|64.90.580|64.90.600|64.90.610|64.90.635|64.90.640|64.90.665"
"5129","Common interest communities","Concerning common interest communities.","ESSB 5129","5129","ESSB 5129","ENACTED","","","","Effective date 7/27/2025*.","1","Pedersen","2025-01-22","2025-04-22","","","0","0","0","61.24.030|64.32.250|64.32.260|64.32.290|64.32.350|64.34.076|64.34.332|64.34.393|64.34.395|64.38|64.38.035|64.38.062|64.38.095|64.38.180|64.90.010|64.90.015|64.90.210|64.90.300|64.90.360|64.90.365|64.90.405|64.90.410|64.90.420|64.90.435|64.90.445|64.90.455|64.90.475|64.90.480|64.90.485|64.90.509|64.90.513|64.90.525|64.90.530|64.90.535|64.90.580|64.90.600|64.90.610|64.90.635|64.90.640|64.90.665"
"5130","Child care licensing fees","Eliminating child care licensing fees.","","5130","SB 5130","COMMITTEE","WM","false","S","Referred to Ways & Means.","1","Wilson, C.","2025-01-13","2025-01-30","SFN","","0","0","0","43.216.300|43.216.305"
"5131","Religious foods/correctional","Accommodating religious foods in state correctional facilities.","","5131","SB 5131","RULES","","","S","Senate Rules ""X"" file.","1","Wilson, C.","2025-01-13","2025-03-17","SFN","","0","0","0",""
"5131","Religious foods/correctional","Accommodating religious celebrations in state correctional facilities.","","5131","SSB 5131","RULES","","","S","Senate Rules ""X"" file.","1","Wilson, C.","2025-01-22","2025-03-17","SFN","","0","0","0",""
"5133","Sentencing guide/caregivers","Concerning departures from the guidelines for caregiver status.","","5133","SB 5133","RULES","","","S","Senate Rules ""X"" file.","1","Wilson, C.","2025-01-13","2025-03-17","","O","0","0","0",""
"5133","Sentencing guide/caregivers","Concerning departures from the guidelines for caregiver status.","","5133","SSB 5133","RULES","","","S","Senate Rules ""X"" file.","1","Wilson, C.","2025-01-23","2025-03-17","","O","0","0","0",""
"5134","Chinese Americans/schools","Requiring public schools to commemorate the contributions of Chinese Americans and Americans of Chinese descent.","","5134","SB 5134","COMMITTEE","ELK12","true","S","First reading, referred to Early Learning & K-12 Education.","1","McCune","2025-01-13","2025-01-13","SFN","","0","0","0","28a.230|43.117.130"
"5135","Curriculum establishment","Concerning school districts' authority to establish their curriculum.","","5135","SB 5135","COMMITTEE","ELK12","true","S","First reading, referred to Early Learning & K-12 Education.","1","McCune","2025-01-13","2025-01-13","","","0","0","0","28a.150.230|28a.300.475"
"5136","Student given names","Protecting the rights of parents and guardians by using students' given names in public schools.","","5136","SB 5136","COMMITTEE","ELK12","true","S","First reading, referred to Early Learning & K-12 Education.","1","McCune","2025-01-13","2025-01-13","","","0","0","0",""
"5137","Sex ed./parent approval","Requiring parental or legal guardian approval before a child participates in comprehensive sexual health education.","","5137","SB 5137","COMMITTEE","ELK12","true","S","First reading, referred to Early Learning & K-12 Education.","1","McCune","2025-01-13","2025-01-13","","","0","0","0",""
"5138","Public facilities districts","Concerning public facilities districts.","SB 5138","5138","SB 5138","ENACTED","","","","Effective date 7/27/2025.","1","Saldaña","2025-01-13","2025-05-20","SFN,Loc","","0","0","0",""
"5139","Reentry council members","Concerning reentry council.","SSB 5139","5139","SB 5139","SUBSTITUTED","","","S","1st substitute bill substituted.","0","Wilson, C.","2025-01-13","2025-03-03","SFN","D","0","0","0","43.380.030|43.380.060|43.380.070"
"5139","Reentry council members","Concerning reentry council.","SSB 5139","5139","SSB 5139","ENACTED","","","","Effective date 7/27/2025.","1","Wilson, C.","2025-01-29","2025-05-02","SFN","D","0","0","0","43.380.030|43.380.060|43.380.070"
"5142","Eminent domain purchase back","Providing owners of real estate taken through eminent domain by school districts, or sold under threat of eminent domain, the opportunity to purchase the real estate back when it is not put to intended public use.","ESSB 5142","5142","SB 5142","SUBSTITUTED","","","S","1st substitute bill substituted.","0","Hasegawa","2025-01-13","2025-02-25","SFN","","0","0","0",""
"5142","Eminent domain purchase back","Providing owners of real estate taken through eminent domain by school districts, or sold under threat of eminent domain, the opportunity to purchase the real estate back when it is not put to intended public use.","ESSB 5142","5142","SSB 5142","OTHER","","","S","","0","Hasegawa","2025-01-30","","SFN","","0","0","0",""
"5142","Eminent domain purchase back","Providing owners of real estate taken through eminent domain by school districts, or sold under threat of eminent domain, the opportunity to purchase the real estate back when it is not put to intended public use.","ESSB 5142","5142","ESSB 5142","ENACTED","","","","Effective date 7/27/2025.","1","Hasegawa","2025-01-30","2025-05-12","SFN","","0","0","0",""
"5143","Ethics in public service","Concerning the ethics in public service act.","ESSB 5143","5143","SB 5143","SUBSTITUTED","","","S","1st substitute bill substituted.","0","Gildon","2025-01-13","2025-03-10","","D","0","0","0","29b.10.270|29b.50.050|29b.50.060|29b.55.030|42.17a.005|42.17a.615|42.17a.620|42.17a.710|42.52|42.52.010|42.52.010|42.52.030|42.52.070|42.52.080|42.52.090|42.52.110|42.52.120|42.52.140|42.52.150|42.52.160|42.52.180|42.52.220|42.52.320|42.52.340|42.52.480|42.52.490|42.52.801|42.52.805|42.52.810"
"5143","Ethics in public service","Concerning the ethics in public service act.","ESSB 5143","5143","SSB 5143","OTHER","","","S","","0","Gildon","2025-02-07","","","D","0","0","0","29b.10.270|29b.50.050|29b.50.060|29b.55.030|42.17a.005|42.17a.615|42.17a.620|42.17a.710|42.52|42.52.010|42.52.010|42.52.030|42.52.070|42.52.080|42.52.090|42.52.110|42.52.120|42.52.140|42.52.150|42.52.160|42.52.180|42.52.220|42.52.320|42.52.340|42.52.480|42.52.490|42.52.801|42.52.805|42.52.810"
"5143","Ethics in public service","Concerning the ethics in public service act.","ESSB 5143","5143","ESSB 5143","ENACTED","","","","Effective date 7/27/2025*.","1","Gildon","2025-02-07","2025-05-20","","D","0","0","0","29b.10.270|29b.50.050|29b.50.060|29b.55.030|42.17a.005|42.17a.615|42.17a.620|42.17a.710|42.52|42.52.010|42.52.010|42.52.030|42.52.070|42.52.080|42.52.090|42.52.110|42.52.120|42.52.140|42.52.150|42.52.160|42.52.180|42.52.220|42.52.320|42.52.340|42.52.480|42.52.490|42.52.801|42.52.805|42.52.810"
"5144","St. agency tortious conduct","Providing oversight of state agency tortious conduct through legislative hearings.","","5144","SB 5144","COMMITTEE","L&J","true","S","First reading, referred to Law & Justice.","1","Gildon","2025-01-13","2025-01-13","","","0","0","0",""
"5145","State spending prgs. review","Implementing the periodic review of state spending programs.","","5145","SB 5145","COMMITTEE","WM","true","S","First reading, referred to Ways & Means.","1","Gildon","2025-01-13","2025-01-13","SFN","","0","0","0",""
"5146","Government efficiency portal","Creating a portal to identify opportunities for increased government efficiency.","","5146","SB 5146","COMMITTEE","STATE GOVERNMENT, TRIBAL AFFAIRS & ELECTIONS","true","S","First reading, referred to State Government, Tribal Affairs & Elections.","1","Gildon","2025-01-13","2025-01-13","","","0","0","0",""
"5147","Criminal insanity","Reviewing laws related to criminal insanity and competency to stand trial.","","5147","SB 5147","COMMITTEE","WM","false","S","Referred to Ways & Means.","1","Torres","2025-01-13","2025-01-24","SFN,Loc","","0","0","0","10.77.2101|10.77.290|10.77.310|10.77.940|10.77.950"
"5147","Criminal insanity","Reviewing laws related to criminal insanity and competency to stand trial.","","5147","SSB 5147","COMMITTEE","WM","false","S","Referred to Ways & Means.","1","Torres","2025-01-23","2025-01-24","SFN,Loc","","0","0","0","10.77.2101|10.77.290|10.77.310|10.77.940|10.77.950"
"5148","GMA housing element","Ensuring compliance with the housing element requirements of the growth management act.","E2SSB 5148","5148","SSB 5148","SUBSTITUTED","","","S","2nd substitute bill substituted.","0","Bateman","2025-02-07","2025-03-11","SFN,Loc","","0","0","0","36.70a|36.70a.130|36.70a.280|36.70a.290|43.21c.495"
"5148","GMA housing element","Ensuring compliance with the housing element requirements of the growth management act.","E2SSB 5148","5148","2SSB 5148","OTHER","","","S","","0","Bateman","2025-02-28","","SFN,Loc","","0","0","0","36.70a|36.70a.130|36.70a.280|36.70a.290|36.70a.320|43.21c.495"
"5148","GMA housing element","Ensuring compliance with the housing element requirements of the growth management act.","E2SSB 5148","5148","E2SSB 5148","ENACTED","","","","Effective date 7/27/2025.","1","Bateman","2025-02-28","2025-05-13","SFN,Loc","","0","0","0","36.70a|36.70a.130|36.70a.280|36.70a.290|36.70a.320|43.21c.495"
"5149","Early childhood court prg.","Expanding the early childhood court program.","SSB 5149","5149","SSB 5149","ENACTED","","","","Effective date 7/27/2025.","1","Cortes","2025-02-05","2025-04-22","SFN","","0","0","0",""
"5150","Juvenile access to attorney","Concerning juvenile access to an attorney.","","5150","SB 5150","COMMITTEE","HS","true","S","First reading, referred to Human Services.","1","Gildon","2025-01-13","2025-01-13","","","0","0","0",""
"5151","Annual state spending growth","Limiting annual state spending growth to median worker wage growth, with excess revenues dedicated to property tax relief.","","5151","SB 5151","COMMITTEE","WM","true","S","First reading, referred to Ways & Means.","1","Gildon","2025-01-13","2025-01-13","SFN,Loc","","0","0","0","43.135|82.33|84.55.010"
"5153","DCYF to DOC transfer, age 18","Transferring certain individuals from the department of children, youth, and families to the department of corrections at age 18.","","5153","SB 5153","COMMITTEE","HS","true","S","First reading, referred to Human Services.","1","Gildon","2025-01-13","2025-01-13","SFN","","0","0","0","13.4|13.40.280|72.01.410"
"5154","County auditor duties","Clarifying the duties of county auditors.","","5154","SB 5154","COMMITTEE","LG","true","S","First reading, referred to Local Government.","1","Goehner","2025-01-13","2025-01-13","","","0","0","0","36.22.010|36.22.020|36.22.040|36.22.120|36.32|36.32.110|36.32.440|5.44.070"
"5155","Salmon recovery projects","Extending a program to streamline the environmental permitting process for salmon recovery projects.","","5155","SSB 5155","COMMITTEE","WM","false","S","Referred to Ways & Means.","1","Salomon","2025-01-30","2025-01-31","SFN,Loc","","0","0","0","43.21c.515|77.55.480"
"5156","Elevators/smaller apartments","Concerning elevator standards in smaller apartment buildings.","","5156","SB 5156","SUBSTITUTED","","","S","1st substitute bill substituted.","0","Salomon","2025-01-13","2025-02-19","SFN,Loc","","0","0","0",""
"5156","Elevators/smaller apartments","Concerning elevator standards in smaller apartment buildings.","","5156","SSB 5156","RULES","","","S","By resolution, returned to Senate Rules Committee for third reading.","1","Salomon","2025-01-24","2025-04-27","SFN,Loc","","0","0","0",""
"5157","Habitat restoration material","Concerning the direct sale of valuable materials for habitat restoration projects.","SSB 5157","5157","SB 5157","SUBSTITUTED","","","S","1st substitute bill substituted.","0","Salomon","2025-01-13","2025-02-26","SFN","","0","0","0",""
"5157","Habitat restoration material","Concerning the direct sale of valuable materials for habitat restoration projects.","SSB 5157","5157","SSB 5157","ENACTED","","","","Effective date 7/27/2025.","1","Salomon","2025-02-13","2025-04-22","SFN","","0","0","0",""
"5159","Trick-or-treat day","Establishing trick-or-treat day.","","5159","SB 5159","COMMITTEE","STATE GOVERNMENT, TRIBAL AFFAIRS & ELECTIONS","true","S","First reading, referred to State Government, Tribal Affairs & Elections.","1","Shewmake","2025-01-13","2025-01-13","","","0","0","0",""
"5160","Additive transp. funding","Concerning additive transportation funding and appropriations.","","5160","SSB 5160","RULES","","","S","Passed to Rules Committee for second reading.","1","Liias","2025-03-27","2025-03-28","","D","0","0","0","46.68.060|47.60.322"
"5161","Transportation budget","Addressing transportation fiscal matters.","ESSB 5161","5161","SSB 5161","OTHER","","","S","","0","Liias","2025-03-27","","","D","0","0","0","14.40.020|36.79.020|46.09.540|46.20.---|46.20.745|46.68.063|46.68.090|46.68.280|46.68.290|46.68.300|46.68.320|46.68.370|46.68.395|46.68.510|47.28.030|47.56.876|47.60.315|47.60.530|47.66.070|47.66.120|82.44.200|88.16.061"
"5161","Transportation budget","Addressing transportation fiscal matters.","ESSB 5161","5161","ESSB 5161","ENACTED","","","","Effective date 5/20/2025*.","1","Liias","2025-03-27","2025-05-20","","D","0","0","0","14.40.020|36.79.020|46.09.540|46.20.---|46.20.745|46.68.063|46.68.090|46.68.280|46.68.290|46.68.300|46.68.320|46.68.370|46.68.395|46.68.510|47.28.030|47.56.876|47.60.315|47.60.530|47.66.070|47.66.120|82.44.200|88.16.061"
"5163","Child fatalities","Modernizing the child fatality statute.","SSB 5163","5163","SSB 5163","ENACTED","","","","Effective date 7/27/2025.","1","Orwall","2025-01-29","2025-04-22","SFN,Loc","","0","0","0",""
"5164","Student navigational support","Providing student navigational supports to increase postsecondary enrollment.","","5164","SB 5164","COMMITTEE","WM","false","S","Referred to Ways & Means.","1","Nobles","2025-01-13","2025-01-31","SFN","","0","0","0","28a.415|28b.50.940|28b.77"
"5164","Student navigational support","Providing student navigational supports to increase postsecondary enrollment.","","5164","SSB 5164","COMMITTEE","WM","false","S","Referred to Ways & Means.","1","Nobles","2025-01-30","2025-01-31","SFN","","0","0","0","28a.415|28b.50.940|28b.77"
"5165","Deer and elk damage","Concerning compensation in frontier counties for deer and elk damage.","SSB 5165","5165","SB 5165","SUBSTITUTED","","","S","1st substitute bill substituted.","0","Short","2025-01-13","2025-02-19","SFN","","0","0","0",""
"5165","Deer and elk damage","Concerning compensation in frontier one counties for deer and elk damage.","SSB 5165","5165","SSB 5165","ENACTED","","","","Effective date 7/27/2025.","1","Short","2025-01-30","2025-04-30","","","0","0","0",""
"5167","Operating budget","Making 2025-2027 fiscal biennium operating appropriations.","ESSB 5167","5167","SB 5167","OTHER","","","S","","0","Robinson","2025-01-13","","","D","0","0","0","15.76.115|28b.92.205|41.05.120|41.50.075|41.50.110|43.101.200|43.101.220|43.155.050|43.19.025|43.320.110|43.330.250|43.330.365|43.99n.060|50.16.010|50.24.014|69.50.540|70.104.110|70a.200.140|70a.65.030|70a.65.100|70a.65.250|70a.65.260|70a.65.300|72.09.780|79.64.040|79.64.110"
"5167","Operating budget","Making 2025-2027 fiscal biennium operating appropriations and 2023-2025 fiscal biennium second supplemental operating appropriations.","ESSB 5167","5167","ESSB 5167","ENACTED","","","","Effective date 5/20/2025*.","1","Robinson","2025-03-27","2025-05-20","","D","0","0","0","15.76.115|18.04.105|18.20.430|18.43.150|18.51.060|18.85.061|19.28.351|28b.76.525|28b.93.060|28b.99.030|28c.04.535|28c.10.082|34.12.130|36.22.175|38.40.200|38.40.210|38.40.220|39.12.080|40.14.024|40.14.025|40.14.026|41.05.120|41.06.280|41.06.285|41.26.450|41.50.110|41.50.150|41.50.255|41.80.010|43.07.130|43.07.410|43.09.282|43.09.475|43.101.200|43.101.220|43.155.050|43.19.025|43.216.828|43.24.150|43.320.110|43.330.184|43.330.250|43.330.365|43.41.450|43.79.195|43.79.567|43.83b.430|44.90.070|46.09.510|46.09.520|46.66.080|50.16.010|50.24.014|51.44.170|51.44.190|53.20.090|67.16.285|67.70.044|70.128.160|70.79.350|70a.200.140|70a.305.180|70a.305.190|70a.65.030|70a.65.250|70a.65.260|70a.65.300|71.24.580|71.24.890|72.09.780|74.31.060|74.46.581|76.04.511|77.105.150|77.12.170|77.44.050|79.64.040|79.64.110|80.01.080|81.88.050|82.86.050|86.26.007|9.46.100"
"5168","State actuary appointment","Concerning the appointment, removal, and salary of the state actuary.","SSB 5168","5168","SB 5168","SUBSTITUTED","","","S","1st substitute bill substituted.","0","Robinson","2025-01-13","2025-02-19","","","0","0","0","41.04.281|41.45|44.44.013|44.44.030"
"5168","State actuary appointment","Concerning the appointment, removal, and salary of the state actuary.","SSB 5168","5168","SSB 5168","ENACTED","","","","Effective date 7/27/2025.","1","Robinson","2025-02-06","2025-05-17","","","0","0","0","41.04.281|41.45|44.44.013|44.44.030"
"5169","Testimony of children","Concerning testimony of children.","","5169","SB 5169","SUBSTITUTED","","","S","1st substitute bill substituted.","0","Nobles","2025-01-13","2025-03-11","","","0","0","0","9a.44.120|9a.44.150"
"5169","Testimony of children","Concerning testimony of children.","","5169","SSB 5169","RULES","","","S","By resolution, returned to Senate Rules Committee for third reading.","1","Nobles","2025-01-30","2025-04-27","","","0","0","0","9a.44.120|9a.44.150"
"5170","DNR boundary line adjust.","Concerning boundary line adjustments on public lands owned or managed by the department of natural resources.","","5170","SB 5170","SUBSTITUTED","","","S","1st substitute bill substituted.","0","Short","2025-01-13","2025-02-12","SFN,Loc","","0","0","0","43.3|58.04.007"
"5170","DNR boundary line adjust.","Concerning boundary line surveys on public lands owned or managed by the department of natural resources.","","5170","SSB 5170","RULES","","","S","By resolution, returned to Senate Rules Committee for third reading.","1","Short","2025-01-30","2025-04-27","","","0","0","0","43.3|58.04.007"
"5171","Wolf predation","Concerning livestock damage due to wolf predation.","","5171","SB 5171","COMMITTEE","WM","false","S","Referred to Ways & Means.","1","Short","2025-01-13","2025-02-17","SFN","","0","0","0",""
"5171","Wolf predation","Concerning livestock damage due to wolf predation.","","5171","SSB 5171","COMMITTEE","WM","false","S","Referred to Ways & Means.","1","Short","2025-02-13","2025-02-17","SFN","","0","0","0",""
"5173","County comprehensive plans","Concerning county comprehensive plans and development regulations.","","5173","SB 5173","COMMITTEE","LG","true","S","First reading, referred to Local Government.","1","Short","2025-01-13","2025-01-13","","","0","0","0",""
"5174","Wood burning devices","Concerning wood burning devices.","","5174","SB 5174","COMMITTEE","WM","false","S","Referred to Ways & Means.","1","Shewmake","2025-01-13","2025-02-18","SFN","D","0","0","0","70a.15.3510|70a.15.3520|70a.15.3530|70a.15.3540|70a.15.3550|70a.15.3580|70a.15.3600"
"5174","Wood burning devices","Concerning wood burning devices.","","5174","SSB 5174","COMMITTEE","WM","false","S","Referred to Ways & Means.","1","Shewmake","2025-02-14","2025-02-18","SFN","D","0","0","0","70a.15|70a.15.3510|70a.15.3520|70a.15.3530|70a.15.3540|70a.15.3550|70a.15.3580|70a.15.3600"
"5175","Photovoltaic modules","Concerning the photovoltaic module stewardship and takeback program.","E2SSB 5175","5175","SSB 5175","SUBSTITUTED","","","S","2nd substitute bill substituted.","0","Shewmake","2025-02-07","2025-03-05","SFN","D","0","0","0","70a.510|70a.510.010"
"5175","Photovoltaic modules","Concerning the photovoltaic module stewardship and takeback program.","E2SSB 5175","5175","2SSB 5175","OTHER","","","S","","0","Shewmake","2025-02-28","","SFN","D","0","0","0","70a.510|70a.510.010"
"5175","Photovoltaic modules","Concerning the photovoltaic module stewardship and takeback program.","E2SSB 5175","5175","E2SSB 5175","ENACTED","","","","Effective date 6/30/2025.","1","Shewmake","2025-02-28","2025-04-22","SFN","D","0","0","0","70a.510|70a.510.010"
"5176","Prompt pay/capital projects","Implementing prompt pay recommendations from the capital projects advisory review board.","","5176","SB 5176","COMMITTEE","WM","false","S","Referred to Ways & Means.","1","Valdez","2025-01-13","2025-01-28","SFN,Loc","","0","0","0","39.04.250|39.04.360|39.76.011"
"5176","Prompt pay/capital projects","Implementing prompt pay recommendations from the capital projects advisory review board.","","5176","SSB 5176","COMMITTEE","WM","false","S","Referred to Ways & Means.","1","Valdez","2025-01-24","2025-01-28","SFN,Loc","","0","0","0","39.04.250|39.04.360|39.76.011"
"5177","Professional dev. resources","Considering the experiences of historically marginalized and underrepresented groups when identifying professional development resources on certain topics.","","5177","SB 5177","RULES","","","S","By resolution, returned to Senate Rules Committee for third reading.","1","Nobles","2025-01-13","2025-04-27","SFN","","0","0","0",""
"5179","Education complaint process","Establishing a complaint process to address noncompliance with certain state education laws.","","5179","SB 5179","SUBSTITUTED","","","S","2nd substitute bill substituted.","0","Wilson, C.","2025-01-13","2025-03-10","SFN","","0","0","0","28a.300.286|28a.343.360|28a.410|28a.710|28a.710.185|28a.715|43.06b.070"
"5179","Education complaint process","Establishing a complaint process to address noncompliance with certain state education laws.","","5179","SSB 5179","SUBSTITUTED","","","S","2nd substitute bill substituted.","0","Wilson, C.","2025-02-06","2025-03-10","SFN","","0","0","0","28a.300.286|28a.343.360|28a.410|28a.710|28a.710.185|28a.715|43.06b.070"
"5179","Education complaint process","Establishing a complaint process to address willful noncompliance with certain state education laws.","","5179","2SSB 5179","RULES","","","S","By resolution, returned to Senate Rules Committee for third reading.","1","Wilson, C.","2025-02-28","2025-04-27","SFN","","0","0","0","28a.300.286|28a.343.360|28a.410|28a.710|28a.710.185|28a.715|43.06b.070"
"5180","Schools/gender inclusive","Securing the rights of students to have a safe, civil, and respectful learning community.","","5180","SB 5180","COMMITTEE","ELK12","true","S","First reading, referred to Early Learning & K-12 Education.","1","Wilson, C.","2025-01-13","2025-01-13","SFN","","0","0","0","28a.300.535|28a.400|28a.600.477|28a.642.080|28a.642.090|28a.715.020"
"5181","Parents rights in education","Amending the parents rights initiative to bring it into alignment with existing law.","","5181","SB 5181","SUBSTITUTED","","","S","1st substitute bill substituted.","0","Wilson, C.","2025-01-13","2025-02-05","SFN","","0","0","0",""
"5181","Parents rights in education","Amending the parents rights initiative to bring it into alignment with existing law.","","5181","SSB 5181","OTHER","","","S","","0","Wilson, C.","2025-01-23","","SFN","","0","0","0",""
"5181","Parents rights in education","Amending the parents rights initiative to bring it into alignment with existing law.","","5181","ESSB 5181","RULES","","","S","Returned to Senate Rules 3.","1","Wilson, C.","2025-01-23","2025-04-27","SFN","","0","0","0",""
"5182","Incarcerated parents","Concerning programs and services for incarcerated parents at the department of corrections.","SSB 5182","5182","SB 5182","SUBSTITUTED","","","S","1st substitute bill substituted.","0","Nobles","2025-01-13","2025-03-12","SFN","","0","0","0","72.09.588|9.94a.6551"
"5182","Incarcerated parents","Concerning programs and services for incarcerated parents at the department of corrections.","SSB 5182","5182","SSB 5182","ENACTED","","","","Effective date 7/27/2025.","1","Nobles","2025-01-29","2025-04-22","SFN","","0","0","0",""
"5184","Minimum parking requirements","Concerning minimum parking requirements.","ESSB 5184","5184","SSB 5184","OTHER","","","S","","0","Bateman","2025-02-05","","SFN,Loc","","0","0","0","19.27|35.21|35a.21|36.01|36.70a.620"
"5184","Minimum parking requirements","Concerning minimum parking requirements.","ESSB 5184","5184","ESSB 5184","ENACTED","","","","Effective date 7/27/2025.","1","Bateman","2025-02-05","2025-05-07","SFN,Loc","","0","0","0","19.27|35.21|35a.21|36.01|36.70a.620"
"5186","School district elections","Concerning school district elections.","","5186","SB 5186","RULES","","","S","Senate Rules ""X"" file.","1","Krishnadasan","2025-01-13","2025-03-17","SFN","","0","0","0","28a.315.285|28a.530.020|28a.535.020|28a.535.050|39.36.020|84.52.056"
"5186","School district elections","Concerning local funding for school district facilities.","","5186","SSB 5186","RULES","","","S","Senate Rules ""X"" file.","1","Krishnadasan","2025-02-13","2025-03-17","","","0","0","0","28a.315.285|28a.530.020|28a.535.020|28a.535.050|36.70a.211|39.36.020|82.02.050|82.02.060|82.02.070|82.02.090|82.02.110|84.52.056"
"5186","School district elections","Concerning local funding for school district facilities.","","5186","2SSB 5186","RULES","","","S","Senate Rules ""X"" file.","1","Krishnadasan","2025-02-28","2025-03-17","","","0","0","0","28a.315.285|28a.530.020|28a.535.020|28a.535.050|36.70a.211|39.36.020|82.02.050|82.02.060|82.02.070|82.02.090|82.02.110|84.52.056"
"5188","Broadband repair loans","Concerning broadband infrastructure repair loans.","","5188","SB 5188","RULES","","","S","By resolution, returned to Senate Rules Committee for third reading.","1","Wellman","2025-01-13","2025-04-27","SFN,Loc","","0","0","0",""
"5189","Competency-based education","Supporting the implementation of competency-based education.","SB 5189","5189","SB 5189","ENACTED","","","","Effective date 7/27/2025.","1","Wellman","2025-01-13","2025-05-13","SFN","","0","0","0","28a|28a.230.125|28a.300.810"
"5190","School building energy perf.","Allowing school districts to request extensions to state energy performance standard deadlines for K-12 school buildings.","","5190","SB 5190","COMMITTEE","EET","false","S","Referred to Environment, Energy & Technology.","1","Wellman","2025-01-13","2025-01-24","SFN","","0","0","0",""
"5190","School building energy perf.","Allowing schools and school districts to request extensions to state energy performance standard deadlines for K-12 school buildings.","","5190","SSB 5190","COMMITTEE","EET","false","S","Referred to Environment, Energy & Technology.","1","Wellman","2025-01-23","2025-01-24","SFN","","0","0","0",""
"5191","Dockworkers/PFML premiums","Concerning paid family and medical leave premium collection for dockworkers.","SSB 5191","5191","SSB 5191","ENACTED","","","","Effective date 7/27/2025.","1","Conway","2025-01-24","2025-04-29","SFN","","0","0","0",""
"5192","School district materials","Concerning school district materials, supplies, and operating costs.","ESSB 5192","5192","SB 5192","SUBSTITUTED","","","S","1st substitute bill substituted.","0","Nobles","2025-01-13","2025-03-06","SFN","","0","0","0",""
"5192","School district materials","Concerning school district materials, supplies, and operating costs.","ESSB 5192","5192","SSB 5192","OTHER","","","S","","0","Nobles","2025-02-27","","SFN","","0","0","0",""
"5192","School district materials","Concerning school district materials, supplies, and operating costs.","ESSB 5192","5192","ESSB 5192","ENACTED","","","","Effective date 9/1/2025.","1","Nobles","2025-02-27","2025-05-17","SFN","","0","0","0",""
"5193","Remote testing","Supporting remote testing options for students enrolled in online school programs.","","5193","SSB 5193","RULES","","","S","By resolution, returned to Senate Rules Committee for third reading.","1","Cortes","2025-01-30","2025-04-27","SFN","","0","0","0",""
"5194","State gen. obligation bonds","Concerning state general obligation bonds and related accounts.","SSB 5194","5194","SSB 5194","ENACTED","","","","Effective date 5/20/2025.","1","Trudeau","2025-04-03","2025-05-20","","D","0","0","0",""
"5195","Capital budget","Concerning the capital budget.","SSB 5195","5195","SSB 5195","ENACTED","","","","Effective date 5/20/2025.","1","Trudeau","2025-04-03","2025-05-20","","D","0","0","0","28a.525.159|28b.15.210|28b.15.310|28b.20.725|28b.30.750|28b.35.370|28b.50.360|39.35d.030|43.155.070|43.19.125|43.31.574|43.330.400|43.63a.750|43.83b.430|43.88.030|43.88d.010|43.99n.060|70a.305.190|77.12.037|77.12.210|77.12.220|79.24.720|79.70.100|79.71.060|79a.25.210"
"5197","Local government planning","Ensuring that local government planning complies with the growth management act.","","5197","SB 5197","RULES","","","S","Senate Rules ""X"" file.","1","Salomon","2025-01-13","2025-03-17","SFN,Loc","","0","0","0","36.70a.302|36.70a.330"
"5197","Local government planning","Ensuring that local government planning complies with the growth management act.","","5197","SSB 5197","RULES","","","S","Senate Rules ""X"" file.","1","Salomon","2025-02-13","2025-03-17","","","0","0","0",""
"5199","DCYF oversight board comp.","Providing compensation to members of the department of children, youth, and families oversight board with direct lived experience.","SB 5199","5199","SB 5199","ENACTED","","","","Effective date 7/27/2025.","1","Wilson, C.","2025-01-13","2025-04-29","SFN","","0","0","0",""
"5200","Veteran medical foster homes","Concerning veterans' medical foster homes.","ESSB 5200","5200","SB 5200","SUBSTITUTED","","","S","1st substitute bill substituted.","0","Wagoner","2025-01-13","2025-03-03","SFN","","0","0","0",""
"5200","Veteran medical foster homes","Concerning veterans' medical foster homes.","ESSB 5200","5200","SSB 5200","OTHER","","","S","","0","Wagoner","2025-02-13","","SFN","","0","0","0","70.128.030|74.34.020|74.39a.009|74.39a.056"
"5200","Veteran medical foster homes","Concerning veterans' medical foster homes.","ESSB 5200","5200","ESSB 5200","ENACTED","","","","Effective date 7/27/2025.","1","Wagoner","2025-02-13","2025-04-22","SFN","","0","0","0","70.128.030|74.34.020|74.39a.009|74.39a.056"
"5202","Judicial orders","Ensuring the efficacy of judicial orders as harm reduction tools that increase the safety of survivors of abuse and support law enforcement in their efforts to enforce the law.","ESSB 5202","5202","SB 5202","SUBSTITUTED","","","S","1st substitute bill substituted.","0","Salomon","2025-01-13","2025-02-12","SFN,Loc","","0","0","0","7.105.105|7.105.310|7.105.405|7.105.500|9.41.040"
"5202","Judicial orders","Ensuring the efficacy of judicial orders as harm reduction tools that increase the safety of survivors of abuse and support law enforcement in their efforts to enforce the law.","ESSB 5202","5202","SSB 5202","OTHER","","","S","","0","Salomon","2025-01-23","","SFN,Loc","","0","0","0","7.105|7.105.105|7.105.310|7.105.405|7.105.500|9.41.040"
"5202","Judicial orders","Ensuring the efficacy of judicial orders as harm reduction tools that increase the safety of survivors of abuse and support law enforcement in their efforts to enforce the law.","ESSB 5202","5202","ESSB 5202","ENACTED","","","","Effective date 7/27/2025*.","1","Salomon","2025-01-23","2025-04-22","SFN,Loc","","0","0","0","7.105|7.105.105|7.105.310|7.105.405|7.105.500|9.41.040"
"5203","Wildlife safe passages","Ensuring connectivity for Washington wildlife through safe passages.","","5203","SB 5203","COMMITTEE","WM","false","S","Referred to Ways & Means.","1","Salomon","2025-01-13","2025-02-10","SFN","","0","0","0","43.84.092|46.68|47.04|77.04|77.36"
"5203","Wildlife safe passages","Ensuring connectivity for Washington wildlife through safe passages.","","5203","SSB 5203","COMMITTEE","WM","false","S","Referred to Ways & Means.","1","Salomon","2025-02-06","2025-02-10","SFN","","0","0","0","43.84.092|46.68|47.04|77.04|77.36"
"5204","Ibogaine-assisted therapy","Concerning ibogaine-assisted therapy.","","5204","SB 5204","COMMITTEE","HLTC","true","S","First reading, referred to Health & Long-Term Care.","1","Salomon","2025-01-13","2025-01-13","SFN","","0","0","0",""
"5206","Cannabis advertising","Concerning cannabis retailer advertising.","ESB 5206","5206","SB 5206","FLOOR","","","S","","0","MacEwen","2025-01-13","","SFN","","0","0","0",""
"5206","Cannabis advertising","Concerning cannabis retailer advertising.","ESB 5206","5206","ESB 5206","ENACTED","","","","Effective date 1/1/2026.","1","MacEwen","2025-01-13","2025-05-20","SFN","","0","0","0",""
"5207","Media service subscriptions","Requiring refunds to consumers for early cancellation of term-based subscriptions to electronic media services.","","5207","SB 5207","COMMITTEE","WM","false","S","Referred to Ways & Means.","1","MacEwen","2025-01-13","2025-02-14","SFN","","0","0","0",""
"5207","Media service subscriptions","Requiring refunds to consumers for early cancellation of term-based subscriptions to electronic media services.","","5207","SSB 5207","COMMITTEE","WM","false","S","Referred to Ways & Means.","1","MacEwen","2025-02-13","2025-02-14","SFN","","0","0","0",""
"5208","Clean energy fund program","Establishing a new clean energy fund program.","","5208","SB 5208","COMMITTEE","EET","true","S","First reading, referred to Environment, Energy & Technology.","1","MacEwen","2025-01-13","2025-01-13","SFN,Loc","","0","0","0","43.84.092|70a.65.260"
"5209","L&I law enforcement","Explicitly listing the department of labor and industries in the definition of limited authority Washington law enforcement agency while not granting new enforcement authority.","SB 5209","5209","SB 5209","ENACTED","","","","Effective date 7/27/2025.","1","Lovick","2025-01-13","2025-04-08","","D","0","0","0",""
"5212","Water adjudication in WRIA 1","Concerning filing of adjudication claims for precode uses of groundwater and surface water in the water resource inventory area 1 water rights adjudication.","SSB 5212","5212","SB 5212","SUBSTITUTED","","","S","1st substitute bill substituted.","0","Shewmake","2025-01-13","2025-02-12","SFN","","0","0","0",""
"5212","Water adjudication in WRIA 1","Concerning filing of adjudication claims for precode uses of groundwater and surface water in the water resource inventory area 1 water rights adjudication.","SSB 5212","5212","SSB 5212","ENACTED","","","","Effective date 7/27/2025.","1","Shewmake","2025-01-30","2025-05-17","","","0","0","0",""
"5213","Fentanyl possession","Penalizing the possession of fentanyl.","","5213","SB 5213","COMMITTEE","L&J","true","S","First reading, referred to Law & Justice.","1","McCune","2025-01-13","2025-01-13","","","0","0","0","13.40.0357|69.50.4013|9.94a.518"
"5214","Mobile market programs","Concerning mobile market programs.","SSB 5214","5214","SSB 5214","ENACTED","","","","Effective date 3/1/2026.","1","Shewmake","2025-01-22","2025-04-22","","","0","0","0",""
"5215","Vehicle debris escape","Concerning debris escaping from vehicles on public highways.","","5215","SB 5215","SUBSTITUTED","","","S","1st substitute bill substituted.","0","Shewmake","2025-01-13","2025-03-11","SFN,Loc","","0","0","0","46.61.655|46.63.020|7.68.020|70a.200.120"
"5215","Vehicle debris escape","Concerning debris escaping from vehicles on public highways.","","5215","SSB 5215","RULES","","","S","By resolution, returned to Senate Rules Committee for third reading.","1","Shewmake","2025-01-30","2025-04-27","SFN,Loc","","0","0","0","46.61.655|70a.200.120"
"5216","Green energy/community","Concerning green energy community funds to support school districts and nonprofit organizations that service the communities where renewable energy projects are located.","","5216","SB 5216","COMMITTEE","EET","true","S","First reading, referred to Environment, Energy & Technology.","1","Shewmake","2025-01-13","2025-01-13","","","0","0","0","28a.325.030|82"
"5217","Pregnancy accommodations","Expanding pregnancy-related accommodations.","E2SSB 5217","5217","SB 5217","SUBSTITUTED","","","S","2nd substitute bill substituted.","0","Nobles","2025-01-13","2025-03-10","SFN","","0","0","0","2.36.100|43.10.005"
"5217","Pregnancy accommodations","Expanding pregnancy-related accommodations.","E2SSB 5217","5217","SSB 5217","SUBSTITUTED","","","S","2nd substitute bill substituted.","0","Nobles","2025-01-31","2025-03-10","SFN","","0","0","0","2.36.100|43.10.005"
"5217","Pregnancy accommodations","Expanding pregnancy-related accommodations.","E2SSB 5217","5217","2SSB 5217","OTHER","","","S","","0","Nobles","2025-02-27","","SFN","","0","0","0","2.36.100|43.10.005|49"
"5217","Pregnancy accommodations","Expanding pregnancy-related accommodations.","E2SSB 5217","5217","E2SSB 5217","ENACTED","","","","Effective date 1/1/2027.","1","Nobles","2025-02-27","2025-05-20","SFN","","0","0","0","2.36.100|43.10.005|49"
"5219","Partial confinement","Concerning partial confinement eligibility and alignment.","ESSB 5219","5219","SSB 5219","OTHER","","","S","","0","Wilson, C.","2025-02-05","","SFN","G","0","0","0","72.65.210|9.94a.030|9.94a.6551|9.94a.728|9.94a.733"
"5219","Partial confinement","Concerning partial confinement eligibility and alignment.","ESSB 5219","5219","ESSB 5219","ENACTED","","","","Effective date 7/27/2025*.","1","Wilson, C.","2025-02-05","2025-05-20","SFN","G","0","0","0","72.65.210|9.94a.030|9.94a.6551|9.94a.728|9.94a.733"
"5220","City small works rosters","Modifying small works roster requirements for cities.","","5220","SB 5220","COMMITTEE","LG","true","S","First reading, referred to Local Government.","1","Shewmake","2025-01-13","2025-01-13","","","0","0","0","35.22.620|35.23.352"
"5221","Personal property distraint","Simplifying processes and timelines related to personal property distraint.","SSB 5221","5221","SB 5221","SUBSTITUTED","","","S","1st substitute bill substituted.","0","Bateman","2025-01-13","2025-02-12","SFN,Loc","","0","0","0","46.12.680|84.56.070|84.56.240"
"5221","Personal property distraint","Simplifying processes and timelines related to personal property distraint.","SSB 5221","5221","SSB 5221","ENACTED","","","","Effective date 7/27/2025.","1","Bateman","2025-01-30","2025-04-22","SFN,Loc","","0","0","0","46.12.680|84.56.070|84.56.240"
"5222","Residential tenants","Improving housing stability for tenants subject to the residential landlord-tenant act and the manufactured/mobile home landlord-tenant act by limiting rent and fee increases, requiring notice of rent and fee increases, limiting fees and deposits, establishing a landlord resource center and associated services, authorizing tenant lease termination, creating parity between lease types, and providing for attorney general enforcement.","","5222","SSB 5222","COMMITTEE","WM","false","S","Referred to Ways & Means.","1","Trudeau","2025-02-19","2025-02-20","SFN,Loc","","0","0","0","59.18|59.18.140|59.18.170|59.18.270|59.2|59.20.030|59.20.060|59.20.090|59.20.170"
"5223","Criminal fingerprinting","Concerning criminal offense fingerprinting.","","5223","SB 5223","RULES","","","S","By resolution, returned to Senate Rules Committee for third reading.","1","Wagoner","2025-01-13","2025-04-27","SFN,Loc","D","0","0","0","10.98.050|43.43.735"
"5225","Candidate filing","Concerning candidate filing requirements.","","5225","SB 5225","RULES","","","S","Senate Rules ""X"" file.","1","MacEwen","2025-01-13","2025-03-17","SFN,Loc","","0","0","0","29a.24.091|29a.36|29a.84.320"
"5225","Candidate filing","Providing clarity where candidates for the same office have similar names.","","5225","SSB 5225","RULES","","","S","Senate Rules ""X"" file.","1","MacEwen","2025-02-11","2025-03-17","SFN,Loc","","0","0","0","29a.36|29a.84.320"
"5226","Physician res./international","Establishing funding for physician residency positions dedicated to international medical graduates.","","5226","SB 5226","COMMITTEE","WM","false","S","Referred to Ways & Means.","1","Nobles","2025-01-13","2025-02-12","SFN","","0","0","0",""
"5226","Physician res./international","Establishing funding for physician residency positions dedicated to international medical graduates.","","5226","SSB 5226","COMMITTEE","WM","false","S","Referred to Ways & Means.","1","Nobles","2025-02-11","2025-02-12","","","0","0","0",""
"5227","Child sex dolls","Concerning offenses involving child sex dolls.","","5227","SB 5227","RULES","","","S","Senate Rules ""X"" file.","1","Orwall","2025-01-13","2025-03-17","SFN,Loc","","0","0","0","9.68a|9.68a.011|9.68a.120|9.94a.515"
"5227","Child sex dolls","Concerning offenses involving child sex dolls.","","5227","SSB 5227","RULES","","","S","Senate Rules ""X"" file.","1","Orwall","2025-02-06","2025-03-17","SFN,Loc","","0","0","0","9.68a|9.68a.011|9.68a.120|9.94a.515"
"5229","Opioid overdose/civil commit","Facilitating civil commitment for treatment for a person requiring revival by opioid overdose reversal medication.","","5229","SB 5229","COMMITTEE","WM","false","S","Referred to Ways & Means.","1","Wagoner","2025-01-13","2025-02-03","SFN,Loc","","0","0","0",""
"5229","Opioid overdose/civil commit","Facilitating civil commitment for treatment for a person requiring revival by opioid overdose reversal medication.","","5229","SSB 5229","COMMITTEE","WM","false","S","Referred to Ways & Means.","1","Wagoner","2025-01-30","2025-02-03","SFN,Loc","","0","0","0",""
"5230","Juvenile attorney exceptions","Providing exceptions for juvenile access to attorney.","","5230","SB 5230","COMMITTEE","HS","true","S","First reading, referred to Human Services.","1","Wagoner","2025-01-14","2025-01-14","","","0","0","0",""
"5231","Confinement fees & expenses","Concerning reducing fees and expenses for services for people confined in state correctional facilities.","","5231","SSB 5231","COMMITTEE","WM","false","S","Referred to Ways & Means.","1","Hansen","2025-02-05","2025-02-06","SFN","","0","0","0","72.09|72.09.765"
"5232","Essential needs program uses","Supporting economic security by updating provisions related to the home security fund and the essential needs and housing support program.","ESSB 5232","5232","SSB 5232","OTHER","","","S","","0","Wilson, C.","2025-01-29","","SFN,Loc","D","0","0","0","36.22.250|43.185c.220|43.185c.230|74.04.005|74.04.805|74.62.030"
"5232","Essential needs program uses","Supporting economic security by updating provisions related to the home security fund and the essential needs and housing support program.","ESSB 5232","5232","ESSB 5232","ENACTED","","","","Effective date 7/27/2025.","1","Wilson, C.","2025-01-29","2025-05-20","SFN,Loc","D","0","0","0","36.22.250|43.185c.220|43.185c.230|74.04.005|74.04.805|74.62.030"
"5235","Public school statutes","Repealing and reorganizing outdated statutes concerning public schools.","","5235","SB 5235","FLOOR","","","S","","0","Wellman","2025-01-14","","SFN","","0","0","0","28a.175.145|28a.235.120|28a.335.300|28a.415.315|28a.415.330|28a.415.380|28a.600.045|28a.605.040|28a.623.005|28a.623.010|28a.623.020|28a.623.030|28a.625.100|28a.625.110|28a.625.150|28a.630.198|28a.630.810|28a.655.071|28a.655.130|28a.655.280"
"5235","Public school statutes","Repealing and reorganizing outdated statutes concerning public schools.","","5235","ESB 5235","RULES","","","S","By resolution, returned to Senate Rules Committee for third reading.","1","Wellman","2025-01-14","2025-04-27","SFN","","0","0","0","28a.175.145|28a.235.120|28a.335.300|28a.415.315|28a.415.330|28a.415.380|28a.600.045|28a.605.040|28a.623.005|28a.623.010|28a.623.020|28a.623.030|28a.625.100|28a.625.110|28a.625.150|28a.630.198|28a.630.810|28a.655.071|28a.655.130|28a.655.280"
"5236","Anesthetics/greenhouse gases","Concerning emissions of greenhouse gases used for anesthetic purposes.","","5236","SB 5236","COMMITTEE","WM","false","S","Referred to Ways & Means.","1","Slatter","2025-01-14","2025-02-10","SFN","","0","0","0",""
"5236","Anesthetics/greenhouse gases","Concerning emissions of greenhouse gases used for anesthetic purposes.","","5236","SSB 5236","COMMITTEE","WM","false","S","Referred to Ways & Means.","1","Slatter","2025-02-07","2025-02-10","SFN","","0","0","0",""
"5237","Unattended child in vehicle","Concerning leaving a child unattended in a vehicle.","","5237","SB 5237","COMMITTEE","L&J","true","S","First reading, referred to Law & Justice.","1","Muzzall","2025-01-14","2025-01-14","","","1","0","0",""
"5238","Reckless driving, speed","Addressing reckless driving in cases involving excessive speed.","","5238","SB 5238","SUBSTITUTED","","","S","1st substitute bill substituted.","0","Muzzall","2025-01-14","2025-02-12","SFN,Loc","","0","0","0",""
"5238","Reckless driving, speed","Addressing reckless driving in cases involving excessive speed.","","5238","SSB 5238","RULES","","","S","By resolution, returned to Senate Rules Committee for third reading.","1","Muzzall","2025-01-30","2025-04-27","SFN,Loc","","0","0","0",""
"5239","Hospital medical records","Concerning the retention of hospital medical records.","SSB 5239","5239","SSB 5239","ENACTED","","","","Effective date 7/27/2025.","1","Slatter","2025-01-24","2025-04-22","SFN,Loc","","0","0","0",""
"5240","Anaphylaxis med. in schools","Concerning anaphylaxis medications in schools.","","5240","SB 5240","SUBSTITUTED","","","S","1st substitute bill substituted.","0","Wellman","2025-01-14","2025-03-10","SFN","","0","0","0","28a.210.380|28a.210.383"
"5240","Anaphylaxis med. in schools","Concerning anaphylaxis medications in schools.","","5240","SSB 5240","RULES","","","S","By resolution, returned to Senate Rules Committee for third reading.","1","Wellman","2025-02-11","2025-04-27","SFN","","0","0","0","28a.210.380|28a.210.383"
"5241","Fusion energy facilities","Adding fusion energy to facilities that may obtain site certification for the purposes of chapter 80.50 RCW.","","5241","SSB 5241","RULES","","","S","Senate Rules ""X"" file.","1","Liias","2025-02-07","2025-03-17","","O","0","0","0","80.50.010|80.50.020|80.50.060|80.50.300"
"5242","Behavioral health resources","Establishing an interactive screening program to improve access to behavioral health resources for health care providers.","","5242","SB 5242","COMMITTEE","HLTC","true","S","First reading, referred to Health & Long-Term Care.","1","Orwall","2025-01-14","2025-01-14","SFN","","0","0","0",""
"5243","Health premiums/lobbying","Restricting the use of health care premiums for political lobbying.","","5243","SB 5243","COMMITTEE","STATE GOVERNMENT, TRIBAL AFFAIRS & ELECTIONS","true","S","First reading, referred to State Government, Tribal Affairs & Elections.","1","Hasegawa","2025-01-14","2025-01-14","","","0","0","0",""
"5245","Legislature oath of office","Concerning the oath of office for members of the state legislature.","SSB 5245","5245","SB 5245","SUBSTITUTED","","","S","1st substitute bill substituted.","0","Krishnadasan","2025-01-14","2025-03-12","","","0","0","0","29a.04.133|36.32.120|44.04"
"5245","Legislature oath of office","Authorizing county commissioners to administer oaths of office to state legislators.","SSB 5245","5245","SSB 5245","ENACTED","","","","Effective date 7/27/2025.","1","Krishnadasan","2025-02-07","2025-04-30","","","0","0","0",""
"5247","Naselle Youth Camp property","Transferring ownership of the Naselle Youth Camp property to the Chinook Indian Nation.","","5247","SB 5247","COMMITTEE","STATE GOVERNMENT, TRIBAL AFFAIRS & ELECTIONS","true","S","First reading, referred to State Government, Tribal Affairs & Elections.","1","Wilson, J.","2025-01-14","2025-01-14","","","0","0","0","28a.190.005|72.05.010"
"5248","Bridge collisions","Creating a work group to make recommendations concerning bridge collisions by large commercial vessels.","","5248","SB 5248","COMMITTEE","TRAN","true","S","First reading, referred to Transportation.","1","Wilson, J.","2025-01-14","2025-01-14","SFN","","0","0","0",""
"5249","Kit home siting","Concerning siting kit homes.","","5249","SB 5249","COMMITTEE","WM","false","S","Referred to Ways & Means.","1","Wilson, J.","2025-01-14","2025-02-21","SFN,Loc","","0","0","0","35.63|35.63.170|35a.63.100|36.7"
"5249","Kit home siting","Concerning siting kit homes.","","5249","SSB 5249","COMMITTEE","WM","false","S","Referred to Ways & Means.","1","Wilson, J.","2025-02-21","2025-02-21","SFN,Loc","","0","0","0","35.63|35a.63.100|36.7"
"5250","Squatters","Improving legal processes to deter squatters.","","5250","SB 5250","COMMITTEE","L&J","true","S","First reading, referred to Law & Justice.","1","Wilson, J.","2025-01-14","2025-01-14","","","0","0","0","9a.52.105|9a.52.115"
"5251","Lodging tax revenues","Concerning lodging tax revenues.","","5251","SB 5251","COMMITTEE","BFST","true","S","First reading, referred to Business, Financial Services & Trade.","1","Christian","2025-01-14","2025-01-14","SFN,Loc","","0","0","0",""
"5252","Assembly halls/property tax","Removing the acreage limit on the property tax exemption for nonprofit public assembly halls and meeting places.","","5252","SB 5252","SUBSTITUTED","","","S","1st substitute bill substituted.","0","Shewmake","2025-01-14","2025-03-12","SFN,Loc","","0","0","0",""
"5252","Assembly halls/property tax","Removing the acreage limit on the property tax exemption for nonprofit public assembly halls and meeting places.","","5252","SSB 5252","RULES","","","S","By resolution, returned to Senate Rules Committee for third reading.","1","Shewmake","2025-02-06","2025-04-27","SFN,Loc","","0","0","0",""
"5253","Special education services","Extending special education services to students with disabilities until the end of the school year in which the student turns 22.","SSB 5253","5253","SSB 5253","ENACTED","","","","Effective date 7/27/2025.","1","Cortes","2025-02-11","2025-05-13","SFN","O","0","0","0","28a.150.220|28a.155.020|28a.155.170|28a.155.220|28a.190.030|28a.225.160|28a.225.230|28a.225.240|72.40.040|72.40.060"
"5254","Health care information","Strengthening patients' rights regarding their health care information.","","5254","SSB 5254","COMMITTEE","WM","false","S","Referred to Ways & Means.","1","Orwall","2025-02-21","2025-02-21","SFN,Loc","","0","0","0","70.02|70.02.010|70.02.030|70.02.080|70.02.090|70.02.170|70.02.220|70.02.260"
"5255","Juvenile detention","Concerning juvenile detention pending disposition of a crime.","","5255","SB 5255","COMMITTEE","HS","true","S","First reading, referred to Human Services.","1","Christian","2025-01-14","2025-01-14","","","0","0","0","13.40.020|13.40.040"
"5256","ISRB hearings/victims","Concerning victims' participation in hearings conducted by the indeterminate sentence review board.","","5256","SB 5256","COMMITTEE","HS","true","S","First reading, referred to Human Services.","1","Christian","2025-01-14","2025-01-14","","","0","0","0","10.95.030|7.69.032|9.94a.730|9.95.260|9.95.420|9.95.422"
"5257","Juvenile firearm sentencing","Modifying sentencing standards for juvenile firearm offenses.","","5257","SB 5257","COMMITTEE","HS","true","S","First reading, referred to Human Services.","1","Christian","2025-01-14","2025-01-14","","","0","0","0",""
"5258","Medicaid concurrent enroll.","Implementing state auditor recommendations for reducing improper medicaid concurrent enrollment payments.","","5258","SB 5258","COMMITTEE","WM","false","S","Referred to Ways & Means.","1","Gildon","2025-01-14","2025-02-10","SFN","","0","0","0","74.09|74.09.035"
"5258","Medicaid concurrent enroll.","Implementing state auditor recommendations for reducing improper medicaid concurrent enrollment payments.","","5258","SSB 5258","COMMITTEE","WM","false","S","Referred to Ways & Means.","1","Gildon","2025-02-06","2025-02-10","SFN","","0","0","0","74.09|74.09.035"
"5259","Commercial fishing bait tax","Creating a sales and use tax exemption for bait purchased for commercial fishing.","","5259","SB 5259","COMMITTEE","WM","true","S","First reading, referred to Ways & Means.","1","Shewmake","2025-01-14","2025-01-14","SFN,Loc","","0","0","0","82.08|82.12"
"5260","Juvenile correctional pop.","Concerning emergency measures for managing juvenile populations at state juvenile correctional institutions.","","5260","SB 5260","COMMITTEE","HS","true","S","First reading, referred to Human Services.","1","Christian","2025-01-14","2025-01-14","SFN","","0","0","0",""
"5261","Nonconsumptive hydropower","Issuing water right permits for nonconsumptive hydropower use in water resource inventory areas in which minimum instream flows are not being met.","","5261","SB 5261","COMMITTEE","AGNR","true","S","First reading, referred to Agriculture & Natural Resources.","1","Shewmake","2025-01-14","2025-01-14","SFN,Loc","","0","0","0","90.03.247|90.54.020"
"5262","Insurance statutes","Correcting obsolete or erroneous references in statutes administered by the insurance commissioner.","SSB 5262","5262","SSB 5262","ENACTED","","","","Effective date 7/27/2025*.","1","Kauffman","2025-02-13","2025-05-12","SFN","O","0","0","0","42.56.400|48.02.230|48.02.240|48.135.030|48.14.070|48.140.050|48.140.070|48.150.100|48.160.005|48.160.020|48.19.460|48.19.540|48.37.050|48.38.010|48.38.012|48.43.0128|48.43.049|48.43.135|48.43.650|48.43.743"
"5263","Special education funding","Concerning special education funding.","E2SSB 5263","5263","SB 5263","SUBSTITUTED","","","S","2nd substitute bill substituted.","0","Pedersen","2025-01-14","2025-03-12","SFN","","0","0","0","28a.150.390|28a.150.392"
"5263","Special education funding","Concerning special education funding.","E2SSB 5263","5263","SSB 5263","SUBSTITUTED","","","S","2nd substitute bill substituted.","0","Pedersen","2025-01-30","2025-03-12","SFN","","0","0","0","28a.150.390|28a.150.392|28a.150.560|28a.155|43.216.580"
"5263","Special education funding","Concerning special education funding.","E2SSB 5263","5263","2SSB 5263","OTHER","","","S","","0","Pedersen","2025-02-27","","SFN","","0","0","0","28a.150|28a.150.390|28a.150.392|28a.150.560|28a.155|43.216.580"
"5263","Special education funding","Concerning special education funding.","E2SSB 5263","5263","E2SSB 5263","ENACTED","","","","Effective date 7/27/2025*.","1","Pedersen","2025-02-27","2025-05-19","SFN","","0","0","0","28a.150|28a.150.390|28a.150.392|28a.150.560|28a.155|43.216.580"
"5265","Electrical inspector exp.","Expanding minimum requirements for electrical inspectors to include certain out-of-state experience.","SSB 5265","5265","SB 5265","SUBSTITUTED","","","S","1st substitute bill substituted.","0","King","2025-01-14","2025-02-26","SFN","","0","0","0",""
"5265","Electrical inspector exp.","Expanding minimum requirements for electrical inspectors to include certain out-of-state experience.","SSB 5265","5265","SSB 5265","ENACTED","","","","Effective date 7/27/2025.","1","King","2025-02-07","2025-04-22","SFN","","0","0","0",""
"5266","Early release petitions","Concerning the indeterminate sentence review board.","","5266","SSB 5266","RULES","","","S","Senate Rules ""X"" file.","1","Frame","2025-01-22","2025-03-17","SFN","","0","0","0",""
"5266","Early release petitions","Concerning the indeterminate sentence review board.","","5266","2SSB 5266","RULES","","","S","Senate Rules ""X"" file.","1","Frame","2025-02-27","2025-03-17","SFN","","0","0","0",""
"5267","Death penalty","Ensuring that offenders who are incarcerated and commit murder may be charged with the death penalty.","","5267","SB 5267","COMMITTEE","L&J","true","S","First reading, referred to Law & Justice.","1","Wagoner","2025-01-14","2025-01-14","","","0","0","0",""
"5268","Unlawful firearm possession","Classifying unlawful possession of a firearm as a violent offense.","","5268","SB 5268","SUBSTITUTED","","","S","1st substitute bill substituted.","0","Wagoner","2025-01-14","2025-03-05","SFN,Loc","","0","0","0",""
"5268","Unlawful firearm possession","Imposing community custody after a conviction for unlawful possession of a firearm.","","5268","SSB 5268","OTHER","","","S","","0","Wagoner","2025-01-30","","SFN,Loc","","0","0","0",""
"5268","Unlawful firearm possession","Imposing community custody after a conviction for unlawful possession of a firearm.","","5268","ESSB 5268","RULES","","","S","By resolution, returned to Senate Rules Committee for third reading.","1","Wagoner","2025-01-30","2025-04-27","SFN,Loc","","0","0","0",""
"5271","School nurse requirement","Requiring school districts of the first class to employ a school nurse.","","5271","SB 5271","COMMITTEE","ELK12","true","S","First reading, referred to Early Learning & K-12 Education.","1","Wellman","2025-01-15","2025-01-15","SFN","","0","0","0",""
"5273","Violence prevention services","Concerning the availability of community violence prevention and intervention services.","","5273","SB 5273","COMMITTEE","HLTC","true","S","First reading, referred to Health & Long-Term Care.","1","Orwall","2025-01-15","2025-01-15","SFN,Loc","","0","0","0","43.7|74.09"
"5274","Body cameras/corrections","Concerning body worn cameras within corrections agencies.","","5274","SB 5274","COMMITTEE","HS","true","S","First reading, referred to Human Services.","1","Braun","2025-01-15","2025-01-15","SFN","","0","0","0","10.109|10.109.030|42.56.240"
"5275","Passport to careers program","Modifying funding and award levels for the passport to careers program and eligibility for the Washington college grant.","","5275","SB 5275","COMMITTEE","WM","false","S","Referred to Ways & Means.","1","Nobles","2025-01-15","2025-02-11","SFN","","0","0","0","28b.117|28b.117.020|28b.117.030|28b.76.525|28b.92.200"
"5275","Passport to careers program","Modifying the funding for the passport to careers program.","","5275","SSB 5275","COMMITTEE","WM","false","S","Referred to Ways & Means.","1","Nobles","2025-02-10","2025-02-11","SFN","","0","0","0",""
"5276","Institution reimburse. rates","Modifying the reimbursement rates for services related to institutions.","","5276","SB 5276","COMMITTEE","HS","true","S","First reading, referred to Human Services.","1","Braun","2025-01-15","2025-01-15","SFN,Loc","","0","0","0","72.72.030|72.72.040"
"5277","Juvenile rehab. to 25 repeal","Repealing of juvenile rehabilitation to 25 legislation.","","5277","SB 5277","COMMITTEE","HS","true","S","First reading, referred to Human Services.","1","Braun","2025-01-15","2025-01-15","","","0","0","0","13.04.030|13.04.800|13.22.010|13.40.020|13.40.0357|13.40.110|13.40.193|13.40.205|13.40.215|13.40.300|13.40.301|43.216.180|72.01.410|72.01.412"
"5278","Juvenile correctional pop.","Concerning emergency measures for managing juvenile populations at state juvenile correctional institutions.","","5278","SB 5278","SUBSTITUTED","","","S","2nd substitute bill substituted.","0","Braun","2025-01-15","2025-03-10","SFN,Loc","","0","0","0","13.4|13.40.280|72.01|72.01.410"
"5278","Juvenile correctional pop.","Concerning the management of individuals who are placed in juvenile rehabilitation institutions.","","5278","SSB 5278","SUBSTITUTED","","","S","2nd substitute bill substituted.","0","Braun","2025-02-17","2025-03-10","SFN,Loc","","0","0","0","13.4|13.40.020|13.40.215|13.40.280|13.40.460|72.01|72.01.410|72.05.420|72.65.200"
"5278","Juvenile correctional pop.","Concerning the management of individuals who are placed in juvenile rehabilitation institutions.","","5278","2SSB 5278","OTHER","","","S","","0","Braun","2025-02-27","","SFN,Loc","","0","0","0","13.4|13.40.020|13.40.215|13.40.280|13.40.460|72.01|72.01.410|72.05.420|72.65.200"
"5278","Juvenile correctional pop.","Concerning the management of individuals who are placed in juvenile rehabilitation institutions.","","5278","E2SSB 5278","RULES","","","S","By resolution, returned to Senate Rules Committee for third reading.","1","Braun","2025-02-27","2025-04-27","SFN,Loc","","0","0","0","13.4|13.40.020|13.40.215|13.40.280|13.40.460|72.01|72.01.410|72.05.420|72.65.200"
"5280","Virtual currency kiosks","Protecting consumers of virtual currency kiosks.","","5280","SB 5280","RULES","","","S","By resolution, returned to Senate Rules Committee for third reading.","1","Kauffman","2025-01-15","2025-04-27","SFN","O","0","0","0","19.23|19.230.150"
"5281","Vessel length/nonresident","Changing the vessel length requirement in obtaining nonresident vessel permits.","ESSB 5281","5281","SB 5281","SUBSTITUTED","","","S","1st substitute bill substituted.","0","Chapman","2025-01-15","2025-02-19","SFN,Loc","","0","0","0","88.02.620|88.02.640"
"5281","Vessel length/nonresident","Changing the vessel length requirement in obtaining nonresident vessel permits.","ESSB 5281","5281","SSB 5281","OTHER","","","S","","0","Chapman","2025-02-06","","SFN,Loc","","0","0","0","88.02.620|88.02.640"
"5281","Vessel length/nonresident","Changing the vessel length requirement in obtaining nonresident vessel permits.","ESSB 5281","5281","ESSB 5281","ENACTED","","","","Effective date 9/1/2025.","1","Chapman","2025-02-06","2025-05-12","SFN,Loc","","0","0","0","88.02.620|88.02.640"
"5282","Missing children adv. board","Reestablishing the advisory board for the missing and exploited children task force.","","5282","SB 5282","SUBSTITUTED","","","S","1st substitute bill substituted.","0","Wellman","2025-01-15","2025-02-19","SFN,Loc","","0","0","0",""
"5282","Missing children adv. board","Reestablishing the advisory board for the missing and exploited children task force.","","5282","SSB 5282","RULES","","","S","By resolution, returned to Senate Rules Committee for third reading.","1","Wellman","2025-01-30","2025-04-27","SFN,Loc","","0","0","0",""
"5283","Energy storage siting/EFSEC","Prohibiting the energy facility site evaluation council from preempting local laws that forbid the siting of certain storage facilities in critical areas.","","5283","SB 5283","COMMITTEE","EET","true","S","First reading, referred to Environment, Energy & Technology.","1","Wagoner","2025-01-15","2025-01-15","SFN,Loc","","0","0","0","80.50.090|80.50.110"
"5284","Solid waste management","Improving Washington's solid waste management outcomes.","E2SSB 5284","5284","SSB 5284","SUBSTITUTED","","","S","2nd substitute bill substituted.","0","Lovelett","2025-02-14","2025-03-07","SFN,Loc","","0","0","0","43.21b.110|43.21b.300|49.46|49.48.082|70a|70a.205.045|70a.205.500|70a.245.100|81.77.030|81.77.160|81.77.185"
"5284","Solid waste management","Improving Washington's solid waste management outcomes.","E2SSB 5284","5284","2SSB 5284","OTHER","","","S","","0","Lovelett","2025-02-27","","SFN,Loc","","0","0","0","43.21b.110|43.21b.300|49.46|49.48.082|70a|70a.205.045|70a.205.500|70a.245.100|81.77.030|81.77.160|81.77.185"
"5284","Solid waste management","Improving Washington's solid waste management outcomes.","E2SSB 5284","5284","E2SSB 5284","ENACTED","","","","Effective date 7/27/2025.","1","Lovelett","2025-02-27","2025-05-17","SFN,Loc","","0","0","0","43.21b.110|43.21b.300|49.46|49.48.082|70a|70a.205.045|70a.205.500|70a.245.100|81.77.030|81.77.160|81.77.185"
"5286","State hospitals/police costs","Concerning policing costs driven by proximity to state hospitals.","","5286","SB 5286","RULES","","","S","By resolution, returned to Senate Rules Committee for third reading.","1","Holy","2025-01-15","2025-04-27","SFN,Loc","","0","0","0",""
"5287","Ignition interlock assist.","Limiting the monetary assistance an indigent person may receive from the ignition interlock device revolving account program.","","5287","SB 5287","COMMITTEE","TRAN","true","S","First reading, referred to Transportation.","1","Christian","2025-01-15","2025-01-15","SFN","","0","0","0",""
"5288","County board vacancies","Concerning vacancies on boards of county commissioners.","SB 5288","5288","SB 5288","ENACTED","","","","Effective date 7/27/2025.","1","Schoesler","2025-01-15","2025-04-22","","","0","0","0","36.32.0558|36.32.070"
"5289","Farm machinery sales tax","Providing a sales and use tax exemption for qualifying farm machinery and equipment.","","5289","SB 5289","COMMITTEE","WM","true","S","First reading, referred to Ways & Means.","1","Schoesler","2025-01-15","2025-01-15","SFN","","0","0","0","82.08.855|82.12.855"
"5290","Controlled subs. dismissal","Allowing persons who complete substance abuse programs to seek dismissal of certain controlled substance related charges.","","5290","SB 5290","RULES","","","S","Senate Rules ""X"" file.","1","Salomon","2025-01-15","2025-03-17","SFN,Loc","","0","0","0",""
"5290","Controlled subs. dismissal","Allowing persons who complete substance abuse programs to seek dismissal of certain controlled substance related charges.","","5290","SSB 5290","RULES","","","S","Senate Rules ""X"" file.","1","Salomon","2025-02-20","2025-03-17","","","0","0","0",""
"5291","Long-term services trust","Implementing the recommendations of the long-term services and supports trust commission.","ESSB 5291","5291","SSB 5291","OTHER","","","S","","0","Conway","2025-01-31","","SFN","","0","0","0","48|48.83|48.85.010|48.85.030|50b.04|50b.04.010|50b.04.020|50b.04.030|50b.04.040|50b.04.050|50b.04.055|50b.04.060|50b.04.070|50b.04.080|50b.04.085|50b.04.100|50b.04.140|50b.04.180|70.127.040|74.39.007"
"5291","Long-term services trust","Implementing the recommendations of the long-term services and supports trust commission.","ESSB 5291","5291","ESSB 5291","ENACTED","","","","Effective date 1/1/2026*.","1","Conway","2025-01-31","2025-05-20","SFN","","0","0","0","48|48.83|48.85.010|48.85.030|50b.04|50b.04.010|50b.04.020|50b.04.030|50b.04.040|50b.04.050|50b.04.055|50b.04.060|50b.04.070|50b.04.080|50b.04.085|50b.04.100|50b.04.140|50b.04.180|70.127.040|74.39.007"
"5292","Family & medical leave rates","Concerning paid family and medical leave rates.","","5292","SB 5292","SUBSTITUTED","","","S","1st substitute bill substituted.","0","Conway","2025-01-15","2025-03-06","SFN","","0","0","0","50a.05.050|50a.10.030"
"5292","Family & medical leave rates","Concerning paid family and medical leave rates.","","5292","SSB 5292","RULES","","","S","By resolution, returned to Senate Rules Committee for third reading.","1","Conway","2025-02-18","2025-04-27","SFN","","0","0","0","50a.05.050|50a.10.030"
"5294","Professional accounts","Transferring dedicated accounts for certain professional licenses to the business and professions account.","ESSB 5294","5294","SSB 5294","OTHER","","","S","","0","Gildon","2025-01-29","","","D","0","0","0","18.08.240|18.140.260|18.220.120|18.310.160|18.39.810|18.96.210|43.24.150"
"5294","Professional accounts","Transferring dedicated accounts for certain professional licenses to the business and professions account.","ESSB 5294","5294","ESSB 5294","ENACTED","","","","Effective date 1/1/2026.","1","Gildon","2025-01-29","2025-05-12","","D","0","0","0","18.08.240|18.140.260|18.220.120|18.310.160|18.39.810|18.96.210|43.24.150"
"5295","Sexual assault/rights","Updating Washington's sexual assault survivor bill of rights.","","5295","SB 5295","COMMITTEE","L&J","true","S","First reading, referred to Law & Justice.","1","Orwall","2025-01-16","2025-01-16","","","0","0","0",""
"5296","Juvenile offenses","Improving outcomes for individuals adjudicated of juvenile offenses by increasing opportunities for community placement options and refining procedural requirements.","","5296","SSB 5296","SUBSTITUTED","","","S","2nd substitute bill substituted.","0","Wilson, C.","2025-02-17","2025-03-10","SFN,Loc","","0","0","0","13.40.0357|13.40.160|13.40.165|13.40.185|13.40.205|13.40.210|13.40.215|13.40.230|72.01.412|72.05.420"
"5296","Juvenile offenses","Improving outcomes for individuals adjudicated of juvenile offenses by increasing opportunities for community placement options and refining procedural requirements.","","5296","2SSB 5296","OTHER","","","S","","0","Wilson, C.","2025-02-27","","SFN,Loc","","0","0","0","13.40.0357|13.40.160|13.40.165|13.40.185|13.40.205|13.40.210|13.40.215|13.40.230|72.01.412|72.05.420"
"5296","Juvenile offenses","Improving outcomes for individuals adjudicated of juvenile offenses by increasing opportunities for community placement options and refining procedural requirements.","","5296","E2SSB 5296","RULES","","","S","By resolution, returned to Senate Rules Committee for third reading.","1","Wilson, C.","2025-02-27","2025-04-27","SFN,Loc","","0","0","0","13.40.0357|13.40.160|13.40.165|13.40.185|13.40.205|13.40.210|13.40.215|13.40.230|72.01.412|72.05.420"
"5298","Mobile home community sale","Concerning the notice of sale or lease of manufactured/mobile home communities.","SSB 5298","5298","SSB 5298","ENACTED","","","","Effective date 7/27/2025.","1","Frame","2025-02-07","2025-05-07","SFN,Loc","","0","0","0","59.20.300|59.20.325|59.20.335"
"5299","Radiologic technologists","Concerning general supervision of diagnostic radiologic technologists, therapeutic radiologic technologists, and magnetic resonance imaging technologists by licensed physicians.","","5299","SB 5299","RULES","","","S","Senate Rules ""X"" file.","1","Riccelli","2025-01-16","2025-03-17","SFN","","0","0","0",""
"5299","Radiologic technologists","Concerning virtual direct supervision of diagnostic radiologic technologists, therapeutic radiologic technologists, and magnetic resonance imaging technologists by licensed physicians.","","5299","SSB 5299","RULES","","","S","Senate Rules ""X"" file.","1","Riccelli","2025-02-11","2025-03-17","","","0","0","0",""
"5300","St. Edward state park","Concerning the leasing authority of the state parks and recreation commission at St. Edward State Park.","","5300","SSB 5300","RULES","","","S","By resolution, returned to Senate Rules Committee for third reading.","1","Stanford","2025-02-06","2025-04-27","SFN","O","0","0","0","79a.05.025|79a.05.030"
"5301","Gov. services/tribal lands","Concerning extending governmental services from cities to tribal lands.","","5301","SSB 5301","RULES","","","S","Senate Rules ""X"" file.","1","Braun","2025-02-13","2025-03-17","","","0","0","0","36.70a|36.70a.110"
"5303","Yakima basin water plan","Extending the water supply milestone for the Yakima river basin integrated plan to 2035.","ESSB 5303","5303","SSB 5303","OTHER","","","S","","0","Warnick","2025-01-30","","SFN,Loc","","0","0","0","90.38.010|90.38.110|90.38.120|90.38.130"
"5303","Yakima basin water plan","Extending the water supply milestone for the Yakima river basin integrated plan to 2035.","ESSB 5303","5303","ESSB 5303","ENACTED","","","","Effective date 6/30/2025.","1","Warnick","2025-01-30","2025-05-15","SFN,Loc","","0","0","0","90.38.010|90.38.110|90.38.120|90.38.130"
"5305","Salmon recovery accelerator","Concerning the new environmental accelerator for salmon recovery and ecological resiliency projects.","","5305","SB 5305","COMMITTEE","AGNR","true","S","First reading, referred to Agriculture & Natural Resources.","1","Muzzall","2025-01-16","2025-01-16","SFN","","0","0","0","43.42|43.42.030|44.28"
"5309","Motorcycles/weight fees","Concerning motor vehicle weight fees applicable to motorcycles.","","5309","SB 5309","COMMITTEE","TRAN","true","S","First reading, referred to Transportation.","1","Cortes","2025-01-16","2025-01-16","SFN,Loc","","0","0","0",""
"5310","Child care subsidy rates","Concerning child care subsidy rates.","","5310","SB 5310","COMMITTEE","WM","true","S","First reading, referred to Ways & Means.","1","Braun","2025-01-16","2025-01-16","SFN","","0","0","0",""
"5311","Cash & food assistance/work","Increasing work participation rates for able-bodied working-age adults receiving cash and food assistance.","","5311","SB 5311","COMMITTEE","HS","true","S","First reading, referred to Human Services.","1","Braun","2025-01-16","2025-01-16","SFN","","0","0","0","74.08.025|74.08a.120|74.08a.260"
"5312","Net nanny operations","Concerning net nanny operations involving fictitious minors.","","5312","SB 5312","COMMITTEE","L&J","true","S","First reading, referred to Law & Justice.","1","Wellman","2025-01-16","2025-01-16","SFN,Loc","","0","0","0","9.94a.507|9a.44.140"
"5313","Rental agreement provisions","Adding to the list of provisions prohibited from rental agreements.","ESB 5313","5313","SB 5313","FLOOR","","","S","","0","Pedersen","2025-01-16","","","","0","0","0",""
"5313","Rental agreement provisions","Adding to the list of provisions prohibited from rental agreements.","ESB 5313","5313","ESB 5313","ENACTED","","","","Effective date 7/27/2025.","1","Pedersen","2025-01-16","2025-05-07","","","0","0","0",""
"5314","Capital gains tax","Modifying the capital gains tax.","SSB 5314","5314","SSB 5314","ENACTED","","","","Effective date 7/27/2025*.","1","Stanford","2025-02-18","2025-05-20","","D","0","0","0","82.04.4497|82.32.050|82.32.060|82.32.090|82.87|82.87.020|82.87.050|82.87.070|82.87.080|82.87.100|82.87.110|82.87.120|82.87.150"
"5316","Unclaimed property","Modifying provisions of the revised uniform unclaimed property act.","","5316","SSB 5316","OTHER","","","S","","0","Harris","2025-02-06","","SFN","D","0","0","0","18.39.370|63.3|63.30.010|63.30.040|63.30.050|63.30.090|63.30.120|63.30.230|63.30.240|63.30.280|63.30.300|63.30.330|63.30.340|63.30.360|63.30.410|63.30.420|63.30.460|63.30.550|63.30.650|63.30.670|63.30.680|63.30.690|63.30.730|63.30.740|63.30.790|63.30.820"
"5317","EFSEC/services by local gov.","Exempting local governments providing certain services for projects under the jurisdiction of the energy facility siting evaluation council from certain appeals.","SB 5317","5317","SB 5317","ENACTED","","","","Effective date 7/27/2025.","1","Goehner","2025-01-16","2025-05-12","SFN,Loc","","0","0","0",""
"5321","Postsecondary/med. abortion","Concerning access at public postsecondary educational institutions to medication abortion.","","5321","SB 5321","COMMITTEE","WM","false","S","Referred to Ways & Means.","1","Nobles","2025-01-17","2025-01-31","SFN","","0","0","0",""
"5321","Postsecondary/med. abortion","Concerning access at public postsecondary educational institutions to medication abortion.","","5321","SSB 5321","COMMITTEE","WM","false","S","Referred to Ways & Means.","1","Nobles","2025-01-30","2025-01-31","SFN","","0","0","0",""
"5322","Burrowing shrimp","Addressing the impacts of burrowing shrimp on bottom culture shellfish farming through integrated pest management research.","","5322","SSB 5322","COMMITTEE","WM","false","S","Referred to Ways & Means.","1","Chapman","2025-02-20","2025-02-21","SFN","","0","0","0",""
"5323","Theft from first responders","Concerning the penalties for theft and possession of stolen property from first responders.","SSB 5323","5323","SB 5323","SUBSTITUTED","","","S","1st substitute bill substituted.","0","Warnick","2025-01-17","2025-02-12","SFN,Loc","","0","0","0","9a.56.030|9a.56.150"
"5323","Theft from first responders","Concerning the penalties for theft and possession of stolen property from first responders.","SSB 5323","5323","SSB 5323","ENACTED","","","","Effective date 7/27/2025.","1","Warnick","2025-01-30","2025-05-15","SFN,Loc","","0","0","0","9a.56.030|9a.56.150"
"5324","Prior auth. APIs/health","Aligning the implementation of application programming interfaces for prior authorization with federal guidelines.","","5324","SSB 5324","RULES","","","S","Senate Rules ""X"" file.","1","Cleveland","2025-02-11","2025-03-17","SFN","","0","0","0","41.05.845|48.43.830|74.09.840"
"5325","State cactus","Designating the state cactus.","","5325","SB 5325","RULES","","","S","By resolution, returned to Senate Rules Committee for third reading.","1","Warnick","2025-01-17","2025-04-27","","","0","0","0",""
"5326","Insulin emergency supply","Accessing an emergency supply of insulin.","","5326","SB 5326","COMMITTEE","WM","false","S","Referred to Ways & Means.","1","Cleveland","2025-01-17","2025-02-14","SFN","","0","0","0",""
"5327","Learning standards","Concerning learning standards and graduation requirements.","","5327","SB 5327","SUBSTITUTED","","","S","1st substitute bill substituted.","0","Wellman","2025-01-17","2025-03-05","SFN","","0","0","0",""
"5327","Learning standards","Concerning learning standards and graduation requirements.","","5327","SSB 5327","RULES","","","S","By resolution, returned to Senate Rules Committee for third reading.","1","Wellman","2025-02-11","2025-04-27","SFN","","0","0","0","28a.300.468|28a.655.070"
"5328","Earned wage access services","Concerning the regulation of earned wage access services.","","5328","SSB 5328","RULES","","","S","By resolution, returned to Senate Rules Committee for third reading.","1","Lovick","2025-02-19","2025-04-27","SFN","","0","0","0","31.04.015|31.04.025"
"5329","Smoke detector installation","Concerning enforcement of laws regulating the installation of smoke detection devices.","","5329","SB 5329","COMMITTEE","HSG","true","S","First reading, referred to Housing.","1","Liias","2025-01-17","2025-01-17","SFN,Loc","","0","0","0",""
"5330","Spiked drink testing","Protecting consumers from spiked drinks.","","5330","SB 5330","RULES","","","S","Senate Rules ""X"" file.","1","Dhingra","2025-01-17","2025-03-17","SFN","","0","0","0",""
"5330","Spiked drink testing","Protecting consumers from spiked drinks.","","5330","SSB 5330","RULES","","","S","Senate Rules ""X"" file.","1","Dhingra","2025-02-14","2025-03-17","SFN","","0","0","0",""
"5331","Insurance code violations","Strengthening consumer protection through increased insurer accountability for violations of the insurance code.","","5331","SSB 5331","RULES","","","S","By resolution, returned to Senate Rules Committee for third reading.","1","Cortes","2025-02-19","2025-04-27","SFN","O","0","0","0","48.02.080|48.05.185"
"5332","Mobile dwellings","Concerning mobile dwellings.","","5332","SSB 5332","COMMITTEE","WM","false","S","Referred to Ways & Means.","1","Shewmake","2025-01-31","2025-02-03","SFN,Loc","","0","0","0","36.70a|64.32|64.34|64.38|64.9"
"5335","Rural nursing education","Establishing the rural nursing education program.","","5335","SB 5335","COMMITTEE","WM","false","S","Referred to Ways & Means.","1","Slatter","2025-01-17","2025-02-05","SFN,Loc","","0","0","0",""
"5335","Rural nursing education","Establishing the rural nursing education program.","","5335","SSB 5335","COMMITTEE","WM","false","S","Referred to Ways & Means.","1","Slatter","2025-02-04","2025-02-05","SFN,Loc","","0","0","0",""
"5336","Isolated employees","Concerning protections for isolated employees.","","5336","SB 5336","RULES","","","S","Senate Rules ""X"" file.","1","Orwall","2025-01-17","2025-03-17","SFN","","0","0","0","49.6|49.60.515"
"5336","Isolated employees","Concerning protections for isolated employees.","","5336","SSB 5336","RULES","","","S","Senate Rules ""X"" file.","1","Orwall","2025-02-07","2025-03-17","SFN","","0","0","0","49.6|49.60.515"
"5337","Memory care services","Creating a certification for memory care services.","E2SSB 5337","5337","SB 5337","SUBSTITUTED","","","S","2nd substitute bill substituted.","0","Orwall","2025-01-17","2025-03-11","SFN","","0","0","0","18.2|18.20.020|18.20.190|18.20.300|18.20.320|18.20.525"
"5337","Memory care services","Creating a certification for memory care services.","E2SSB 5337","5337","SSB 5337","SUBSTITUTED","","","S","2nd substitute bill substituted.","0","Orwall","2025-02-13","2025-03-11","SFN","","0","0","0","18.2|18.20.020|18.20.190|18.20.300|18.20.320|18.20.525"
"5337","Memory care services","Creating a certification for memory care services.","E2SSB 5337","5337","2SSB 5337","OTHER","","","S","","0","Orwall","2025-02-28","","SFN","","0","0","0","18.2|18.20.020|18.20.190|18.20.300|18.20.320|18.20.525"
"5337","Memory care services","Creating a certification for memory care services.","E2SSB 5337","5337","E2SSB 5337","ENACTED","","","","Effective date 7/27/2025.","1","Orwall","2025-02-28","2025-04-30","SFN","","0","0","0","18.2|18.20.020|18.20.190|18.20.300|18.20.320|18.20.525"
"5338","Veterans affairs adv. comm.","Concerning the veterans affairs advisory committee.","","5338","SSB 5338","RULES","","","S","By resolution, returned to Senate Rules Committee for third reading.","1","Nobles","2025-02-07","2025-04-27","","D","0","0","0",""
"5339","Minimum wage increases","Linking increases in the minimum wage to the federal minimum wage.","","5339","SB 5339","COMMITTEE","L&C","true","S","First reading, referred to Labor & Commerce.","1","Fortunato","2025-01-17","2025-01-17","","","0","0","0","49.46.020|49.46.120|49.46.820"
"5340","Sales tax exemptions","Exempting permanently from sales and use tax bottled water, prepared food, and clothing.","","5340","SB 5340","COMMITTEE","WM","true","S","First reading, referred to Ways & Means.","1","Fortunato","2025-01-17","2025-01-17","SFN,Loc","","0","0","0","82.08|82.08.0293|82.12"
"5341","Children's product sales tax","Exempting permanently from the sales and use tax purchases of products for young children.","","5341","SB 5341","COMMITTEE","WM","true","S","First reading, referred to Ways & Means.","1","Fortunato","2025-01-17","2025-01-17","SFN,Loc","","0","0","0","82.08|82.12"
"5342","Legislators/state facilities","Providing access for legislators to facilities owned and operated by the state.","","5342","SB 5342","COMMITTEE","WM","false","S","Referred to Ways & Means.","1","Christian","2025-01-17","2025-02-06","SFN","","0","0","0",""
"5342","Legislators/state facilities","Providing access for legislators to facilities owned and operated by the state.","","5342","SSB 5342","COMMITTEE","WM","false","S","Referred to Ways & Means.","1","Christian","2025-02-05","2025-02-06","SFN","","0","0","0",""
"5343","NE WA wolf-livestock account","Concerning the northeast Washington wolf-livestock management account.","SB 5343","5343","SB 5343","ENACTED","","","","Effective date 7/27/2025.","1","Short","2025-01-17","2025-05-12","SFN,Loc","","0","0","0",""
"5344","Essential worker health care","Establishing the essential worker health care program.","","5344","SSB 5344","COMMITTEE","WM","false","S","Referred to Ways & Means.","1","Riccelli","2025-02-11","2025-02-12","SFN","","0","0","0","43.20a|48.02"
"5347","Organized retail theft","Concerning organized retail theft.","","5347","SB 5347","COMMITTEE","L&J","true","S","First reading, referred to Law & Justice.","1","Fortunato","2025-01-17","2025-01-17","","","0","0","0",""
"5348","Organized retail theft","Creating a sentencing enhancement for organized retail theft.","","5348","SB 5348","COMMITTEE","L&J","true","S","First reading, referred to Law & Justice.","1","Fortunato","2025-01-17","2025-01-17","","","0","0","0",""
"5349","Assault rifles/CPL holders","Exempting a concealed pistol license holder from the prohibition against importing firearms classified as assault rifles.","","5349","SB 5349","COMMITTEE","L&J","true","S","First reading, referred to Law & Justice.","1","Fortunato","2025-01-17","2025-01-17","","","0","0","0",""
"5350","Firearm background checks","Concerning background check system for firearms transfers.","","5350","SB 5350","COMMITTEE","L&J","true","S","First reading, referred to Law & Justice.","1","Fortunato","2025-01-17","2025-01-17","","","0","0","0","43.43.580|43.43.585|43.43.590|9.41.1135"
"5351","Dental insurance practices","Ensuring patient choice and access to care by prohibiting unfair and deceptive dental insurance practices.","SSB 5351","5351","SSB 5351","ENACTED","","","","Effective date 7/27/2025.","1","King","2025-02-21","2025-05-12","SFN","","0","0","0","48.43|48.43.743"
"5355","Higher education safety","Improving safety at institutions of higher education while supporting student survivors of sexual assault.","E2SSB 5355","5355","SB 5355","SUBSTITUTED","","","S","2nd substitute bill substituted.","0","Orwall","2025-01-20","2025-03-12","SFN","","0","0","0","28b.10.147|28b.112.040"
"5355","Higher education safety","Improving safety at institutions of higher education while supporting student survivors of sexual assault.","E2SSB 5355","5355","SSB 5355","SUBSTITUTED","","","S","2nd substitute bill substituted.","0","Orwall","2025-02-17","2025-03-12","SFN","","0","0","0","28b.10.147|28b.10.735|28b.112.040"
"5355","Higher education safety","Improving safety at institutions of higher education while supporting student survivors of sexual assault.","E2SSB 5355","5355","2SSB 5355","OTHER","","","S","","0","Orwall","2025-02-28","","SFN","","0","0","0","28b.10.735|28b.112|70.125.110"
"5355","Higher education safety","Improving safety at institutions of higher education while supporting student survivors of sexual assault.","E2SSB 5355","5355","E2SSB 5355","ENACTED","","","","Effective date 7/27/2025.","1","Orwall","2025-02-28","2025-04-22","SFN","","0","0","0","28b.10.735|28b.112|70.125.110"
"5356","Criminal justice trainings","Concerning training provided by the criminal justice training commission.","2SSB 5356","5356","SB 5356","SUBSTITUTED","","","S","2nd substitute bill substituted.","0","Orwall","2025-01-20","2025-03-04","SFN,Loc","","0","0","0","43.101.270|43.101.272|43.101.273|43.101.276"
"5356","Criminal justice trainings","Concerning training provided by the criminal justice training commission.","2SSB 5356","5356","SSB 5356","SUBSTITUTED","","","S","2nd substitute bill substituted.","0","Orwall","2025-02-06","2025-03-04","SFN,Loc","","0","0","0","43.101.270|43.101.272|43.101.273|43.101.276"
"5356","Criminal justice trainings","Concerning training provided by the criminal justice training commission.","2SSB 5356","5356","2SSB 5356","ENACTED","","","","Effective date 7/1/2026.","1","Orwall","2025-02-28","2025-04-22","SFN,Loc","","0","0","0","43.101.270|43.101.272|43.101.273|43.101.276"
"5357","Actuarial pension funding","Concerning actuarial funding of pension systems.","ESSB 5357","5357","SSB 5357","OTHER","","","S","","0","Conway","2025-02-27","","SFN","D","0","0","0","41.45|41.45.010|41.45.035|41.45.060|41.45.070|41.45.150"
"5357","Actuarial pension funding","Concerning actuarial funding of pension systems.","ESSB 5357","5357","ESSB 5357","ENACTED","","","","Effective date 7/1/2025.","1","Conway","2025-02-27","2025-05-20","SFN","D","0","0","0","41.45|41.45.010|41.45.035|41.45.060|41.45.070|41.45.150"
"5358","Career & tech. ed./6th grade","Concerning career and technical education in sixth grade.","2SSB 5358","5358","SSB 5358","SUBSTITUTED","","","S","2nd substitute bill substituted.","0","Braun","2025-02-12","2025-03-06","SFN","O","0","0","0","28a.150.260|28a.150.265"
"5358","Career & tech. ed./6th grade","Concerning career and technical education in sixth grade.","2SSB 5358","5358","2SSB 5358","ENACTED","","","","Effective date 7/27/2025.","1","Braun","2025-02-28","2025-04-22","SFN","O","0","0","0","28a.150.265|28a.700"
"5359","Clean energy development","Accelerating the development of clean energy.","","5359","SSB 5359","COMMITTEE","WM","false","S","Referred to Ways & Means.","1","Shewmake","2025-02-18","2025-02-19","SFN,Loc","D","0","0","0",""
"5360","Environmental crimes","Concerning environmental crimes.","","5360","SB 5360","SUBSTITUTED","","","S","1st substitute bill substituted.","0","Trudeau","2025-01-20","2025-03-04","SFN,Loc","","0","0","0","70a.15|70a.15.1030|70a.15.3150|70a.300|70a.300.010|70a.300.100|70a.300.110|9.94a.515|90.48|90.48.020|90.48.140"
"5360","Environmental crimes","Concerning environmental crimes.","","5360","SSB 5360","OTHER","","","S","","0","Trudeau","2025-02-07","","SFN,Loc","","0","0","0","70a.15|70a.15.1030|70a.15.3150|70a.300|70a.300.100|70a.300.110|9.94a.515|90.48|90.48.140"
"5360","Environmental crimes","Concerning environmental crimes.","","5360","ESSB 5360","RULES","","","S","By resolution, returned to Senate Rules Committee for third reading.","1","Trudeau","2025-02-07","2025-04-27","SFN,Loc","","0","0","0","70a.15|70a.15.1030|70a.15.3150|70a.300|70a.300.100|70a.300.110|9.94a.515|90.48|90.48.140"
"5362","Crime victim services","Concerning victims of crime act funding.","","5362","SSB 5362","COMMITTEE","WM","false","S","Referred to Ways & Means.","1","Dhingra","2025-02-06","2025-02-07","SFN","","0","0","0",""
"5365","Library funding alternate","Concerning alternate funding for libraries.","SSB 5365","5365","SB 5365","SUBSTITUTED","","","S","1st substitute bill substituted.","0","Wilson, J.","2025-01-20","2025-02-28","SFN,Loc","","0","0","0",""
"5365","Library funding alternate","Concerning alternate funding for libraries.","SSB 5365","5365","SSB 5365","ENACTED","","","","Effective date 7/27/2025.","1","Wilson, J.","2025-02-20","2025-05-13","SFN,Loc","","0","0","0",""
"5367","Law enf. community grants","Concerning grant programs fostering community engagement through law enforcement-community partnerships and immersion.","","5367","SB 5367","COMMITTEE","WM","false","S","Referred to Ways & Means.","1","Orwall","2025-01-20","2025-02-07","SFN,Loc","","0","0","0","43.33|43.330.545"
"5367","Law enf. community grants","Concerning grant programs fostering community engagement through law enforcement-community partnerships and immersion.","","5367","SSB 5367","COMMITTEE","WM","false","S","Referred to Ways & Means.","1","Orwall","2025-02-06","2025-02-07","SFN,Loc","","0","0","0","43.33|43.330.545"
"5368","Alcohol taxes and fees study","Studying taxes and fees related to alcohol.","","5368","SSB 5368","OTHER","","","S","","0","Chapman","2025-02-14","","SFN","","0","0","0",""
"5368","Alcohol taxes and fees study","Studying taxes and fees related to alcohol.","","5368","ESSB 5368","RULES","","","S","By resolution, returned to Senate Rules Committee for third reading.","1","Chapman","2025-02-14","2025-04-27","SFN","","0","0","0",""
"5369","Youth mental health/schools","Enhancing youth mental health and well-being through advanced training and expansion of the workforce in schools.","","5369","SSB 5369","COMMITTEE","WM","false","S","On motion, referred to Ways & Means.","1","Orwall","2025-02-13","2025-02-14","SFN","","0","0","0","28a.310|28a.310.235|28a.320.280|28a.410.044"
"5370","Port commissioner terms","Lengthening port commissioner terms.","SSB 5370","5370","SB 5370","SUBSTITUTED","","","S","1st substitute bill substituted.","0","Harris","2025-01-20","2025-02-26","SFN,Loc","","0","0","0",""
"5370","Port commissioner terms","Lengthening port commissioner terms.","SSB 5370","5370","SSB 5370","ENACTED","","","","Effective date 7/27/2025.","1","Harris","2025-02-06","2025-05-17","SFN,Loc","","0","0","0",""
"5374","Transportation/tribal rep.","Including tribal representation in certain transportation activities.","","5374","SB 5374","SUBSTITUTED","","","S","1st substitute bill substituted.","0","Kauffman","2025-01-20","2025-03-12","SFN,Loc","","0","0","0","36.70a.070|36.81.121|43.59|43.59.156"
"5374","Transportation/tribal rep.","Including tribal representation in certain transportation activities.","","5374","SSB 5374","RULES","","","S","By resolution, returned to Senate Rules Committee for third reading.","1","Kauffman","2025-02-13","2025-04-27","SFN,Loc","","0","0","0","36.70a.070|36.81.121|43.59|43.59.156"
"5377","Motor vehicle dealers","Concerning auto sales.","","5377","SB 5377","COMMITTEE","L&C","true","S","First reading, referred to Labor & Commerce.","1","Saldaña","2025-01-20","2025-01-20","SFN","","0","0","0",""
"5379","Parks & rec./interest arb.","Granting interest arbitration to certain parks and recreation commission employees.","","5379","SB 5379","COMMITTEE","L&C","true","S","First reading, referred to Labor & Commerce.","1","Stanford","2025-01-20","2025-01-20","SFN","","0","0","0",""
"5382","Ballot measure petitions","Concerning requirements pertaining to signatures and addresses of ballot measure petitioners and petition signature gatherers.","","5382","SB 5382","COMMITTEE","WM","false","S","Referred to Ways & Means.","1","Valdez","2025-01-21","2025-02-19","SFN,Loc","","0","0","0","29a.72|29a.72.110|29a.72.120|29a.72.130"
"5382","Ballot measure petitions","Concerning requirements pertaining to signatures and addresses of ballot measure petitioners and petition signature gatherers.","","5382","SSB 5382","COMMITTEE","WM","false","S","Referred to Ways & Means.","1","Valdez","2025-02-18","2025-02-19","SFN,Loc","","0","0","0","29a.72|29a.72.110|29a.72.120|29a.72.130"
"5383","Salmon recovery projects/tax","Providing a sales and use tax exemption for inputs required for salmon recovery projects.","","5383","SB 5383","COMMITTEE","WM","true","S","First reading, referred to Ways & Means.","1","Dozier","2025-01-21","2025-01-21","SFN,Loc","","0","0","0","82.08|82.12"
"5384","Riparian programs review","Conducting a review of Washington's riparian programs.","","5384","SB 5384","COMMITTEE","AGNR","true","S","First reading, referred to Agriculture & Natural Resources.","1","Dozier","2025-01-21","2025-01-21","SFN","","0","0","0",""
"5385","Timberland definition/REET","Amending the definition of timberland for purposes of determining the real estate excise tax for a governmental entity.","","5385","SSB 5385","COMMITTEE","WM","false","S","Referred to Ways & Means.","1","Chapman","2025-02-20","2025-02-21","SFN,Loc","D","0","0","0",""
"5387","Corp practice of health care","Concerning the corporate practice of health care.","","5387","SSB 5387","RULES","","","S","Senate Rules ""X"" file.","1","Robinson","2025-02-21","2025-03-17","SFN","","0","0","0","18.06|18.1|18.108|18.130.180|18.130.190|18.134|18.138|18.205|18.22|18.225|18.25|18.29|18.29|18.32|18.36a|18.46|18.5|18.51|18.53|18.55|18.57|18.59|18.64|18.71|18.71a|18.74|18.79|18.83|19.100.120|70.127|70.23|70.41|71.12"
"5387","Corp practice of health care","Concerning the corporate practice of health care.","","5387","2SSB 5387","RULES","","","S","Senate Rules ""X"" file.","1","Robinson","2025-02-28","2025-03-17","SFN","","0","0","0","18.06|18.1|18.108|18.130.180|18.130.190|18.134|18.138|18.205|18.22|18.225|18.25|18.29|18.29|18.32|18.36a|18.46|18.5|18.51|18.53|18.55|18.57|18.59|18.64|18.71|18.71a|18.74|18.79|18.83|19.100.120|48.44|48.46|70.127|70.23|70.41|71.12"
"5388","DOC behavioral health cert.","Concerning department of corrections behavioral health certification.","SSB 5388","5388","SB 5388","SUBSTITUTED","","","S","1st substitute bill substituted.","0","Dhingra","2025-01-21","2025-03-06","SFN","","0","0","0",""
"5388","DOC behavioral health cert.","Concerning department of corrections behavioral health certification.","SSB 5388","5388","SSB 5388","ENACTED","","","","Effective date 7/27/2025.","1","Dhingra","2025-02-27","2025-05-20","SFN","","0","0","0","72.09|9.94a.662"
"5389","Liquor revenue/local gov.","Restoring liquor sales revenue distributions to local governments.","","5389","SB 5389","COMMITTEE","WM","true","S","First reading, referred to Ways & Means.","1","Wagoner","2025-01-21","2025-01-21","SFN,Loc","","0","0","0","66.08.190|66.08.200|66.24.065"
"5390","Discover pass","Concerning the discover pass and distributions.","ESSB 5390","5390","SSB 5390","OTHER","","","S","","0","Stanford","2025-02-28","","SFN,Loc","","0","0","0","79a.05.065|79a.25|79a.80.020|79a.80.080|79a.80.090"
"5390","Discover pass","Concerning the discover pass and distributions. (REVISED FOR ENGROSSED: Concerning access to recreation sites or lands.)","ESSB 5390","5390","ESSB 5390","ENACTED","","","","Effective date 10/1/2025.","1","Stanford","2025-02-28","2025-05-17","SFN,Loc","","0","0","0","79a.05.065|79a.25|79a.80.020|79a.80.080|79a.80.090"
"5391","Sustainable farms grants","Concerning the sustainable farms and fields grant program.","SB 5391","5391","SB 5391","ENACTED","","","","Effective date 7/27/2025.","1","Shewmake","2025-01-21","2025-04-22","SFN","","0","0","0","89.08.615|89.08.620|89.08.630"
"5393","Rainier school","Closing the Rainier school by June 30, 2027.","SSB 5393","5393","SSB 5393","ENACTED","","","","Effective date 7/27/2025.","1","Robinson","2025-04-18","2025-05-20","SFN","D","0","0","0","43.382|71a.20|71a.20.020"
"5394","DDA no-paid services","Reducing the developmental disabilities administration's no-paid services caseload services.","SSB 5394","5394","SSB 5394","ENACTED","","","","Effective date 7/27/2025.","1","Robinson","2025-02-28","2025-05-17","SFN","D","0","0","0",""
"5395","Prior authorization/health","Making improvements to transparency and accountability in the prior authorization determination process.","","5395","SSB 5395","COMMITTEE","WM","false","S","Referred to Ways & Means.","1","Orwall","2025-02-21","2025-02-21","SFN","","0","0","0","41.05.845|48.43.0161|48.43.525|48.43.830|74.09.840"
"5396","FAA medical certificates","Supporting the continued employment of pilots applying for federal aviation administration medical certificates.","","5396","SB 5396","COMMITTEE","WM","false","S","Referred to Ways & Means.","1","Liias","2025-01-21","2025-02-21","SFN","","0","0","0","49.46|50a.05.010|50a.15.060"
"5396","FAA medical certificates","Supporting the continued employment of individuals applying for federal aviation administration medical certificates.","","5396","SSB 5396","COMMITTEE","WM","false","S","Referred to Ways & Means.","1","Liias","2025-02-21","2025-02-21","SFN","","0","0","0","49.46|50a.05.010|50a.15.060"
"5397","CTC faculty w/o tenure limit","Establishing limits on the percentage of courses taught by faculty without tenure track status at community and technical colleges.","","5397","SB 5397","COMMITTEE","HEWD","true","S","First reading, referred to Higher Education & Workforce Development.","1","Ramos","2025-01-21","2025-01-21","SFN","","0","0","0",""
"5398","Veterans w/ disabilities/tax","Concerning property tax exemptions for veterans with disabilities.","","5398","SB 5398","COMMITTEE","WM","true","S","First reading, referred to Ways & Means.","1","Conway","2025-01-21","2025-01-21","SFN","","0","0","0","35.13.256|52.18.090|52.26.270|82.29a.120|84.36|84.36.379|84.36.381|84.36.385|84.36.387|84.39.010|84.40.178|84.55.050"
"5399","Liquor licenses","Concerning liquor licenses.","","5399","SB 5399","COMMITTEE","WM","false","S","Referred to Ways & Means.","1","Schoesler","2025-01-21","2025-02-18","SFN","","0","0","0",""
"5400","Local news journalism","Supporting local news journalism.","","5400","SSB 5400","COMMITTEE","WM","false","S","Referred to Ways & Means.","1","Liias","2025-02-14","2025-02-18","SFN","","0","0","0",""
"5402","Financial aid eligibility","Modifying financial aid eligibility.","","5402","SSB 5402","COMMITTEE","WM","false","S","Referred to Ways & Means.","1","Hansen","2025-02-06","2025-02-07","","","0","0","0","28b.92|28b.92.205"
"5403","Direct cannabis sales","Allowing direct to consumer sales of certain cannabis products.","ESSB 5403","5403","SB 5403","SUBSTITUTED","","","S","1st substitute bill substituted.","0","Saldaña","2025-01-21","2025-03-12","SFN","","0","0","0","69.5|69.50.325|69.50.535"
"5403","Direct cannabis sales","Supporting a sustainable cannabis industry.","ESSB 5403","5403","SSB 5403","OTHER","","","S","","0","Saldaña","2025-02-21","","SFN","","0","0","0",""
"5403","Direct cannabis sales","Supporting a sustainable cannabis industry. (REVISED FOR ENGROSSED: Limiting financial interest agreements for licensed cannabis retailers.)","ESSB 5403","5403","ESSB 5403","ENACTED","","","","Effective date 1/1/2026.","1","Saldaña","2025-02-21","2025-05-12","SFN","","0","0","0",""
"5405","Estate tax exclusion amount","Updating the inflation adjustment for the estate tax exclusion amount.","","5405","SB 5405","COMMITTEE","WM","true","S","First reading, referred to Ways & Means.","1","Schoesler","2025-01-21","2025-01-21","SFN","","0","0","0",""
"5406","EV charging/state expense","Concerning the purchase of power at state expense for electric vehicle charging stations.","","5406","SB 5406","COMMITTEE","STATE GOVERNMENT, TRIBAL AFFAIRS & ELECTIONS","true","S","First reading, referred to State Government, Tribal Affairs & Elections.","1","Schoesler","2025-01-21","2025-01-21","","","0","0","0",""
"5408","Wage and salary disclosures","Allowing for corrections to wage and salary disclosures.","SSB 5408","5408","SSB 5408","ENACTED","","","","Effective date 7/27/2025.","1","King","2025-02-07","2025-05-20","SFN","","0","0","0",""
"5409","DOC healthy env. pilot","Concerning a pilot program creating a healthier environment for correctional officers, department of corrections staff, and individuals within a correctional facility.","","5409","SB 5409","COMMITTEE","WM","false","S","Referred to Ways & Means.","1","Wilson, C.","2025-01-22","2025-02-13","SFN","","0","0","0",""
"5410","Veteran parking privileges","Concerning parking privileges for veterans.","","5410","SSB 5410","RULES","","","S","Senate Rules ""X"" file.","1","Braun","2025-02-06","2025-03-17","","","0","0","0","41.04.007|46.19|46.19.010|46.19.040"
"5411","Pilates studios, etc./tax","Concerning the tax treatment of pilates studios and gymnastics facilities.","","5411","SB 5411","COMMITTEE","WM","true","S","First reading, referred to Ways & Means.","1","Nobles","2025-01-22","2025-01-22","SFN,Loc","","0","0","0",""
"5412","Interfund loans/schools","Providing temporary interfund loans for school districts.","SSB 5412","5412","SB 5412","SUBSTITUTED","","","S","1st substitute bill substituted.","0","Robinson","2025-01-22","2025-03-11","SFN","","0","0","0","28a.315.221|28a.320|28a.320.330|28a.505.130"
"5412","Interfund loans/schools","Providing temporary interfund loans for school districts.","SSB 5412","5412","SSB 5412","ENACTED","","","","Effective date 7/27/2025.","1","Robinson","2025-02-12","2025-05-20","","","0","0","0","28a.315.221|28a.320|28a.320.330|28a.335.120|28a.335.130|28a.505.130"
"5413","Detached ADUs","Establishing limitations on detached accessory dwelling units outside urban growth areas.","","5413","SB 5413","COMMITTEE","HSG","true","S","First reading, referred to Housing.","1","Lovelett","2025-01-22","2025-01-22","","","0","0","0","36.70a|36.70a.696"
"5414","Social equity impact/audits","Requiring social equity impact analysis in performance audits and legislative public hearings thereon.","SB 5414","5414","SB 5414","ENACTED","","","","Effective date 7/27/2025.","1","Hasegawa","2025-01-22","2025-04-22","SFN","D","0","0","0",""
"5415","CBA financial feasibility","Concerning financial feasibility of collective bargaining agreements.","","5415","SB 5415","COMMITTEE","WM","true","S","First reading, referred to Ways & Means.","1","Gildon","2025-01-22","2025-01-22","","","0","0","0","41.56.028|41.56.029|41.56.473|41.56.500|41.56.510|41.56.515|41.59.105|41.80.010|47.64.170|74.39a.300|74.39a.530"
"5416","Child care providers","Increasing affordable child care options by reducing barriers for providers.","","5416","SB 5416","COMMITTEE","ELK12","true","S","First reading, referred to Early Learning & K-12 Education.","1","Gildon","2025-01-22","2025-01-22","","","0","0","0","26.44.272|36.70a.450|43.216.010|43.216.015|43.216.065|43.216.085|43.216.087|43.216.089|43.216.090|43.216.110|43.216.135|43.216.250|43.216.255|43.216.395|43.216.515|43.216.555|43.216.578|43.216.660|43.216.742|43.31.575"
"5418","Charter school contracts","Concerning charter school contracts.","","5418","SB 5418","SUBSTITUTED","","","S","1st substitute bill substituted.","0","Wellman","2025-01-22","2025-02-25","SFN","","0","0","0","28a.710.040|28a.710.160"
"5418","Charter school contracts","Concerning charter school contracts.","","5418","SSB 5418","RULES","","","S","By resolution, returned to Senate Rules Committee for third reading.","1","Wellman","2025-02-13","2025-04-27","","","0","0","0","28a.300.750|28a.710.040|28a.710.160"
"5419","Reports of fire losses","Modifying reports of fire losses.","SSB 5419","5419","SSB 5419","ENACTED","","","","Effective date 7/27/2025.","1","Lovick","2025-02-13","2025-05-12","SFN,Loc","O","0","0","0","42.56.400|48.05.320|48.50.040"
"5421","Small businesses/residential","Allowing small business establishments in residential zones.","","5421","SB 5421","COMMITTEE","LG","true","S","First reading, referred to Local Government.","1","Shewmake","2025-01-22","2025-01-22","SFN,Loc","","0","0","0","35.21|35a.21"
"5422","Collective bargaining/AI use","Allowing bargaining over matters related to certain uses of artificial intelligence.","","5422","SSB 5422","COMMITTEE","WM","false","S","Referred to Ways & Means.","1","Bateman","2025-02-21","2025-02-21","SFN,Loc","","0","0","0","41.56|41.56.021|41.8|41.80.040"
"5424","UW health sciences campus","Establishing a health sciences campus of the University of Washington.","","5424","SB 5424","COMMITTEE","HEWD","true","S","First reading, referred to Higher Education & Workforce Development.","1","Braun","2025-01-22","2025-01-22","SFN","","0","0","0",""
"5425","Energy independence act","Modernizing the energy independence act to avoid regulatory duplication and overlap with other laws.","","5425","SB 5425","COMMITTEE","EET","true","S","First reading, referred to Environment, Energy & Technology.","1","Boehnke","2025-01-22","2025-01-22","SFN,Loc","","0","0","0","19.285.010|19.285.020|19.285.040|19.285.045|19.285.050|19.285.060|19.285.070|19.285.080|19.29a.060|19.405.040"
"5426","Court alternatives/youth","Improving developmentally appropriate alternatives for youth outside the formal court process.","","5426","SSB 5426","COMMITTEE","WM","false","S","Referred to Ways & Means.","1","Wilson, C.","2025-02-05","2025-02-06","SFN,Loc","","0","0","0","13.06|13.06.010|13.06.030|13.06.040|13.4|13.40.020|13.40.080|2.56.032"
"5429","State building code council","Concerning membership in the state building code council.","","5429","SB 5429","COMMITTEE","LG","true","S","First reading, referred to Local Government.","1","Short","2025-01-22","2025-01-22","SFN,Loc","","0","0","0",""
"5430","Utility wildfire mitigation","Concerning approval of electric utility wildfire mitigation plans.","","5430","SSB 5430","RULES","","","S","Senate Rules ""X"" file.","1","Chapman","2025-02-14","2025-03-17","SFN,Loc","","0","0","0","80.24.010|80.28|80.28.440"
"5431","Tax and revenue laws","Modifying tax and revenue laws in a manner that is not estimated to affect state or local tax collections.","SSB 5431","5431","SB 5431","SUBSTITUTED","","","S","1st substitute bill substituted.","0","Schoesler","2025-01-22","2025-02-19","SFN,Loc","","0","0","0","36.21.015|43.06.400|82.08.050|82.08.986"
"5431","Tax and revenue laws","Modifying tax and revenue laws in a manner that is not estimated to affect state or local tax collections.","SSB 5431","5431","SSB 5431","ENACTED","","","","Effective date 7/27/2025.","1","Schoesler","2025-02-06","2025-05-20","SFN,Loc","","0","0","0","43.06.400|82.08.050|82.08.986"
"5432","License plate production","Addressing license plate production issues.","","5432","SB 5432","RULES","","","S","Senate Rules ""X"" file.","1","Liias","2025-01-22","2025-03-17","SFN","","0","0","0","46.16a.305|72.6"
"5432","License plate production","Addressing license plate production issues.","","5432","SSB 5432","RULES","","","S","Senate Rules ""X"" file.","1","Liias","2025-02-20","2025-03-17","","","0","0","0","46.16a.305|72.6"
"5433","DOC employee bargaining","Exempting exclusive bargaining representatives for department of corrections employees from certain provisions related to coalition bargaining.","","5433","SSB 5433","RULES","","","S","Senate Rules ""X"" file.","1","Ramos","2025-02-07","2025-03-17","SFN","","0","0","0",""
"5434","Gubernatorial emergencies","Establishing balanced legislative oversight of gubernatorial powers during a declared emergency.","","5434","SB 5434","RULES","","","S","Senate Rules ""X"" file.","1","Wagoner","2025-01-22","2025-03-17","SFN","","0","0","0","43.06.210|43.06.220"
"5434","Gubernatorial emergencies","Establishing balanced legislative oversight of gubernatorial powers during a declared emergency.","","5434","SSB 5434","RULES","","","S","Senate Rules ""X"" file.","1","Wagoner","2025-02-21","2025-03-17","","","0","0","0","43.06.210|43.06.220"
"5435","Collective bargaining reorg.","Reorganizing and adding subchapter headings to public employees' collective bargaining statutes.","SB 5435","5435","SB 5435","ENACTED","","","","Effective date 7/27/2025.","1","Ramos","2025-01-22","2025-05-16","SFN","","0","0","0","41.56.130|41.56.915"
"5436","Worship/access interference","Interfering with access to a place of religious worship.","","5436","SB 5436","SUBSTITUTED","","","S","1st substitute bill substituted.","0","Salomon","2025-01-22","2025-03-03","SFN,Loc","","0","0","0",""
"5436","Worship/access interference","Interfering with access to a place of religious worship.","","5436","SSB 5436","RULES","","","S","By resolution, returned to Senate Rules Committee for third reading.","1","Salomon","2025-02-13","2025-04-27","SFN,Loc","","0","0","0",""
"5439","Thermal coal divestment/SIB","Concerning divestment of funds under management by the state investment board from thermal coal.","","5439","SB 5439","COMMITTEE","WM","true","S","First reading, referred to Ways & Means.","1","Frame","2025-01-22","2025-01-22","","","0","0","0","43.21a|43.33a"
"5440","Single license plates","Allowing single license plates for certain vehicles.","","5440","SB 5440","COMMITTEE","TRAN","true","S","First reading, referred to Transportation.","1","MacEwen","2025-01-22","2025-01-22","SFN,Loc","","0","0","0","46.16a.200|46.17.200"
"5443","Fund-raising events","Concerning requirements for fund-raising events of bona fide charitable or nonprofit organizations.","","5443","SB 5443","COMMITTEE","BFST","true","S","First reading, referred to Business, Financial Services & Trade.","1","Cortes","2025-01-23","2025-01-23","","","0","0","0","9.46.0277|9.46.0315|9.46.0321|9.46.0323|9.46.0356"
"5444","Special license plates","Concerning special license plates and personalized license plates.","SSB 5444","5444","SSB 5444","ENACTED","","","","Effective date 7/27/2025*.","1","Cortes","2025-04-08","2025-05-20","SFN,Loc","","0","0","0","43.388.040|43.60a.140|44.04.300|46.04|46.17.210|46.17.220|46.18|46.18.060|46.18.200|46.68.420|46.68.425"
"5445","Local energy resilience","Encouraging utility investment in local energy resilience.","ESSB 5445","5445","SB 5445","SUBSTITUTED","","","S","1st substitute bill substituted.","0","Boehnke","2025-01-23","2025-03-11","SFN,Loc","","0","0","0",""
"5445","Local energy resilience","Encouraging utility investment in local energy resilience.","ESSB 5445","5445","SSB 5445","OTHER","","","S","","0","Boehnke","2025-02-21","","SFN,Loc","","0","0","0","19.285.040|43.21c|43.21f|84.34.020|84.34.070"
"5445","Local energy resilience","Encouraging utility investment in local energy resilience. (REVISED FOR ENGROSSED: Encouraging the development of distributed energy resources.)","ESSB 5445","5445","ESSB 5445","ENACTED","","","","Effective date 7/27/2025.","1","Boehnke","2025-02-21","2025-05-13","SFN,Loc","","0","0","0","19.285.040|43.21c|43.21f|84.34.020|84.34.070"
"5448","Dialysis/certificate of need","Exempting certain dialysis services from certificate of need requirements.","","5448","SB 5448","COMMITTEE","HLTC","true","S","First reading, referred to Health & Long-Term Care.","1","Cleveland","2025-01-23","2025-01-23","SFN","","0","0","0",""
"5450","Sewage-containing spills","Increasing transparency regarding sewage-containing spills.","","5450","SSB 5450","COMMITTEE","WM","false","S","Referred to Ways & Means.","1","Slatter","2025-02-18","2025-02-19","SFN,Loc","","0","0","0",""
"5452","Psychiatric pharmacists","Allowing board-certified psychiatric pharmacists to be licensed as agency-affiliated counselors.","","5452","SB 5452","COMMITTEE","HLTC","true","S","First reading, referred to Health & Long-Term Care.","1","Slatter","2025-01-23","2025-01-23","SFN","","0","0","0",""
"5455","Cancer research endowment","Concerning the administration of the Andy Hill cancer research endowment.","SB 5455","5455","SB 5455","ENACTED","","","","Effective date 7/27/2025.","1","Harris","2025-01-23","2025-05-02","SFN","","0","0","0","43.348.010|43.348.020|43.348.040|43.348.060|43.348.080"
"5459","Call center retention","Concerning call center retention.","ESSB 5459","5459","SB 5459","SUBSTITUTED","","","S","1st substitute bill substituted.","0","Stanford","2025-01-23","2025-03-03","SFN,Loc","","0","0","0","39.26|50"
"5459","Call center retention","Concerning call center retention.","ESSB 5459","5459","SSB 5459","OTHER","","","S","","0","Stanford","2025-02-14","","SFN,Loc","","0","0","0",""
"5459","Call center retention","Concerning call center retention.","ESSB 5459","5459","ESSB 5459","ENACTED","","","","Effective date 7/27/2025.","1","Stanford","2025-02-14","2025-04-22","SFN,Loc","","0","0","0",""
"5461","Intensive rural dev. areas","Concerning residential development in limited areas of more intensive rural development.","","5461","SB 5461","RULES","","","S","Senate Rules ""X"" file.","1","Lovelett","2025-01-23","2025-03-17","","","0","0","0",""
"5462","Vehicle inspection backlog","Addressing the current backlog of vehicle inspections.","SB 5462","5462","SB 5462","ENACTED","","","","Effective date 7/1/2026.","1","Braun","2025-01-23","2025-04-04","SFN,Loc","","0","0","0","46.09|46.12.560"
"5464","CDL federal standards","Promoting the better understanding of certain federal standards related to commercial driver's licenses.","","5464","SB 5464","RULES","","","S","Senate Rules ""X"" file.","1","King","2025-01-23","2025-03-17","SFN","","0","0","0",""
"5466","Electric transmission system","Improving reliability and capacity of the electric transmission system in Washington state.","","5466","SSB 5466","OTHER","","","S","","0","Shewmake","2025-02-18","","SFN,Loc","","0","0","0","43|43.21c|43.33|43.84.092|80.28"
"5466","Electric transmission system","Improving reliability and capacity of the electric transmission system in Washington state.","","5466","ESSB 5466","RULES","","","S","By resolution, returned to Senate Rules Committee for third reading.","1","Shewmake","2025-02-18","2025-04-27","SFN,Loc","","0","0","0","43|43.21c|43.33|43.84.092|80.28"
"5469","Rental housing market","Prohibiting algorithmic rent fixing and noncompete agreements in the rental housing market.","","5469","SB 5469","SUBSTITUTED","","","S","1st substitute bill substituted.","0","Salomon","2025-01-23","2025-03-12","SFN","","0","0","0",""
"5469","Rental housing market","Prohibiting algorithmic rent fixing and noncompete agreements in the rental housing market.","","5469","SSB 5469","RULES","","","S","By resolution, returned to Senate Rules Committee for third reading.","1","Salomon","2025-02-14","2025-04-27","SFN","","0","0","0",""
"5470","Detached ADUs","Establishing limitations on detached accessory dwelling units outside urban growth areas.","","5470","SB 5470","RULES","","","S","Senate Rules ""X"" file.","1","Goehner","2025-01-23","2025-03-17","SFN,Loc","","0","0","0","36.70a|36.70a.696"
"5470","Detached ADUs","Establishing limitations on detached accessory dwelling units outside urban growth areas.","","5470","SSB 5470","RULES","","","S","Senate Rules ""X"" file.","1","Goehner","2025-02-12","2025-03-17","SFN,Loc","","0","0","0","36.70a|36.70a.696"
"5471","Middle housing","Authorizing middle housing in unincorporated growth areas and unincorporated urban growth areas, certain limited areas of more intensive rural development, and fully contained communities.","","5471","SB 5471","FLOOR","","","S","","0","Goehner","2025-01-23","","SFN,Loc","","0","0","0","36.70a|36.70a.280|43.21c.495"
"5472","Farm holdings","Concerning farm holdings.","","5472","SB 5472","COMMITTEE","L&J","true","S","First reading, referred to Law & Justice.","1","Wagoner","2025-01-23","2025-01-23","","","0","0","0",""
"5473","Law enforcement arbitration","Concerning law enforcement personnel grievance arbitration procedures.","SB 5473","5473","SB 5473","ENACTED","","","","Effective date 7/27/2025.","1","Conway","2025-01-24","2025-04-30","SFN,Loc","","0","0","0",""
"5474","Organic, etc. agriculture","Expanding opportunities for organic, regenerative, climate-smart, and sustainable producers.","","5474","SSB 5474","COMMITTEE","WM","false","S","Referred to Ways & Means.","1","Liias","2025-02-20","2025-02-21","SFN","","0","0","0","15.86|15.86.070"
"5475","Salmon recovery maintenance","Concerning maintenance for salmon recovery projects.","","5475","SB 5475","COMMITTEE","LG","true","S","First reading, referred to Local Government.","1","Dozier","2025-01-24","2025-01-24","SFN","","0","0","0","77.85|77.85.130"
"5478","Authorized PEBB benefits","Concerning benefits authorized to be offered by the public employees' benefits board.","SB 5478","5478","SB 5478","ENACTED","","","","Effective date 7/27/2025.","1","Bateman","2025-01-24","2025-05-17","SFN","O","0","0","0",""
"5480","Medical debt","Protecting consumers by removing barriers created by medical debt.","ESSB 5480","5480","SSB 5480","OTHER","","","S","","0","Riccelli","2025-02-06","","SFN,Loc","","0","0","0","19.16.100|19.16.250|19.182.040|70.41.400|70.54|70.54.005"
"5480","Medical debt","Protecting consumers by removing barriers created by medical debt.","ESSB 5480","5480","ESSB 5480","ENACTED","","","","Effective date 7/27/2025.","1","Riccelli","2025-02-06","2025-04-22","SFN,Loc","","0","0","0","19.16.100|19.16.250|19.182.040|70.41.400|70.54|70.54.005"
"5481","Behavioral health/schools","Providing access to behavioral health services to children using licensed clinicians colocated within the school.","","5481","SB 5481","COMMITTEE","HLTC","false","S","Referred to Health & Long-Term Care.","1","Wilson, J.","2025-01-24","2025-01-29","SFN","","0","0","0",""
"5482","Use of dogs to hunt","Concerning the use of dogs to hunt black bear, cougar, or bobcat.","","5482","SB 5482","COMMITTEE","AGNR","true","S","First reading, referred to Agriculture & Natural Resources.","1","Liias","2025-01-24","2025-01-24","SFN,Loc","","0","0","0",""
"5483","History & heritage education","Preserving history and heritage education.","","5483","SB 5483","COMMITTEE","ELK12","true","S","First reading, referred to Early Learning & K-12 Education.","1","McCune","2025-01-24","2025-01-24","","","0","0","0",""
"5484","Tow truck payments/indigent","Concerning payments to tow truck operators for the release of vehicles to indigent persons.","","5484","SSB 5484","OTHER","","","S","","0","Chapman","2025-02-25","","","","0","0","0","46.55|46.55.115|46.55.120"
"5484","Tow truck payments/indigent","Concerning payments to tow truck operators for the release of vehicles to indigent persons.","","5484","ESSB 5484","RULES","","","S","By resolution, returned to Senate Rules Committee for third reading.","1","Chapman","2025-02-25","2025-04-27","","","0","0","0","46.55|46.55.115|46.55.120"
"5485","Livestock identification","Concerning livestock identification.","SB 5485","5485","SB 5485","ENACTED","","","","Effective date 7/27/2025.","1","Warnick","2025-01-24","2025-05-15","SFN","","0","0","0",""
"5486","Motion picture captioning","Concerning open motion picture captioning in motion picture theaters.","ESSB 5486","5486","SB 5486","SUBSTITUTED","","","S","1st substitute bill substituted.","0","Orwall","2025-01-24","2025-03-11","SFN","","0","0","0",""
"5486","Motion picture captioning","Concerning open motion picture captioning in motion picture theaters.","ESSB 5486","5486","SSB 5486","OTHER","","","S","","0","Orwall","2025-02-06","","SFN","","0","0","0",""
"5486","Motion picture captioning","Concerning open motion picture captioning in motion picture theaters.","ESSB 5486","5486","ESSB 5486","ENACTED","","","","Effective date 1/1/2026.","1","Orwall","2025-02-06","2025-05-19","SFN","","0","0","0",""
"5488","DCYF/financial stability","Strengthening the financial stability of persons in the care of the department of children, youth, and families.","","5488","SSB 5488","RULES","","","S","Senate Rules ""X"" file.","1","Alvarado","2025-02-05","2025-03-17","SFN","","0","0","0","43.216|74.13.060"
"5489","State sandstone","Establishing a state sandstone.","","5489","SB 5489","COMMITTEE","STATE GOVERNMENT, TRIBAL AFFAIRS & ELECTIONS","true","S","First reading, referred to State Government, Tribal Affairs & Elections.","1","Fortunato","2025-01-24","2025-01-24","","","0","0","0",""
"5490","Jail searches/gender","Providing parameters for conducting searches of transgender and intersex individuals confined in a local jail in compliance with federal law.","","5490","SSB 5490","RULES","","","S","By resolution, returned to Senate Rules Committee for third reading.","1","Dhingra","2025-02-17","2025-04-27","","","0","0","0","10.79.100|70.48"
"5491","Prescribed fire claims","Establishing a prescribed fire claims fund pilot program.","","5491","SSB 5491","COMMITTEE","WM","false","S","Referred to Ways & Means.","1","Warnick","2025-02-20","2025-02-21","SFN","","0","0","0","4.92.220|76.04"
"5492","Tourism promotion","Concerning sustainable state tourism promotion.","SSB 5492","5492","SSB 5492","ENACTED","","","","Effective date 7/27/2025.","1","Riccelli","2025-02-05","2025-04-30","SFN","","0","0","0","43.384.030|43.384.050"
"5493","Hospital price transparency","Concerning hospital price transparency.","SSB 5493","5493","SB 5493","SUBSTITUTED","","","S","1st substitute bill substituted.","0","Riccelli","2025-01-24","2025-03-11","SFN,Loc","","0","0","0","70|70.01.030|70.41.130|70.41.250"
"5493","Hospital price transparency","Concerning hospital price transparency.","SSB 5493","5493","SSB 5493","ENACTED","","","","Effective date 7/27/2025.","1","Riccelli","2025-02-18","2025-04-22","SFN,Loc","","0","0","0",""
"5494","Lead-based paint","Protecting Washington communities from lead-based paint.","SSB 5494","5494","SB 5494","SUBSTITUTED","","","S","1st substitute bill substituted.","0","Kauffman","2025-01-27","2025-03-07","SFN,Loc","D","0","0","0","70a.420|70a.420.010|70a.420.020|70a.420.030|70a.420.040|70a.420.050|70a.420.060|70a.420.070|70a.420.080|70a.420.090"
"5494","Lead-based paint","Protecting Washington communities from lead-based paint.","SSB 5494","5494","SSB 5494","ENACTED","","","","Effective date 7/27/2025.","1","Kauffman","2025-02-28","2025-04-29","SFN,Loc","D","0","0","0","70a.420|70a.420.010|70a.420.020|70a.420.030|70a.420.040|70a.420.050|70a.420.060|70a.420.070|70a.420.080|70a.420.090"
"5495","Life insurance/suicide limit","Adjusting a limitation of liability in life insurance policies.","","5495","SB 5495","COMMITTEE","BFST","true","S","First reading, referred to Business, Financial Services & Trade.","1","Saldaña","2025-01-27","2025-01-27","SFN","","0","0","0","48.23.260|48.34.090"
"5496","Home buying by entities","Preserving homeownership options by limiting excessive home buying by certain entities.","","5496","SSB 5496","RULES","","","S","Senate Rules ""X"" file.","1","Alvarado","2025-02-12","2025-03-17","SFN","","0","0","0","19|19.86.140"
"5496","Home buying by entities","Preserving homeownership options by limiting excessive home buying by certain entities.","","5496","2SSB 5496","RULES","","","S","Senate Rules ""X"" file.","1","Alvarado","2025-02-28","2025-03-17","SFN","","0","0","0","19|19.86.140"
"5499","DOC body scanner program","Codifying the body scanner program at the department of corrections.","","5499","SB 5499","COMMITTEE","WM","false","S","Referred to Ways & Means.","1","Christian","2025-01-27","2025-02-13","SFN","","0","0","0",""
"5500","Child care reimburse. rates","Modernizing reimbursement rates for the working connections child care program.","","5500","SSB 5500","RULES","","","S","Senate Rules ""X"" file.","1","Alvarado","2025-02-12","2025-03-17","SFN","","0","0","0",""
"5501","Employee driving requirement","Concerning employer requirements for driving.","SSB 5501","5501","SB 5501","SUBSTITUTED","","","S","1st substitute bill substituted.","0","Stanford","2025-01-27","2025-02-26","SFN","","0","0","0","49.58|49.58.090"
"5501","Employee driving requirement","Concerning employer requirements for driving.","SSB 5501","5501","SSB 5501","ENACTED","","","","Effective date 7/27/2025.","1","Stanford","2025-02-14","2025-04-22","SFN","","0","0","0","49.58|49.58.090"
"5502","Recycling & waste reduction","Concerning recycling and waste reduction.","","5502","SSB 5502","RULES","","","S","Senate Rules ""X"" file.","1","Robinson","2025-02-14","2025-03-17","SFN","","0","0","0","70a|82.04|82.19.050"
"5502","Recycling & waste reduction","Concerning recycling and waste reduction.","","5502","2SSB 5502","RULES","","","S","Senate Rules ""X"" file.","1","Robinson","2025-02-27","2025-03-17","SFN","","0","0","0","43.21b.110|43.21b.300|70a|70a.245.100|82.04|82.19.050"
"5503","Public employee bargaining","Concerning public employee collective bargaining processes.","SSB 5503","5503","SB 5503","SUBSTITUTED","","","S","1st substitute bill substituted.","0","Valdez","2025-01-27","2025-03-04","SFN,Loc","","0","0","0","41.56.050|41.58|49.36"
"5503","Public employee bargaining","Concerning public employee collective bargaining processes.","SSB 5503","5503","SSB 5503","ENACTED","","","","Effective date 7/27/2025.","1","Valdez","2025-02-21","2025-05-20","SFN,Loc","","0","0","0","41.56.050|41.58|41.80.200|47.64.170|49.36"
"5504","Complex care serv./children","Supporting caregivers who provide complex care services to children with heightened medical needs.","","5504","SSB 5504","COMMITTEE","WM","false","S","Referred to Ways & Means.","1","Chapman","2025-02-21","2025-02-21","SFN","","0","0","0",""
"5506","Residential private schools","Extending the effective date of licensing living accommodations for residential private schools.","SB 5506","5506","SB 5506","ENACTED","","","","Effective date 5/13/2025.","1","Christian","2025-01-27","2025-05-13","SFN","","0","0","0",""
"5508","Child welfare housing assist","Concerning the child welfare housing assistance program.","","5508","SSB 5508","COMMITTEE","WM","false","S","Referred to Ways & Means.","1","Krishnadasan","2025-02-12","2025-02-13","SFN","","0","0","0",""
"5509","Child care center siting","Concerning the siting of child care centers.","ESSB 5509","5509","SSB 5509","OTHER","","","S","","0","Alvarado","2025-02-13","","SFN,Loc","","0","0","0","35.21|35a.21"
"5509","Child care center siting","Concerning the siting of child care centers.","ESSB 5509","5509","ESSB 5509","ENACTED","","","","Effective date 7/27/2025.","1","Alvarado","2025-02-13","2025-05-13","SFN,Loc","","0","0","0","35.21|35a.21"
"5510","Conservation district limits","Concerning conservation district revenue limitations.","","5510","SSB 5510","RULES","","","S","Senate Rules ""X"" file.","1","Shewmake","2025-02-13","2025-03-17","","","0","0","0",""
"5511","Low-proof alcohol beverages","Regarding low-proof alcoholic beverages.","","5511","SB 5511","COMMITTEE","L&C","true","S","First reading, referred to Labor & Commerce.","1","King","2025-01-27","2025-01-27","SFN","","0","0","0","66.04.010|66.24|66.24.055|66.24.630|82.08.150"
"5512","House-banked card rooms","Allowing for the use of centralized surveillance systems by house-banked card rooms.","","5512","SB 5512","COMMITTEE","BFST","true","S","First reading, referred to Business, Financial Services & Trade.","1","Boehnke","2025-01-27","2025-01-27","","","0","0","0",""
"5514","Clean buildings standard","Increasing compliance pathways for the clean buildings performance standard.","","5514","SSB 5514","RULES","","","S","Senate Rules ""X"" file.","1","Shewmake","2025-02-18","2025-03-17","SFN,Loc","D","0","0","0","19.27a.140|19.27a.170|19.27a.200|19.27a.210|19.27a.220|19.27a.250"
"5516","Community centers/prop. tax","Modifying the property tax exemption for community centers.","SSB 5516","5516","SB 5516","SUBSTITUTED","","","S","1st substitute bill substituted.","0","Conway","2025-01-27","2025-03-03","SFN,Loc","","0","0","0",""
"5516","Community centers/prop. tax","Modifying the property tax exemption for community centers.","SSB 5516","5516","SSB 5516","ENACTED","","","","Effective date 7/27/2025.","1","Conway","2025-02-13","2025-05-17","SFN,Loc","","0","0","0",""
"5518","Sales tax sourcing impact","Authorizing funding tools to mitigate the impact of sales tax sourcing in certain cities that host industrial and warehousing industries.","","5518","SB 5518","COMMITTEE","WM","true","S","First reading, referred to Ways & Means.","1","Kauffman","2025-01-27","2025-01-27","SFN,Loc","","0","0","0",""
"5520","Wrongly convicted persons","Concerning the wrongly convicted persons act.","","5520","SB 5520","COMMITTEE","L&J","true","S","First reading, referred to Law & Justice.","1","Orwall","2025-01-27","2025-01-27","SFN,Loc","","0","0","0","28b.15.395|4.1|4.100.020|4.100.030|4.100.040|4.100.050|4.100.060|4.100.070|4.100.080|4.100.090"
"5522","State capitol campus","Concerning the state capitol campus.","","5522","SB 5522","COMMITTEE","WM","false","S","Referred to Ways & Means.","1","Krishnadasan","2025-01-27","2025-02-13","SFN","G","0","0","0","43.34|43.34.010|43.34.015|43.34.040|43.34.080|43.34.090"
"5522","State capitol campus","Concerning the state capitol campus.","","5522","SSB 5522","COMMITTEE","WM","false","S","Referred to Ways & Means.","1","Krishnadasan","2025-02-11","2025-02-13","","G","0","0","0","43.34|43.34.010|43.34.015|43.34.040|43.34.080|43.34.090"
"5523","Higher ed. gov./students","Concerning the role of students on the governing boards of institutions of higher education.","","5523","SSB 5523","RULES","","","S","Senate Rules ""X"" file.","1","Riccelli","2025-02-17","2025-03-17","SFN","","0","0","0","28b.20|28b.30|28b.35|28b.40|28b.50|28b.50.100|28b.50.102"
"5524","Donate life license plate","Creating the donate life special license plate.","","5524","SB 5524","COMMITTEE","TRAN","true","S","First reading, referred to Transportation.","1","Goehner","2025-01-27","2025-01-27","SFN,Loc","","0","0","0","46.04|46.17.220|46.18.200|46.68.420"
"5525","Layoffs","Concerning employment loss due to businesses closing or mass layoffs.","ESSB 5525","5525","SB 5525","SUBSTITUTED","","","S","1st substitute bill substituted.","0","Cleveland","2025-01-27","2025-03-04","SFN","","0","0","0",""
"5525","Layoffs","Concerning employment loss due to businesses closing or mass layoffs.","ESSB 5525","5525","SSB 5525","OTHER","","","S","","0","Cleveland","2025-02-14","","SFN","","0","0","0",""
"5525","Layoffs","Concerning employment loss due to businesses closing or mass layoffs.","ESSB 5525","5525","ESSB 5525","ENACTED","","","","Effective date 7/27/2025.","1","Cleveland","2025-02-14","2025-05-13","SFN","","0","0","0",""
"5526","Tobacco, nicotine, & vapor","Concerning the regulation of tobacco products, alternative nicotine products, and vapor products.","","5526","SB 5526","COMMITTEE","L&C","true","S","First reading, referred to Labor & Commerce.","1","Liias","2025-01-27","2025-01-27","SFN","","0","0","0","26.28.080|70.155.010|70.155.090|70.155.100|70.345|70.345.010|70.345.030|82.25.030|82.25.095|82.26.010|82.26.020|82.26.060|82.26.190|82.26.200|82.26.240"
"5528","Transp. electrification","Concerning the installation of transportation electrification infrastructure.","SSB 5528","5528","SB 5528","SUBSTITUTED","","","S","1st substitute bill substituted.","0","Liias","2025-01-27","2025-02-26","SFN","","0","0","0",""
"5528","Transp. electrification","Concerning the installation of transportation electrification infrastructure.","SSB 5528","5528","SSB 5528","ENACTED","","","","Effective date 1/1/2026.","1","Liias","2025-02-11","2025-05-12","SFN","","0","0","0","19.28|19.28.211"
"5529","ADU tax exemptions","Amending the county population threshold for counties that may exempt from taxation the value of accessory dwelling units to incentivize rental to low-income households.","ESB 5529","5529","SB 5529","FLOOR","","","S","","0","Gildon","2025-01-27","","SFN,Loc","","0","0","0",""
"5529","ADU tax exemptions","Amending the county population threshold for counties that may exempt from taxation the value of accessory dwelling units to incentivize rental to low-income households.","ESB 5529","5529","ESB 5529","ENACTED","","","","Effective date 7/27/2025.","1","Gildon","2025-01-27","2025-05-07","SFN,Loc","","0","0","0",""
"5530","Penalties/certain offenses","Concerning penalty increases for certain offenses.","","5530","SB 5530","COMMITTEE","L&J","true","S","First reading, referred to Law & Justice.","1","Fortunato","2025-01-28","2025-01-28","","","0","0","0","69.50.401|69.50.4013|9.94a.533|9a.56.050"
"5532","Child abuse & DV/standards","Establishing standards for civil proceedings and unprofessional conduct involving child abuse and domestic violence.","","5532","SB 5532","COMMITTEE","L&J","true","S","First reading, referred to Law & Justice.","1","Fortunato","2025-01-28","2025-01-28","","","0","0","0","13.34.102|18.130.180|2.56|26.09|26.09.004|26.09.191|26.09.197"
"5533","Domestic violence/custody","Concerning the custody of a child when a parent has a history of domestic violence.","","5533","SB 5533","COMMITTEE","L&J","true","S","First reading, referred to Law & Justice.","1","Fortunato","2025-01-28","2025-01-28","","","0","0","0",""
"5534","Spring blade knives","Concerning spring blade knives.","","5534","SB 5534","SUBSTITUTED","","","S","1st substitute bill substituted.","0","Fortunato","2025-01-28","2025-03-12","SFN,Loc","","0","0","0","10.31.100|43.216.760|9.41.250|9.41.251|9.41.280|9.41.282|9.41.300"
"5534","Spring blade knives","Concerning spring blade knives.","","5534","SSB 5534","RULES","","","S","By resolution, returned to Senate Rules Committee for third reading.","1","Fortunato","2025-02-13","2025-04-27","SFN,Loc","","0","0","0","10.31.100|43.216.760|9.41.250|9.41.251|9.41.280|9.41.282|9.41.300"
"5535","Firearms/individual right","Concerning rights of individuals to bear arms.","","5535","SB 5535","COMMITTEE","L&J","true","S","First reading, referred to Law & Justice.","1","Fortunato","2025-01-28","2025-01-28","","","0","0","0","7.48.330|9.41.010|9.41.390|9.41.395"
"5536","Property distrib./divorce","Concerning the just and equitable distribution of real property and liabilities in the dissolution of marriage or domestic partnerships.","","5536","SB 5536","RULES","","","S","By resolution, returned to Senate Rules Committee for third reading.","1","Fortunato","2025-01-28","2025-04-27","SFN","","0","0","0","26.09|26.09.080"
"5538","Unauthorized persons/removal","Concerning the removal of unauthorized persons.","","5538","SB 5538","COMMITTEE","L&J","true","S","First reading, referred to Law & Justice.","1","Fortunato","2025-01-28","2025-01-28","","","0","0","0","4.24.355|9a.52.105"
"5545","Family home prov./military","Exempting family home providers overseen and certified by a federal military service from child care licensing.","SSB 5545","5545","SB 5545","SUBSTITUTED","","","S","1st substitute bill substituted.","0","Riccelli","2025-01-28","2025-03-03","SFN","","0","0","0",""
"5545","Family home prov./military","Modifying provisions regarding family home providers overseen and certified by a federal military service.","SSB 5545","5545","SSB 5545","ENACTED","","","","Effective date 7/27/2025.","1","Riccelli","2025-02-18","2025-04-29","SFN","","0","0","0","26.44.210|43.216.010"
"5546","Solar energy systems/schools","Requiring the installation of solar energy systems on new school buildings.","","5546","SB 5546","COMMITTEE","ELK12","true","S","First reading, referred to Early Learning & K-12 Education.","1","Orwall","2025-01-28","2025-01-28","","","0","0","0",""
"5547","Cannabis revenue/local gov.","Increasing cannabis revenue distributions to local governments.","","5547","SB 5547","COMMITTEE","WM","true","S","First reading, referred to Ways & Means.","1","Wagoner","2025-01-28","2025-01-28","SFN,Loc","","0","0","0",""
"5548","Workers' compensation","Concerning workers' compensation benefits.","","5548","SSB 5548","RULES","","","S","Senate Rules ""X"" file.","1","Shewmake","2025-02-21","2025-03-17","SFN","","0","0","0","51.32.010|51.32.060"
"5548","Workers' compensation","Concerning workers' compensation benefits.","","5548","2SSB 5548","RULES","","","S","Senate Rules ""X"" file.","1","Shewmake","2025-02-28","2025-03-17","SFN","","0","0","0","51.32.010|51.32.060"
"5551","School library info and tech","Concerning school library information and technology programs.","","5551","SB 5551","COMMITTEE","ELK12","true","S","First reading, referred to Early Learning & K-12 Education.","1","Wellman","2025-01-28","2025-01-28","SFN","","0","0","0","28a.300|28a.320|28a.320.240"
"5552","Kit homes/building codes","Concerning the creation of building codes for kit homes.","","5552","SB 5552","SUBSTITUTED","","","S","1st substitute bill substituted.","0","Wilson, J.","2025-01-28","2025-03-04","SFN,Loc","","0","0","0","19.27|19.27.015"
"5552","Kit homes/building codes","Concerning the creation of building codes for kit homes.","","5552","SSB 5552","RULES","","","S","By resolution, returned to Senate Rules Committee for third reading.","1","Wilson, J.","2025-02-20","2025-04-27","SFN,Loc","","0","0","0","19.27|19.27.015"
"5553","Multifamily housing/tax","Providing a sales and use tax incentive for multifamily affordable housing.","","5553","SB 5553","COMMITTEE","WM","true","S","First reading, referred to Ways & Means.","1","Salomon","2025-01-28","2025-01-28","SFN,Loc","","0","0","0","82.59.007|82.59.020|82.59.030|82.59.040|82.59.070|82.59.130|82.59.140"
"5554","Historic landmark desig.","Concerning historic landmark designations.","","5554","SB 5554","RULES","","","S","Senate Rules ""X"" file.","1","Salomon","2025-01-28","2025-03-17","SFN,Loc","","0","0","0","35.21|35a.21|43.21c.495"
"5555","Zoning regulations","Concerning zoning regulations in commercial, retail, and mixed-use areas in cities and code cities.","","5555","SB 5555","COMMITTEE","HSG","true","S","First reading, referred to Housing.","1","Salomon","2025-01-28","2025-01-28","SFN,Loc","","0","0","0","35.21.990|35a.21.440|36.70a"
"5556","Adopt-a-highway program","Modernizing the adopt-a-highway program to improve its ability to meet its original purpose within existing fiscal limitations.","SSB 5556","5556","SB 5556","SUBSTITUTED","","","S","1st substitute bill substituted.","0","Ramos","2025-01-28","2025-02-25","SFN","","0","0","0","47.36.400|47.4|47.40.100"
"5556","Adopt-a-highway program","Modernizing the adopt-a-highway program to improve its ability to meet its original purpose within existing fiscal limitations.","SSB 5556","5556","SSB 5556","ENACTED","","","","Effective date 7/27/2025*.","1","Ramos","2025-02-13","2025-05-16","","","0","0","0","47.36.400|47.4|47.40.100"
"5557","Pregnancy/emerg. treatment","Codifying emergency rules to protect the right of a pregnant person to access treatment for emergency medical conditions in hospital emergency departments.","ESSB 5557","5557","SB 5557","SUBSTITUTED","","","S","1st substitute bill substituted.","0","Krishnadasan","2025-01-28","2025-03-05","SFN,Loc","","0","0","0","70.170.060|70.41|70.41.020"
"5557","Pregnancy/emerg. treatment","Codifying emergency rules to protect the right of a pregnant person to access treatment for emergency medical conditions in hospital emergency departments.","ESSB 5557","5557","SSB 5557","OTHER","","","S","","0","Krishnadasan","2025-02-21","","SFN,Loc","","0","0","0","70.170.060|70.41|70.41.020"
"5557","Pregnancy/emerg. treatment","Codifying emergency rules to protect the right of a pregnant person to access treatment for emergency medical conditions in hospital emergency departments.","ESSB 5557","5557","ESSB 5557","ENACTED","","","","Effective date 4/29/2025.","1","Krishnadasan","2025-02-21","2025-04-29","SFN,Loc","","0","0","0","70.170.060|70.41|70.41.020"
"5558","Growth management comp plans","Concerning growth management comprehensive plans.","SSB 5558","5558","SB 5558","SUBSTITUTED","","","S","1st substitute bill substituted.","0","Goehner","2025-01-28","2025-03-05","SFN,Loc","","0","0","0",""
"5558","Growth management comp plans","Concerning timelines for growth management comprehensive plan and development regulation updates.","SSB 5558","5558","SSB 5558","ENACTED","","","","Effective date 7/27/2025.","1","Goehner","2025-02-13","2025-04-22","SFN,Loc","","0","0","0","36.70a.130|36.70a.630|36.70a.635|36.70a.680"
"5559","UGA subdivision process","Streamlining the subdivision process inside urban growth areas.","ESB 5559","5559","SB 5559","FLOOR","","","S","","0","Lovelett","2025-01-28","","SFN,Loc","","0","0","0","58.17.020|58.17.060"
"5559","UGA subdivision process","Streamlining the subdivision process inside urban growth areas.","ESB 5559","5559","ESB 5559","ENACTED","","","","Effective date 7/27/2025.","1","Lovelett","2025-01-28","2025-05-13","SFN,Loc","","0","0","0","58.17.020|58.17.060"
"5560","State clam","Designating the Pacific razor clam as the state clam.","","5560","SB 5560","COMMITTEE","STATE GOVERNMENT, TRIBAL AFFAIRS & ELECTIONS","true","S","First reading, referred to State Government, Tribal Affairs & Elections.","1","Chapman","2025-01-28","2025-01-28","","","0","0","0",""
"5562","Students/apprenticeships","Concerning students attending approved apprenticeship programs.","","5562","SB 5562","COMMITTEE","HEWD","true","S","First reading, referred to Higher Education & Workforce Development.","1","Hansen","2025-01-29","2025-01-29","SFN","","0","0","0","28b.124.030|28b.77|28b.92.030"
"5564","Goals of a basic education","Modifying the goals of a basic education.","","5564","SB 5564","COMMITTEE","ELK12","true","S","First reading, referred to Early Learning & K-12 Education.","1","McCune","2025-01-29","2025-01-29","","","0","0","0","28a.150.210|28a.300.112|28a.655.300"
"5565","Bingo gambling/senior groups","Permitting senior-focused groups to engage in certain bingo gambling activities.","","5565","SB 5565","COMMITTEE","BFST","true","S","First reading, referred to Business, Financial Services & Trade.","1","McCune","2025-01-29","2025-01-29","","","0","0","0","9.46.0209|9.46.0321"
"5566","Assaulting law enf. officers","Increasing the penalty for assaulting a law enforcement officer.","","5566","SB 5566","COMMITTEE","L&J","true","S","First reading, referred to Law & Justice.","1","McCune","2025-01-29","2025-01-29","","","0","0","0","9.94a.515|9a.36.031"
"5568","State health plan","Updating and modernizing the Washington state health plan.","SSB 5568","5568","SB 5568","SUBSTITUTED","","","S","1st substitute bill substituted.","0","Cleveland","2025-01-29","2025-02-26","SFN","","0","0","0","43.370.010|43.370.020|43.370.030"
"5568","State health plan","Updating and modernizing the Washington state health plan.","SSB 5568","5568","SSB 5568","ENACTED","","","","Effective date 7/27/2025.","1","Cleveland","2025-02-13","2025-05-20","SFN","","0","0","0","43.370.010|43.370.020|43.370.030|43.370.040"
"5569","Direct transfer to treatment","Recognizing a court's authority to authorize a defendant's direct transfer from jail to inpatient or residential substance use disorder treatment.","","5569","SB 5569","COMMITTEE","L&J","true","S","First reading, referred to Law & Justice.","1","Gildon","2025-01-29","2025-01-29","","","0","0","0",""
"5570","Tribes/K-12 instruction","Supporting public school instruction in tribal sovereignty and federally recognized Indian tribes.","","5570","SSB 5570","RULES","","","S","By resolution, returned to Senate Rules Committee for third reading.","1","Kauffman","2025-02-27","2025-04-27","SFN","","0","0","0","28a.300.105|28a.305|28a.320.170"
"5571","Exterior cladding materials","Regulating exterior cladding materials.","SB 5571","5571","SB 5571","ENACTED","","","","Effective date 7/27/2025.","1","Bateman","2025-01-29","2025-05-13","SFN,Loc","","0","0","0","35.21|35a.21|36.01"
"5573","Electric security alarms","Concerning electric security alarm systems.","","5573","SB 5573","RULES","","","S","Senate Rules ""X"" file.","1","Chapman","2025-01-29","2025-03-17","SFN,Loc","","0","0","0","35.21|35a.21|36.01"
"5573","Electric security alarms","Concerning electric security alarm systems.","","5573","SSB 5573","RULES","","","S","Senate Rules ""X"" file.","1","Chapman","2025-02-20","2025-03-17","","","0","0","0","35.21|35a.21|36.01"
"5574","History instruction","Providing instruction on Asian American and Native Hawaiian/Pacific Islander history in public schools.","","5574","SB 5574","COMMITTEE","ELK12","true","S","First reading, referred to Early Learning & K-12 Education.","1","Nobles","2025-01-29","2025-01-29","SFN","","0","0","0","28a.230|28a.655"
"5576","Affordable housing funding","Providing a local government option for the funding of essential affordable housing programs.","","5576","SSB 5576","OTHER","","","S","","0","Lovelett","2025-02-27","","SFN,Loc","","0","0","0","67.28.181|82.02|82.14.410"
"5576","Affordable housing funding","Providing a local government option for the funding of essential affordable housing programs.","","5576","ESSB 5576","RULES","","","S","By resolution, returned to Senate Rules Committee for third reading.","1","Lovelett","2025-02-27","2025-04-27","SFN,Loc","","0","0","0","67.28.181|82.02|82.14.410"
"5577","HIV antiviral drugs/medicaid","Concerning medicaid coverage for HIV antiviral drugs.","SB 5577","5577","SB 5577","ENACTED","","","","Effective date 7/27/2025.","1","Liias","2025-01-29","2025-04-04","SFN","","0","0","0",""
"5579","Health/contract terminations","Prohibiting health carriers, facilities, and providers from making any public statements of any potential or planned contract terminations unless it satisfies a legal obligation.","SSB 5579","5579","SB 5579","SUBSTITUTED","","","S","1st substitute bill substituted.","0","Cleveland","2025-01-30","2025-03-10","SFN","","0","0","0",""
"5579","Health/contract terminations","Prohibiting health carriers, facilities, and providers from making any public statements of any potential or planned contract terminations unless it satisfies a legal obligation.","SSB 5579","5579","SSB 5579","ENACTED","","","","Effective date 7/27/2025.","1","Cleveland","2025-02-21","2025-05-20","SFN","","0","0","0","18.130.180|18.46.050|41.05.017|48.43|70.127.170|70.230.210|70.41.510|70.42.162|71.12.710|71.24.910"
"5580","Corp. homeowner registration","Concerning the registration of certain corporations and trusts that own single-family homes and condominium units.","","5580","SB 5580","COMMITTEE","WM","false","S","Referred to Ways & Means.","1","Orwall","2025-01-30","2025-02-17","SFN","","0","0","0","19|43.79a.040"
"5583","Fishing and hunting licenses","Concerning recreational fishing and hunting licenses.","SSB 5583","5583","SB 5583","SUBSTITUTED","","","S","1st substitute bill substituted.","0","Liias","2025-01-30","2025-03-26","SFN","","0","0","0","77.08.010|77.12|77.12.810|77.32|77.32.070|77.32.155|77.32.350|77.32.370|77.32.430|77.32.440|77.32.450|77.32.460|77.32.470|77.32.480|77.32.520|77.32.570|77.32.575"
"5583","Fishing and hunting licenses","Concerning recreational fishing and hunting licenses.","SSB 5583","5583","SSB 5583","ENACTED","","","","Effective date 7/27/2025*.","1","Liias","2025-02-27","2025-05-17","SFN","","0","0","0","77.08.010|77.12|77.12.810|77.32|77.32.070|77.32.155|77.32.350|77.32.370|77.32.430|77.32.440|77.32.450|77.32.460|77.32.470|77.32.480|77.32.520|77.32.570|77.32.575"
"5584","Independent prosecutor","Establishing the position of independent prosecutor within the office of the governor.","","5584","SSB 5584","COMMITTEE","WM","false","S","On motion, referred to Ways & Means.","1","Dhingra","2025-02-06","2025-02-07","SFN,Loc","","0","0","0","10.114.011|36.27.020|43.06|43.102.050"
"5587","Affordable housing dev.","Concerning affordable housing development in counties not closing the gap between estimated existing housing units within the county and existing housing needs.","SSB 5587","5587","SB 5587","SUBSTITUTED","","","S","1st substitute bill substituted.","0","Cleveland","2025-01-30","2025-03-07","SFN,Loc","","0","0","0","36.70a|36.70a.610|43.155.070"
"5587","Affordable housing dev.","Concerning affordable housing development in counties not closing the gap between estimated existing housing units within the county and existing housing needs.","SSB 5587","5587","SSB 5587","ENACTED","","","","Effective date 7/27/2025.","1","Cleveland","2025-02-14","2025-05-20","SFN,Loc","","0","0","0","36.70a.610|43.155.070"
"5590","Livestock wolf predation","Protecting livestock from wolf predation.","","5590","SB 5590","COMMITTEE","AGNR","true","S","First reading, referred to Agriculture & Natural Resources.","1","Wagoner","2025-01-30","2025-01-30","SFN,Loc","","0","0","0",""
"5593","School levies & local effort","Adjusting enrichment levies and local effort assistance.","","5593","SB 5593","COMMITTEE","ELK12","true","S","First reading, referred to Early Learning & K-12 Education.","1","Wellman","2025-01-30","2025-01-30","SFN","","0","0","0","28a.500.015|84.52.0531|84.52.058"
"5594","Biosimilar medicines","Concerning biosimilar medicines.","","5594","SB 5594","SUBSTITUTED","","","S","1st substitute bill substituted.","0","Harris","2025-01-30","2025-03-11","SFN","","0","0","0","41.05.410|48.43.420|69.41.120|69.41.125"
"5594","Biosimilar medicines","Concerning biosimilar medicines.","","5594","SSB 5594","OTHER","","","S","","0","Harris","2025-02-18","","","","0","0","0","41.05.410|48.43.420|69.41.120|69.41.125"
"5594","Biosimilar medicines","Concerning biosimilar medicines. (REVISED FOR ENGROSSED: Concerning biosimilar medicines and interchangeable biological products.)","","5594","ESSB 5594","RULES","","","S","By resolution, returned to Senate Rules Committee for third reading.","1","Harris","2025-02-18","2025-04-27","","","0","0","0","41.05.410|48.43.420|69.41.120|69.41.125"
"5595","Shared streets","Establishing shared streets.","","5595","SB 5595","FLOOR","","","S","","0","Alvarado","2025-01-30","","SFN,Loc","","0","0","0","46.61|46.61.110|46.61.240|46.61.250|46.61.415|46.61.770"
"5596","Interstate teacher compact","Repealing the interstate teacher mobility compact.","","5596","SB 5596","RULES","","","S","Senate Rules ""X"" file.","1","Wellman","2025-01-30","2025-03-17","SFN","","0","0","0","28a.405.220|28a.420.005|28a.420.010|28a.420.020|28a.420.030|28a.420.040|28a.420.050|28a.420.060|28a.420.070|28a.420.080|28a.420.090|28a.420.100|28a.420.110|28a.420.120"
"5599","Commercial fishery licenses","Concerning commercial fishery licenses.","","5599","SB 5599","COMMITTEE","AGNR","true","S","First reading, referred to Agriculture & Natural Resources.","1","MacEwen","2025-01-30","2025-01-30","SFN","","0","0","0",""
"5600","TNCs/large-scale events","Concerning regulation of transportation network companies during large-scale events.","","5600","SSB 5600","RULES","","","S","Senate Rules ""X"" file.","1","Alvarado","2025-02-18","2025-03-17","SFN,Loc","","0","0","0","46.72b.050|46.72b.190|49.46.300"
"5601","Alternative jet fuels","Advancing the production and use of alternative jet fuels in Washington.","","5601","SSB 5601","COMMITTEE","WM","false","S","Referred to Ways & Means.","1","Liias","2025-02-14","2025-02-18","SFN,Loc","","0","0","0","43.21c.535|43.330.570|70a.535|82.29a|82.89.010|84.36"
"5603","Juvenile attorney access","Juvenile access to attorneys when contacted by law enforcement.","","5603","SB 5603","COMMITTEE","HS","true","S","First reading, referred to Human Services.","1","Christian","2025-01-30","2025-01-30","","","0","0","0","13.4|13.40.740"
"5604","Transit-oriented development","Promoting transit-oriented development.","","5604","SB 5604","COMMITTEE","HSG","true","S","First reading, referred to Housing.","1","Liias","2025-01-30","2025-01-30","SFN,Loc","","0","0","0","82.02.060|82.02.090|82.45.060|82.59.007|82.59.010|82.59.020|82.59.030|82.59.040|82.59.070|82.59.130|82.59.140|84.14|84.14.010|84.14.030|84.14.060|84.14.070|84.14.090|84.14.100|84.14.110"
"5605","Microenterprise home kitchen","Concerning the operation, authorization, and permitting of microenterprise home kitchens.","","5605","SB 5605","COMMITTEE","AGNR","true","S","First reading, referred to Agriculture & Natural Resources.","1","Frame","2025-01-31","2025-01-31","SFN,Loc","","0","0","0","69|69.07|70.54"
"5606","Long-term care ombud funding","Providing sufficient funding for the Washington state long-term care ombuds program.","","5606","SSB 5606","COMMITTEE","WM","false","S","Referred to Ways & Means.","1","Bateman","2025-02-20","2025-02-21","","","0","0","0",""
"5607","Free speech info./higher ed.","Requiring free speech information for students at institutions of higher education.","","5607","SB 5607","COMMITTEE","HEWD","true","S","First reading, referred to Higher Education & Workforce Development.","1","Warnick","2025-01-31","2025-01-31","","","0","0","0",""
"5608","Free speech policy/higher ed","Adopting free speech policy statements at public institutions of higher education.","","5608","SB 5608","COMMITTEE","HEWD","true","S","First reading, referred to Higher Education & Workforce Development.","1","Warnick","2025-01-31","2025-01-31","","","0","0","0",""
"5609","Cultural resources/land use","Regarding cultural resource protection for certain land use activities that are categorically exempt from the state environmental policy act.","","5609","SB 5609","COMMITTEE","EET","true","S","First reading, referred to Environment, Energy & Technology.","1","Kauffman","2025-01-31","2025-01-31","SFN,Loc","","0","0","0",""
"5610","Horse racing/federal costs","Allowing the horse racing commission to impose a fee and use sales tax revenues for federal regulatory compliance.","","5610","SSB 5610","COMMITTEE","WM","false","S","Referred to Ways & Means.","1","Kauffman","2025-02-13","2025-02-14","SFN","","0","0","0",""
"5611","Land use permitting workload","Streamlining and clarifying local governments' land use permitting workloads.","ESSB 5611","5611","SB 5611","SUBSTITUTED","","","S","1st substitute bill substituted.","0","Salomon","2025-01-31","2025-03-12","SFN,Loc","","0","0","0","36.70b.080|58.17.035|58.17.040|58.17.040|64.90.025"
"5611","Land use permitting workload","Streamlining and clarifying local governments' land use permitting workloads.","ESSB 5611","5611","SSB 5611","OTHER","","","S","","0","Salomon","2025-02-20","","SFN,Loc","","0","0","0","36.70b.080|58.17.035|58.17.040|58.17.040|64.90.025"
"5611","Land use permitting workload","Streamlining and clarifying local governments' land use permitting workloads.","ESSB 5611","5611","ESSB 5611","ENACTED","","","","Effective date 7/27/2025*.","1","Salomon","2025-02-20","2025-05-07","SFN,Loc","","0","0","0","36.70b.080|58.17.035|58.17.040|58.17.040|64.90.025"
"5612","Multiunit housing/SEPA","Creating a categorical exemption for multiunit housing development within the incorporated areas in an urban growth area under the state environmental policy act.","","5612","SB 5612","COMMITTEE","HSG","true","S","First reading, referred to Housing.","1","Salomon","2025-01-31","2025-01-31","SFN,Loc","","0","0","0",""
"5613","Residential development","Concerning the development of clear and objective standards, conditions, and procedures for residential development.","","5613","SB 5613","SUBSTITUTED","","","S","2nd substitute bill substituted.","0","Salomon","2025-01-31","2025-03-11","SFN,Loc","","0","0","0","36.70a|36.70a.030|36.70a.190|36.70a.280"
"5613","Residential development","Concerning the development of clear and objective standards, conditions, and procedures for residential development.","","5613","SSB 5613","SUBSTITUTED","","","S","2nd substitute bill substituted.","0","Salomon","2025-02-19","2025-03-11","SFN,Loc","","0","0","0","36.70a|36.70a.030|36.70a.190|36.70a.280"
"5613","Residential development","Concerning the development of clear and objective standards, conditions, and procedures for residential development.","","5613","2SSB 5613","OTHER","","","S","","0","Salomon","2025-02-28","","SFN,Loc","","0","0","0","36.70a|36.70a.030|36.70a.190|36.70a.280"
"5613","Residential development","Concerning the development of clear and objective standards, conditions, and procedures for residential development.","","5613","E2SSB 5613","RULES","","","S","By resolution, returned to Senate Rules Committee for third reading.","1","Salomon","2025-02-28","2025-04-27","SFN,Loc","","0","0","0","36.70a|36.70a.030|36.70a.190|36.70a.280"
"5614","Impact fees","Concerning impact fees.","","5614","SB 5614","RULES","","","S","Senate Rules ""X"" file.","1","Salomon","2025-01-31","2025-03-17","SFN,Loc","","0","0","0",""
"5614","Impact fees","Concerning impact fees.","","5614","SSB 5614","RULES","","","S","Senate Rules ""X"" file.","1","Salomon","2025-02-21","2025-03-17","","","0","0","0","43.31.980|82.02.050"
"5615","Residential housing permits","Concerning project permit applications for residential housing units.","","5615","SB 5615","COMMITTEE","HSG","true","S","First reading, referred to Housing.","1","Salomon","2025-01-31","2025-01-31","SFN,Loc","","0","0","0",""
"5617","Juvenile detention/CHINS","Providing for a child in need of services petition process for juveniles in and exiting detention.","","5617","SB 5617","COMMITTEE","WM","false","S","Referred to Ways & Means.","1","Wilson, C.","2025-01-31","2025-02-18","SFN","","0","0","0","13.32a|13.32a.030|13.32a.045|13.32a.150|13.32a.152|13.32a.160|13.32a.170|13.32a.179|43.330.724"
"5617","Juvenile detention/CHINS","Supporting juveniles in and exiting detention by providing for a child in need of services process and supportive services.","","5617","SSB 5617","COMMITTEE","WM","false","S","Referred to Ways & Means.","1","Wilson, C.","2025-02-17","2025-02-18","SFN","","0","0","0","13.32a|13.32a.030|13.32a.150|13.32a.152|13.32a.160|13.32a.170|13.32a.179|13.40.050|43.330.724"
"5618","College admission criteria","Concerning transparency in college admissions.","","5618","SB 5618","COMMITTEE","HEWD","true","S","First reading, referred to Higher Education & Workforce Development.","1","Boehnke","2025-01-31","2025-01-31","","","0","0","0",""
"5619","In-state resident enrollment","Establishing minimum in-state resident enrollment thresholds for public universities.","","5619","SB 5619","COMMITTEE","HEWD","true","S","First reading, referred to Higher Education & Workforce Development.","1","Boehnke","2025-01-31","2025-01-31","","","0","0","0",""
"5620","Foster care/rights of child","Codifying the rights of children and youth in foster care.","","5620","SB 5620","COMMITTEE","WM","false","S","Referred to Ways & Means.","1","Cleveland","2025-01-31","2025-02-18","SFN","","0","0","0",""
"5620","Foster care/rights of child","Codifying the rights of children and youth in foster care.","","5620","SSB 5620","COMMITTEE","WM","false","S","Referred to Ways & Means.","1","Cleveland","2025-02-17","2025-02-18","SFN","","0","0","0",""
"5621","Sporting event raffles","Addressing electronic raffles at live sporting events.","","5621","SB 5621","COMMITTEE","BFST","true","S","First reading, referred to Business, Financial Services & Trade.","1","Stanford","2025-01-31","2025-01-31","","","0","0","0",""
"5622","Diet pills and supplements","Establishing age restrictions on diet pills and dietary supplements.","","5622","SB 5622","COMMITTEE","WM","false","S","Referred to Ways & Means.","1","Lovick","2025-01-31","2025-02-21","SFN","","0","0","0",""
"5623","Public records exemptions","Concerning recommendations of the public records exemptions accountability committee.","","5623","SB 5623","COMMITTEE","STATE GOVERNMENT, TRIBAL AFFAIRS & ELECTIONS","true","S","First reading, referred to State Government, Tribal Affairs & Elections.","1","Wilson, J.","2025-01-31","2025-01-31","","","0","0","0",""
"5624","Electric vehicle fires","Developing best practices for responding to electric vehicle fires.","","5624","SB 5624","COMMITTEE","WM","false","S","Referred to Ways & Means.","1","Wilson, J.","2025-01-31","2025-02-10","SFN,Loc","","0","0","0",""
"5625","State clam/Pacific geoduck","Designating the Pacific geoduck as the state clam.","","5625","SB 5625","COMMITTEE","STATE GOVERNMENT, TRIBAL AFFAIRS & ELECTIONS","true","S","First reading, referred to State Government, Tribal Affairs & Elections.","1","Shewmake","2025-01-31","2025-01-31","","","0","0","0",""
"5626","Wage replacement","Creating a wage replacement program for certain Washington workers excluded from unemployment insurance.","","5626","SSB 5626","COMMITTEE","WM","false","S","Referred to Ways & Means.","1","Saldaña","2025-02-21","2025-02-21","SFN","","0","0","0","42.56.410|50.24.014|50.29.025|50.29.041"
"5627","Safe excavation","Improving safe excavation practices and preventing damage to underground utilities.","ESSB 5627","5627","SB 5627","SUBSTITUTED","","","S","1st substitute bill substituted.","0","Ramos","2025-01-31","2025-03-06","SFN,Loc","","0","0","0","19.122|19.122.010|19.122.020|19.122.027|19.122.030|19.122.031|19.122.040|19.122.050|19.122.055|19.122.070|19.122.090|19.122.100|19.122.130|19.122.150"
"5627","Safe excavation","Improving safe excavation practices and preventing damage to underground utilities.","ESSB 5627","5627","SSB 5627","OTHER","","","S","","0","Ramos","2025-02-21","","SFN,Loc","","0","0","0","19.122.010|19.122.020|19.122.027|19.122.030|19.122.031|19.122.040|19.122.050|19.122.055|19.122.090|19.122.100|19.122.130|19.122.150"
"5627","Safe excavation","Improving safe excavation practices and preventing damage to underground utilities.","ESSB 5627","5627","ESSB 5627","ENACTED","","","","Effective date 7/27/2025.","1","Ramos","2025-02-21","2025-05-16","SFN,Loc","","0","0","0","19.122.010|19.122.020|19.122.027|19.122.030|19.122.031|19.122.040|19.122.050|19.122.055|19.122.090|19.122.100|19.122.130|19.122.150"
"5628","Lead in cookware","Concerning lead in cookware.","ESSB 5628","5628","SSB 5628","OTHER","","","S","","0","Harris","2025-02-18","","SFN","","0","0","0","70a.565.010|70a.565.020"
"5628","Lead in cookware","Concerning lead in cookware.","ESSB 5628","5628","ESSB 5628","ENACTED","","","","Effective date 7/27/2025.","1","Harris","2025-02-18","2025-05-13","SFN","","0","0","0","70a.565.010|70a.565.020"
"5629","Prosthetic limb coverage","Concerning coverage requirements for prosthetic limbs and custom orthotic braces.","","5629","SSB 5629","OTHER","","","S","","0","Harris","2025-02-21","","SFN","","0","0","0",""
"5629","Prosthetic limb coverage","Concerning coverage requirements for prosthetic limbs and custom orthotic braces.","","5629","ESSB 5629","RULES","","","S","By resolution, returned to Senate Rules Committee for third reading.","1","Harris","2025-02-21","2025-04-27","SFN","","0","0","0",""
"5630","Farm fuel users","Continuing to provide payments to support farm fuel users and transporters for exempt fuel under the Washington climate commitment act.","","5630","SB 5630","COMMITTEE","EET","true","S","First reading, referred to Environment, Energy & Technology.","1","Dozier","2025-02-03","2025-02-03","SFN","","0","0","0",""
"5632","Confidentiality/interstate","Protecting the confidentiality of records and information that may be relevant to another state's enforcement of its laws.","SB 5632","5632","SB 5632","ENACTED","","","","Effective date 7/27/2025.","1","Hansen","2025-02-03","2025-05-12","SFN","","0","0","0","7.115.010|7.115.020"
"5633","Subdivision of land","Concerning the subdivision of land.","","5633","SB 5633","COMMITTEE","LG","true","S","First reading, referred to Local Government.","1","Lovelett","2025-02-03","2025-02-03","SFN,Loc","","0","0","0","36.70b.080|58|58.17|58.17.010|58.17.020|58.17.030|58.17.033|58.17.035|58.17.040|58.17.050|58.17.060|58.17.065|58.17.070|58.17.080|58.17.090|58.17.092|58.17.095|58.17.100|58.17.110|58.17.120|58.17.130|58.17.140|58.17.150|58.17.155|58.17.160|58.17.165|58.17.170|58.17.180|58.17.190|58.17.195|58.17.200|58.17.205|58.17.210|58.17.212|58.17.215|58.17.217|58.17.218|58.17.220|58.17.225|58.17.230|58.17.240|58.17.250|58.17.255|58.17.260|58.17.275|58.17.280|58.17.290|58.17.300|58.17.310|58.17.320|58.17.330|58.17.900|58.17.920"
"5635","Alt. on-site sewage systems","Concerning approval of certain alternative on-site sewage systems.","","5635","SB 5635","COMMITTEE","LG","true","S","First reading, referred to Local Government.","1","Christian","2025-02-03","2025-02-03","SFN,Loc","","0","0","0",""
"5637","Media literacy & civic ed.","Promoting student access to information about media literacy and civic education.","","5637","SSB 5637","SUBSTITUTED","","","S","1st substitute bill not substituted.","0","Fortunato","2025-02-18","2025-03-12","","","0","0","0",""
"5639","Children of murdered parents","Providing tuition and fee waivers at public institutions of higher education for children of murdered parents.","","5639","SB 5639","COMMITTEE","HEWD","true","S","First reading, referred to Higher Education & Workforce Development.","1","Christian","2025-02-03","2025-02-03","SFN","","0","0","0","28b.15.380|28b.15.520"
"5640","Energy facilities/water","Requiring proof of adequate water supply before permitting new energy facilities.","","5640","SB 5640","COMMITTEE","EET","true","S","First reading, referred to Environment, Energy & Technology.","1","Boehnke","2025-02-03","2025-02-03","","","0","0","0",""
"5642","Medicaid clients/metrics","Improving performance on maternal health and preventative cancer screening metrics for medicaid clients.","","5642","SB 5642","COMMITTEE","HLTC","true","S","First reading, referred to Health & Long-Term Care.","1","Torres","2025-02-03","2025-02-03","SFN","","0","0","0",""
"5643","Child fatality reviews","Expanding the purview of child fatality and near fatality reviews.","","5643","SB 5643","COMMITTEE","WM","false","S","Referred to Ways & Means.","1","Christian","2025-02-03","2025-02-13","","","0","0","0","43.06a.100|74.13.640"
"5643","Child fatality reviews","Expanding the purview of child fatality and near fatality reviews.","","5643","SSB 5643","COMMITTEE","WM","false","S","Referred to Ways & Means.","1","Christian","2025-02-12","2025-02-13","","","0","0","0","43.06a.100|74.13.640"
"5645","Estate tax/extraordinary rev","Transferring extraordinary revenue collections from the estate tax to the developmental disabilities community services account.","","5645","SB 5645","COMMITTEE","WM","true","S","First reading, referred to Ways & Means.","1","Braun","2025-02-03","2025-02-03","","","0","0","0",""
"5646","Assaulting outreach workers","Concerning criminal penalties for assaulting outreach workers.","","5646","SB 5646","COMMITTEE","L&J","true","S","First reading, referred to Law & Justice.","1","Harris","2025-02-03","2025-02-03","","","0","0","0",""
"5647","Affordable housing/REET","Providing a real estate excise tax exemption for the sale of qualified affordable housing.","","5647","SB 5647","RULES","","","S","By resolution, returned to Senate Rules Committee for third reading.","1","Alvarado","2025-02-03","2025-04-27","SFN","","0","0","0",""
"5648","ABLE accounts","Encouraging achieving a better life experience accounts.","","5648","SB 5648","COMMITTEE","WM","true","S","First reading, referred to Ways & Means.","1","Braun","2025-02-03","2025-02-03","SFN","","0","0","0","43.33|43.330.464"
"5650","Cannabis local excise tax","Authorizing a local excise tax on cannabis.","","5650","SB 5650","COMMITTEE","WM","true","S","First reading, referred to Ways & Means.","1","Wagoner","2025-02-04","2025-02-04","SFN,Loc","","0","0","0",""
"5651","Garnishment exemption amount","Increasing the amount exempt from garnishment in nonbankruptcy cases.","E2SSB 5651","5651","SB 5651","SUBSTITUTED","","","S","2nd substitute bill substituted.","0","Alvarado","2025-02-04","2025-03-12","SFN,Loc","","0","0","0",""
"5651","Garnishment exemption amount","Concerning exemptions from garnishment.","E2SSB 5651","5651","SSB 5651","SUBSTITUTED","","","S","2nd substitute bill substituted.","0","Alvarado","2025-02-13","2025-03-12","SFN,Loc","","0","0","0",""
"5651","Garnishment exemption amount","Concerning exemptions from garnishment.","E2SSB 5651","5651","2SSB 5651","OTHER","","","S","","0","Alvarado","2025-02-27","","SFN,Loc","","0","0","0","6.15.010|6.15.050|6.27.100|6.27.140"
"5651","Garnishment exemption amount","Concerning exemptions from garnishment.","E2SSB 5651","5651","E2SSB 5651","ENACTED","","","","Effective date 7/1/2025.","1","Alvarado","2025-02-27","2025-05-20","SFN,Loc","","0","0","0","6.15.010|6.15.050|6.27.100|6.27.140"
"5653","Fish and wildlife officers","Concerning collective bargaining by fish and wildlife officers.","SB 5653","5653","SB 5653","ENACTED","","","","Effective date 7/27/2025.","1","Chapman","2025-02-04","2025-05-17","SFN","","0","0","0",""
"5655","Child care centers/buildings","Concerning child care centers operated in existing buildings.","SSB 5655","5655","SSB 5655","ENACTED","","","","Effective date 7/27/2025.","1","Krishnadasan","2025-02-18","2025-04-22","SFN,Loc","","0","0","0","19.27|43.216.265"
"5656","Aquatic lease inflation rate","Modifying the definition of inflation rate for aquatic leases.","SB 5656","5656","SB 5656","ENACTED","","","","Effective date 7/27/2025.","1","Krishnadasan","2025-02-04","2025-04-22","SFN","","0","0","0",""
"5658","Workforce education account","Concerning the workforce education investment account.","","5658","SB 5658","COMMITTEE","HEWD","true","S","First reading, referred to Higher Education & Workforce Development.","1","Hansen","2025-02-04","2025-02-04","SFN","","0","0","0","28b.77.310|28b.92|28b.92.205|43.79.195"
"5659","Housing shortage/local share","Eliminating each local government's proportional share of Washington's housing shortage.","","5659","SB 5659","RULES","","","S","Senate Rules ""X"" file.","1","Goehner","2025-02-04","2025-03-17","SFN,Loc","","0","0","0",""
"5660","Water & sewage system access","Making it possible for more properties to have access to water, storm drains, and sanitary sewage systems.","","5660","SB 5660","COMMITTEE","LG","true","S","First reading, referred to Local Government.","1","Goehner","2025-02-04","2025-02-04","","","0","0","0","36.70a.070|36.70a.110|36.70a.320|36.93.100|36.93.105"
"5661","Landlord-tenant/preemption","Creating consistency in housing.","","5661","SB 5661","COMMITTEE","HSG","true","S","First reading, referred to Housing.","1","Goehner","2025-02-04","2025-02-04","","","0","0","0","35.21.830|36.01.130"
"5662","Utility connection charges","Concerning the waiver of municipal utility connection charges for certain properties.","ESB 5662","5662","SB 5662","FLOOR","","","S","","0","Riccelli","2025-02-05","","SFN,Loc","","0","0","0",""
"5662","Utility connection charges","Concerning the waiver of municipal utility connection charges for certain properties.","ESB 5662","5662","ESB 5662","ENACTED","","","","Effective date 7/27/2025.","1","Riccelli","2025-02-05","2025-05-19","SFN,Loc","","0","0","0",""
"5663","Virtual campus/colleges","Establishing a virtual campus for all Washingtonians.","","5663","SB 5663","SUBSTITUTED","","","S","1st substitute bill substituted.","0","Slatter","2025-02-05","2025-03-04","SFN","","0","0","0","28b.50|28b.50.090"
"5663","Virtual campus/colleges","Concerning entirely online course offerings at community and technical colleges.","","5663","SSB 5663","OTHER","","","S","","0","Slatter","2025-02-17","","SFN","","0","0","0",""
"5663","Virtual campus/colleges","Concerning entirely online course offerings at community and technical colleges.","","5663","ESSB 5663","RULES","","","S","By resolution, returned to Senate Rules Committee for third reading.","1","Slatter","2025-02-17","2025-04-27","SFN","","0","0","0",""
"5664","Impaired driving","Concerning impaired driving.","","5664","SB 5664","COMMITTEE","L&J","true","S","First reading, referred to Law & Justice.","1","Fortunato","2025-02-05","2025-02-05","","","0","0","0","38.38.760|43.59|46.20.308|46.20.3101|46.25.090|46.61.502|46.61.504|46.61.5055|46.61.506|66.08|66.44|79a.60.040"
"5665","Child sex abuse","Reporting child sex abuse.","","5665","SB 5665","COMMITTEE","HS","true","S","First reading, referred to Human Services.","1","Fortunato","2025-02-05","2025-02-05","","","0","0","0","26.44.020|26.44.030|28a.300.040|28a.310.280"
"5666","Mental health internships","Establishing a public school-based mental health internship grant program.","","5666","SB 5666","COMMITTEE","HEWD","true","S","First reading, referred to Higher Education & Workforce Development.","1","Slatter","2025-02-05","2025-02-05","SFN","","0","0","0",""
"5669","Irrigation dist. elections","Concerning irrigation district elections.","SB 5669","5669","SB 5669","ENACTED","","","","Effective date 7/27/2025.","1","Torres","2025-02-05","2025-04-30","SFN,Loc","","0","0","0","87.03|87.03.031|87.03.032|87.03.033|87.03.045|87.03.051|87.03.071|87.03.075|87.03.085|87.03.105"
"5670","Fuel tax assistance grants","Creating the fuel tax assistance grant program.","","5670","SB 5670","COMMITTEE","ELK12","true","S","First reading, referred to Early Learning & K-12 Education.","1","McCune","2025-02-05","2025-02-05","SFN","","0","0","0","28a.160|70a.65.260"
"5671","Broadband grant & loan prg.","Modifying eligibility for the broadband service expansion grant and loan program.","","5671","SB 5671","COMMITTEE","EET","true","S","First reading, referred to Environment, Energy & Technology.","1","Hansen","2025-02-05","2025-02-05","SFN","","0","0","0",""
"5672","Home care aide certification","Delaying the home care aide certification requirements.","SB 5672","5672","SB 5672","ENACTED","","","","Effective date 5/17/2025.","1","Muzzall","2025-02-05","2025-05-23","SFN","","0","0","0","18.88b|18.88b.021"
"5674","Manufacturing facilities/tax","Concerning manufacturing facilities.","","5674","SB 5674","COMMITTEE","WM","true","S","First reading, referred to Ways & Means.","1","Boehnke","2025-02-05","2025-02-05","SFN,Loc","","0","0","0",""
"5675","Manufacturing/B&O tax","Providing a business and occupation tax exemption for manufacturing facilities and green manufacturing facilities.","","5675","SB 5675","COMMITTEE","WM","true","S","First reading, referred to Ways & Means.","1","Boehnke","2025-02-05","2025-02-05","SFN","","0","0","0",""
"5676","Electronic admission tickets","Concerning the delivery of electronic admission tickets.","","5676","SB 5676","COMMITTEE","EET","true","S","First reading, referred to Environment, Energy & Technology.","1","Stanford","2025-02-06","2025-02-06","","","0","0","0",""
"5677","Associate development orgs","Concerning associate development organizations.","ESSB 5677","5677","SSB 5677","OTHER","","","S","","0","Cortes","2025-02-19","","SFN,Loc","","0","0","0","43.330.082|43.330.086"
"5677","Associate development orgs","Concerning associate development organizations.","ESSB 5677","5677","ESSB 5677","ENACTED","","","","Effective date 7/27/2025.","1","Cortes","2025-02-19","2025-05-20","SFN,Loc","","0","0","0","43.330.082|43.330.086"
"5683","Health carrier payment times","Concerning health carrier transparency of payment timeliness of claims submitted by health care providers and health care facilities.","","5683","SB 5683","COMMITTEE","WM","false","S","Referred to Ways & Means.","1","Slatter","2025-02-06","2025-02-21","SFN","","0","0","0","41.05|48.43|74.09"
"5683","Health carrier payment times","Concerning health carrier transparency of payment timeliness of claims submitted by health care providers and health care facilities.","","5683","SSB 5683","COMMITTEE","WM","false","S","Referred to Ways & Means.","1","Slatter","2025-02-21","2025-02-21","SFN","","0","0","0","41.05|48.43|74.09"
"5684","Electioneering/auditors","Concerning prohibitions on electioneering near county auditor election offices.","","5684","SB 5684","RULES","","","S","Senate Rules ""X"" file.","1","Kauffman","2025-02-06","2025-03-17","SFN,Loc","","0","0","0",""
"5684","Electioneering/auditors","Concerning prohibitions on electioneering within buildings containing the division of elections for county auditor offices, including any adjacent county owned and operated parking lots routinely used for parking at the buildings.","","5684","SSB 5684","RULES","","","S","Senate Rules ""X"" file.","1","Kauffman","2025-02-14","2025-03-17","SFN,Loc","","0","0","0",""
"5685","Theft in the 3rd degree","Concerning theft in the third degree.","","5685","SB 5685","COMMITTEE","L&J","true","S","First reading, referred to Law & Justice.","1","Lovick","2025-02-06","2025-02-06","","","0","0","0","9.94a.640|9a.56.050"
"5686","Foreclosure mediation prg.","Expanding and funding the foreclosure mediation program.","E2SSB 5686","5686","SB 5686","SUBSTITUTED","","","S","2nd substitute bill substituted.","0","Orwall","2025-02-06","2025-03-07","SFN","","0","0","0","31.04|61.24.005|61.24.160|61.24.163|61.24.165|61.24.172"
"5686","Foreclosure mediation prg.","Expanding and funding the foreclosure mediation program.","E2SSB 5686","5686","SSB 5686","SUBSTITUTED","","","S","2nd substitute bill substituted.","0","Orwall","2025-02-19","2025-03-07","SFN","","0","0","0","31.04|61.24.005|61.24.160|61.24.163|61.24.165|61.24.172"
"5686","Foreclosure mediation prg.","Expanding and funding the foreclosure mediation program.","E2SSB 5686","5686","2SSB 5686","OTHER","","","S","","0","Orwall","2025-02-28","","SFN","","0","0","0","61.24|61.24.005|61.24.163|61.24.165|61.24.172|64.32.170|64.32.200|64.34.364|64.34.372|64.38.045|64.38.100|64.90.485|64.90.495"
"5686","Foreclosure mediation prg.","Expanding and funding the foreclosure mediation program.","E2SSB 5686","5686","E2SSB 5686","ENACTED","","","","Effective date 7/27/2025*.","1","Orwall","2025-02-28","2025-05-20","SFN","","0","0","0","61.24|61.24.005|61.24.163|61.24.165|61.24.172|64.32.170|64.32.200|64.34.364|64.34.372|64.38.045|64.38.100|64.90.485|64.90.495"
"5687","Performance audits/tax share","Increasing the share of sales tax revenue dedicated to performance audits.","","5687","SB 5687","COMMITTEE","WM","true","S","First reading, referred to Ways & Means.","1","Gildon","2025-02-06","2025-02-06","","","0","0","0",""
"5688","Constitutional rights","Concerning federal orders that violate the United States Constitution, Washington Constitution, or judicial precedent.","","5688","SB 5688","COMMITTEE","L&J","true","S","First reading, referred to Law & Justice.","1","Hasegawa","2025-02-06","2025-02-06","","","0","0","0",""
"5689","Drivers' licenses/blood type","Adding blood type information to drivers' licenses and identicards.","ESB 5689","5689","SB 5689","FLOOR","","","S","","0","Harris","2025-02-06","","SFN","","0","0","0","46.2|46.20.117|46.20.161"
"5689","Drivers' licenses/blood type","Adding blood type information to drivers' licenses and identicards.","ESB 5689","5689","ESB 5689","ENACTED","","","","Effective date 1/1/2026.","1","Harris","2025-02-06","2025-05-12","SFN","","0","0","0","46.2|46.20.117|46.20.161"
"5690","Utility relocation","Concerning utility relocation.","","5690","SB 5690","SUBSTITUTED","","","S","1st substitute bill substituted.","0","MacEwen","2025-02-06","2025-03-04","SFN,Loc","","0","0","0",""
"5690","Utility relocation","Concerning actions of the department of transportation to notify utility owners of projects and seek federal funding for utility relocation costs.","","5690","SSB 5690","RULES","","","S","By resolution, returned to Senate Rules Committee for third reading.","1","MacEwen","2025-02-27","2025-04-27","SFN,Loc","","0","0","0",""
"5691","Continuing care oversight","Adopting the department of social and health services report recommendations addressing a regulatory oversight plan for continuing care retirement communities.","SSB 5691","5691","SSB 5691","ENACTED","","","","Effective date 7/27/2025.","1","Cleveland","2025-02-20","2025-05-12","SFN","","0","0","0","18.390.030|18.390.080"
"5692","Seattle Reign FC lic. plate","Creating the Seattle Reign FC special license plate.","","5692","SB 5692","COMMITTEE","TRAN","true","S","First reading, referred to Transportation.","1","Nobles","2025-02-06","2025-02-06","SFN","","0","0","0","46.04|46.17.220|46.18.200|46.68.420"
"5694","Boiler operator cert.","Establishing a statewide boiler operator certification.","","5694","SB 5694","SUBSTITUTED","","","S","1st substitute bill substituted.","0","King","2025-02-06","2025-03-10","SFN,Loc","","0","0","0","70.79|70.79.030|70.79.040|70.79.050|70.79.090|70.79.110"
"5694","Boiler operator cert.","Establishing a statewide boiler operator certification.","","5694","SSB 5694","OTHER","","","S","","0","King","2025-02-21","","SFN,Loc","","0","0","0","70.79|70.79.030|70.79.040|70.79.050|70.79.090|70.79.110"
"5694","Boiler operator cert.","Establishing a statewide boiler operator certification.","","5694","ESSB 5694","RULES","","","S","By resolution, returned to Senate Rules Committee for third reading.","1","King","2025-02-21","2025-04-27","SFN,Loc","","0","0","0","70.79|70.79.030|70.79.040|70.79.050|70.79.090|70.79.110"
"5696","Mental health treatment/tax","Concerning the sales and use tax supporting chemical dependency and mental health treatment programs.","SB 5696","5696","SB 5696","ENACTED","","","","Effective date 7/27/2025.","1","King","2025-02-07","2025-04-22","SFN,Loc","","0","0","0",""
"5699","Intensive rural development","Concerning limited areas of more intensive rural development.","","5699","SB 5699","COMMITTEE","LG","true","S","First reading, referred to Local Government.","1","Goehner","2025-02-07","2025-02-07","","","0","0","0",""
"5701","Joint labor manage. records","Expanding access to records for joint labor management committees for the purposes of enforcing prevailing wage laws.","","5701","SB 5701","SUBSTITUTED","","","S","1st substitute bill substituted.","0","Ramos","2025-02-07","2025-03-05","SFN","","0","0","0",""
"5701","Joint labor manage. records","Expanding access to records for the purposes of enforcing prevailing wage laws.","","5701","SSB 5701","OTHER","","","S","","0","Ramos","2025-02-21","","SFN","","0","0","0","39.12.010|39.12.120"
"5701","Joint labor manage. records","Expanding access to records for the purposes of enforcing prevailing wage laws.","","5701","ESSB 5701","RULES","","","S","By resolution, returned to Senate Rules Committee for third reading.","1","Ramos","2025-02-21","2025-04-27","SFN","","0","0","0","39.12.010|39.12.120"
"5702","Toll rate setting process","Streamlining the toll rate setting process at the transportation commission.","SB 5702","5702","SB 5702","ENACTED","","","","Effective date 1/1/2026.","1","Ramos","2025-02-07","2025-05-16","SFN","","0","0","0","34.05.030|47.46.100|47.46.105|47.56|47.56.165|47.56.795|47.56.850"
"5703","Municipal solid waste","Concerning fair treatment of municipal solid waste systems.","","5703","SB 5703","RULES","","","S","Senate Rules ""X"" file.","1","Holy","2025-02-07","2025-03-17","SFN,Loc","","0","0","0",""
"5703","Municipal solid waste","Concerning fair treatment of municipal solid waste systems.","","5703","SSB 5703","RULES","","","S","Senate Rules ""X"" file.","1","Holy","2025-02-28","2025-03-17","","","0","0","0",""
"5705","Traffic infraction penalties","Improving traffic safety by modifying penalty amounts for certain traffic infractions.","","5705","SB 5705","RULES","","","S","By resolution, returned to Senate Rules Committee for third reading.","1","Liias","2025-02-07","2025-04-27","SFN,Loc","","0","0","0","46.61.145|46.61.400|46.61.525|46.61.672|46.61.688"
"5706","Child custody determinations","Determining child custody.","","5706","SB 5706","COMMITTEE","L&J","true","S","First reading, referred to Law & Justice.","1","Fortunato","2025-02-07","2025-02-07","","","0","0","0",""
"5708","Online services/minors","Protecting Washington children online.","","5708","SSB 5708","OTHER","","","S","","0","Frame","2025-02-28","","SFN","D","0","0","0",""
"5708","Online services/minors","Protecting Washington children online.","","5708","ESSB 5708","RULES","","","S","By resolution, returned to Senate Rules Committee for third reading.","1","Frame","2025-02-28","2025-04-27","SFN","D","0","0","0",""
"5710","Diesel vessels/state ferries","Addressing diesel vessel procurement at the Washington state ferries.","","5710","SB 5710","COMMITTEE","TRAN","true","S","First reading, referred to Transportation.","1","MacEwen","2025-02-10","2025-02-10","SFN","","0","0","0","47.56.030|47.6|47.60.010|47.60.810|47.60.826"
"5713","Chemical abortion","Concerning chemical abortion.","","5713","SB 5713","COMMITTEE","L&J","true","S","First reading, referred to Law & Justice.","1","Fortunato","2025-02-10","2025-02-10","","","0","0","0","9.02|9.02.120|9.02.170"
"5714","Bail bond agents/immigration","Declaring civil immigration enforcement as unprofessional conduct of bail bond recovery agents.","SSB 5714","5714","SB 5714","SUBSTITUTED","","","S","1st substitute bill substituted.","0","Trudeau","2025-02-10","2025-03-03","SFN","","0","0","0",""
"5714","Bail bond agents/immigration","Declaring civil immigration enforcement as unprofessional conduct of bail bond recovery agents.","SSB 5714","5714","SSB 5714","ENACTED","","","","Effective date 7/27/2025.","1","Trudeau","2025-02-20","2025-05-12","SFN","","0","0","0",""
"5718","TRS & SERS/plan 2 transfer","Providing members of the teachers' retirement system plan 3 and school employees' retirement system plan 3 that were never offered a choice of plan 2 the opportunity to irrevocably transfer to plan 2 for future service.","","5718","SB 5718","COMMITTEE","WM","true","S","First reading, referred to Ways & Means.","1","Lovick","2025-02-10","2025-02-10","","","0","0","0","41.32|41.35"
"5719","Local gov. hearing examiners","Concerning local government hearing examiners.","","5719","SB 5719","SUBSTITUTED","","","S","1st substitute bill substituted.","0","Salomon","2025-02-10","2025-03-11","SFN,Loc","","0","0","0","35.63.130|35a.63.170|36.70.970|58.17.330"
"5719","Local gov. hearing examiners","Concerning local government hearing examiners.","","5719","SSB 5719","OTHER","","","S","","0","Salomon","2025-02-20","","SFN,Loc","","0","0","0","35.63|35.63.130|35a.63|35a.63.170|36.7|36.70.970|58.17|58.17.330"
"5719","Local gov. hearing examiners","Concerning local government hearing examiners.","","5719","ESSB 5719","RULES","","","S","By resolution, returned to Senate Rules Committee for third reading.","1","Salomon","2025-02-20","2025-04-27","SFN,Loc","","0","0","0","35.63|35.63.130|35a.63|35a.63.170|36.7|36.70.970|58.17|58.17.330"
"5720","Uniform debt default act","Enacting the uniform consumer debt default judgments act.","","5720","SB 5720","COMMITTEE","L&J","true","S","First reading, referred to Law & Justice.","1","Pedersen","2025-02-10","2025-02-10","SFN","O","0","0","0","19.16.260|4"
"5721","Automobile insurance","Enhancing consumer protections for automobile insurance coverage.","","5721","SB 5721","FLOOR","","","S","","0","Stanford","2025-02-10","","SFN","","0","0","0",""
"5722","Local farming grant program","Creating a grant program to promote local workforce development, reduce transportation pollution, and strengthen food sovereignty and climate and disaster resiliency.","","5722","SB 5722","COMMITTEE","WM","false","S","Referred to Ways & Means.","1","Saldaña","2025-02-11","2025-02-21","SFN","","0","0","0","50.75|50.75.020"
"5723","Airpark covenants","Concerning covenants, conditions, and restrictions of an airpark.","","5723","SB 5723","COMMITTEE","LG","true","S","First reading, referred to Local Government.","1","Cortes","2025-02-11","2025-02-11","SFN,Loc","","0","0","0","35.21|35a.21"
"5724","Dual credit programs","Improving student access to dual credit programs, including career and technical education dual credit programs.","","5724","SB 5724","COMMITTEE","ELK12","true","S","First reading, referred to Early Learning & K-12 Education.","1","Krishnadasan","2025-02-11","2025-02-11","","","0","0","0","28a.245|28a.310|28a.320|28a.600|28b.50.531"
"5725","Housing on college lands","Expanding affordable housing opportunities on community and technical college lands.","","5725","SB 5725","COMMITTEE","WM","false","S","Referred to Ways & Means.","1","Slatter","2025-02-11","2025-02-21","SFN,Loc","","0","0","0","28b.50|28b.50.090|43.17.400|82.29a"
"5725","Housing on college lands","Expanding affordable housing opportunities on community and technical college lands.","","5725","SSB 5725","COMMITTEE","WM","false","S","Referred to Ways & Means.","1","Slatter","2025-02-21","2025-02-21","SFN,Loc","","0","0","0","28b.50|28b.50.090|43.17.400|82.29a"
"5728","Fish and wildlife commission","Concerning fish and wildlife commission members.","","5728","SB 5728","COMMITTEE","AGNR","true","S","First reading, referred to Agriculture & Natural Resources.","1","Wagoner","2025-02-11","2025-02-11","","","0","0","0","43.06.092|77.04|77.04.030|77.04.040|77.04.055"
"5729","Housing permitting","Encouraging construction of affordable housing by streamlining the permitting process.","","5729","SB 5729","FLOOR","","","S","","0","Gildon","2025-02-11","","SFN,Loc","","0","0","0","18.43.035|36.70b.050|36.70b.070|36.70b.140"
"5729","Housing permitting","Encouraging construction of affordable housing by streamlining the permitting process.","","5729","ESB 5729","RULES","","","S","By resolution, returned to Senate Rules Committee for third reading.","1","Gildon","2025-02-11","2025-04-27","SFN,Loc","","0","0","0","18.43.035|36.70b.050|36.70b.070|36.70b.140"
"5732","Housing supply/GMA","Creating greater accountability for increasing the supply of housing consistent with growth management.","","5732","SB 5732","COMMITTEE","HSG","true","S","First reading, referred to Housing.","1","Braun","2025-02-12","2025-02-12","SFN,Loc","","0","0","0","36.70a.011|36.70a.020|36.70a.115|36.70a.210|36.70a.345"
"5733","Updating comprehensive plans","Concerning updating comprehensive plans.","","5733","SB 5733","COMMITTEE","HSG","true","S","First reading, referred to Housing.","1","Braun","2025-02-12","2025-02-12","SFN,Loc","","0","0","0",""
"5734","Interstate bridge toll bonds","Concerning the interstate bridge replacement toll bond authority.","","5734","SSB 5734","RULES","","","S","Passed to Rules Committee for second reading.","1","Liias","2025-04-08","2025-04-08","","D","0","0","0","47.1|47.10.907"
"5735","Imitation firearm labeling","Establishing state standards for the labeling of imitation firearms sold inside Washington state.","","5735","SB 5735","COMMITTEE","L&J","true","S","First reading, referred to Law & Justice.","1","Salomon","2025-02-12","2025-02-12","","","0","0","0","9.41|9.41.010"
"5736","Child neglect cases","Improving responses and outcomes in child neglect cases.","","5736","SB 5736","COMMITTEE","HS","true","S","First reading, referred to Human Services.","1","Braun","2025-02-12","2025-02-12","","","0","0","0","26.44|26.44.020|26.44.030"
"5738","Retired employees/work","Permitting individuals retired from the public employees' retirement system, the teachers' retirement system, the school employees' retirement system, and the public safety employees' retirement system additional opportunities to work for up to 1,040 hours per year while in receipt of pension benefits.","","5738","SSB 5738","RULES","","","S","By resolution, returned to Senate Rules Committee for third reading.","1","Wellman","2025-02-27","2025-04-27","SFN,Loc","","0","0","0","41.32.570|41.32.802|41.32.862|41.35.060|41.37.050|41.40.037"
"5739","Public facilities districts","Concerning public facilities districts.","","5739","SB 5739","COMMITTEE","WM","true","S","First reading, referred to Ways & Means.","1","Wilson, J.","2025-02-12","2025-02-12","SFN,Loc","","0","0","0","36.100.130|82.14.390|82.14.485"
"5741","Housing court commissioners","Authorizing superior courts to appoint housing court commissioners.","","5741","SB 5741","COMMITTEE","HSG","true","S","First reading, referred to Housing.","1","Alvarado","2025-02-13","2025-02-13","SFN","","0","0","0","59.18|59.2"
"5742","Impaired driving","Concerning impaired driving.","","5742","SB 5742","COMMITTEE","L&J","true","S","First reading, referred to Law & Justice.","1","Fortunato","2025-02-13","2025-02-13","","","0","0","0","46.61.5055|66.08"
"5744","Legislative comparison study","Requiring a legislative comparison study.","","5744","SB 5744","COMMITTEE","STATE GOVERNMENT, TRIBAL AFFAIRS & ELECTIONS","true","S","First reading, referred to State Government, Tribal Affairs & Elections.","1","Hasegawa","2025-02-13","2025-02-13","","","0","0","0",""
"5745","Invol. treatment counsel","Concerning appointed counsel for individuals detained under the involuntary treatment act.","E2SSB 5745","5745","SB 5745","SUBSTITUTED","","","S","2nd substitute bill substituted.","0","Dhingra","2025-02-13","2025-03-10","SFN,Loc","","0","0","0","2.70.020|2.70.023|71.05.020|71.05.110|71.05.130|71.05.730|71.34.020|72.23.010|72.23.020"
"5745","Invol. treatment counsel","Concerning legal representation under the involuntary treatment act.","E2SSB 5745","5745","SSB 5745","SUBSTITUTED","","","S","2nd substitute bill substituted.","0","Dhingra","2025-02-20","2025-03-10","SFN,Loc","","0","0","0","2.70.020|2.70.023|71.05.020|71.05.110|71.05.130|71.05.730|71.34.020|72.23.010|72.23.020"
"5745","Invol. treatment counsel","Concerning legal representation under the involuntary treatment act.","E2SSB 5745","5745","2SSB 5745","OTHER","","","S","","0","Dhingra","2025-02-27","","SFN,Loc","","0","0","0","2.70.020|2.70.023|71.05.020|71.05.110|71.05.130|71.05.730|71.34.020|72.23.010|72.23.020"
"5745","Invol. treatment counsel","Concerning legal representation under the involuntary treatment act.","E2SSB 5745","5745","E2SSB 5745","ENACTED","","","","Effective date 5/12/2025*.","1","Dhingra","2025-02-27","2025-05-12","SFN,Loc","","0","0","0","2.70.020|2.70.023|71.05.020|71.05.110|71.05.130|71.05.730|71.34.020|72.23.010|72.23.020"
"5746","EV charger property crime","Creating an advisory committee on electric vehicle charger infrastructure property crime.","","5746","SB 5746","FLOOR","","","S","","0","Wilson, J.","2025-02-13","","SFN,Loc","","0","0","0",""
"5746","EV charger property crime","Creating an advisory committee on electric vehicle charger infrastructure property crime.","","5746","ESB 5746","RULES","","","S","By resolution, returned to Senate Rules Committee for third reading.","1","Wilson, J.","2025-02-13","2025-04-27","SFN,Loc","","0","0","0",""
"5747","Affordable housing/exemption","Concerning an exemption for affordable housing.","","5747","SB 5747","COMMITTEE","HSG","true","S","First reading, referred to Housing.","1","Wilson, J.","2025-02-13","2025-02-13","SFN,Loc","","0","0","0","19.27|19.27.015|19.27a|19.27a.080"
"5748","Impact fees","Incentivizing the substantial reduction or elimination of impact fees.","","5748","SB 5748","COMMITTEE","WM","true","S","First reading, referred to Ways & Means.","1","Wilson, J.","2025-02-13","2025-02-13","SFN,Loc","","0","0","0",""
"5749","Housing opportunity zones","Concerning housing development opportunity zones.","","5749","SB 5749","SUBSTITUTED","","","S","1st substitute bill substituted.","0","Wilson, J.","2025-02-13","2025-03-07","SFN,Loc","","0","0","0","35.21|35a.21"
"5749","Housing opportunity zones","Concerning housing development opportunity zones.","","5749","SSB 5749","RULES","","","S","By resolution, returned to Senate Rules Committee for third reading.","1","Wilson, J.","2025-02-21","2025-04-27","SFN,Loc","","0","0","0","35.21|35a.21"
"5750","State facility EV charging","Concerning fees for charging electrical vehicles at state facilities.","","5750","SB 5750","COMMITTEE","TRAN","true","S","First reading, referred to Transportation.","1","Wilson, J.","2025-02-13","2025-02-13","SFN","","0","0","0",""
"5751","Government services delivery","Concerning government services delivery improvement.","","5751","SB 5751","COMMITTEE","STATE GOVERNMENT, TRIBAL AFFAIRS & ELECTIONS","true","S","First reading, referred to State Government, Tribal Affairs & Elections.","1","Gildon","2025-02-14","2025-02-14","","","0","0","0",""
"5752","Child care & early dev.","Modifying child care and early childhood development programs.","ESSB 5752","5752","SB 5752","SUBSTITUTED","","","S","1st substitute bill substituted.","0","Wilson, C.","2025-02-14","2025-03-12","SFN","","0","0","0","43.216|43.216.090|43.216.505|43.216.505|43.216.512|43.216.513|43.216.556|43.216.578|43.216.579|43.216.587|43.216.590|43.216.592|43.216.600|43.216.772|43.216.775|43.216.802|43.216.804|43.216.806|43.216.810|43.216.812"
"5752","Child care & early dev.","Modifying child care and early childhood development programs.","ESSB 5752","5752","SSB 5752","OTHER","","","S","","0","Wilson, C.","2025-02-27","","SFN","","0","0","0","43.216|43.216.090|43.216.505|43.216.512|43.216.556|43.216.578|43.216.590|43.216.592|43.216.800|43.216.802|43.216.804|43.216.806|43.216.810|43.216.812"
"5752","Child care & early dev.","Modifying child care and early childhood development programs.","ESSB 5752","5752","ESSB 5752","ENACTED","","","","Effective date 7/1/2025*.","1","Wilson, C.","2025-02-27","2025-05-20","SFN","","0","0","0","43.216|43.216.090|43.216.505|43.216.512|43.216.556|43.216.578|43.216.590|43.216.592|43.216.800|43.216.802|43.216.804|43.216.806|43.216.810|43.216.812"
"5753","Public housing task force","Establishing a public housing task force.","","5753","SB 5753","COMMITTEE","HSG","true","S","First reading, referred to Housing.","1","Hasegawa","2025-02-14","2025-02-14","SFN,Loc","","0","0","0",""
"5754","Washington state public bank","Creating the Washington state public bank.","","5754","SB 5754","COMMITTEE","WM","false","S","Referred to Ways & Means.","1","Hasegawa","2025-02-14","2025-02-21","SFN,Loc","","0","0","0","39.59.040|42.56.270|42.56.400|43|43.08|43.10.067|43.84.080"
"5755","Residential dev./commercial","Incentivizing residential development with public benefits on underutilized commercial properties.","","5755","SB 5755","COMMITTEE","HSG","true","S","First reading, referred to Housing.","1","Alvarado","2025-02-14","2025-02-14","SFN,Loc","","0","0","0","43.33|82.59.010|84.14|84.14.010|84.14.030|84.14.060|84.14.070|84.14.090|84.14.100|84.14.110"
"5757","Auto. traffic safety revenue","Concerning the distribution of automated traffic safety revenue.","","5757","SB 5757","COMMITTEE","TRAN","true","S","First reading, referred to Transportation.","1","Christian","2025-02-14","2025-02-14","SFN,Loc","","0","0","0",""
"5758","Cannabis licensees/distance","Supporting social equity in the cannabis industry by establishing distance requirements for certain licensees.","","5758","SB 5758","SUBSTITUTED","","","S","1st substitute bill substituted.","0","Saldaña","2025-02-17","2025-03-12","SFN,Loc","","0","0","0",""
"5758","Cannabis licensees/distance","Supporting social equity in the cannabis industry by establishing distance requirements for certain licensees.","","5758","SSB 5758","RULES","","","S","By resolution, returned to Senate Rules Committee for third reading.","1","Saldaña","2025-02-21","2025-04-27","SFN,Loc","","0","0","0",""
"5759","Art purchase program","Establishing the own your own art purchase program.","","5759","SB 5759","COMMITTEE","STATE GOVERNMENT, TRIBAL AFFAIRS & ELECTIONS","true","S","First reading, referred to State Government, Tribal Affairs & Elections.","1","Wellman","2025-02-17","2025-02-17","","","0","0","0",""
"5760","GA building/reentry center","Establishing a colocated community facility and work release center in the general administration building on the state capitol campus.","","5760","SB 5760","COMMITTEE","HS","true","S","First reading, referred to Human Services.","1","Christian","2025-02-17","2025-02-17","","","0","0","0",""
"5762","988 line tax","Increasing the statewide 988 behavioral health crisis response and suicide prevention line tax.","","5762","SB 5762","COMMITTEE","WM","true","S","First reading, referred to Ways & Means.","1","Orwall","2025-02-18","2025-02-18","SFN","","0","0","0","82.86.020|82.86.050"
"5764","Ambulance transport fund","Repealing the expiration date for the ambulance transport fund.","SB 5764","5764","SB 5764","ENACTED","","","","Effective date 7/27/2025.","1","Gildon","2025-02-18","2025-04-22","SFN","","0","0","0",""
"5765","Psychiatric pharmacists","Concerning psychiatric pharmacists.","","5765","SB 5765","COMMITTEE","HLTC","true","S","First reading, referred to Health & Long-Term Care.","1","Slatter","2025-02-18","2025-02-18","","","0","0","0","71.05.020|71.05.148|71.05.230|71.05.585"
"5766","Passive investment vehicles","Clarifying the business and occupation tax treatment of the investment income of passive investment vehicles managed by a person subject to business and occupation tax under RCW 82.04.290(1).","","5766","SB 5766","COMMITTEE","WM","true","S","First reading, referred to Ways & Means.","1","Liias","2025-02-18","2025-02-18","","","0","0","0",""
"5768","Working families' tax credit","Expanding eligibility for the working families' tax credit to everyone age 18 and older.","","5768","SSB 5768","RULES","","","S","Senate Rules ""X"" file.","1","Saldaña","2025-02-27","2025-03-17","SFN","","0","0","0",""
"5769","Transition to kindergarten","Addressing transition to kindergarten programs.","ESB 5769","5769","SB 5769","FLOOR","","","S","","0","Wellman","2025-02-21","","SFN","","0","0","0",""
"5769","Transition to kindergarten","Addressing transition to kindergarten programs.","ESB 5769","5769","ESB 5769","ENACTED","","","","Effective date 7/27/2025.","1","Wellman","2025-02-21","2025-05-17","SFN","","0","0","0",""
"5770","Primary residence/tax","Providing housing safety, security, and protection by creating the primary residence property tax exemption.","","5770","SSB 5770","RULES","","","S","Senate Rules ""X"" file.","1","Robinson","2025-02-27","2025-03-17","SFN,Loc","","0","0","0","84.36|84.48.010"
"5771","WFTC increase/tenants","Increasing the working families' tax credit to reflect the economic impact of property taxes incorporated into rental amounts charged to residential tenants.","","5771","SSB 5771","RULES","","","S","Senate Rules ""X"" file.","1","Robinson","2025-02-27","2025-03-17","SFN","","0","0","0",""
"5772","Student enrollment","Calculating student enrollment for local effort assistance.","","5772","SB 5772","FLOOR","","","S","","0","Hansen","2025-02-21","","SFN","","0","0","0",""
"5772","Student enrollment","Calculating student enrollment for local effort assistance.","","5772","ESB 5772","RULES","","","S","By resolution, returned to Senate Rules Committee for third reading.","1","Hansen","2025-02-21","2025-04-27","SFN","","0","0","0",""
"5773","Transportation procurement","Concerning alternative procurement and delivery models for transportation projects.","","5773","SB 5773","SUBSTITUTED","","","S","1st substitute bill substituted.","0","Liias","2025-02-21","2025-03-11","SFN","","0","0","0","39.10.270|39.10.280|43.131.408|47|47.20.780|47.20.785|47.29.010|47.29.020|47.29.030|47.29.040|47.29.050|47.29.060|47.29.070|47.29.080|47.29.090|47.29.100|47.29.110|47.29.120|47.29.130|47.29.140|47.29.150|47.29.160|47.29.170|47.29.180|47.29.190|47.29.200|47.29.210|47.29.220|47.29.230|47.29.240|47.29.250|47.29.260|47.29.270|47.29.280|47.29.290|47.56.030|47.56.031|70a.15.4030"
"5773","Transportation procurement","Concerning alternative procurement and delivery models for transportation projects.","","5773","SSB 5773","RULES","","","S","By resolution, returned to Senate Rules Committee for third reading.","1","Liias","2025-02-27","2025-04-27","SFN","","0","0","0","39.10.270|39.10.280|43.131.408|47|47.20.780|47.20.785|47.29.010|47.29.020|47.29.030|47.29.040|47.29.050|47.29.060|47.29.070|47.29.080|47.29.090|47.29.100|47.29.110|47.29.120|47.29.130|47.29.140|47.29.150|47.29.160|47.29.170|47.29.180|47.29.190|47.29.200|47.29.210|47.29.220|47.29.230|47.29.240|47.29.250|47.29.260|47.29.270|47.29.280|47.29.290|47.56.030|47.56.031|70a.15.4030"
"5775","Public safety/local tax","Expanding local taxing authority to fund public safety and community protection focused programs and services.","","5775","SB 5775","FLOOR","","","S","","0","Slatter","2025-02-24","","SFN,Loc","","0","0","0","82.14.340|82.14.450"
"5775","Public safety/local tax","Expanding local taxing authority to fund public safety and community protection focused programs and services.","","5775","ESB 5775","RULES","","","S","By resolution, returned to Senate Rules Committee for third reading.","1","Slatter","2025-02-24","2025-04-27","SFN,Loc","","0","0","0","82.14.340|82.14.450"
"5776","American dream homes","Promoting housing affordability by incentivizing the construction of American dream homes.","","5776","SB 5776","COMMITTEE","HSG","true","S","First reading, referred to Housing.","1","Fortunato","2025-02-25","2025-02-25","","","0","0","0","36.70a|82.04|82.08|84.36"
"5779","African diaspora heritage","Establishing African diaspora heritage week.","","5779","SB 5779","COMMITTEE","STATE GOVERNMENT, TRIBAL AFFAIRS & ELECTIONS","true","S","First reading, referred to State Government, Tribal Affairs & Elections.","1","Nobles","2025-02-26","2025-02-26","","","0","0","0",""
"5780","Student transport. vehicles","Concerning reimbursement payments for replacing student transportation vehicles.","","5780","SB 5780","COMMITTEE","WM","true","S","First reading, referred to Ways & Means.","1","Gildon","2025-02-26","2025-02-26","SFN","","0","0","0","28a.160.170|28a.160.200"
"5781","FDA labeling","Restoring trust in public health by conforming to food and drug administration labeling.","","5781","SB 5781","COMMITTEE","HLTC","true","S","First reading, referred to Health & Long-Term Care.","1","Fortunato","2025-02-28","2025-02-28","","","0","0","0",""
"5782","Impaired driving","Concerning impaired driving.","","5782","SB 5782","COMMITTEE","L&J","true","S","First reading, referred to Law & Justice.","1","Torres","2025-03-03","2025-03-03","","","0","0","0","46.61.502|46.61.504|46.61.5055"
"5783","Vaccination status","Prohibiting use of vaccination status in certain administrative and legal proceedings.","","5783","SB 5783","COMMITTEE","L&J","true","S","First reading, referred to Law & Justice.","1","Fortunato","2025-03-03","2025-03-03","","","0","0","0","11.13|26.09.187|26.33|26.44"
"5784","Agency demographic data","Encouraging agency demographic data collection.","","5784","SB 5784","COMMITTEE","STATE GOVERNMENT, TRIBAL AFFAIRS & ELECTIONS","true","S","First reading, referred to State Government, Tribal Affairs & Elections.","1","Hasegawa","2025-03-05","2025-03-05","","","0","0","0","28a.300.042|42"
"5785","Higher education costs","Modifying students' share of the education costs at institutions of higher education.","SSB 5785","5785","SB 5785","SUBSTITUTED","","","S","1st substitute bill substituted.","0","Robinson","2025-03-07","2025-04-19","SFN","","0","0","0","28b.15.067|28b.92|28b.92.200|28b.92.205|43.88c.010"
"5785","Higher education costs","Amending the Washington college grant and college bound scholarship.","SSB 5785","5785","SSB 5785","ENACTED","","","","Effective date 7/1/2025.","1","Robinson","2025-04-18","2025-05-20","SFN","","0","0","0","28b.118.010|28b.92.030|28b.92.205"
"5786","Liquor license fees","Increasing license, permit, and endorsement fees.","2SSB 5786","5786","SSB 5786","SUBSTITUTED","","","S","2nd substitute bill substituted.","0","Stanford","2025-04-01","2025-04-16","SFN","","0","0","0","66.08|66.20.010|66.20.400|66.24.015|66.24.035|66.24.055|66.24.140|66.24.146|66.24.150|66.24.160|66.24.165|66.24.170|66.24.179|66.24.185|66.24.200|66.24.203|66.24.240|66.24.244|66.24.246|66.24.248|66.24.250|66.24.261|66.24.310|66.24.320|66.24.330|66.24.350|66.24.354|66.24.360|66.24.363|66.24.371|66.24.380|66.24.395|66.24.400|66.24.420|66.24.425|66.24.450|66.24.452|66.24.495|66.24.520|66.24.530|66.24.540|66.24.550|66.24.570|66.24.580|66.24.590|66.24.600|66.24.610|66.24.630|66.24.650|66.24.655|66.24.680|66.24.690|66.24.695"
"5786","Liquor license fees","Increasing license, permit, and endorsement fees.","2SSB 5786","5786","2SSB 5786","ENACTED","","","","Effective date 7/27/2025.","1","Stanford","2025-04-08","2025-05-17","SFN","","0","0","0","66.08|66.20.010|66.20.400|66.24.015|66.24.035|66.24.055|66.24.140|66.24.146|66.24.150|66.24.160|66.24.165|66.24.170|66.24.179|66.24.185|66.24.200|66.24.203|66.24.240|66.24.244|66.24.246|66.24.248|66.24.250|66.24.261|66.24.310|66.24.320|66.24.330|66.24.350|66.24.354|66.24.360|66.24.363|66.24.371|66.24.380|66.24.395|66.24.400|66.24.420|66.24.425|66.24.450|66.24.452|66.24.495|66.24.520|66.24.530|66.24.540|66.24.550|66.24.570|66.24.580|66.24.590|66.24.600|66.24.610|66.24.630|66.24.650|66.24.655|66.24.680|66.24.690|66.24.695"
"5787","Wildfire BSA appropriations","Making expenditures from the budget stabilization account for declared catastrophic events.","","5787","SB 5787","COMMITTEE","WM","true","S","First reading, referred to Ways & Means.","1","Stanford","2025-03-12","2025-03-12","SFN","","0","0","0",""
"5788","Budget savings","Achieving budget savings in certain policies that have yet to take effect.","","5788","SB 5788","COMMITTEE","WM","true","S","First reading, referred to Ways & Means.","1","Gildon","2025-03-13","2025-03-13","SFN","","0","0","0","43.216.556|43.216.802|43.216.828|74.08a.035|74.62.030"
"5789","State financial aid/credits","Restoring state financial aid assistance to a maximum of 125 percent of credits needed to graduate.","","5789","SB 5789","COMMITTEE","WM","true","S","First reading, referred to Ways & Means.","1","Gildon","2025-03-13","2025-03-13","SFN","","0","0","0","28b.117.030|28b.118.005|28b.118.010|28b.77|28b.92.200"
"5790","CTC employee COLAs","Concerning cost-of-living adjustments for community and technical college employees.","SSB 5790","5790","SB 5790","SUBSTITUTED","","","S","1st substitute bill substituted.","0","Robinson","2025-03-18","2025-04-19","SFN","","0","0","0","28b.50.465|28b.50.468"
"5790","CTC employee COLAs","Concerning cost-of-living adjustments for community and technical college employees.","SSB 5790","5790","SSB 5790","ENACTED","","","","Effective date 7/1/2025.","1","Robinson","2025-04-18","2025-05-17","","","0","0","0","28b.50.465|28b.50.468"
"5791","Higher education funding","Increasing state funding to expand access to higher education.","","5791","SB 5791","COMMITTEE","WM","true","S","First reading, referred to Ways & Means.","1","Hansen","2025-03-19","2025-03-19","SFN","","0","0","0",""
"5792","State employee compensation","Concerning temporary compensation reductions for state government employees during the 2025-2027 fiscal biennium.","","5792","SB 5792","COMMITTEE","WM","true","S","First reading, referred to Ways & Means.","1","Robinson","2025-03-21","2025-03-21","SFN,Loc","","0","0","0","41.04.340|41.04.820|41.06.500|41.26.030|41.32.010|41.37.010|41.40.010|41.5|43.01.041|43.03.030|43.03.3051|43.43.120|43.43.120"
"5793","Public employee health plans","Concerning employer contributions and incentives for public and school employee health benefit plans.","","5793","SB 5793","COMMITTEE","WM","true","S","First reading, referred to Ways & Means.","1","Robinson","2025-03-21","2025-03-21","SFN","","0","0","0","41.05.065|41.05.740|41.56.500|41.59.105|41.80.020|47.64.270"
"5794","Tax preferences","Adopting recommendations from the tax preference performance review process, eliminating obsolete tax preferences, clarifying legislative intent, and addressing changes in constitutional law.","ESSB 5794","5794","SB 5794","SUBSTITUTED","","","S","1st substitute bill substituted.","0","Salomon","2025-03-21","2025-04-19","SFN,Loc","","0","0","0","36.100.090|36.102.070|48.14.0201|82.04.050|82.04.051|82.04.062|82.04.110|82.04.120|82.04.257|82.04.260|82.04.260|82.04.272|82.04.280|82.04.290|82.04.29001|82.04.29002|82.04.29004|82.04.29005|82.04.293|82.04.297|82.04.299|82.04.315|82.04.360|82.04.421|82.04.4292|82.04.4295|82.04.4331|82.04.4332|82.04.43391|82.04.43395|82.04.43396|82.04.434|82.04.4451|82.04.44525|82.04.447|82.04.4482|82.04.4496|82.04.540|82.04.545|82.04.620|82.04.627|82.08.02566|82.08.02568|82.08.02569|82.08.0262|82.08.809|82.08.9999|82.12.022|82.12.024|82.12.0254|82.12.02566|82.12.02568|82.12.02569|82.12.0265|82.12.809|82.12.9999|82.16.020|82.16.046|82.16.0495|82.16.0496|82.16.0497|82.16.0498|82.16.050|82.16.315|82.21.040|82.23a.030|82.29a.130|82.29a.132|82.29a.137|82.32.805|82.32.808|82.45.010|82.45.030|82.45.190|82.48.030|82.62.030|82.64.030|82.85.010|82.85.020|82.85.040|84.36.010|84.36.030"
"5794","Tax preferences","Adopting recommendations from the tax preference performance review process, eliminating obsolete tax preferences, clarifying legislative intent, and addressing changes in constitutional law.","ESSB 5794","5794","SSB 5794","OTHER","","","S","","0","Salomon","2025-04-18","","SFN,Loc","","0","0","0","48.14.0201|82.04.062|82.04.260|82.04.260|82.04.280|82.04.290|82.04.29004|82.04.390|82.04.405|82.04.434|82.04.44525|82.16.0497"
"5794","Tax preferences","Adopting recommendations from the tax preference performance review process, eliminating obsolete tax preferences, clarifying legislative intent, and addressing changes in constitutional law.","ESSB 5794","5794","ESSB 5794","ENACTED","","","","Effective date 1/1/2026*.","1","Salomon","2025-04-18","2025-05-20","SFN,Loc","","0","0","0","48.14.0201|82.04.062|82.04.260|82.04.260|82.04.280|82.04.290|82.04.29004|82.04.390|82.04.405|82.04.434|82.04.44525|82.16.0497"
"5795","Sales and use tax rate","Reducing the state sales and use tax rate.","","5795","SB 5795","COMMITTEE","WM","true","S","First reading, referred to Ways & Means.","1","Krishnadasan","2025-03-21","2025-03-21","SFN","","0","0","0",""
"5796","Payroll expense tax","Enacting an excise tax on large employers on the amount of payroll expenses above the social security wage threshold to fund programs and services to benefit Washingtonians.","","5796","SB 5796","COMMITTEE","WM","true","S","First reading, referred to Ways & Means.","1","Saldaña","2025-03-21","2025-03-21","SFN,Loc","","0","0","0",""
"5797","Intangible assets tax","Enacting a tax on stocks, bonds, and other financial intangible assets for the benefit of public schools.","","5797","SB 5797","OTHER","","","S","","0","Frame","2025-03-21","","SFN,Loc","","0","0","0","43.135.034|82.32.160|82.32.655"
"5797","Intangible assets tax","Enacting a tax on stocks, bonds, and other financial intangible assets for the benefit of public schools.","","5797","ESB 5797","RULES","","","S","By resolution, returned to Senate Rules Committee for third reading.","1","Frame","2025-03-21","2025-04-27","SFN,Loc","","0","0","0","43.135.034|82.32.160|82.32.655"
"5797","Intangible assets tax","Enacting a wealth tax on stocks, bonds, and other financial intangible assets for the benefit of public schools.","","5797","SSB 5797","SUBSTITUTED","","","S","1st substitute bill not substituted.","0","Frame","2025-04-18","2025-04-27","SFN,Loc","","0","0","0","43.135.034|82.32.160|82.32.655"
"5798","Property tax","Concerning property tax reform.","","5798","SB 5798","RULES","","","S","Returned to Rules.","1","Pedersen","2025-03-21","2025-04-27","SFN,Loc","","0","0","0","84.36.381|84.55|84.55.005|84.55.0101|84.55.100|84.56.020"
"5798","Property tax","Concerning property tax reform.","","5798","SSB 5798","RULES","","","S","Returned to Rules.","1","Pedersen","2025-04-18","2025-04-27","SFN,Loc","","0","0","0","84.36.381|84.36.383|84.36.630|84.38.020|84.52.065|84.56.020"
"5800","Transportation funding bonds","Authorizing bonds for transportation funding.","","5800","SB 5800","RULES","","","S","By resolution, returned to Senate Rules Committee for third reading.","1","King","2025-03-25","2025-04-27","","","0","0","0","47.1|47.10.879"
"5801","Transportation resources","Concerning transportation resources.","ESSB 5801","5801","SB 5801","SUBSTITUTED","","","S","1st substitute bill substituted.","0","Liias","2025-03-25","2025-03-29","SFN,Loc","","0","0","0","36|36.70a.200|43.19.642|43.21c|43.84.092|46.16a.030|46.16a.305|46.17|46.17.005|46.17.040|46.17.323|46.17.324|46.20.117|46.20.161|46.20.181|46.63.110|46.63.200|46.63.220|46.68.041|46.68.090|46.68.490|46.68.500|47.01.051|47.01.071|47.01.075|47.04|47.04.035|47.04.280|47.04.350|47.04.355|47.04.380|47.04.390|47.04.430|47.46.100|47.46.110|47.56.245|47.56.850|47.56.870|47.6|47.60.322|47.60.826|47.66|49.26.013|70a.205.405|70a.205.425|70a.205.430|70a.65.030|70a.65.040|70a.65.230|72.6|77.55|77.55.181|81.52.050|82|82.08.020|82.12.020|82.14|82.38.030|82.42.090|88.16.035|90.58.356"
"5801","Transportation resources","Concerning transportation resources.","ESSB 5801","5801","SSB 5801","OTHER","","","S","","0","Liias","2025-03-27","","SFN,Loc","","0","0","0","28b.30.903|36.70a.200|43.19.642|43.59.156|43.84.092|46.16a.305|46.17.005|46.17.040|46.17.355|46.17.365|46.17.380|46.20.117|46.20.161|46.20.181|46.61.---|46.63.200|46.63.210|46.63.220|46.63.260|46.68.090|46.68.175|46.68.490|46.68.500|47.04.035|47.04.350|47.04.355|47.04.380|47.04.390|47.24.020|47.29.010|47.29.020|47.29.030|47.29.040|47.29.050|47.29.060|47.29.070|47.29.080|47.29.090|47.29.100|47.29.110|47.29.120|47.29.130|47.29.140|47.29.150|47.29.160|47.29.170|47.29.180|47.29.190|47.29.200|47.29.210|47.29.220|47.29.230|47.29.240|47.29.250|47.29.260|47.29.270|47.29.280|47.29.290|47.46.100|47.56.030|47.56.031|47.56.850|47.56.870|47.60.315|47.60.322|47.60.826|49.26.013|70a.15.4030|70a.205.405|70a.205.425|70a.205.430|70a.65.030|70a.65.040|70a.65.230|81.52.050|82.08.020|82.12.020|82.32.145|82.38.030|82.38.075|82.42.090|88.16.035|88.16.070|88.16.180|90.58.356"
"5801","Transportation resources","Concerning transportation resources.","ESSB 5801","5801","ESSB 5801","ENACTED","","","","Effective date 7/27/2025*.","1","Liias","2025-03-27","2025-05-23","SFN,Loc","","0","0","0","28b.30.903|36.70a.200|43.19.642|43.59.156|43.84.092|46.16a.305|46.17.005|46.17.040|46.17.355|46.17.365|46.17.380|46.20.117|46.20.161|46.20.181|46.61.---|46.63.200|46.63.210|46.63.220|46.63.260|46.68.090|46.68.175|46.68.490|46.68.500|47.04.035|47.04.350|47.04.355|47.04.380|47.04.390|47.24.020|47.29.010|47.29.020|47.29.030|47.29.040|47.29.050|47.29.060|47.29.070|47.29.080|47.29.090|47.29.100|47.29.110|47.29.120|47.29.130|47.29.140|47.29.150|47.29.160|47.29.170|47.29.180|47.29.190|47.29.200|47.29.210|47.29.220|47.29.230|47.29.240|47.29.250|47.29.260|47.29.270|47.29.280|47.29.290|47.46.100|47.56.030|47.56.031|47.56.850|47.56.870|47.60.315|47.60.322|47.60.826|49.26.013|70a.15.4030|70a.205.405|70a.205.425|70a.205.430|70a.65.030|70a.65.040|70a.65.230|81.52.050|82.08.020|82.12.020|82.32.145|82.38.030|82.38.075|82.42.090|88.16.035|88.16.070|88.16.180|90.58.356"
"5802","Transportation funds","Rebalancing statutory fund transfers and revenue dedications for transportation.","2SSB 5802","5802","SB 5802","SUBSTITUTED","","","S","2nd substitute bill substituted.","0","Liias","2025-03-28","2025-04-19","SFN","","0","0","0","43.155.050|47.56.165|82.08.020|82.12.020|82.21.030|82.32.385"
"5802","Transportation funds","Rebalancing statutory fund transfers and revenue dedications for transportation.","2SSB 5802","5802","SSB 5802","SUBSTITUTED","","","S","2nd substitute bill substituted.","0","Liias","2025-04-04","2025-04-19","SFN","","0","0","0","43.155.050|47.01.412|47.46.060|47.56.165|82.08.020|82.12.020|82.21.030|82.32.385"
"5802","Transportation funds","Rebalancing statutory fund transfers and revenue dedications for transportation.","2SSB 5802","5802","2SSB 5802","ENACTED","","","","Effective date 7/27/2025*.","1","Liias","2025-04-18","2025-05-20","SFN","","0","0","0","43.155.050|47.01.412|47.46.060|82.08.020|82.12.020|82.32.385"
"5804","Fish habitat restoration","Concerning fish habitat restoration.","","5804","SB 5804","RULES","","","S","Passed to Rules Committee for second reading.","1","Trudeau","2025-03-29","2025-04-08","SFN,Loc","","0","0","0","43.155.050|77|82.16|82.16.020|82.18.040|82.45.230"
"5804","Fish habitat restoration","Concerning fish habitat restoration in response to the federal court injunction and supported by changes to the state tax structure and authorization of bonds.","","5804","SSB 5804","RULES","","","S","Passed to Rules Committee for second reading.","1","Trudeau","2025-04-08","2025-04-08","SFN,Loc","","0","0","0","43.155.050|77|82.16|82.16.020|82.18.040|82.45.230"
"5805","Yakima Valley School","Concerning the Yakima Valley School.","","5805","SB 5805","COMMITTEE","WM","true","S","First reading, referred to Ways & Means.","1","Torres","2025-03-31","2025-03-31","","","0","0","0","71a.20.020|71a.20.180"
"5806","Revenue voluntary disclosure","Creating a voluntary disclosure program within the department of revenue.","","5806","SB 5806","COMMITTEE","WM","true","S","First reading, referred to Ways & Means.","1","Muzzall","2025-04-02","2025-04-02","","","0","0","0",""
"5807","Health plan incentives","Concerning wellness incentives for public and school employee health benefit plans.","SB 5807","5807","SB 5807","ENACTED","","","","Effective date 7/27/2025.","1","Robinson","2025-04-08","2025-05-20","SFN","","0","0","0","41.05.065|41.05.740"
"5809","Cost savings","Generating cost savings to the state by repealing annual reports and an advisory committee.","","5809","SB 5809","COMMITTEE","WM","true","S","First reading, referred to Ways & Means.","1","Gildon","2025-04-14","2025-04-14","","","0","0","0","43.71c.100|70.330.020|71.24.546"
"5810","Operating budget","Making 2025-2027 fiscal biennium operating appropriations and 2023-2025 fiscal biennium second supplemental operating appropriations.","","5810","SB 5810","COMMITTEE","WM","true","S","First reading, referred to Ways & Means.","1","Gildon","2025-04-15","2025-04-15","","","0","0","0","18.04.105|18.20.430|18.43.150|18.51.060|18.85.061|19.28.351|28b.76.525|28c.10.082|34.12.130|38.40.200|38.40.210|38.40.220|41.05.120|41.50.075|41.50.110|43.09.282|43.101.200|43.101.220|43.155.050|43.19.025|43.24.150|43.320.110|43.330.250|43.330.365|43.99n.060|50.16.010|50.24.014|51.44.170|51.44.190|59.21.050|67.70.044|69.50.540|70.104.110|70.128.160|70.79.350|72.09.780|74.46.561|74.46.581|79.64.040|79.64.110|9.46.100"
"5813","Tax rates/cap. gains, estate","Increasing funding to the education legacy trust account by creating a more progressive rate structure for the capital gains tax and estate tax.","ESSB 5813","5813","SSB 5813","OTHER","","","S","","0","Wilson, C.","2025-04-18","","SFN","","0","0","0","82.87.040|83.100.020|83.100.040|83.100.046|83.100.048"
"5813","Tax rates/cap. gains, estate","Increasing funding to the education legacy trust account by creating a more progressive rate structure for the capital gains tax and estate tax.","ESSB 5813","5813","ESSB 5813","ENACTED","","","","Effective date 5/20/2025.","1","Wilson, C.","2025-04-18","2025-05-20","SFN","","0","0","0","82.87.040|83.100.020|83.100.040|83.100.046|83.100.048"
"5814","Excise taxes","Modifying the application and administration of certain excise taxes.","ESSB 5814","5814","SSB 5814","OTHER","","","S","","0","Frame","2025-04-18","","SFN","","0","0","0","82.04.050|82.04.192|82.26.010"
"5814","Excise taxes","Modifying the application and administration of certain excise taxes.","ESSB 5814","5814","ESSB 5814","ENACTED","","","","Effective date 7/27/2025*.","1","Frame","2025-04-18","2025-05-20","SFN","","0","0","0","82.04.050|82.04.192|82.26.010"
"5816","Sale of juice grapes","Concerning the sale of juice grapes.","","5816","SB 5816","COMMITTEE","AGNR","true","S","First reading, referred to Agriculture & Natural Resources.","1","Torres","2025-04-21","2025-04-21","","","0","0","0",""
"5817","Election security","Creating the state elections confidence using rigorous examination act.","","5817","SB 5817","COMMITTEE","STATE GOVERNMENT, TRIBAL AFFAIRS & ELECTIONS","true","S","First reading, referred to State Government, Tribal Affairs & Elections.","1","Fortunato","2025-04-21","2025-04-21","","","0","0","0","29a.08|29a.08.010|29a.08.350|29a.40.091|29a.40.160|29a.60|46.20.117"
"5818","DOC transfers/immigration","Facilitating the transfer of certain individuals in the custody of the department of corrections.","","5818","SB 5818","COMMITTEE","HS","true","S","First reading, referred to Human Services.","1","Fortunato","2025-04-22","2025-04-22","","","0","0","0","10.93.160|43.17.420|72.09"
"5819","Paid protestor services/tax","Ensuring paid protestor services are considered a temporary staffing service subject to state retail sales and use taxes.","","5819","SB 5819","PREFILED","","","S","Prefiled for introduction.","1","Christian","","2025-12-01","","","0","1","1",""
"5820","Freight rail dependent use","Concerning the responsibility of certain counties to include freight rail dependent use overlay as part of the transportation element of their comprehensive plan.","","5820","SB 5820","PREFILED","","","S","Prefiled for introduction.","1","Cortes","","2025-12-01","","","0","1","1","36.70a.060|36.70a.108"
"5822","Missing persons alert system","Concerning missing persons alert systems.","","5822","SB 5822","PREFILED","","","S","Prefiled for introduction.","1","Torres","","2025-12-03","","","0","1","1","13.6|13.60.010|13.60.050"
"5823","Patient advocates","Concerning patient advocates.","","5823","SB 5823","PREFILED","","","S","Prefiled for introduction.","1","Cortes","","2025-12-03","","","0","1","1",""
"5824","Fifth-wheel travel trailers","Concerning fifth-wheel travel trailers.","","5824","SB 5824","PREFILED","","","S","Prefiled for introduction.","1","King","","2025-12-03","","","0","1","1",""
"5825","Leadership board/gifts","Authorizing the Washington state leadership board to solicit gifts, grants, and endowments from public or private sources.","","5825","SB 5825","PREFILED","","","S","Prefiled for introduction.","1","Wilson, C.","","2025-12-03","","D","0","1","1",""
"5826","Postsecondary/med. abortion","Concerning access at public postsecondary educational institutions to medication abortion.","","5826","SB 5826","PREFILED","","","S","Prefiled for introduction.","1","Nobles","","2025-12-03","","","0","1","1",""
"5827","Veterans/discharge def.","Concerning the definition of a ""qualifying discharge"" for the Washington state veterans' preference program for civil service.","","5827","SB 5827","PREFILED","","","S","Prefiled for introduction.","1","Gildon","","2025-12-04","","","0","1","1","41.04.010|73.04.005"
"5828","College scholarships/private","Concerning the Washington college grant and college bound scholarship program for students attending private four-year not-for-profit institutions of higher education in Washington.","","5828","SB 5828","PREFILED","","","S","Prefiled for introduction.","1","Nobles","","2025-12-04","","","0","1","1","28b.118.010|28b.92.030"
"5830","Political affil./hate crimes","Clarifying hate crimes to include political affiliation.","","5830","SB 5830","PREFILED","","","S","Prefiled for introduction.","1","Fortunato","","2025-12-04","","","0","1","1","9a.36.078|9a.36.080"
"5831","Uniform mortgage mod. act","Enacting the uniform mortgage modification act.","","5831","SB 5831","PREFILED","","","S","Prefiled for introduction.","1","Dozier","","2025-12-04","","O","0","1","1",""
"5832","Motor vehicle arb. fee","Updating the arbitration fee collected for the new motor vehicle arbitration account.","","5832","SB 5832","PREFILED","","","S","Prefiled for introduction.","1","Riccelli","","2025-12-04","","D","0","1","1",""
"5833","Pets in unattended vehicles","Allowing pets in unattended motor vehicles under certain circumstances.","","5833","SB 5833","PREFILED","","","S","Prefiled for introduction.","1","Wagoner","","2026-01-05","","","0","1","1","16.52.340|46.61.600"
"5836","Superior court judge/Skagit","Adding an additional superior court judge in Skagit county.","","5836","SB 5836","PREFILED","","","S","Prefiled for introduction.","1","Wagoner","","2025-12-05","","","0","1","1",""
"5837","Guardianship, etc.","Concerning guardianship, conservatorship, and other protective arrangements.","","5837","SB 5837","PREFILED","","","S","Prefiled for introduction.","1","Pedersen","","2025-12-05","","","0","1","1","11.130.090|11.130.170|11.130.195|11.130.200|11.130.205|11.130.210|11.130.215|11.130.220|11.130.225|11.130.240|11.130.275|11.130.280|11.130.285|11.130.300|11.130.310|11.130.380|11.130.385|11.130.400|11.130.410|11.130.420|11.130.425|11.130.605|11.130.610|11.130.620|11.130.630|11.130.730|11.130.750"
"5839","County ferry districts","Concerning county ferry district authority.","","5839","SB 5839","PREFILED","","","S","Prefiled for introduction.","1","Shewmake","","2025-12-05","","","0","1","1","36.54.120|36.54.130|36.54.135"
"5840","Campaign finance schedule","Making adjustments to the schedule for reporting campaign finance expenditure activity.","","5840","SB 5840","PREFILED","","","S","Prefiled for introduction.","1","Wilson, J.","","2025-12-05","","O","0","1","1","29b.10.240|29b.10.390|29b.25.020|29b.25.070|29b.25.090|29b.25.100"
"5841","Financial aid applications","Concerning the completion of postsecondary financial aid applications.","","5841","SB 5841","PREFILED","","","S","Prefiled for introduction.","1","Boehnke","","2025-12-05","","","0","1","1","28a.230.212|28a.300.815"
"5842","Campaign memorabilia","Concerning the display of previous campaign memorabilia within a legislative office.","","5842","SB 5842","PREFILED","","","S","Prefiled for introduction.","1","Wagoner","","2025-12-08","","","0","1","1",""
"5843","Signature gatherers","Establishing penalties and protections against harassment of initiative and referendum signature gatherers.","","5843","SB 5843","PREFILED","","","S","Prefiled for introduction.","1","Wagoner","","2025-12-08","","","0","1","1",""
"5845","Health carrier payments","Modernizing and clarifying timely payment requirements for health carriers.","","5845","SB 5845","PREFILED","","","S","Prefiled for introduction.","1","Slatter","","2025-12-08","","","0","1","1","41.05.017|48.43"
"5846","Sex offender placements","Providing community notification and protection for less restrictive alternative placements for sex offenders in the community.","","5846","SB 5846","PREFILED","","","S","Prefiled for introduction.","1","Fortunato","","2025-12-08","","","0","1","1","71.09.096|71.09.097|71.09.140|71a.12"
"5848","School district impact fees","Concerning school district impact fees.","","5848","SB 5848","PREFILED","","","S","Prefiled for introduction.","1","Cortes","","2025-12-08","","","0","1","1",""
"5849","Financial education","Making financial education a graduation requirement in Washington state.","","5849","SB 5849","PREFILED","","","S","Prefiled for introduction.","1","Cortes","","2025-12-08","","D","0","1","1","28a.230|28a.300.468"
"5850","Signature gathering","Establishing protections for citizens participating in the initiative and referendum process.","","5850","SB 5850","PREFILED","","","S","Prefiled for introduction.","1","Wilson, J.","","2025-12-08","","","0","1","1","29a.84|29a.84.250"
"5851","Sea lion predation donations","Providing for donations to the sea lion predation control account at the time of vessel registration for the purpose of salmon level preservation.","","5851","SB 5851","PREFILED","","","S","Prefiled for introduction.","1","Wilson, J.","","2025-12-08","","","0","1","1","43.84.092|88.02"
"5853","Public official notification","Protecting elected officials from political violence by creating the statewide emergency public official notification system.","","5853","SB 5853","PREFILED","","","S","Prefiled for introduction.","1","Wilson, J.","","2025-12-08","","","0","1","1","38.52|38.52.520|42.56"
"5854","Sexually violent predators","Modifying procedures for releasing sexually violent predators to less restrictive alternative placements.","","5854","SB 5854","PREFILED","","","S","Prefiled for introduction.","1","Schoesler","","2025-12-08","","","0","1","1","71.09.020|71.09.090|71.09.092|71.09.094|71.09.096|71.09.098"
"5856","Lubricant emissions","Exempting emissions associated with lubricants from coverage under the cap and invest program.","","5856","SB 5856","PREFILED","","","S","Prefiled for introduction.","1","Schoesler","","2025-12-08","","","0","1","1",""
"5857","School projects/engineering","Concerning architectural and engineering fee funding assistance limits for school district construction and modernization projects.","","5857","SB 5857","PREFILED","","","S","Prefiled for introduction.","1","Schoesler","","2025-12-08","","","0","1","1",""
"5858","Pupil transp. safety net","Providing pupil transportation safety net funding for special passengers.","","5858","SB 5858","PREFILED","","","S","Prefiled for introduction.","1","Wellman","","2025-12-09","","","0","1","1",""
"5860","School board compensation","Concerning school board compensation.","","5860","SB 5860","PREFILED","","","S","Prefiled for introduction.","1","Cortes","","2025-12-09","","O","0","1","1","28a.320.050|28a.343.400|28a.345"
"5861","Education/community rep.","Encouraging community representation in education.","","5861","SB 5861","PREFILED","","","S","Prefiled for introduction.","1","Cortes","","2025-12-09","","O","0","1","1","28a.343|28a.343.300"
"5862","TRS & PERS plan 1 COLA","Providing a cost-of-living adjustment for plan 1 retirees of the teachers' retirement system and public employees' retirement system.","","5862","SB 5862","PREFILED","","","S","Prefiled for introduction.","1","Dozier","","2025-12-09","","","0","1","1","41.32.4992|41.40.1987"
"5864","Vehicle insurance verif.","Concerning verification of motor vehicle insurance.","","5864","SB 5864","PREFILED","","","S","Prefiled for introduction.","1","Lovick","","2025-12-10","","","0","1","1","46.16a.130|46.3|46.30.020|46.63.110|46.68.067"
"5865","Garnishment forms","Concerning garnishment forms.","","5865","SB 5865","PREFILED","","","S","Prefiled for introduction.","1","Lovick","","2025-12-10","","","0","1","1","6.27.340|6.27.350"
"5866","DCYF frontline staffing","Increasing frontline staffing within the department of children, youth, and families.","","5866","SB 5866","PREFILED","","","S","Prefiled for introduction.","1","Torres","","2025-12-10","","","0","1","1",""
"5867","Mobile pregnancy application","Partnering with a mobile pregnancy application to improve maternal and infant health.","","5867","SB 5867","PREFILED","","","S","Prefiled for introduction.","1","Muzzall","","2025-12-10","","","0","1","1",""
"5868","Superior court judges","Adding an additional superior court judge in Skagit county and in Yakima county.","","5868","SB 5868","PREFILED","","","S","Prefiled for introduction.","1","Wagoner","","2025-12-10","","O","0","1","1",""
"5870","AI systems/suicide liability","Establishing civil liability for suicide linked to the use of artificial intelligence systems.","","5870","SB 5870","PREFILED","","","S","Prefiled for introduction.","1","Wellman","","2025-12-11","","","0","1","1","19|4.2"
"5871","Vehicle glass repair claims","Regulating motor vehicle glass repair claims.","","5871","SB 5871","PREFILED","","","S","Prefiled for introduction.","1","Cortes","","2025-12-11","","","0","1","1","48|48.30.340|48.30.340"
"5873","DOC/escorted leave","Concerning escorted leaves of absence for incarcerated individuals.","","5873","SB 5873","PREFILED","","","S","Prefiled for introduction.","1","Wilson, C.","","2025-12-11","","","0","1","1","72.01.370|72.01.380"
"5874","Unemployment info. reporting","Concerning employers' information reporting for purposes of unemployment compensation.","","5874","SB 5874","PREFILED","","","S","Prefiled for introduction.","1","MacEwen","","2025-12-12","","","0","1","1","50.12.070|50.12.220"
"5875","School liability/WLAD","Concerning school district liability for violation of the Washington law against discrimination.","","5875","SB 5875","PREFILED","","","S","Prefiled for introduction.","1","Wellman","","2025-12-12","","","0","1","1",""
"5877","Anesth. assistant surcharges","Making a technical correction to the surcharges authorized for certified anesthesiologist assistants.","","5877","SB 5877","PREFILED","","","S","Prefiled for introduction.","1","Muzzall","","2025-12-12","","O","0","1","1","18.71.310|18.71d.020|43.70.110"
"5878","Plant-based food in schools","Offering plant-based food options in schools.","","5878","SB 5878","PREFILED","","","S","Prefiled for introduction.","1","Lovick","","2025-12-12","","","0","1","1",""
"5880","Toxicology testing","Concerning toxicology testing by certified or accredited laboratories.","","5880","SB 5880","PREFILED","","","S","Prefiled for introduction.","1","Wagoner","","2025-12-12","","","0","1","1",""
"5881","Enhanced medicaid payments","Providing enhanced medicaid payments to providers and hospitals.","","5881","SB 5881","PREFILED","","","S","Prefiled for introduction.","1","Muzzall","","2025-12-15","","","0","1","1",""
"5882","Correctional workers/stress","Concerning industrial insurance coverage for posttraumatic stress disorders affecting local correctional facility workers.","","5882","SB 5882","PREFILED","","","S","Prefiled for introduction.","1","Valdez","","2025-12-15","","","0","1","1","51.08.142|51.32"
"5884","Underutilized property/tax","Expanding the limited sales and use tax incentive program to encourage redevelopment of underutilized property.","","5884","SB 5884","PREFILED","","","S","Prefiled for introduction.","1","Riccelli","","2025-12-15","","","0","1","1","82.92|82.92.007|82.92.010|82.92.020|82.92.040|82.92.070|82.92.090|82.92.100|82.92.110|82.92.120"
"5886","Forged digital likenesses","Concerning forged digital likenesses.","","5886","SB 5886","PREFILED","","","S","Prefiled for introduction.","1","Boehnke","","2025-12-15","","","0","1","1","63.60.010|63.60.020|63.60.050"
"5887","Transfers to charities","Protecting charitable organizations and ensuring the timely and secure transfer of property designated to them.","","5887","SB 5887","PREFILED","","","S","Prefiled for introduction.","1","Riccelli","","2025-12-15","","","0","1","1",""
"5888","Women's commission members","Removing the requirement that women's commission members be subject to senate confirmation.","","5888","SB 5888","PREFILED","","","S","Prefiled for introduction.","1","Wellman","","2025-12-15","","","0","1","1",""
"5889","PFML/public supp. benefits","Limiting supplemental benefits for public employee leave while on paid family medical leave.","","5889","SB 5889","PREFILED","","","S","Prefiled for introduction.","1","Gildon","","2025-12-15","","","0","1","1",""
"5890","Reckless driving, speed","Addressing reckless driving in cases involving excessive speed.","","5890","SB 5890","PREFILED","","","S","Prefiled for introduction.","1","Muzzall","","2025-12-15","","","0","1","1",""
"5891","Northern state hospital","Preserving records and artifacts regarding the historical treatment of people with intellectual and developmental disabilities at Northern state hospital.","","5891","SB 5891","PREFILED","","","S","Prefiled for introduction.","1","Wagoner","","2025-12-15","","","0","1","1",""
"5892","Voter registration database","Concerning protection of the voter registration database.","","5892","SB 5892","PREFILED","","","S","Prefiled for introduction.","1","Riccelli","","2025-12-16","","D","0","1","1","29a.84.150|42.56.425"
"5893","Forest health appropriation","Addressing appropriations for long-term forest health and wildfire reduction.","","5893","SB 5893","PREFILED","","","S","Prefiled for introduction.","1","Short","","2025-12-16","","","1","1","1",""
"5895","Ex. medical placement","Providing an alternative condition for extraordinary medical placement for incarcerated individuals.","","5895","SB 5895","PREFILED","","","S","Prefiled for introduction.","1","Saldaña","","2025-12-16","","","0","1","1",""
"5896","Water quality pollution","Modifying the standards for determining water quality pollution.","","5896","SB 5896","PREFILED","","","S","Prefiled for introduction.","1","Short","","2025-12-16","","","0","1","1",""
"5897","Pulse oximeters in schools","Ensuring the supply of pulse oximeters in public schools.","","5897","SB 5897","PREFILED","","","S","Prefiled for introduction.","1","Boehnke","","2025-12-16","","","0","1","1",""
"5898","Aircraft fuel tax proceeds","Directing the deposit of the proceeds from taxes on aircraft fuel to the aeronautics account.","","5898","SB 5898","PREFILED","","","S","Prefiled for introduction.","1","Boehnke","","2025-12-16","","","0","1","1","82.21.030|82.23a.020|82.23b.020|82.42.090"
"5899","Chiropractic/animals","Creating a license endorsement to allow qualified licensed chiropractors to perform chiropractic diagnosis and adjustments on nonhuman animals.","","5899","SB 5899","PREFILED","","","S","Prefiled for introduction.","1","Short","","2025-12-16","","","0","1","1",""
"5901","On-base school construction","Providing school construction assistance program facilities support for on-base schools.","","5901","SB 5901","PREFILED","","","S","Prefiled for introduction.","1","Christian","","2025-12-16","","O","0","1","1",""
"5902","Voter notifications & forms","Concerning effective voter notifications and forms.","","5902","SB 5902","PREFILED","","","S","Prefiled for introduction.","1","Boehnke","","2025-12-16","","D","0","1","1","29a.08.030|29a.08.140|29a.08.359|29a.08.410"
"5903","Cemetery district elections","Concerning cemetery district elections.","","5903","SB 5903","PREFILED","","","S","Prefiled for introduction.","1","Cortes","","2025-12-16","","","0","1","1",""
"5906","Data and personal safety","Establishing data and personal safety protections within areas of public accommodation for all Washington residents.","","5906","SB 5906","PREFILED","","","S","Prefiled for introduction.","1","Hansen","","2025-12-17","","","0","1","1","28a.320|28b.10|29a.04|43.216|70.02"
"5908","WDFW public participation","Concerning public participation requirements for department of fish and wildlife actions.","","5908","SB 5908","PREFILED","","","S","Prefiled for introduction.","1","Short","","2025-12-17","","","0","1","1",""
"5909","Undergraduate programs","Reviewing and discontinuing low-enrollment undergraduate programs at public baccalaureate institutions.","","5909","SB 5909","PREFILED","","","S","Prefiled for introduction.","1","Boehnke","","2025-12-17","","","0","1","1",""
"5910","School communications","Concerning school district communications to the general public.","","5910","SB 5910","PREFILED","","","S","Prefiled for introduction.","1","Cortes","","2025-12-17","","","0","1","1",""
"5912","Indigent defense task force","Reinstating the indigent defense task force.","","5912","SB 5912","PREFILED","","","S","Prefiled for introduction.","1","Torres","","2025-12-17","","","0","1","1",""
"5914","Public defense services","Concerning public defense services.","","5914","SB 5914","PREFILED","","","S","Prefiled for introduction.","1","Torres","","2025-12-17","","","0","1","1","10.101|10.101.050|10.101.060"
"5915","Health technology assessment","Concerning the health technology assessment program.","","5915","SB 5915","PREFILED","","","S","Prefiled for introduction.","1","Harris","","2025-12-17","","","0","1","1","70.14.100|70.14.110"
"5916","Nonopioid drugs for pain","Concerning nonopioid drugs for the treatment of pain.","","5916","SB 5916","PREFILED","","","S","Prefiled for introduction.","1","Harris","","2025-12-17","","","0","1","1","41.05|43.7|48.43|48.43.400|74.09"
"5919","Fire best practices","Encouraging fire districts and insurance providers to develop voluntary incentives to promote best practices.","","5919","SB 5919","PREFILED","","","S","Prefiled for introduction.","1","Schoesler","","2025-12-19","","","0","1","1",""
"5920","School district PRA requests","Providing protections for school districts against burdensome public records requests.","","5920","SB 5920","PREFILED","","","S","Prefiled for introduction.","1","Wellman","","2025-12-19","","","0","1","1","28a.320|42.56|42.56.010|42.56.060|42.56.070|42.56.080|42.56.520"
"5921","Psilocybin","Concerning psilocybin.","","5921","SB 5921","PREFILED","","","S","Prefiled for introduction.","1","Salomon","","2025-12-19","","","0","1","1","43|69.50.101"
"5922","Transportation vehicle fund","Authorizing transportation vehicle fund transfers.","","5922","SB 5922","PREFILED","","","S","Prefiled for introduction.","1","Wellman","","2025-12-19","","","0","1","1","28a.160.130|28a.160.200"
"5923","Hospitals in Skagit county","Concerning critical access hospital designations in Skagit county.","","5923","SB 5923","PREFILED","","","S","Prefiled for introduction.","1","Muzzall","","2025-12-22","","","0","1","1",""
"5924","Pharmacist prescriptive auth","Expanding prescriptive authority for pharmacists.","","5924","SB 5924","PREFILED","","","S","Prefiled for introduction.","1","Slatter","","2025-12-22","","","0","1","1","18.64.011|69.41.030"
"5926","Child care providers/PRA","Expanding the public records exemption for personal information of family home child care providers to all licensed or certified child care providers.","","5926","SB 5926","PREFILED","","","S","Prefiled for introduction.","1","Wellman","","2025-12-22","","","0","1","1","42.56|42.56.640|43.216"
"5927","Workers' comp. adjustments","Capping the rate of increase for future workers' compensation cost-of-living adjustments.","","5927","SB 5927","PREFILED","","","S","Prefiled for introduction.","1","Schoesler","","2025-12-22","","","0","1","1","51.32.072|51.32.075"
"5929","Deed of trust assignment/fee","Exempting assignments or substitutions of previously recorded deeds of trust from the document recording fee and the covenant homeownership program assessment.","","5929","SB 5929","PREFILED","","","S","Prefiled for introduction.","1","Goehner","","2025-12-22","","","0","1","1","36.22.185|36.22.250"
"5931","Workforce board admin.","Concerning workforce education investment accountability and oversight board administrative changes.","","5931","SB 5931","PREFILED","","","S","Prefiled for introduction.","1","Warnick","","2025-12-23","","O","0","1","1",""
"5932","Alternative jet fuel","Providing certainty for the development of low-to-zero carbon alternative jet fuel production in Washington state.","","5932","SB 5932","PREFILED","","","S","Prefiled for introduction.","1","Warnick","","2025-12-23","","","0","1","1","70a.535.150|82.04.287|82.04.436|82.04.4361|82.16.187"
"5935","Office of homeless youth","Updating the office of homeless youth program provisions.","","5935","SB 5935","PREFILED","","","S","Prefiled for introduction.","1","Orwall","","2025-12-23","","","0","1","1","43.185c.010|43.185c.280|43.185c.285|43.185c.315|43.185c.320|43.185c.340|43.330.702|43.330.710|43.330.724|43.330.726|43.63a.305|74.15.020"
"5936","Human trafficking","Concerning prevention of and remedies for human trafficking.","","5936","SB 5936","PREFILED","","","S","Prefiled for introduction.","1","Orwall","","2025-12-23","","O","0","1","1","42.56.240|7.98|9a.40"
"5937","Smart access systems/tenants","Concerning the use of a smart access system in a residential property subject to the residential landlord-tenant act.","","5937","SB 5937","PREFILED","","","S","Prefiled for introduction.","1","Pedersen","","2025-12-23","","","0","1","1","59.18|59.18.030"
"5938","Foreclosure prevention fee","Concerning the foreclosure prevention fee.","","5938","SB 5938","PREFILED","","","S","Prefiled for introduction.","1","Orwall","","2025-12-23","","","0","1","1",""
"5939","WA simply unaffordable fund","Creating the Washington is simply unaffordable fund.","","5939","SB 5939","PREFILED","","","S","Prefiled for introduction.","1","Fortunato","","2025-12-23","","","1","1","1",""
"5940","Foster care housing pilot","Creating a housing assistance pilot program for youth enrolled in extended foster care.","","5940","SB 5940","PREFILED","","","S","Prefiled for introduction.","1","Wilson, C.","","2025-12-24","","","0","1","1","13.34|74.13"
"5941","Schools/renewable energy","Allowing limited exemptions to renewable energy systems requirements for certain school districts.","","5941","SB 5941","PREFILED","","","S","Prefiled for introduction.","1","Short","","2025-12-24","","","0","1","1","19.27.195|19.27a|19.27a.020"
"5942","DCYF accountability board","Concerning the department of children, youth, and families accountability board.","","5942","SB 5942","PREFILED","","","S","Prefiled for introduction.","1","Wilson, C.","","2025-12-26","","","0","1","1","43.216|43.216.015"
"5943","Use of school impact fees","Concerning the use of school impact fees.","","5943","SB 5943","PREFILED","","","S","Prefiled for introduction.","1","Cortes","","2025-12-29","","","0","1","1","82.02.050|82.02.110"
"5945","Persistent offenders","Modifying the definition of persistent offender to exclude convictions for offenses committed by someone under the age of 18 and providing for resentencing.","","5945","SB 5945","PREFILED","","","S","Prefiled for introduction.","1","Hasegawa","","2025-12-29","","","0","1","1","9.94a|9.94a.030"
"5946","Medical assist. eligibility","Expanding the income eligibility for the medical assistance program.","","5946","SB 5946","PREFILED","","","S","Prefiled for introduction.","1","Hasegawa","","2025-12-29","","","0","1","1",""
"5947","Health care board","Establishing the Washington health care board.","","5947","SB 5947","PREFILED","","","S","Prefiled for introduction.","1","Hasegawa","","2025-12-29","","","0","1","1",""
"5948","Universal health deadlines","Establishing deadlines for the universal health care commission.","","5948","SB 5948","PREFILED","","","S","Prefiled for introduction.","1","Hasegawa","","2025-12-29","","","0","1","1",""
"5949","Insurer taxes","Concerning taxes imposed on insurers operating within the state.","","5949","SB 5949","PREFILED","","","S","Prefiled for introduction.","1","Robinson","","2025-12-29","","D","0","1","1","82.04.320|82.04.322"
"5950","Nonlegal state holidays","Celebrating Rosh Hashanah, Yom Kippur, Guru Nanak, Guru Gobind Singh, and Vaisakhi.","","5950","SB 5950","PREFILED","","","S","Prefiled for introduction.","1","Cortes","","2025-12-29","","","0","1","1",""
"5951","Albuterol access in schools","Expanding access to albuterol in public and private schools.","","5951","SB 5951","PREFILED","","","S","Prefiled for introduction.","1","Cortes","","2025-12-29","","","0","1","1","28a.210|28a.210.370|43.70.827"
"5952","High school PE waivers","Standardizing the process for waiving physical education requirements for high school students.","","5952","SB 5952","PREFILED","","","S","Prefiled for introduction.","1","Wellman","","2025-12-29","","","0","1","1","28a.210.365|28a.230.050"
"5953","Medical loss ratio","Establishing a medical loss ratio of at least 90 percent for health plans.","","5953","SB 5953","PREFILED","","","S","Prefiled for introduction.","1","Slatter","","2025-12-29","","","0","1","1",""
"5954","Vet. survivor tuition waiver","Concerning veteran survivor tuition waiver eligibility.","","5954","SB 5954","PREFILED","","","S","Prefiled for introduction.","1","Wagoner","","2025-12-29","","","0","1","1",""
"5955","Medicaid fee-for-service","Concerning the medicaid deprivatization act.","","5955","SB 5955","PREFILED","","","S","Prefiled for introduction.","1","Hasegawa","","2025-12-29","","","0","1","1",""
"5956","AI use/student discipline","Addressing artificial intelligence, student discipline, and surveillance in public schools.","","5956","SB 5956","PREFILED","","","S","Prefiled for introduction.","1","Nobles","","2025-12-31","","","0","1","1","28a|28a.300|28a.345|28a.710|28a.715|43.386.080"
"5958","Law enf. training option","Creating an additional regional training option for the basic law enforcement academy.","","5958","SB 5958","PREFILED","","","S","Prefiled for introduction.","1","MacEwen","","2025-12-31","","","1","1","1",""
"5961","Imagination library program","Transferring the imagination library program from the department of children, youth, and families to the office of the superintendent of public instruction.","","5961","SB 5961","PREFILED","","","S","Prefiled for introduction.","1","Wilson, C.","","2026-01-05","","O","0","1","1","43.216.200|43.216.200"
"5962","Spring blade knives","Concerning spring blade knives.","","5962","SB 5962","PREFILED","","","S","Prefiled for introduction.","1","Nobles","","2026-01-05","","","0","1","1","10.31.100|43.216.760|9.41.250|9.41.251|9.41.280|9.41.282|9.41.300"
"5963","Passport to careers program","Modifying funding for the passport to careers program and eligibility for the Washington college grant.","","5963","SB 5963","PREFILED","","","S","Prefiled for introduction.","1","Nobles","","2026-01-05","","O","0","1","1","28b.117.020|28b.76.525|28b.92.200"
"5964","Independent living ombuds","Establishing an independent living ombuds to support seniors living in independent living facilities and the independent living portion of continuing care retirement communities.","","5964","SB 5964","PREFILED","","","S","Prefiled for introduction.","1","Bateman","","2026-01-05","","","0","1","1",""
"5969","IEP transition plans","Fulfilling high school and beyond plan requirements with individualized education program transition plans.","","5969","SB 5969","PREFILED","","","S","Prefiled for introduction.","1","Cortes","","2026-01-05","","","0","1","1","28a.155.220|28a.230.212"
"5970","Senior citizen centers/tax","Making the property tax exemption for multipurpose senior citizen centers permanent.","","5970","SB 5970","PREFILED","","","S","Prefiled for introduction.","1","Gildon","","2026-01-05","","","0","1","1",""
"5971","Green fertilizer incentives","Establishing a green fertilizer incentive program to support the production and adoption of low-carbon nitrogen fertilizer in Washington state.","","5971","SB 5971","PREFILED","","","S","Prefiled for introduction.","1","Boehnke","","2026-01-05","","","0","1","1",""
"5974","Local law enforcement","Modernizing and strengthening laws concerning sheriffs, police chiefs, town marshals, law enforcement agency volunteers, youth cadets, specially commissioned officers, and police matrons.","","5974","SB 5974","PREFILED","","","S","Prefiled for introduction.","1","Lovick","","2026-01-05","","","0","1","1","10.93.170|35.21|35.21.333|35.21.334|35.23.161|35.27.240|35.66.010|35.66.020|35.66.030|35.66.040|35.66.050|35a.21|36.01|36.28|36.28.010|36.28.011|36.28.020|36.28.025|42.12.010|43.101.095|43.101.115|43.101.400"
"5975","Safe cookware","Providing consumer access to safe cookware and interstate and international trade certainty in the regulation of lead in cookware.","","5975","SB 5975","PREFILED","","","S","Prefiled for introduction.","1","Harris","","2026-01-05","","","0","1","1","70a.565.010|70a.565.020"
"5977","Child near fatality reviews","Requiring publication of child near fatality reviews.","","5977","SB 5977","PREFILED","","","S","Prefiled for introduction.","1","Torres","","2026-01-05","","","0","1","1",""
"5978","Guaranteed admissions prg.","Establishing the Washington guaranteed admissions program and requiring student notifications.","","5978","SB 5978","PREFILED","","","S","Prefiled for introduction.","1","Hansen","","2026-01-05","","","0","1","1","28a.150|28b.10"
"5979","Dependency/substance abuse","Improving state responses to dependent children and the risk of harm from high-potency synthetic opioids and caregiver substance abuse.","","5979","SB 5979","PREFILED","","","S","Prefiled for introduction.","1","Torres","","2026-01-05","","","0","1","1","13.34|13.34.040"
"5980","Live presentations/sales tax","Exempting live presentations from retail sales and use tax.","","5980","SB 5980","PREFILED","","","S","Prefiled for introduction.","1","Torres","","2026-01-05","","","0","1","1","82.04.050|82.04.192"
"5985","Endometriosis","Concerning endometriosis.","","5985","SB 5985","PREFILED","","","S","Prefiled for introduction.","1","Orwall","","2026-01-05","","","0","1","1",""
"5986","Disability/property tax ex.","Providing a property tax exemption for qualifying housing used as a residency by tenants meeting certain disability criteria.","","5986","SB 5986","PREFILED","","","S","Prefiled for introduction.","1","Fortunato","","2026-01-05","","","0","1","1",""
"5988","Opioid treatment prg. fees","Establishing fee authority for accreditation services provided to opioid treatment programs by the department of health.","","5988","SB 5988","PREFILED","","","S","Prefiled for introduction.","1","Robinson","","2026-01-05","","D","0","1","1",""
"5989","Aircraft fuel tax distrib.","Concerning the distribution of aircraft fuel tax revenue.","","5989","SB 5989","PREFILED","","","S","Prefiled for introduction.","1","Boehnke","","2026-01-05","","","0","1","1",""
"5990","Rural local health officers","Expanding the qualifications of those who may serve as a local health officer in rural counties.","","5990","SB 5990","PREFILED","","","S","Prefiled for introduction.","1","Muzzall","","2026-01-05","","","0","1","1",""
"5991","Carbon capture","Concerning the use of carbon capture and utilization, mineralization, or sequestration technologies under the Washington clean energy transformation act.","","5991","SB 5991","PREFILED","","","S","Prefiled for introduction.","1","Boehnke","","2026-01-05","","","0","1","1","19.405.020|19.405.040|19.405.050|19.405.060|19.405.080|19.405.090|19.405.160|19.405.170"
"5992","Youth development fund","Creating the youth development fund account to increase access to positive youth development programs.","","5992","SB 5992","PREFILED","","","S","Prefiled for introduction.","1","Krishnadasan","","2026-01-05","","","0","1","1","28a.215|43.79a.040"
"5993","Medical debt interest","Prohibiting interest charges for new and unpaid medical debt.","","5993","SB 5993","PREFILED","","","S","Prefiled for introduction.","1","Alvarado","","2026-01-05","","","0","1","1","19.52.010|4.56.190|4.56.210|6.17.020"
"5994","Timber tax distributions","Preserving timber tax distributions for school districts with recent school district levy failures.","","5994","SB 5994","PREFILED","","","S","Prefiled for introduction.","1","Cortes","","2026-01-05","","","0","1","1",""
"5995","Zero emission cargo handling","Concerning moneys available to a port district allocated for the purchase of zero and near zero emission cargo handling equipment.","","5995","SB 5995","PREFILED","","","S","Prefiled for introduction.","1","Salomon","","2026-01-05","","","0","1","1",""
"5996","Commercial shellfish fees","Concerning commercial shellfish fees.","","5996","SB 5996","PREFILED","","","S","Prefiled for introduction.","1","MacEwen","","2026-01-05","","","0","1","1",""
"5998","Operating budget, supp.","Making 2025-2027 fiscal biennium supplemental operating appropriations.","","5998","SB 5998","PREFILED","","","S","Prefiled for introduction.","1","Robinson","","2026-01-05","","D","0","1","1","28b.76.526|38.40.210|43.07.130|43.105.342|43.185c.185|43.280.130|43.41.399|43.41.433|43.70.250|43.70.320|43.79.565|70.168.040|70.42.090|70a.200.140|70a.65.030|71a.20.170|74.39a.032|74.46.561|79.100.100|82.87.030|89.16.020"
"6000","OPMA/natural disasters","Concerning gatherings of a majority of members of a governing body and action taken by a governing body during a state or federally declared emergency in response to a natural disaster.","","6000","SB 6000","PREFILED","","","S","Prefiled for introduction.","1","Wagoner","","2026-01-05","","","0","1","1","42.30.070|42.30.230"
